samplesize.exposure,pval.exposure,pos.exposure,beta.exposure,se.exposure,chr.exposure,id.exposure,SNP,effect_allele.exposure,other_allele.exposure,eaf.exposure,exposure,mr_keep.exposure,pval_origin.exposure,data_source.exposure
3596,2.25201e-06,13251154,0.548,0.1157,2,ebi-a-GCST90001619,rs79178843,A,G,0.0097, || id:ebi-a-GCST90001619,TRUE,reported,igd
3596,9.50999e-06,158854583,-0.3105,0.07001,2,ebi-a-GCST90001619,rs116797692,A,G,0.0292, || id:ebi-a-GCST90001619,TRUE,reported,igd
3596,7.64997e-06,74944494,2.031,0.4533,3,ebi-a-GCST90001619,rs145794521,A,G,6e-04, || id:ebi-a-GCST90001619,TRUE,reported,igd
3596,9.80099e-07,27183687,0.3143,0.06409,4,ebi-a-GCST90001619,rs148323639,A,G,0.0317, || id:ebi-a-GCST90001619,TRUE,reported,igd
3596,6.52995e-06,50683009,-0.1411,0.03125,6,ebi-a-GCST90001619,rs78648104,C,T,0.1714, || id:ebi-a-GCST90001619,TRUE,reported,igd
3596,9.31408e-09,32582612,0.1693,0.0294,6,ebi-a-GCST90001619,rs3104414,A,G,0.3813, || id:ebi-a-GCST90001619,TRUE,reported,igd
3596,3.08297e-06,46432552,-1.414,0.3025,7,ebi-a-GCST90001619,rs10244964,T,G,0.0013, || id:ebi-a-GCST90001619,TRUE,reported,igd
3596,8.209e-06,115451309,-0.3744,0.08384,7,ebi-a-GCST90001619,rs76997602,G,A,0.0178, || id:ebi-a-GCST90001619,TRUE,reported,igd
3596,9.52906e-06,11817727,-0.7017,0.1583,8,ebi-a-GCST90001619,rs138678763,C,T,0.005, || id:ebi-a-GCST90001619,TRUE,reported,igd
3596,7.82006e-06,105030375,-0.5382,0.1202,8,ebi-a-GCST90001619,rs117941717,G,A,0.009, || id:ebi-a-GCST90001619,TRUE,reported,igd
3596,8.93902e-06,101548105,0.1033,0.02322,9,ebi-a-GCST90001619,rs7047722,A,G,0.6279, || id:ebi-a-GCST90001619,TRUE,reported,igd
3596,5.18704e-06,101028704,0.2231,0.04888,9,ebi-a-GCST90001619,rs144674286,A,G,0.0628, || id:ebi-a-GCST90001619,TRUE,reported,igd
3596,1.45898e-09,117645562,-0.1471,0.02426,9,ebi-a-GCST90001619,rs7032773,T,C,0.4182, || id:ebi-a-GCST90001619,TRUE,reported,igd
3596,5.38704e-06,22725624,0.1347,0.02956,9,ebi-a-GCST90001619,rs687184,C,G,0.8184, || id:ebi-a-GCST90001619,TRUE,reported,igd
3596,2.249e-06,76784567,-0.9683,0.2044,10,ebi-a-GCST90001619,rs117014352,T,C,0.0028, || id:ebi-a-GCST90001619,TRUE,reported,igd
3596,4.95496e-06,122390777,0.2157,0.04716,10,ebi-a-GCST90001619,rs10788105,A,G,0.0601, || id:ebi-a-GCST90001619,TRUE,reported,igd
3596,2.43299e-06,3066899,-0.1849,0.03916,10,ebi-a-GCST90001619,rs7088079,A,G,0.0891, || id:ebi-a-GCST90001619,TRUE,reported,igd
3596,7.73891e-06,86071947,0.1021,0.0228,11,ebi-a-GCST90001619,rs7127620,G,A,0.46, || id:ebi-a-GCST90001619,TRUE,reported,igd
3596,8.19106e-07,107676543,-0.1125,0.02277,11,ebi-a-GCST90001619,rs542160,T,C,0.5089, || id:ebi-a-GCST90001619,TRUE,reported,igd
3596,9.234e-06,107259543,0.1937,0.04361,11,ebi-a-GCST90001619,rs79132531,G,A,0.0749, || id:ebi-a-GCST90001619,TRUE,reported,igd
3596,9.22996e-06,126542791,0.1028,0.02315,12,ebi-a-GCST90001619,rs7294683,G,A,0.3899, || id:ebi-a-GCST90001619,TRUE,reported,igd
3596,3.70101e-06,12457054,0.2888,0.06232,12,ebi-a-GCST90001619,rs11054779,T,G,0.0331, || id:ebi-a-GCST90001619,TRUE,reported,igd
3596,7.56206e-06,51299267,0.4774,0.1065,13,ebi-a-GCST90001619,rs9526689,A,G,0.0106, || id:ebi-a-GCST90001619,TRUE,reported,igd
3596,2.64101e-06,110882752,-0.3833,0.08148,13,ebi-a-GCST90001619,rs506151,T,C,0.02, || id:ebi-a-GCST90001619,TRUE,reported,igd
3596,3.08177e-70,10970902,-0.4611,0.02546,16,ebi-a-GCST90001619,rs3087456,A,G,0.7661, || id:ebi-a-GCST90001619,TRUE,reported,igd
3596,1.89898e-06,11357860,-0.245,0.05135,16,ebi-a-GCST90001619,rs71381201,G,T,0.0517, || id:ebi-a-GCST90001619,TRUE,reported,igd
3596,9.71091e-09,10824872,-0.1328,0.02309,16,ebi-a-GCST90001619,rs1084560,G,A,0.5726, || id:ebi-a-GCST90001619,TRUE,reported,igd
3596,9.88895e-08,10993712,-0.2435,0.0456,16,ebi-a-GCST90001619,rs55724950,A,G,0.0654, || id:ebi-a-GCST90001619,TRUE,reported,igd
3596,5.73099e-06,11457702,-0.1065,0.02345,17,ebi-a-GCST90001619,rs12601032,A,G,0.3598, || id:ebi-a-GCST90001619,TRUE,reported,igd
3596,8.04896e-06,50420836,-0.3778,0.08451,17,ebi-a-GCST90001619,rs62068717,T,C,0.0204, || id:ebi-a-GCST90001619,TRUE,reported,igd
3596,1.388e-06,55985546,1.483,0.3068,18,ebi-a-GCST90001619,rs138213638,C,T,0.0014, || id:ebi-a-GCST90001619,TRUE,reported,igd
3596,7.90406e-07,1671156,-0.2381,0.04814,19,ebi-a-GCST90001619,rs140410174,T,C,0.0598, || id:ebi-a-GCST90001619,TRUE,reported,igd
3596,3.95103e-07,38996871,1.729,0.3404,19,ebi-a-GCST90001619,rs73030989,T,C,0.0013, || id:ebi-a-GCST90001619,TRUE,reported,igd
