pos.exposure,chr.exposure,se.exposure,pval.exposure,samplesize.exposure,beta.exposure,id.exposure,SNP,effect_allele.exposure,other_allele.exposure,eaf.exposure,exposure,mr_keep.exposure,pval_origin.exposure,data_source.exposure
11524363,1,0.0739,8.79508e-06,3668,0.329,ebi-a-GCST90001634,rs113855303,A,C,0.0284, || id:ebi-a-GCST90001634,TRUE,reported,igd
98843446,2,0.03177,2.58202e-06,3668,0.1496,ebi-a-GCST90001634,rs4500996,T,C,0.1872, || id:ebi-a-GCST90001634,TRUE,reported,igd
7451357,2,0.1974,5.424e-06,3668,0.8992,ebi-a-GCST90001634,rs139090356,G,A,0.0038, || id:ebi-a-GCST90001634,TRUE,reported,igd
99932255,2,0.02558,8.83894e-06,3668,-0.1138,ebi-a-GCST90001634,rs7589893,T,C,0.5634, || id:ebi-a-GCST90001634,TRUE,reported,igd
101980039,6,0.07599,6.79047e-22,3668,0.7354,ebi-a-GCST90001634,rs117147408,G,A,0.0275, || id:ebi-a-GCST90001634,TRUE,reported,igd
98118004,6,0.05031,1.295e-06,3668,0.2439,ebi-a-GCST90001634,rs201024668,T,A,0.071, || id:ebi-a-GCST90001634,TRUE,reported,igd
101417409,6,0.05455,3.72907e-13,3668,0.3978,ebi-a-GCST90001634,rs115536607,T,C,0.0545, || id:ebi-a-GCST90001634,TRUE,reported,igd
100468602,6,0.06505,5.80898e-20,3668,0.5985,ebi-a-GCST90001634,rs79251210,A,G,0.0378, || id:ebi-a-GCST90001634,TRUE,reported,igd
97889936,6,0.05867,2.169e-09,3668,0.352,ebi-a-GCST90001634,rs9488834,A,G,0.0465, || id:ebi-a-GCST90001634,TRUE,reported,igd
28913959,7,0.02625,8.71204e-06,3668,0.1169,ebi-a-GCST90001634,rs6970303,C,T,0.3461, || id:ebi-a-GCST90001634,TRUE,reported,igd
145057868,8,0.02533,3.55697e-08,3668,0.1399,ebi-a-GCST90001634,rs11544989,G,A,0.6125, || id:ebi-a-GCST90001634,TRUE,reported,igd
112751407,11,0.03954,2.05779e-16,3668,-0.3265,ebi-a-GCST90001634,rs77738700,A,G,0.1067, || id:ebi-a-GCST90001634,TRUE,reported,igd
61076597,12,0.09332,3.25297e-06,3668,-0.435,ebi-a-GCST90001634,rs61925057,T,C,0.0176, || id:ebi-a-GCST90001634,TRUE,reported,igd
10511923,12,0.03896,3.002e-06,3668,-0.1823,ebi-a-GCST90001634,rs73062743,T,C,0.1122, || id:ebi-a-GCST90001634,TRUE,reported,igd
26527159,13,0.05202,3.75898e-06,3668,-0.2409,ebi-a-GCST90001634,rs12871857,T,C,0.06, || id:ebi-a-GCST90001634,TRUE,reported,igd
40673331,13,0.03357,2.63099e-06,3668,-0.1579,ebi-a-GCST90001634,rs7323005,G,A,0.1581, || id:ebi-a-GCST90001634,TRUE,reported,igd
66292007,14,0.0947,1.28e-06,3668,0.4594,ebi-a-GCST90001634,rs7152367,A,G,0.0166, || id:ebi-a-GCST90001634,TRUE,reported,igd
78982526,15,0.05618,6.1e-06,3668,0.2544,ebi-a-GCST90001634,rs113413210,C,T,0.0543, || id:ebi-a-GCST90001634,TRUE,reported,igd
79356092,17,0.02972,7.32706e-06,3668,-0.1334,ebi-a-GCST90001634,rs112895628,C,G,0.2199, || id:ebi-a-GCST90001634,TRUE,reported,igd
39899038,17,0.08984,2.09802e-07,3668,-0.4672,ebi-a-GCST90001634,rs142704274,A,G,0.02, || id:ebi-a-GCST90001634,TRUE,reported,igd
33805730,17,0.02479,3.88803e-06,3668,0.1146,ebi-a-GCST90001634,rs9912354,T,C,0.527, || id:ebi-a-GCST90001634,TRUE,reported,igd
31889080,22,0.04735,7.27194e-06,3668,0.2127,ebi-a-GCST90001634,rs5998010,T,C,0.0819, || id:ebi-a-GCST90001634,TRUE,reported,igd
