beta.exposure,pos.exposure,pval.exposure,samplesize.exposure,chr.exposure,se.exposure,id.exposure,SNP,effect_allele.exposure,other_allele.exposure,eaf.exposure,exposure,mr_keep.exposure,pval_origin.exposure,data_source.exposure
-0.2283,3517573,8.78901e-06,3657,1,0.0513,ebi-a-GCST90001757,rs6693971,C,G,0.9389, || id:ebi-a-GCST90001757,TRUE,reported,igd
-0.1225,161478859,3.49301e-06,3657,1,0.02636,ebi-a-GCST90001757,rs4657041,C,T,0.3344, || id:ebi-a-GCST90001757,TRUE,reported,igd
0.3507,178858731,7.18803e-06,3657,2,0.07804,ebi-a-GCST90001757,rs187188344,G,C,0.0269, || id:ebi-a-GCST90001757,TRUE,reported,igd
0.1193,80108045,1.19001e-06,3657,2,0.02452,ebi-a-GCST90001757,rs3961790,A,G,0.4233, || id:ebi-a-GCST90001757,TRUE,reported,igd
0.1158,223088415,8.87503e-06,3657,2,0.02603,ebi-a-GCST90001757,rs7608595,C,T,0.6675, || id:ebi-a-GCST90001757,TRUE,reported,igd
4.33,141866322,5.75599e-06,3657,3,0.9533,ebi-a-GCST90001757,rs111345451,G,A,1e-04, || id:ebi-a-GCST90001757,TRUE,reported,igd
0.3325,162820460,3.33403e-06,3657,5,0.0714,ebi-a-GCST90001757,rs77612075,T,C,0.0293, || id:ebi-a-GCST90001757,TRUE,reported,igd
4.925,67432406,1.48399e-06,3657,5,1.021,ebi-a-GCST90001757,rs719170,C,T,3e-04, || id:ebi-a-GCST90001757,TRUE,reported,igd
-0.1886,32577282,6.09102e-10,3657,6,0.0304,ebi-a-GCST90001757,rs9271146,C,A,0.7067, || id:ebi-a-GCST90001757,TRUE,reported,igd
0.2372,31755776,1.46899e-10,3657,6,0.03691,ebi-a-GCST90001757,rs9469053,G,A,0.184, || id:ebi-a-GCST90001757,TRUE,reported,igd
0.2058,15897003,3.14101e-08,3657,6,0.03711,ebi-a-GCST90001757,rs909846,G,T,0.8744, || id:ebi-a-GCST90001757,TRUE,reported,igd
-0.1529,30424736,9.95199e-07,3657,6,0.0312,ebi-a-GCST90001757,rs2524184,T,A,0.7278, || id:ebi-a-GCST90001757,TRUE,reported,igd
0.2215,32921104,2.386e-06,3657,6,0.04688,ebi-a-GCST90001757,rs111369841,T,C,0.0967, || id:ebi-a-GCST90001757,TRUE,reported,igd
0.141,49586550,4.45995e-06,3657,6,0.03067,ebi-a-GCST90001757,rs9473626,A,C,0.2114, || id:ebi-a-GCST90001757,TRUE,reported,igd
0.142,127984089,2.01702e-06,3657,8,0.02983,ebi-a-GCST90001757,rs9650093,G,A,0.2182, || id:ebi-a-GCST90001757,TRUE,reported,igd
0.2361,36731742,6.32703e-06,3657,8,0.05222,ebi-a-GCST90001757,rs13275137,A,G,0.0597, || id:ebi-a-GCST90001757,TRUE,reported,igd
0.2909,29393202,9.60705e-06,3657,9,0.06563,ebi-a-GCST90001757,rs113560800,C,G,0.036, || id:ebi-a-GCST90001757,TRUE,reported,igd
-0.8497,89144616,3.724e-06,3657,10,0.1834,ebi-a-GCST90001757,rs184418275,T,C,0.0045, || id:ebi-a-GCST90001757,TRUE,reported,igd
0.1757,94516008,2.97399e-08,3657,10,0.03163,ebi-a-GCST90001757,rs11187166,T,C,0.1993, || id:ebi-a-GCST90001757,TRUE,reported,igd
-2.552,127473611,1.68101e-06,3657,11,0.5321,ebi-a-GCST90001757,rs149908209,C,T,4e-04, || id:ebi-a-GCST90001757,TRUE,reported,igd
-0.1261,93989208,1.84098e-06,3657,11,0.02638,ebi-a-GCST90001757,rs11020715,G,A,0.3418, || id:ebi-a-GCST90001757,TRUE,reported,igd
-0.1823,60952231,1.017e-06,3657,11,0.03724,ebi-a-GCST90001757,rs11230624,C,G,0.1263, || id:ebi-a-GCST90001757,TRUE,reported,igd
-0.2657,60230531,2.09199e-10,3657,11,0.0417,ebi-a-GCST90001757,rs2070770,T,C,0.0965, || id:ebi-a-GCST90001757,TRUE,reported,igd
-0.299,123329504,4.99896e-06,3657,11,0.06541,ebi-a-GCST90001757,rs73025928,T,C,0.0361, || id:ebi-a-GCST90001757,TRUE,reported,igd
0.1294,127798516,5.12401e-07,3657,12,0.02572,ebi-a-GCST90001757,rs1447085,G,T,0.6416, || id:ebi-a-GCST90001757,TRUE,reported,igd
-0.1218,37936489,6.23606e-06,3657,14,0.02692,ebi-a-GCST90001757,rs1955934,G,A,0.7082, || id:ebi-a-GCST90001757,TRUE,reported,igd
-1.142,26201701,9.53696e-06,3657,16,0.2576,ebi-a-GCST90001757,rs74541430,A,G,0.0025, || id:ebi-a-GCST90001757,TRUE,reported,igd
-0.1649,88134541,9.06296e-06,3657,16,0.03711,ebi-a-GCST90001757,rs115308973,T,C,0.1229, || id:ebi-a-GCST90001757,TRUE,reported,igd
-0.3947,60704462,6.09607e-06,3657,18,0.08713,ebi-a-GCST90001757,rs60743549,C,G,0.0196, || id:ebi-a-GCST90001757,TRUE,reported,igd
-0.2352,6951925,6.18999e-06,3657,19,0.05197,ebi-a-GCST90001757,rs8110979,T,A,0.0576, || id:ebi-a-GCST90001757,TRUE,reported,igd
-0.1366,50928270,9.74204e-07,3657,19,0.02784,ebi-a-GCST90001757,rs66579172,T,A,0.2792, || id:ebi-a-GCST90001757,TRUE,reported,igd
0.2688,50940778,1.74502e-10,3657,19,0.042,ebi-a-GCST90001757,rs61731791,T,C,0.0972, || id:ebi-a-GCST90001757,TRUE,reported,igd
-0.3192,49872521,9.00949e-29,3657,19,0.02843,ebi-a-GCST90001757,rs55809481,C,T,0.2425, || id:ebi-a-GCST90001757,TRUE,reported,igd
-0.1577,3862580,8.73595e-07,3657,20,0.032,ebi-a-GCST90001757,rs12480920,A,G,0.1792, || id:ebi-a-GCST90001757,TRUE,reported,igd
0.2709,42039509,1.49101e-06,3657,22,0.0562,ebi-a-GCST90001757,rs112898596,T,C,0.0505, || id:ebi-a-GCST90001757,TRUE,reported,igd
0.126,44323219,6.78e-06,3657,22,0.02796,ebi-a-GCST90001757,rs9625961,G,A,0.264, || id:ebi-a-GCST90001757,TRUE,reported,igd
