se.exposure,beta.exposure,pval.exposure,samplesize.exposure,chr.exposure,pos.exposure,id.exposure,SNP,effect_allele.exposure,other_allele.exposure,eaf.exposure,exposure,mr_keep.exposure,pval_origin.exposure,data_source.exposure
0.02711,0.1236,5.32304e-06,3655,2,53804261,ebi-a-GCST90001731,rs10192011,T,G,0.29, || id:ebi-a-GCST90001731,TRUE,reported,igd
0.03043,0.1356,8.55697e-06,3655,2,149553139,ebi-a-GCST90001731,rs10928415,A,G,0.7917, || id:ebi-a-GCST90001731,TRUE,reported,igd
0.1287,0.58,6.80299e-06,3655,3,60405606,ebi-a-GCST90001731,rs242172,G,T,0.0093, || id:ebi-a-GCST90001731,TRUE,reported,igd
0.02487,-0.1105,9.08594e-06,3655,3,124875178,ebi-a-GCST90001731,rs631691,T,C,0.52, || id:ebi-a-GCST90001731,TRUE,reported,igd
0.07444,0.3537,2.10601e-06,3655,3,1103352,ebi-a-GCST90001731,rs71307996,A,G,0.0272, || id:ebi-a-GCST90001731,TRUE,reported,igd
0.05834,0.2777,2.003e-06,3655,4,139618949,ebi-a-GCST90001731,rs76451648,C,T,0.0469, || id:ebi-a-GCST90001731,TRUE,reported,igd
0.08906,0.3945,9.74608e-06,3655,5,113295200,ebi-a-GCST90001731,rs73254441,A,G,0.0201, || id:ebi-a-GCST90001731,TRUE,reported,igd
0.04578,0.2135,3.21299e-06,3655,6,75109409,ebi-a-GCST90001731,rs16884870,C,T,0.0795, || id:ebi-a-GCST90001731,TRUE,reported,igd
0.18,-0.8449,2.77997e-06,3655,6,72550483,ebi-a-GCST90001731,rs148597489,A,C,0.0045, || id:ebi-a-GCST90001731,TRUE,reported,igd
0.04286,0.1904,9.17403e-06,3655,8,69895735,ebi-a-GCST90001731,rs75663256,A,C,0.0896, || id:ebi-a-GCST90001731,TRUE,reported,igd
0.0272,0.1265,3.42098e-06,3655,10,11781967,ebi-a-GCST90001731,rs10906006,A,G,0.7248, || id:ebi-a-GCST90001731,TRUE,reported,igd
0.1929,0.8939,3.70604e-06,3655,11,18601510,ebi-a-GCST90001731,rs61884722,C,T,0.0041, || id:ebi-a-GCST90001731,TRUE,reported,igd
0.02511,0.1146,5.18e-06,3655,13,112057432,ebi-a-GCST90001731,rs1164128,C,T,0.3759, || id:ebi-a-GCST90001731,TRUE,reported,igd
0.04996,-0.2327,3.29503e-06,3655,13,41688557,ebi-a-GCST90001731,rs7332415,G,A,0.0648, || id:ebi-a-GCST90001731,TRUE,reported,igd
0.1844,0.8177,9.53191e-06,3655,13,61899478,ebi-a-GCST90001731,rs148027681,C,G,0.0044, || id:ebi-a-GCST90001731,TRUE,reported,igd
0.0975,-0.4372,7.56606e-06,3655,13,20589957,ebi-a-GCST90001731,rs76709166,C,A,0.0166, || id:ebi-a-GCST90001731,TRUE,reported,igd
0.02669,0.1196,7.69502e-06,3655,15,70028833,ebi-a-GCST90001731,rs17315418,A,G,0.3174, || id:ebi-a-GCST90001731,TRUE,reported,igd
0.02546,0.114,7.72094e-06,3655,16,28973268,ebi-a-GCST90001731,rs11643297,G,A,0.6112, || id:ebi-a-GCST90001731,TRUE,reported,igd
0.03799,-0.1879,7.90406e-07,3655,16,17014673,ebi-a-GCST90001731,rs1453509,A,C,0.1181, || id:ebi-a-GCST90001731,TRUE,reported,igd
0.02628,-0.1275,1.28301e-06,3655,18,60850310,ebi-a-GCST90001731,rs12968867,A,G,0.6743, || id:ebi-a-GCST90001731,TRUE,reported,igd
0.02536,-0.1142,6.97798e-06,3655,19,5137846,ebi-a-GCST90001731,rs2613786,A,G,0.3739, || id:ebi-a-GCST90001731,TRUE,reported,igd
0.05845,0.2705,3.82103e-06,3655,19,52235616,ebi-a-GCST90001731,rs73056862,T,C,0.0461, || id:ebi-a-GCST90001731,TRUE,reported,igd
0.07924,-0.3513,9.52708e-06,3655,21,38055091,ebi-a-GCST90001731,rs75656751,T,C,0.0246, || id:ebi-a-GCST90001731,TRUE,reported,igd
