pval.exposure,samplesize.exposure,se.exposure,pos.exposure,chr.exposure,beta.exposure,id.exposure,SNP,effect_allele.exposure,other_allele.exposure,eaf.exposure,exposure,mr_keep.exposure,pval_origin.exposure,data_source.exposure
4.48601e-06,1465,0.06739,9801707,1,0.3103,ebi-a-GCST90001836,rs149073662,A,G,0.0819, || id:ebi-a-GCST90001836,TRUE,reported,igd
8.22205e-06,1465,0.1055,154986727,2,0.4724,ebi-a-GCST90001836,rs13006137,G,A,0.0328, || id:ebi-a-GCST90001836,TRUE,reported,igd
1.71799e-06,1465,0.09449,50280843,3,0.4539,ebi-a-GCST90001836,rs139348851,G,A,0.0413, || id:ebi-a-GCST90001836,TRUE,reported,igd
9.16896e-06,1465,0.06302,153735817,5,0.2805,ebi-a-GCST90001836,rs11167675,A,G,0.099, || id:ebi-a-GCST90001836,TRUE,reported,igd
1.63501e-06,1465,0.03787,94060445,5,-0.1823,ebi-a-GCST90001836,rs306580,G,A,0.4512, || id:ebi-a-GCST90001836,TRUE,reported,igd
2.01999e-06,1465,0.08996,55418144,5,-0.4292,ebi-a-GCST90001836,rs4361470,C,G,0.0451, || id:ebi-a-GCST90001836,TRUE,reported,igd
7.42198e-06,1465,0.2549,162617092,5,1.146,ebi-a-GCST90001836,rs60449345,A,G,0.0055, || id:ebi-a-GCST90001836,TRUE,reported,igd
3.71903e-06,1465,0.1189,106222810,6,-0.5523,ebi-a-GCST90001836,rs145836694,C,T,0.0242, || id:ebi-a-GCST90001836,TRUE,reported,igd
7.08892e-07,1465,0.05102,12516242,6,0.2541,ebi-a-GCST90001836,rs12200259,G,T,0.1638, || id:ebi-a-GCST90001836,TRUE,reported,igd
2.711e-06,1465,0.09488,39069699,6,-0.4469,ebi-a-GCST90001836,rs77955327,C,A,0.0392, || id:ebi-a-GCST90001836,TRUE,reported,igd
1.90498e-07,1465,0.1054,112322389,7,-0.5516,ebi-a-GCST90001836,rs117312711,T,C,0.0321, || id:ebi-a-GCST90001836,TRUE,reported,igd
7.72503e-06,1465,0.1933,19369066,9,0.8678,ebi-a-GCST90001836,rs79450248,G,T,0.0092, || id:ebi-a-GCST90001836,TRUE,reported,igd
5.44302e-06,1465,0.108,6574904,11,0.4929,ebi-a-GCST90001836,rs77600362,C,T,0.0311, || id:ebi-a-GCST90001836,TRUE,reported,igd
1.119e-06,1465,0.05364,132240457,11,0.2623,ebi-a-GCST90001836,rs12146661,A,G,0.1519, || id:ebi-a-GCST90001836,TRUE,reported,igd
3.02197e-06,1465,0.09013,64186810,14,0.4225,ebi-a-GCST90001836,rs149541654,G,C,0.0464, || id:ebi-a-GCST90001836,TRUE,reported,igd
9.44191e-07,1465,0.04781,20470737,14,0.2354,ebi-a-GCST90001836,rs12587697,A,G,0.1853, || id:ebi-a-GCST90001836,TRUE,reported,igd
6.04603e-06,1465,0.05906,95115530,14,0.2682,ebi-a-GCST90001836,rs72696815,T,C,0.1143, || id:ebi-a-GCST90001836,TRUE,reported,igd
8.87197e-06,1465,0.04492,24995686,15,0.2003,ebi-a-GCST90001836,rs11632595,T,G,0.2096, || id:ebi-a-GCST90001836,TRUE,reported,igd
1.562e-06,1465,0.03702,76417625,16,0.1786,ebi-a-GCST90001836,rs12102694,G,A,0.4925, || id:ebi-a-GCST90001836,TRUE,reported,igd
6.32893e-06,1465,0.1172,78878134,17,0.5313,ebi-a-GCST90001836,rs78927876,T,C,0.0266, || id:ebi-a-GCST90001836,TRUE,reported,igd
2.64899e-06,1465,0.1252,39475934,18,0.5904,ebi-a-GCST90001836,rs116864786,C,T,0.0235, || id:ebi-a-GCST90001836,TRUE,reported,igd
2.073e-06,1465,0.04231,28147641,18,-0.2016,ebi-a-GCST90001836,rs2160808,G,C,0.7478, || id:ebi-a-GCST90001836,TRUE,reported,igd
1.28201e-06,1465,0.04109,39221947,19,0.1998,ebi-a-GCST90001836,rs4801859,T,A,0.2928, || id:ebi-a-GCST90001836,TRUE,reported,igd
2.96797e-06,1465,0.08946,15177126,19,-0.4197,ebi-a-GCST90001836,rs10420273,C,A,0.9539, || id:ebi-a-GCST90001836,TRUE,reported,igd
3.71801e-06,1465,0.04,36239708,20,0.1858,ebi-a-GCST90001836,rs62206422,C,G,0.3601, || id:ebi-a-GCST90001836,TRUE,reported,igd
4.539e-06,1465,0.4442,33469682,21,-2.045,ebi-a-GCST90001836,rs73195476,A,C,0.0017, || id:ebi-a-GCST90001836,TRUE,reported,igd
8.65605e-06,1465,0.06039,43455246,22,0.2696,ebi-a-GCST90001836,rs8143049,T,C,0.1034, || id:ebi-a-GCST90001836,TRUE,reported,igd
