samplesize.exposure,pos.exposure,chr.exposure,se.exposure,pval.exposure,beta.exposure,id.exposure,SNP,effect_allele.exposure,other_allele.exposure,eaf.exposure,exposure,mr_keep.exposure,pval_origin.exposure,data_source.exposure
1833,208466901,1,0.09801,3.32797e-06,0.4571,ebi-a-GCST90001728,rs10494895,G,A,0.0314, || id:ebi-a-GCST90001728,TRUE,reported,igd
1833,190433277,1,0.03766,8.83202e-06,0.1678,ebi-a-GCST90001728,rs2419379,T,A,0.3145, || id:ebi-a-GCST90001728,TRUE,reported,igd
1833,207276336,1,0.116,7.39197e-10,0.7181,ebi-a-GCST90001728,rs113812519,G,A,0.0215, || id:ebi-a-GCST90001728,TRUE,reported,igd
1833,207698087,1,0.05084,5.25098e-06,0.2322,ebi-a-GCST90001728,rs138155833,T,A,0.129, || id:ebi-a-GCST90001728,TRUE,reported,igd
1833,154727881,1,0.03338,1.7e-06,0.1603,ebi-a-GCST90001728,rs7525464,G,C,0.4514, || id:ebi-a-GCST90001728,TRUE,reported,igd
1833,206902437,1,0.1195,9.17698e-11,0.7788,ebi-a-GCST90001728,rs55712453,G,A,0.0205, || id:ebi-a-GCST90001728,TRUE,reported,igd
1833,207018206,1,0.1158,1.649e-08,0.6567,ebi-a-GCST90001728,rs144743804,A,G,0.0224, || id:ebi-a-GCST90001728,TRUE,reported,igd
1833,172650450,1,0.03403,2.746e-06,-0.1601,ebi-a-GCST90001728,rs859655,G,A,0.5417, || id:ebi-a-GCST90001728,TRUE,reported,igd
1833,231874716,2,0.1062,8.85095e-06,0.4734,ebi-a-GCST90001728,rs72999235,C,T,0.0259, || id:ebi-a-GCST90001728,TRUE,reported,igd
1833,13573112,2,0.4562,3.15798e-06,2.132,ebi-a-GCST90001728,rs140108418,G,A,0.0014, || id:ebi-a-GCST90001728,TRUE,reported,igd
1833,85912030,2,0.4985,3.57701e-06,-2.317,ebi-a-GCST90001728,rs7600804,C,G,0.0011, || id:ebi-a-GCST90001728,TRUE,reported,igd
1833,110142387,4,0.09895,7.61904e-06,0.4441,ebi-a-GCST90001728,rs200576624,A,G,0.033, || id:ebi-a-GCST90001728,TRUE,reported,igd
1833,747378,4,0.2005,1.43499e-06,0.9699,ebi-a-GCST90001728,rs140761841,T,C,0.0065, || id:ebi-a-GCST90001728,TRUE,reported,igd
1833,10081219,5,0.03558,1.714e-07,0.1867,ebi-a-GCST90001728,rs4702668,G,A,0.6669, || id:ebi-a-GCST90001728,TRUE,reported,igd
1833,149841015,5,0.365,4.81404e-06,-1.674,ebi-a-GCST90001728,rs148774606,C,T,0.0019, || id:ebi-a-GCST90001728,TRUE,reported,igd
1833,15735864,6,0.1209,6.82999e-06,0.5456,ebi-a-GCST90001728,rs77518858,C,G,0.0218, || id:ebi-a-GCST90001728,TRUE,reported,igd
1833,58056422,6,5.894,2.59801e-06,27.79,ebi-a-GCST90001728,rs147785609,T,A,NA, || id:ebi-a-GCST90001728,TRUE,reported,igd
1833,44882040,7,0.06729,5.10505e-06,-0.3078,ebi-a-GCST90001728,rs80168996,C,A,0.0685, || id:ebi-a-GCST90001728,TRUE,reported,igd
1833,3472861,8,0.05619,1.78e-06,0.2693,ebi-a-GCST90001728,rs78653777,T,C,0.1045, || id:ebi-a-GCST90001728,TRUE,reported,igd
1833,130552677,8,0.228,3.16804e-06,1.066,ebi-a-GCST90001728,rs13250240,C,T,0.9945, || id:ebi-a-GCST90001728,TRUE,reported,igd
1833,111300129,13,0.1085,8.314e-06,0.4848,ebi-a-GCST90001728,rs11840245,T,C,0.0243, || id:ebi-a-GCST90001728,TRUE,reported,igd
1833,22970185,13,0.1112,3.57602e-06,-0.517,ebi-a-GCST90001728,rs11617402,C,T,0.0235, || id:ebi-a-GCST90001728,TRUE,reported,igd
1833,101566637,14,0.1193,3.33803e-06,0.5564,ebi-a-GCST90001728,rs4900483,T,C,0.0188, || id:ebi-a-GCST90001728,TRUE,reported,igd
1833,34579231,16,0.2181,3.72701e-06,-1.012,ebi-a-GCST90001728,rs17723384,A,C,0.0065, || id:ebi-a-GCST90001728,TRUE,reported,igd
1833,13040257,17,0.09024,5.09003e-06,-0.4128,ebi-a-GCST90001728,rs61610275,T,A,0.0387, || id:ebi-a-GCST90001728,TRUE,reported,igd
1833,36882371,18,0.0495,6.93506e-06,-0.2232,ebi-a-GCST90001728,rs9945791,T,C,0.8617, || id:ebi-a-GCST90001728,TRUE,reported,igd
