pos.exposure,chr.exposure,se.exposure,beta.exposure,pval.exposure,samplesize.exposure,id.exposure,SNP,effect_allele.exposure,other_allele.exposure,eaf.exposure,exposure,mr_keep.exposure,pval_origin.exposure,data_source.exposure
207276336,1,0.0918,0.5404,4.29101e-09,3656,ebi-a-GCST90001738,rs113812519,G,A,0.0185, || id:ebi-a-GCST90001738,TRUE,reported,igd
25535823,1,0.04247,0.2038,1.65299e-06,3656,ebi-a-GCST90001738,rs4649079,T,C,0.0961, || id:ebi-a-GCST90001738,TRUE,reported,igd
207018206,1,0.08935,0.4919,3.94703e-08,3656,ebi-a-GCST90001738,rs144743804,A,G,0.0197, || id:ebi-a-GCST90001738,TRUE,reported,igd
206902437,1,0.08992,0.5735,2.01702e-10,3656,ebi-a-GCST90001738,rs55712453,G,A,0.0201, || id:ebi-a-GCST90001738,TRUE,reported,igd
43810948,2,0.03328,0.1663,6.10998e-07,3656,ebi-a-GCST90001738,rs80268044,A,G,0.1766, || id:ebi-a-GCST90001738,TRUE,reported,igd
13573112,2,0.4166,1.97,2.33598e-06,3656,ebi-a-GCST90001738,rs140108418,G,A,8e-04, || id:ebi-a-GCST90001738,TRUE,reported,igd
194094110,3,0.03853,-0.176,5.09202e-06,3656,ebi-a-GCST90001738,rs9814135,C,T,0.8839, || id:ebi-a-GCST90001738,TRUE,reported,igd
61094800,3,0.0246,-0.125,3.96899e-07,3656,ebi-a-GCST90001738,rs1439005,C,G,0.4587, || id:ebi-a-GCST90001738,TRUE,reported,igd
185816062,4,0.02732,-0.1216,8.8481e-06,3656,ebi-a-GCST90001738,rs4862454,A,G,0.2981, || id:ebi-a-GCST90001738,TRUE,reported,igd
173972852,5,0.0248,0.111,7.87807e-06,3656,ebi-a-GCST90001738,rs7718237,A,G,0.4837, || id:ebi-a-GCST90001738,TRUE,reported,igd
68486690,6,0.2298,-1.02,9.39096e-06,3656,ebi-a-GCST90001738,rs76162621,G,A,0.0027, || id:ebi-a-GCST90001738,TRUE,reported,igd
36793516,6,0.1075,0.5656,1.5e-07,3656,ebi-a-GCST90001738,rs764603,C,A,0.0131, || id:ebi-a-GCST90001738,TRUE,reported,igd
133192184,8,0.04549,-0.2041,7.45796e-06,3656,ebi-a-GCST90001738,rs41272381,G,C,0.0819, || id:ebi-a-GCST90001738,TRUE,reported,igd
37002142,9,0.02547,-0.1201,2.49902e-06,3656,ebi-a-GCST90001738,rs12554596,G,A,0.3892, || id:ebi-a-GCST90001738,TRUE,reported,igd
1717689,10,0.2698,-1.298,1.554e-06,3656,ebi-a-GCST90001738,rs560933055,A,T,0.0022, || id:ebi-a-GCST90001738,TRUE,reported,igd
133434534,11,0.03072,-0.1366,9.00596e-06,3656,ebi-a-GCST90001738,rs76223390,C,T,0.2157, || id:ebi-a-GCST90001738,TRUE,reported,igd
111354000,12,0.04939,0.2262,4.80596e-06,3656,ebi-a-GCST90001738,rs149168550,G,C,0.0673, || id:ebi-a-GCST90001738,TRUE,reported,igd
31564105,13,0.02636,-0.1195,6.02102e-06,3656,ebi-a-GCST90001738,rs4942349,G,A,0.3333, || id:ebi-a-GCST90001738,TRUE,reported,igd
92561395,14,0.02486,-0.1114,7.63607e-06,3656,ebi-a-GCST90001738,rs6575228,A,G,0.4126, || id:ebi-a-GCST90001738,TRUE,reported,igd
32422808,16,0.2175,-1.283,3.95704e-09,3656,ebi-a-GCST90001738,rs138920008,C,G,0.0041, || id:ebi-a-GCST90001738,TRUE,reported,igd
28973268,16,0.02549,0.1375,7.31897e-08,3656,ebi-a-GCST90001738,rs11643297,G,A,0.6109, || id:ebi-a-GCST90001738,TRUE,reported,igd
63085557,17,0.05618,-0.2551,5.77404e-06,3656,ebi-a-GCST90001738,rs148381451,T,C,0.0496, || id:ebi-a-GCST90001738,TRUE,reported,igd
74408048,18,0.04815,-0.2229,3.80601e-06,3656,ebi-a-GCST90001738,rs149041258,G,A,0.0759, || id:ebi-a-GCST90001738,TRUE,reported,igd
7114038,19,0.03685,0.1801,1.06299e-06,3656,ebi-a-GCST90001738,rs72988602,G,A,0.1347, || id:ebi-a-GCST90001738,TRUE,reported,igd
45116977,22,0.04559,0.2073,5.62095e-06,3656,ebi-a-GCST90001738,rs77697711,A,C,0.081, || id:ebi-a-GCST90001738,TRUE,reported,igd
43167446,22,0.06276,-0.3091,8.79893e-07,3656,ebi-a-GCST90001738,rs113612962,C,G,0.0402, || id:ebi-a-GCST90001738,TRUE,reported,igd
