beta.exposure,samplesize.exposure,pos.exposure,chr.exposure,pval.exposure,se.exposure,id.exposure,SNP,effect_allele.exposure,other_allele.exposure,eaf.exposure,exposure,mr_keep.exposure,pval_origin.exposure,data_source.exposure
0.3538,3405,25840181,1,1.91399e-06,0.07416,ebi-a-GCST90001495,rs114114791,G,A,0.0304, || id:ebi-a-GCST90001495,TRUE,reported,igd
0.5826,3405,79140712,2,6.22501e-06,0.1287,ebi-a-GCST90001495,rs7570197,C,T,0.012, || id:ebi-a-GCST90001495,TRUE,reported,igd
-0.2948,3405,23203415,7,6.13903e-06,0.06509,ebi-a-GCST90001495,rs139577399,C,T,0.0414, || id:ebi-a-GCST90001495,TRUE,reported,igd
-0.4852,3405,67769786,7,4.47497e-06,0.1056,ebi-a-GCST90001495,rs76464802,A,G,0.015, || id:ebi-a-GCST90001495,TRUE,reported,igd
0.2585,3405,80556281,7,8.77991e-06,0.05807,ebi-a-GCST90001495,rs75270901,A,G,0.0512, || id:ebi-a-GCST90001495,TRUE,reported,igd
0.3162,3405,1172869,7,8.47891e-06,0.07091,ebi-a-GCST90001495,rs57516532,T,C,0.0342, || id:ebi-a-GCST90001495,TRUE,reported,igd
0.2257,3405,126248228,7,1.71301e-06,0.04708,ebi-a-GCST90001495,rs78027772,A,G,0.0846, || id:ebi-a-GCST90001495,TRUE,reported,igd
-0.4106,3405,10090715,8,4.89103e-07,0.08147,ebi-a-GCST90001495,rs150315125,T,A,0.0295, || id:ebi-a-GCST90001495,TRUE,reported,igd
0.5538,3405,86052403,9,3.09001e-06,0.1185,ebi-a-GCST90001495,rs74791100,C,T,0.0123, || id:ebi-a-GCST90001495,TRUE,reported,igd
-0.1185,3405,82674931,10,9.67409e-06,0.02675,ebi-a-GCST90001495,rs10882324,T,C,0.3499, || id:ebi-a-GCST90001495,TRUE,reported,igd
-0.1594,3405,131817745,10,5.24397e-06,0.03494,ebi-a-GCST90001495,rs76710109,C,T,0.1671, || id:ebi-a-GCST90001495,TRUE,reported,igd
-0.1932,3405,97069472,10,3.39313e-11,0.02906,ebi-a-GCST90001495,rs10786199,A,G,0.2894, || id:ebi-a-GCST90001495,TRUE,reported,igd
-0.6337,3405,68351521,10,4.64098e-06,0.1381,ebi-a-GCST90001495,rs11598645,C,T,0.011, || id:ebi-a-GCST90001495,TRUE,reported,igd
-0.1723,3405,16697829,10,6.88193e-06,0.03826,ebi-a-GCST90001495,rs11254133,T,C,0.1317, || id:ebi-a-GCST90001495,TRUE,reported,igd
0.4322,3405,97294154,10,4.98196e-17,0.05126,ebi-a-GCST90001495,rs72809762,T,C,0.0675, || id:ebi-a-GCST90001495,TRUE,reported,igd
-0.9594,3405,97474371,10,1e-200,0.02046,ebi-a-GCST90001495,rs10882655,A,G,0.532, || id:ebi-a-GCST90001495,TRUE,reported,igd
-0.2549,3405,98205222,10,1.32801e-15,0.03174,ebi-a-GCST90001495,rs11188757,C,A,0.2213, || id:ebi-a-GCST90001495,TRUE,reported,igd
0.4715,3405,97016742,10,3.67621e-24,0.04614,ebi-a-GCST90001495,rs202211780,G,A,0.0878, || id:ebi-a-GCST90001495,TRUE,reported,igd
-0.4069,3405,97741071,10,3.19374e-56,0.02528,ebi-a-GCST90001495,rs10882701,C,A,0.514, || id:ebi-a-GCST90001495,TRUE,reported,igd
0.1946,3405,130313067,11,7.80998e-06,0.04346,ebi-a-GCST90001495,rs7937686,G,C,0.9091, || id:ebi-a-GCST90001495,TRUE,reported,igd
0.2069,3405,41137136,17,2.50599e-06,0.04388,ebi-a-GCST90001495,rs149951966,C,T,0.1035, || id:ebi-a-GCST90001495,TRUE,reported,igd
0.1294,3405,75234757,17,3.74197e-06,0.02794,ebi-a-GCST90001495,rs11655883,G,A,0.2902, || id:ebi-a-GCST90001495,TRUE,reported,igd
-0.1636,3405,65545793,18,9.73509e-06,0.03693,ebi-a-GCST90001495,rs56216441,T,A,0.1373, || id:ebi-a-GCST90001495,TRUE,reported,igd
-1.066,3405,15575550,20,9.47305e-06,0.2404,ebi-a-GCST90001495,rs111461378,C,T,0.0028, || id:ebi-a-GCST90001495,TRUE,reported,igd
-0.7497,3405,17586584,20,9.24592e-06,0.1688,ebi-a-GCST90001495,rs7267949,T,C,0.0057, || id:ebi-a-GCST90001495,TRUE,reported,igd
-0.2143,3405,39232216,21,7.39793e-06,0.04774,ebi-a-GCST90001495,rs2836025,T,C,0.0762, || id:ebi-a-GCST90001495,TRUE,reported,igd
-0.2011,3405,27065117,22,1.62301e-06,0.04185,ebi-a-GCST90001495,rs6005121,G,A,0.8974, || id:ebi-a-GCST90001495,TRUE,reported,igd
