pos.exposure,se.exposure,samplesize.exposure,chr.exposure,beta.exposure,pval.exposure,id.exposure,SNP,effect_allele.exposure,other_allele.exposure,eaf.exposure,exposure,mr_keep.exposure,pval_origin.exposure,data_source.exposure
160972255,0.1308,3410,1,0.6732,2.80098e-07,ebi-a-GCST90001465,rs143140559,T,C,0.0094, || id:ebi-a-GCST90001465,TRUE,reported,igd
157964856,0.02958,3410,1,0.1357,4.635e-06,ebi-a-GCST90001465,rs6656063,T,C,0.2501, || id:ebi-a-GCST90001465,TRUE,reported,igd
161937774,0.0521,3410,1,0.3612,4.9023e-12,ebi-a-GCST90001465,rs71639910,A,G,0.0688, || id:ebi-a-GCST90001465,TRUE,reported,igd
181020181,0.0855,3410,1,-0.3803,8.93799e-06,ebi-a-GCST90001465,rs3789359,C,T,0.0229, || id:ebi-a-GCST90001465,TRUE,reported,igd
163485197,0.1287,3410,1,-0.6667,2.339e-07,ebi-a-GCST90001465,rs113995133,A,G,0.0103, || id:ebi-a-GCST90001465,TRUE,reported,igd
161561151,0.0401,3410,1,-0.3508,3.33887e-18,ebi-a-GCST90001465,rs74341264,A,G,0.1218, || id:ebi-a-GCST90001465,TRUE,reported,igd
163958750,0.1176,3410,1,-0.6222,1.30299e-07,ebi-a-GCST90001465,rs139939515,T,C,0.0123, || id:ebi-a-GCST90001465,TRUE,reported,igd
161526397,0.02792,3410,1,0.8089,4.21697e-165,ebi-a-GCST90001465,rs71632979,G,A,0.2447, || id:ebi-a-GCST90001465,TRUE,reported,igd
82817239,0.02577,3410,1,0.1227,2.01002e-06,ebi-a-GCST90001465,rs950485,C,A,0.4919, || id:ebi-a-GCST90001465,TRUE,reported,igd
191451636,0.391,3410,2,-1.864,1.948e-06,ebi-a-GCST90001465,rs114566711,T,A,9e-04, || id:ebi-a-GCST90001465,TRUE,reported,igd
78748977,0.02608,3410,4,-0.1204,4.06602e-06,ebi-a-GCST90001465,rs1996740,G,A,0.4776, || id:ebi-a-GCST90001465,TRUE,reported,igd
63081773,0.08154,3410,5,-0.3741,4.62999e-06,ebi-a-GCST90001465,rs143512471,A,G,0.026, || id:ebi-a-GCST90001465,TRUE,reported,igd
147461264,0.05309,3410,6,0.2353,9.64295e-06,ebi-a-GCST90001465,rs113404917,T,C,0.0633, || id:ebi-a-GCST90001465,TRUE,reported,igd
157588588,0.09659,3410,7,-0.443,4.67703e-06,ebi-a-GCST90001465,rs78169719,C,A,0.0177, || id:ebi-a-GCST90001465,TRUE,reported,igd
109678733,0.3718,3410,7,1.672,7.10101e-06,ebi-a-GCST90001465,rs144259606,C,A,0.001, || id:ebi-a-GCST90001465,TRUE,reported,igd
98162546,0.04933,3410,7,-0.225,5.26296e-06,ebi-a-GCST90001465,rs77148097,G,A,0.0767, || id:ebi-a-GCST90001465,TRUE,reported,igd
113032809,0.5564,3410,8,-2.6,3.079e-06,ebi-a-GCST90001465,rs76522264,C,G,4e-04, || id:ebi-a-GCST90001465,TRUE,reported,igd
107693714,0.5157,3410,8,-2.515,1.123e-06,ebi-a-GCST90001465,rs117690664,A,C,7e-04, || id:ebi-a-GCST90001465,TRUE,reported,igd
89944259,0.3474,3410,10,-1.586,5.19302e-06,ebi-a-GCST90001465,rs143555771,T,C,0.0015, || id:ebi-a-GCST90001465,TRUE,reported,igd
30170464,0.1186,3410,14,0.5691,1.66901e-06,ebi-a-GCST90001465,rs75358870,A,C,0.0128, || id:ebi-a-GCST90001465,TRUE,reported,igd
25969797,0.5121,3410,15,-2.273,9.34394e-06,ebi-a-GCST90001465,rs140205436,T,C,6e-04, || id:ebi-a-GCST90001465,TRUE,reported,igd
67606602,0.11,3410,15,-0.5139,3.12702e-06,ebi-a-GCST90001465,rs72745440,A,C,0.0141, || id:ebi-a-GCST90001465,TRUE,reported,igd
22455983,0.06497,3410,18,0.2938,6.30507e-06,ebi-a-GCST90001465,rs113345111,G,A,0.0428, || id:ebi-a-GCST90001465,TRUE,reported,igd
30509788,0.04991,3410,19,0.2261,6.09902e-06,ebi-a-GCST90001465,rs77768825,G,A,0.0755, || id:ebi-a-GCST90001465,TRUE,reported,igd
