beta.exposure,se.exposure,pos.exposure,samplesize.exposure,chr.exposure,pval.exposure,id.exposure,SNP,effect_allele.exposure,other_allele.exposure,eaf.exposure,exposure,mr_keep.exposure,pval_origin.exposure,data_source.exposure
0.116,0.02451,235762345,3657,1,2.30898e-06,ebi-a-GCST90001739,rs11585051,A,G,0.5766, || id:ebi-a-GCST90001739,TRUE,reported,igd
0.2096,0.04664,233868788,3657,2,7.23003e-06,ebi-a-GCST90001739,rs78175608,A,C,0.0749, || id:ebi-a-GCST90001739,TRUE,reported,igd
0.3338,0.07095,240579362,3657,2,2.63099e-06,ebi-a-GCST90001739,rs181547338,A,G,0.0314, || id:ebi-a-GCST90001739,TRUE,reported,igd
-0.1634,0.0351,116599500,3657,3,3.34003e-06,ebi-a-GCST90001739,rs6767669,A,G,0.1396, || id:ebi-a-GCST90001739,TRUE,reported,igd
-0.5443,0.1137,54686737,3657,3,1.758e-06,ebi-a-GCST90001739,rs76670160,T,C,0.0127, || id:ebi-a-GCST90001739,TRUE,reported,igd
-0.5481,0.1152,165050068,3657,3,2.04899e-06,ebi-a-GCST90001739,rs79146843,A,G,0.0118, || id:ebi-a-GCST90001739,TRUE,reported,igd
-0.2039,0.04529,55691063,3657,4,6.97301e-06,ebi-a-GCST90001739,rs115017263,T,G,0.0805, || id:ebi-a-GCST90001739,TRUE,reported,igd
-0.1389,0.03076,81157098,3657,4,6.52604e-06,ebi-a-GCST90001739,rs6848130,C,T,0.2021, || id:ebi-a-GCST90001739,TRUE,reported,igd
0.2684,0.05834,3781931,3657,5,4.346e-06,ebi-a-GCST90001739,rs138520806,A,G,0.047, || id:ebi-a-GCST90001739,TRUE,reported,igd
-0.8732,0.186,80934634,3657,5,2.77402e-06,ebi-a-GCST90001739,rs11748905,C,T,0.0048, || id:ebi-a-GCST90001739,TRUE,reported,igd
0.1601,0.03427,53665443,3657,5,3.095e-06,ebi-a-GCST90001739,rs72759977,G,A,0.1492, || id:ebi-a-GCST90001739,TRUE,reported,igd
0.9896,0.2234,88548115,3657,8,9.69505e-06,ebi-a-GCST90001739,rs117517136,G,A,0.003, || id:ebi-a-GCST90001739,TRUE,reported,igd
-0.1513,0.03359,130289313,3657,10,6.86294e-06,ebi-a-GCST90001739,rs56799059,A,G,0.1578, || id:ebi-a-GCST90001739,TRUE,reported,igd
-0.1207,0.02723,89505448,3657,12,9.64895e-06,ebi-a-GCST90001739,rs10858826,A,G,0.2889, || id:ebi-a-GCST90001739,TRUE,reported,igd
0.5545,0.1229,106204468,3657,14,6.66101e-06,ebi-a-GCST90001739,rs139369230,A,G,0.0104, || id:ebi-a-GCST90001739,TRUE,reported,igd
0.5431,0.1219,96281487,3657,15,8.66004e-06,ebi-a-GCST90001739,rs7171754,A,T,0.0101, || id:ebi-a-GCST90001739,TRUE,reported,igd
0.343,0.06329,85272300,3657,16,6.35594e-08,ebi-a-GCST90001739,rs117491079,T,C,0.0391, || id:ebi-a-GCST90001739,TRUE,reported,igd
-0.2985,0.06674,56001319,3657,17,7.95097e-06,ebi-a-GCST90001739,rs9913983,T,C,0.0334, || id:ebi-a-GCST90001739,TRUE,reported,igd
0.2342,0.04991,14221680,3657,17,2.79602e-06,ebi-a-GCST90001739,rs740380,T,G,0.0639, || id:ebi-a-GCST90001739,TRUE,reported,igd
-0.1972,0.04302,66341775,3657,17,4.72204e-06,ebi-a-GCST90001739,rs72839309,G,C,0.0893, || id:ebi-a-GCST90001739,TRUE,reported,igd
0.1328,0.02886,73626676,3657,18,4.37301e-06,ebi-a-GCST90001739,rs2612375,A,T,0.2379, || id:ebi-a-GCST90001739,TRUE,reported,igd
-0.1277,0.02787,61174560,3657,18,4.74799e-06,ebi-a-GCST90001739,rs9961803,G,A,0.7398, || id:ebi-a-GCST90001739,TRUE,reported,igd
0.2575,0.04925,40527078,3657,18,1.79999e-07,ebi-a-GCST90001739,rs78258643,T,A,0.0663, || id:ebi-a-GCST90001739,TRUE,reported,igd
0.2655,0.05094,16962765,3657,21,1.963e-07,ebi-a-GCST90001739,rs11701275,G,T,0.0634, || id:ebi-a-GCST90001739,TRUE,reported,igd
