chr.exposure,beta.exposure,se.exposure,pos.exposure,samplesize.exposure,pval.exposure,id.exposure,SNP,effect_allele.exposure,other_allele.exposure,eaf.exposure,exposure,mr_keep.exposure,pval_origin.exposure,data_source.exposure
1,-0.4162,0.08883,166617824,2919,2.91702e-06,ebi-a-GCST90001856,rs72697323,T,C,0.0243, || id:ebi-a-GCST90001856,TRUE,reported,igd
1,0.5264,0.09617,166035343,2919,4.78795e-08,ebi-a-GCST90001856,rs76540213,T,C,0.0214, || id:ebi-a-GCST90001856,TRUE,reported,igd
1,0.2777,0.0445,167113055,2919,5.01499e-10,ebi-a-GCST90001856,rs61814872,T,C,0.1024, || id:ebi-a-GCST90001856,TRUE,reported,igd
1,-0.2509,0.05497,209224498,2919,5.23504e-06,ebi-a-GCST90001856,rs79881821,T,C,0.0647, || id:ebi-a-GCST90001856,TRUE,reported,igd
1,0.2848,0.06329,91068234,2919,7.06594e-06,ebi-a-GCST90001856,rs75831635,T,C,0.0468, || id:ebi-a-GCST90001856,TRUE,reported,igd
1,0.427,0.09367,156667074,2919,5.35205e-06,ebi-a-GCST90001856,rs74118738,A,G,0.023, || id:ebi-a-GCST90001856,TRUE,reported,igd
1,0.5477,0.02564,167424924,2919,3.54405e-94,ebi-a-GCST90001856,rs2949661,T,C,0.4466, || id:ebi-a-GCST90001856,TRUE,reported,igd
1,-0.2345,0.04561,165193662,2919,2.913e-07,ebi-a-GCST90001856,rs12742947,A,G,0.0999, || id:ebi-a-GCST90001856,TRUE,reported,igd
2,-0.159,0.03422,114898402,2919,3.54103e-06,ebi-a-GCST90001856,rs2055631,T,C,0.1958, || id:ebi-a-GCST90001856,TRUE,reported,igd
2,-0.1526,0.03328,88740296,2919,4.76003e-06,ebi-a-GCST90001856,rs11686866,A,G,0.211, || id:ebi-a-GCST90001856,TRUE,reported,igd
3,-0.1897,0.04001,8690338,2919,2.229e-06,ebi-a-GCST90001856,rs164962,C,T,0.1338, || id:ebi-a-GCST90001856,TRUE,reported,igd
3,0.3752,0.08068,127159039,2919,3.45597e-06,ebi-a-GCST90001856,rs145438716,G,A,0.0303, || id:ebi-a-GCST90001856,TRUE,reported,igd
4,0.1908,0.04177,7893585,2919,5.14897e-06,ebi-a-GCST90001856,rs28547902,C,G,0.1242, || id:ebi-a-GCST90001856,TRUE,reported,igd
4,-0.4341,0.09267,42867440,2919,2.93002e-06,ebi-a-GCST90001856,rs73238001,C,T,0.0228, || id:ebi-a-GCST90001856,TRUE,reported,igd
4,0.1306,0.02783,186735780,2919,2.81099e-06,ebi-a-GCST90001856,rs12502302,T,C,0.4048, || id:ebi-a-GCST90001856,TRUE,reported,igd
5,-0.7738,0.1663,52158890,2919,3.41798e-06,ebi-a-GCST90001856,rs79338266,A,T,0.0067, || id:ebi-a-GCST90001856,TRUE,reported,igd
7,0.4562,0.09807,37113953,2919,3.44199e-06,ebi-a-GCST90001856,rs17170861,T,C,0.0188, || id:ebi-a-GCST90001856,TRUE,reported,igd
8,-0.2303,0.05111,19027810,2919,6.85299e-06,ebi-a-GCST90001856,rs112692180,C,A,0.0798, || id:ebi-a-GCST90001856,TRUE,reported,igd
9,-0.1285,0.02646,8934768,2919,1.269e-06,ebi-a-GCST90001856,rs35922476,T,C,0.5185, || id:ebi-a-GCST90001856,TRUE,reported,igd
9,0.3382,0.07452,137822101,2919,5.91494e-06,ebi-a-GCST90001856,rs2026334,A,G,0.0348, || id:ebi-a-GCST90001856,TRUE,reported,igd
10,0.182,0.03986,97988763,2919,5.16297e-06,ebi-a-GCST90001856,rs11188673,A,G,0.1408, || id:ebi-a-GCST90001856,TRUE,reported,igd
12,-0.2859,0.06386,95185923,2919,7.86394e-06,ebi-a-GCST90001856,rs55740714,C,T,0.0546, || id:ebi-a-GCST90001856,TRUE,reported,igd
13,0.537,0.118,42836319,2919,5.57404e-06,ebi-a-GCST90001856,rs138565853,T,C,0.0149, || id:ebi-a-GCST90001856,TRUE,reported,igd
15,-0.1314,0.02775,97334659,2919,2.28302e-06,ebi-a-GCST90001856,rs8024202,A,G,0.3678, || id:ebi-a-GCST90001856,TRUE,reported,igd
17,-1.117,0.2344,51757682,2919,1.99099e-06,ebi-a-GCST90001856,rs181229284,T,C,0.0031, || id:ebi-a-GCST90001856,TRUE,reported,igd
19,0.2615,0.0566,22042048,2919,4.01504e-06,ebi-a-GCST90001856,rs113711222,A,G,0.0624, || id:ebi-a-GCST90001856,TRUE,reported,igd
20,0.1307,0.02863,55107273,2919,5.19697e-06,ebi-a-GCST90001856,rs6099186,C,T,0.6545, || id:ebi-a-GCST90001856,TRUE,reported,igd
20,-0.1262,0.02812,5376309,2919,7.465e-06,ebi-a-GCST90001856,rs6085139,A,C,0.3893, || id:ebi-a-GCST90001856,TRUE,reported,igd
