beta.exposure,pos.exposure,pval.exposure,chr.exposure,se.exposure,samplesize.exposure,id.exposure,SNP,effect_allele.exposure,other_allele.exposure,eaf.exposure,exposure,mr_keep.exposure,pval_origin.exposure,data_source.exposure
-0.1164,41075209,9.54707e-06,1,0.02625,3656,ebi-a-GCST90001426,rs500586,T,C,0.7061, || id:ebi-a-GCST90001426,TRUE,reported,igd
0.556,119873920,7.79902e-06,1,0.1242,3656,ebi-a-GCST90001426,rs72691171,T,A,0.0105, || id:ebi-a-GCST90001426,TRUE,reported,igd
1.034,19500582,4.55302e-06,1,0.2251,3656,ebi-a-GCST90001426,rs143785715,T,C,0.0027, || id:ebi-a-GCST90001426,TRUE,reported,igd
0.516,89286072,8.15793e-07,1,0.1044,3656,ebi-a-GCST90001426,rs10922490,C,T,0.0164, || id:ebi-a-GCST90001426,TRUE,reported,igd
0.1644,136926146,4.86004e-08,2,0.03007,3656,ebi-a-GCST90001426,rs11687597,G,A,0.2069, || id:ebi-a-GCST90001426,TRUE,reported,igd
0.1571,238554657,2.509e-07,2,0.03041,3656,ebi-a-GCST90001426,rs7595246,C,T,0.1893, || id:ebi-a-GCST90001426,TRUE,reported,igd
0.5092,100279851,2.94002e-06,4,0.1088,3656,ebi-a-GCST90001426,rs71612685,G,A,0.0126, || id:ebi-a-GCST90001426,TRUE,reported,igd
0.1691,1628280,9.93002e-06,4,0.03822,3656,ebi-a-GCST90001426,rs1867929,A,C,0.1104, || id:ebi-a-GCST90001426,TRUE,reported,igd
2.925,89545035,6.80707e-06,5,0.6491,3656,ebi-a-GCST90001426,rs114839471,G,A,5e-04, || id:ebi-a-GCST90001426,TRUE,reported,igd
-0.1275,144608340,2.27898e-06,5,0.02694,3656,ebi-a-GCST90001426,rs17405603,T,A,0.2842, || id:ebi-a-GCST90001426,TRUE,reported,igd
1.843,41401285,1.66498e-06,6,0.3841,3656,ebi-a-GCST90001426,rs146936090,T,C,8e-04, || id:ebi-a-GCST90001426,TRUE,reported,igd
-0.1185,22048853,1.736e-06,7,0.02475,3656,ebi-a-GCST90001426,rs6972846,T,G,0.3885, || id:ebi-a-GCST90001426,TRUE,reported,igd
0.2746,154618679,4.77595e-06,7,0.05995,3656,ebi-a-GCST90001426,rs78027513,T,G,0.0414, || id:ebi-a-GCST90001426,TRUE,reported,igd
-0.1408,144984956,8.25296e-09,8,0.02438,3656,ebi-a-GCST90001426,rs7840395,G,A,0.5715, || id:ebi-a-GCST90001426,TRUE,reported,igd
0.1383,40734662,6.89096e-06,8,0.03071,3656,ebi-a-GCST90001426,rs2137277,G,A,0.1882, || id:ebi-a-GCST90001426,TRUE,reported,igd
0.4384,22940992,2.24099e-06,10,0.09254,3656,ebi-a-GCST90001426,rs72816858,C,G,0.0172, || id:ebi-a-GCST90001426,TRUE,reported,igd
-0.2055,54786414,6.51193e-07,12,0.04122,3656,ebi-a-GCST90001426,rs12298227,C,T,0.1013, || id:ebi-a-GCST90001426,TRUE,reported,igd
-0.1218,53022961,6.31495e-06,12,0.02694,3656,ebi-a-GCST90001426,rs593370,T,C,0.7001, || id:ebi-a-GCST90001426,TRUE,reported,igd
0.1281,108957063,1.05201e-07,13,0.02404,3656,ebi-a-GCST90001426,rs9520836,G,A,0.5044, || id:ebi-a-GCST90001426,TRUE,reported,igd
0.38,76646870,4.61095e-06,15,0.08281,3656,ebi-a-GCST90001426,rs118086652,G,A,0.0213, || id:ebi-a-GCST90001426,TRUE,reported,igd
-0.1257,2716535,1.93201e-07,17,0.02411,3656,ebi-a-GCST90001426,rs11653761,T,G,0.592, || id:ebi-a-GCST90001426,TRUE,reported,igd
0.4981,61418402,6.63804e-06,18,0.1104,3656,ebi-a-GCST90001426,rs145744014,T,C,0.0116, || id:ebi-a-GCST90001426,TRUE,reported,igd
-0.1194,36290177,7.05196e-06,19,0.02653,3656,ebi-a-GCST90001426,rs652344,C,T,0.2946, || id:ebi-a-GCST90001426,TRUE,reported,igd
0.1091,18194427,6.04004e-06,20,0.02407,3656,ebi-a-GCST90001426,rs2328245,T,C,0.5678, || id:ebi-a-GCST90001426,TRUE,reported,igd
0.3766,27421843,5.86206e-06,22,0.08299,3656,ebi-a-GCST90001426,rs134927,T,C,0.0215, || id:ebi-a-GCST90001426,TRUE,reported,igd
