chr.exposure,se.exposure,samplesize.exposure,pval.exposure,pos.exposure,beta.exposure,id.exposure,SNP,effect_allele.exposure,other_allele.exposure,eaf.exposure,exposure,mr_keep.exposure,pval_origin.exposure,data_source.exposure
3,0.05017,3405,1.196e-06,186094684,0.2441,ebi-a-GCST90001489,rs7432284,C,A,0.068, || id:ebi-a-GCST90001489,TRUE,reported,igd
4,0.08506,3405,2.52802e-06,165512454,-0.401,ebi-a-GCST90001489,rs139015125,C,G,0.0231, || id:ebi-a-GCST90001489,TRUE,reported,igd
4,0.1056,3405,1.01801e-06,89266460,-0.5171,ebi-a-GCST90001489,rs12648210,G,A,0.0145, || id:ebi-a-GCST90001489,TRUE,reported,igd
5,0.05905,3405,4.782e-06,155375550,-0.2705,ebi-a-GCST90001489,rs142422333,T,C,0.0515, || id:ebi-a-GCST90001489,TRUE,reported,igd
5,0.02655,3405,8.51805e-06,73681489,0.1184,ebi-a-GCST90001489,rs10059458,C,T,0.6101, || id:ebi-a-GCST90001489,TRUE,reported,igd
7,0.04672,3405,2.29398e-06,126248228,0.2212,ebi-a-GCST90001489,rs78027772,A,G,0.0846, || id:ebi-a-GCST90001489,TRUE,reported,igd
7,0.03418,3405,3.37404e-06,80480551,0.1591,ebi-a-GCST90001489,rs12707040,A,G,0.1783, || id:ebi-a-GCST90001489,TRUE,reported,igd
7,0.06457,3405,1.08101e-06,23203415,-0.3155,ebi-a-GCST90001489,rs139577399,C,T,0.0414, || id:ebi-a-GCST90001489,TRUE,reported,igd
8,0.0305,3405,1.57101e-06,113921646,-0.1467,ebi-a-GCST90001489,rs11777493,A,T,0.2395, || id:ebi-a-GCST90001489,TRUE,reported,igd
8,0.07172,3405,1.646e-06,9606332,-0.3443,ebi-a-GCST90001489,rs35163827,G,A,0.0391, || id:ebi-a-GCST90001489,TRUE,reported,igd
9,0.1096,3405,6.418e-06,85042639,-0.4955,ebi-a-GCST90001489,rs191262582,A,T,0.014, || id:ebi-a-GCST90001489,TRUE,reported,igd
9,0.02712,3405,9.22593e-06,86150415,0.1205,ebi-a-GCST90001489,rs11795139,T,C,0.3335, || id:ebi-a-GCST90001489,TRUE,reported,igd
10,0.02116,3405,1e-200,97607644,0.8768,ebi-a-GCST90001489,rs7088584,T,G,0.4687, || id:ebi-a-GCST90001489,TRUE,reported,igd
10,0.0511,3405,4.74351e-11,97294154,0.3373,ebi-a-GCST90001489,rs72809762,T,C,0.0675, || id:ebi-a-GCST90001489,TRUE,reported,igd
10,0.04279,3405,4.27996e-06,109471331,-0.197,ebi-a-GCST90001489,rs2251521,T,C,0.1021, || id:ebi-a-GCST90001489,TRUE,reported,igd
10,0.02528,3405,1.80094e-45,97741071,-0.3631,ebi-a-GCST90001489,rs10882701,C,A,0.514, || id:ebi-a-GCST90001489,TRUE,reported,igd
10,0.03146,3405,3.05914e-15,98205222,-0.2494,ebi-a-GCST90001489,rs11188757,C,A,0.2213, || id:ebi-a-GCST90001489,TRUE,reported,igd
10,0.07836,3405,3.26302e-06,47637202,-0.3653,ebi-a-GCST90001489,rs111806244,T,C,0.0476, || id:ebi-a-GCST90001489,TRUE,reported,igd
10,0.02875,3405,5.63248e-11,97069472,-0.189,ebi-a-GCST90001489,rs10786199,A,G,0.2894, || id:ebi-a-GCST90001489,TRUE,reported,igd
10,0.02727,3405,1.46201e-06,80258836,-0.1316,ebi-a-GCST90001489,rs11002579,A,G,0.3366, || id:ebi-a-GCST90001489,TRUE,reported,igd
10,0.04585,3405,1.01906e-19,97016742,0.4192,ebi-a-GCST90001489,rs202211780,G,A,0.0878, || id:ebi-a-GCST90001489,TRUE,reported,igd
13,0.03152,3405,2.12398e-06,84031916,0.1497,ebi-a-GCST90001489,rs4321083,A,G,0.2137, || id:ebi-a-GCST90001489,TRUE,reported,igd
13,0.02703,3405,3.85496e-06,19650584,0.125,ebi-a-GCST90001489,rs4441121,G,A,0.3192, || id:ebi-a-GCST90001489,TRUE,reported,igd
15,0.05731,3405,5.65705e-06,59643449,0.2605,ebi-a-GCST90001489,rs77020191,G,C,0.0542, || id:ebi-a-GCST90001489,TRUE,reported,igd
15,0.1188,3405,2.536e-06,70222702,0.5601,ebi-a-GCST90001489,rs56197234,A,G,0.0115, || id:ebi-a-GCST90001489,TRUE,reported,igd
16,0.02962,3405,3.77303e-06,57038162,0.1372,ebi-a-GCST90001489,rs289708,G,A,0.7573, || id:ebi-a-GCST90001489,TRUE,reported,igd
16,0.5711,3405,3.15697e-06,18152860,2.666,ebi-a-GCST90001489,rs139917391,T,C,4e-04, || id:ebi-a-GCST90001489,TRUE,reported,igd
17,0.02928,3405,5.08604e-06,75229883,0.1337,ebi-a-GCST90001489,rs8076447,A,G,0.2515, || id:ebi-a-GCST90001489,TRUE,reported,igd
18,0.06017,3405,2.51299e-07,362116,0.3109,ebi-a-GCST90001489,rs618250,T,C,0.0457, || id:ebi-a-GCST90001489,TRUE,reported,igd
20,0.1682,3405,9.64206e-06,17586584,-0.7453,ebi-a-GCST90001489,rs7267949,T,C,0.0057, || id:ebi-a-GCST90001489,TRUE,reported,igd
20,0.02614,3405,2.651e-07,36849088,0.1348,ebi-a-GCST90001489,rs4811602,A,G,0.4019, || id:ebi-a-GCST90001489,TRUE,reported,igd
