chr.exposure,pval.exposure,beta.exposure,se.exposure,samplesize.exposure,pos.exposure,id.exposure,SNP,effect_allele.exposure,other_allele.exposure,eaf.exposure,exposure,mr_keep.exposure,pval_origin.exposure,data_source.exposure
1,2.306e-10,0.5738,0.09026,3656,206902437,ebi-a-GCST90001724,rs55712453,G,A,0.0201, || id:ebi-a-GCST90001724,TRUE,reported,igd
1,8.22602e-06,0.222,0.04971,3656,247157835,ebi-a-GCST90001724,rs6678796,T,C,0.9368, || id:ebi-a-GCST90001724,TRUE,reported,igd
1,4.25696e-06,0.1981,0.04302,3656,25737116,ebi-a-GCST90001724,rs4649080,T,C,0.0937, || id:ebi-a-GCST90001724,TRUE,reported,igd
1,1.91501e-09,0.5546,0.09212,3656,207276336,ebi-a-GCST90001724,rs113812519,G,A,0.0185, || id:ebi-a-GCST90001724,TRUE,reported,igd
1,5.50199e-08,0.4882,0.08965,3656,207018206,ebi-a-GCST90001724,rs144743804,A,G,0.0197, || id:ebi-a-GCST90001724,TRUE,reported,igd
2,1.149e-06,2.034,0.4175,3656,13573112,ebi-a-GCST90001724,rs140108418,G,A,8e-04, || id:ebi-a-GCST90001724,TRUE,reported,igd
2,4.54601e-07,0.169,0.03343,3656,43810948,ebi-a-GCST90001724,rs80268044,A,G,0.1766, || id:ebi-a-GCST90001724,TRUE,reported,igd
3,8.6139e-06,-0.1722,0.03865,3656,194094110,ebi-a-GCST90001724,rs9814135,C,T,0.8839, || id:ebi-a-GCST90001724,TRUE,reported,igd
3,5.01695e-06,0.1664,0.0364,3656,61090473,ebi-a-GCST90001724,rs1595602,G,T,0.1365, || id:ebi-a-GCST90001724,TRUE,reported,igd
4,8.18993e-06,-0.7093,0.1588,3656,26464043,ebi-a-GCST90001724,rs7665261,T,C,0.006, || id:ebi-a-GCST90001724,TRUE,reported,igd
5,3.03201e-06,0.1163,0.02488,3656,173972852,ebi-a-GCST90001724,rs7718237,A,G,0.4837, || id:ebi-a-GCST90001724,TRUE,reported,igd
5,5.40605e-06,0.2578,0.0566,3656,72039498,ebi-a-GCST90001724,rs77175237,T,A,0.0483, || id:ebi-a-GCST90001724,TRUE,reported,igd
6,4.87697e-07,0.5431,0.1078,3656,36793516,ebi-a-GCST90001724,rs764603,C,A,0.0131, || id:ebi-a-GCST90001724,TRUE,reported,igd
6,9.02693e-06,-1.025,0.2306,3656,68486690,ebi-a-GCST90001724,rs76162621,G,A,0.0027, || id:ebi-a-GCST90001724,TRUE,reported,igd
6,9.14808e-06,-0.1365,0.03071,3656,105665214,ebi-a-GCST90001724,rs7766104,G,A,0.1979, || id:ebi-a-GCST90001724,TRUE,reported,igd
7,7.50706e-06,0.157,0.03499,3656,90292336,ebi-a-GCST90001724,rs73393708,G,T,0.1513, || id:ebi-a-GCST90001724,TRUE,reported,igd
8,5.67701e-06,-0.2074,0.04563,3656,133189482,ebi-a-GCST90001724,rs78007482,A,T,0.0819, || id:ebi-a-GCST90001724,TRUE,reported,igd
9,8.19294e-06,-0.1142,0.02558,3656,37002142,ebi-a-GCST90001724,rs12554596,G,A,0.3892, || id:ebi-a-GCST90001724,TRUE,reported,igd
10,7.22703e-06,-0.1593,0.03545,3656,71648522,ebi-a-GCST90001724,rs10999014,T,C,0.1413, || id:ebi-a-GCST90001724,TRUE,reported,igd
10,2.98999e-06,-2.485,0.5312,3656,108143796,ebi-a-GCST90001724,rs117006645,G,A,4e-04, || id:ebi-a-GCST90001724,TRUE,reported,igd
10,3.88803e-06,0.1234,0.02669,3656,125700760,ebi-a-GCST90001724,rs28560225,G,A,0.6921, || id:ebi-a-GCST90001724,TRUE,reported,igd
10,8.49298e-06,-0.2961,0.06641,3656,14778920,ebi-a-GCST90001724,rs6602758,T,C,0.0342, || id:ebi-a-GCST90001724,TRUE,reported,igd
10,1.276e-06,-1.311,0.2703,3656,1717689,ebi-a-GCST90001724,rs560933055,A,T,0.0022, || id:ebi-a-GCST90001724,TRUE,reported,igd
10,8.31094e-06,-1.78,0.3988,3656,109625907,ebi-a-GCST90001724,rs118075417,T,C,0.001, || id:ebi-a-GCST90001724,TRUE,reported,igd
12,2.80899e-06,-1.225,0.2611,3656,124563662,ebi-a-GCST90001724,rs871361,G,C,0.0022, || id:ebi-a-GCST90001724,TRUE,reported,igd
13,1.29399e-06,-0.1282,0.02644,3656,31564105,ebi-a-GCST90001724,rs4942349,G,A,0.3333, || id:ebi-a-GCST90001724,TRUE,reported,igd
14,8.37298e-07,-0.1231,0.02494,3656,92561395,ebi-a-GCST90001724,rs6575228,A,G,0.4126, || id:ebi-a-GCST90001724,TRUE,reported,igd
16,7.03299e-06,1.056,0.2347,3656,58513959,ebi-a-GCST90001724,rs7195635,A,G,0.0029, || id:ebi-a-GCST90001724,TRUE,reported,igd
16,1.26299e-09,-1.326,0.2178,3656,32422808,ebi-a-GCST90001724,rs138920008,C,G,0.0041, || id:ebi-a-GCST90001724,TRUE,reported,igd
16,7.81898e-09,0.148,0.02557,3656,28973268,ebi-a-GCST90001724,rs11643297,G,A,0.6109, || id:ebi-a-GCST90001724,TRUE,reported,igd
17,7.05602e-06,-0.3924,0.08722,3656,76534817,ebi-a-GCST90001724,rs9892181,C,G,0.9792, || id:ebi-a-GCST90001724,TRUE,reported,igd
17,1.68e-06,-0.27,0.0563,3656,63085557,ebi-a-GCST90001724,rs148381451,T,C,0.0496, || id:ebi-a-GCST90001724,TRUE,reported,igd
19,6.03698e-07,0.1848,0.03697,3656,7114038,ebi-a-GCST90001724,rs72988602,G,A,0.1347, || id:ebi-a-GCST90001724,TRUE,reported,igd
22,4.00304e-06,0.2112,0.04573,3656,45116977,ebi-a-GCST90001724,rs77697711,A,C,0.081, || id:ebi-a-GCST90001724,TRUE,reported,igd
22,2.108e-06,-0.2991,0.06296,3656,43167446,ebi-a-GCST90001724,rs113612962,C,G,0.0402, || id:ebi-a-GCST90001724,TRUE,reported,igd
22,4.678e-06,0.1441,0.03143,3656,27530934,ebi-a-GCST90001724,rs5762000,T,C,0.1854, || id:ebi-a-GCST90001724,TRUE,reported,igd
