samplesize.exposure,pos.exposure,beta.exposure,pval.exposure,se.exposure,chr.exposure,id.exposure,SNP,effect_allele.exposure,other_allele.exposure,eaf.exposure,exposure,mr_keep.exposure,pval_origin.exposure,data_source.exposure
3656,8009985,-0.4055,2.56998e-06,0.08609,1,ebi-a-GCST90001418,rs75766272,T,C,0.0201, || id:ebi-a-GCST90001418,TRUE,reported,igd
3656,181050023,0.5129,8.98008e-06,0.1154,2,ebi-a-GCST90001418,rs16867231,A,G,0.0108, || id:ebi-a-GCST90001418,TRUE,reported,igd
3656,96406408,0.1752,8.46603e-06,0.0393,3,ebi-a-GCST90001418,rs79207264,A,G,0.1184, || id:ebi-a-GCST90001418,TRUE,reported,igd
3656,176029498,-0.1111,7.47894e-06,0.02476,3,ebi-a-GCST90001418,rs7640784,A,C,0.4714, || id:ebi-a-GCST90001418,TRUE,reported,igd
3656,110550623,-0.4318,6.66807e-06,0.09574,4,ebi-a-GCST90001418,rs149085540,T,C,0.0167, || id:ebi-a-GCST90001418,TRUE,reported,igd
3656,148410250,2.539,1.09499e-06,0.5201,5,ebi-a-GCST90001418,rs17708396,A,C,5e-04, || id:ebi-a-GCST90001418,TRUE,reported,igd
3656,74257985,0.1188,8.92504e-06,0.02672,5,ebi-a-GCST90001418,rs10942726,G,A,0.3155, || id:ebi-a-GCST90001418,TRUE,reported,igd
3656,26412301,0.1344,6.17703e-06,0.02969,5,ebi-a-GCST90001418,rs35057381,C,T,0.2211, || id:ebi-a-GCST90001418,TRUE,reported,igd
3656,41084740,0.312,3.22901e-06,0.06692,6,ebi-a-GCST90001418,rs56033406,T,C,0.0349, || id:ebi-a-GCST90001418,TRUE,reported,igd
3656,167859623,-0.1404,2.83798e-07,0.02729,6,ebi-a-GCST90001418,rs4076316,A,T,0.3005, || id:ebi-a-GCST90001418,TRUE,reported,igd
3656,7871676,0.6162,5.74804e-06,0.1357,7,ebi-a-GCST90001418,rs144625305,T,C,0.0086, || id:ebi-a-GCST90001418,TRUE,reported,igd
3656,124255582,1.162,8.56091e-06,0.2608,8,ebi-a-GCST90001418,rs184496770,T,C,0.0021, || id:ebi-a-GCST90001418,TRUE,reported,igd
3656,89432719,-0.2901,4.97898e-06,0.06345,8,ebi-a-GCST90001418,rs118092259,G,T,0.0414, || id:ebi-a-GCST90001418,TRUE,reported,igd
3656,8855603,0.1133,9.50692e-06,0.02556,9,ebi-a-GCST90001418,rs10759006,C,T,0.6198, || id:ebi-a-GCST90001418,TRUE,reported,igd
3656,53790461,0.1488,6.08695e-07,0.02978,10,ebi-a-GCST90001418,rs10762541,T,C,0.772, || id:ebi-a-GCST90001418,TRUE,reported,igd
3656,11634360,-0.4374,3.10799e-06,0.09365,12,ebi-a-GCST90001418,rs138329462,A,G,0.0174, || id:ebi-a-GCST90001418,TRUE,reported,igd
3656,46224092,1.818,2.869e-06,0.3878,13,ebi-a-GCST90001418,rs557577736,G,A,0.001, || id:ebi-a-GCST90001418,TRUE,reported,igd
3656,108993494,0.1691,2.04202e-10,0.02653,13,ebi-a-GCST90001418,rs12874404,G,A,0.3256, || id:ebi-a-GCST90001418,TRUE,reported,igd
3656,50212885,0.4411,7.38193e-07,0.08893,13,ebi-a-GCST90001418,rs73192651,T,C,0.02, || id:ebi-a-GCST90001418,TRUE,reported,igd
3656,70167316,0.283,5.54102e-06,0.06219,13,ebi-a-GCST90001418,rs76552872,T,G,0.042, || id:ebi-a-GCST90001418,TRUE,reported,igd
3656,96205838,0.2815,1.12699e-06,0.05774,14,ebi-a-GCST90001418,rs77762131,C,G,0.045, || id:ebi-a-GCST90001418,TRUE,reported,igd
3656,2716535,-0.118,1.84001e-06,0.0247,17,ebi-a-GCST90001418,rs11653761,T,G,0.592, || id:ebi-a-GCST90001418,TRUE,reported,igd
3656,62258665,0.1546,8.74802e-06,0.03472,17,ebi-a-GCST90001418,rs11649808,A,G,0.8487, || id:ebi-a-GCST90001418,TRUE,reported,igd
3656,14993354,-0.2606,8.63794e-06,0.0585,19,ebi-a-GCST90001418,rs7254039,A,G,0.0435, || id:ebi-a-GCST90001418,TRUE,reported,igd
3656,45400116,-0.1712,7.09006e-06,0.03808,22,ebi-a-GCST90001418,rs728776,G,A,0.121, || id:ebi-a-GCST90001418,TRUE,reported,igd
3656,45164171,0.5664,2.59902e-06,0.1203,22,ebi-a-GCST90001418,rs144295598,A,G,0.0103, || id:ebi-a-GCST90001418,TRUE,reported,igd
