chr.exposure,pval.exposure,samplesize.exposure,se.exposure,pos.exposure,beta.exposure,id.exposure,SNP,effect_allele.exposure,other_allele.exposure,eaf.exposure,exposure,mr_keep.exposure,pval_origin.exposure,data_source.exposure
1,7.03607e-06,2920,0.05097,245092832,-0.2294,ebi-a-GCST90001889,rs901666,A,G,0.9272, || id:ebi-a-GCST90001889,TRUE,reported,igd
2,2.32488e-34,2920,0.03293,204609402,-0.4077,ebi-a-GCST90001889,rs62183989,T,C,0.1983, || id:ebi-a-GCST90001889,TRUE,reported,igd
2,1.36101e-06,2920,0.1012,49884156,-0.4897,ebi-a-GCST90001889,rs116479405,A,G,0.0164, || id:ebi-a-GCST90001889,TRUE,reported,igd
2,5.26696e-06,2920,0.07261,38596674,0.3313,ebi-a-GCST90001889,rs145947216,T,C,0.0377, || id:ebi-a-GCST90001889,TRUE,reported,igd
2,4.52304e-06,2920,0.02753,131733848,-0.1265,ebi-a-GCST90001889,rs4850102,G,A,0.6217, || id:ebi-a-GCST90001889,TRUE,reported,igd
2,3.95904e-07,2920,0.03519,38935236,0.1788,ebi-a-GCST90001889,rs34460712,A,G,0.1712, || id:ebi-a-GCST90001889,TRUE,reported,igd
2,1.83899e-06,2920,0.02843,203112661,0.1359,ebi-a-GCST90001889,rs72923074,T,A,0.3315, || id:ebi-a-GCST90001889,TRUE,reported,igd
3,1.992e-06,2920,0.1243,14637898,0.592,ebi-a-GCST90001889,rs6766082,T,G,0.0106, || id:ebi-a-GCST90001889,TRUE,reported,igd
3,7.40901e-07,2920,0.0468,55114477,0.2322,ebi-a-GCST90001889,rs358085,T,A,0.0872, || id:ebi-a-GCST90001889,TRUE,reported,igd
4,9.13903e-06,2920,0.2923,134181609,-1.299,ebi-a-GCST90001889,rs188669656,A,C,0.0019, || id:ebi-a-GCST90001889,TRUE,reported,igd
4,9.683e-06,2920,0.4248,83560688,1.883,ebi-a-GCST90001889,rs139007177,A,G,0.0012, || id:ebi-a-GCST90001889,TRUE,reported,igd
5,8.05397e-07,2920,0.09625,125362860,-0.4759,ebi-a-GCST90001889,rs76308995,A,C,0.0195, || id:ebi-a-GCST90001889,TRUE,reported,igd
6,2.79898e-08,2920,0.02672,90958231,0.1488,ebi-a-GCST90001889,rs11755527,G,C,0.5224, || id:ebi-a-GCST90001889,TRUE,reported,igd
7,9.64495e-06,2920,0.02669,38590558,-0.1183,ebi-a-GCST90001889,rs6942910,T,C,0.4909, || id:ebi-a-GCST90001889,TRUE,reported,igd
8,2.689e-06,2920,0.05369,37144660,-0.2525,ebi-a-GCST90001889,rs72639339,A,G,0.0647, || id:ebi-a-GCST90001889,TRUE,reported,igd
8,5.70296e-06,2920,0.7245,51447942,-3.293,ebi-a-GCST90001889,rs142519862,G,T,3e-04, || id:ebi-a-GCST90001889,TRUE,reported,igd
9,2.51901e-06,2920,0.03938,27018375,-0.1857,ebi-a-GCST90001889,rs62542671,A,C,0.1344, || id:ebi-a-GCST90001889,TRUE,reported,igd
9,5.51506e-06,2920,0.07539,26484227,-0.3432,ebi-a-GCST90001889,rs77013534,T,C,0.0315, || id:ebi-a-GCST90001889,TRUE,reported,igd
12,6.28406e-06,2920,0.3504,52010108,-1.585,ebi-a-GCST90001889,rs143888465,T,C,0.0014, || id:ebi-a-GCST90001889,TRUE,reported,igd
12,7.82997e-06,2920,0.0864,100887301,-0.3869,ebi-a-GCST90001889,rs7304328,C,T,0.0245, || id:ebi-a-GCST90001889,TRUE,reported,igd
14,3.08297e-06,2920,0.3087,82047636,1.443,ebi-a-GCST90001889,rs111860462,T,C,0.0017, || id:ebi-a-GCST90001889,TRUE,reported,igd
15,3.51099e-06,2920,0.04419,96077835,0.2054,ebi-a-GCST90001889,rs72764027,A,G,0.0998, || id:ebi-a-GCST90001889,TRUE,reported,igd
15,8.69801e-06,2920,0.03287,101556948,0.1464,ebi-a-GCST90001889,rs9806408,T,G,0.7943, || id:ebi-a-GCST90001889,TRUE,reported,igd
15,9.79197e-06,2920,2.588,66204038,-11.46,ebi-a-GCST90001889,rs143942610,C,T,NA, || id:ebi-a-GCST90001889,TRUE,reported,igd
18,9.84895e-06,2920,0.0608,76904665,-0.2692,ebi-a-GCST90001889,rs7226934,C,T,0.0498, || id:ebi-a-GCST90001889,TRUE,reported,igd
20,9.09097e-06,2920,0.02691,59912066,0.1196,ebi-a-GCST90001889,rs35493791,G,T,0.3935, || id:ebi-a-GCST90001889,TRUE,reported,igd
