pos.exposure,pval.exposure,se.exposure,beta.exposure,chr.exposure,samplesize.exposure,id.exposure,SNP,effect_allele.exposure,other_allele.exposure,eaf.exposure,exposure,mr_keep.exposure,pval_origin.exposure,data_source.exposure
114684259,7.89096e-06,0.02413,-0.108,1,3408,ebi-a-GCST90001690,rs2629830,G,C,0.8443, || id:ebi-a-GCST90001690,TRUE,reported,igd
62672889,8.71505e-06,0.6725,2.995,1,3408,ebi-a-GCST90001690,rs142530179,G,A,1e-04, || id:ebi-a-GCST90001690,TRUE,reported,igd
232754676,8.12606e-06,0.7947,3.551,1,3408,ebi-a-GCST90001690,rs149023182,G,A,1e-04, || id:ebi-a-GCST90001690,TRUE,reported,igd
111615015,8.93203e-07,0.01847,0.09093,2,3408,ebi-a-GCST90001690,rs4849134,G,A,0.6455, || id:ebi-a-GCST90001690,TRUE,reported,igd
38260823,7.20593e-06,0.04051,-0.1821,2,3408,ebi-a-GCST90001690,rs73926977,G,A,0.0508, || id:ebi-a-GCST90001690,TRUE,reported,igd
127884901,1.78599e-06,0.03979,0.1904,2,3408,ebi-a-GCST90001690,rs78908164,T,G,0.0534, || id:ebi-a-GCST90001690,TRUE,reported,igd
18727639,8.21297e-06,0.02766,-0.1235,2,3408,ebi-a-GCST90001690,rs10178070,C,T,0.1152, || id:ebi-a-GCST90001690,TRUE,reported,igd
38925155,1.16799e-08,0.01838,0.1051,2,3408,ebi-a-GCST90001690,rs11896593,C,G,0.3706, || id:ebi-a-GCST90001690,TRUE,reported,igd
237016087,4.09902e-06,0.01818,-0.08388,2,3408,ebi-a-GCST90001690,rs62189428,T,C,0.3526, || id:ebi-a-GCST90001690,TRUE,reported,igd
52593468,8.21391e-06,0.6731,3.006,2,3408,ebi-a-GCST90001690,rs111275136,A,G,1e-04, || id:ebi-a-GCST90001690,TRUE,reported,igd
53872294,8.96809e-06,1.413,6.284,2,3408,ebi-a-GCST90001690,rs115077170,G,T,NA, || id:ebi-a-GCST90001690,TRUE,reported,igd
25717920,2.238e-06,0.161,0.7631,3,3408,ebi-a-GCST90001690,rs79777035,C,T,0.0034, || id:ebi-a-GCST90001690,TRUE,reported,igd
26549717,2.70402e-06,0.02607,0.1225,3,3408,ebi-a-GCST90001690,rs62248512,A,G,0.1328, || id:ebi-a-GCST90001690,TRUE,reported,igd
170169608,2.88197e-06,1.132,5.307,3,3408,ebi-a-GCST90001690,rs146985291,G,A,1e-04, || id:ebi-a-GCST90001690,TRUE,reported,igd
609857,2.41602e-06,0.09351,-0.4417,4,3408,ebi-a-GCST90001690,rs142617762,A,T,0.0088, || id:ebi-a-GCST90001690,TRUE,reported,igd
25612506,8.30692e-07,0.09747,0.4812,4,3408,ebi-a-GCST90001690,rs11735841,A,G,0.0073, || id:ebi-a-GCST90001690,TRUE,reported,igd
67743517,8.49005e-06,0.7977,3.557,4,3408,ebi-a-GCST90001690,rs115574093,C,T,1e-04, || id:ebi-a-GCST90001690,TRUE,reported,igd
31396800,8.44792e-06,0.6848,3.054,4,3408,ebi-a-GCST90001690,rs73127385,G,A,1e-04, || id:ebi-a-GCST90001690,TRUE,reported,igd
83559348,2.27997e-06,0.01839,0.08708,5,3408,ebi-a-GCST90001690,rs7707297,G,C,0.3618, || id:ebi-a-GCST90001690,TRUE,reported,igd
42120894,8.27809e-06,0.0491,-0.2192,5,3408,ebi-a-GCST90001690,rs148593283,A,G,0.0335, || id:ebi-a-GCST90001690,TRUE,reported,igd
31333019,2.83302e-07,0.03071,-0.158,6,3408,ebi-a-GCST90001690,rs2853995,C,T,0.1084, || id:ebi-a-GCST90001690,TRUE,reported,igd
32452142,5.38704e-06,0.02531,-0.1153,6,3408,ebi-a-GCST90001690,rs1974459,G,C,0.2132, || id:ebi-a-GCST90001690,TRUE,reported,igd
93203850,8.37799e-06,0.6197,2.765,6,3408,ebi-a-GCST90001690,rs117403703,C,T,1e-04, || id:ebi-a-GCST90001690,TRUE,reported,igd
31415065,2.26501e-09,0.021,0.1259,6,3408,ebi-a-GCST90001690,rs3131627,G,A,0.5109, || id:ebi-a-GCST90001690,TRUE,reported,igd
148775706,4.917e-06,0.3001,1.373,6,3408,ebi-a-GCST90001690,rs117475733,T,C,4e-04, || id:ebi-a-GCST90001690,TRUE,reported,igd
20193704,5.71702e-06,0.02797,-0.1271,6,3408,ebi-a-GCST90001690,rs72826622,T,C,0.1143, || id:ebi-a-GCST90001690,TRUE,reported,igd
92791863,3.11301e-07,0.6445,3.304,7,3408,ebi-a-GCST90001690,rs184082746,C,T,1e-04, || id:ebi-a-GCST90001690,TRUE,reported,igd
124954943,1.67101e-06,0.8139,3.905,7,3408,ebi-a-GCST90001690,rs182236332,G,A,1e-04, || id:ebi-a-GCST90001690,TRUE,reported,igd
44125650,7.085e-06,0.06823,0.3069,7,3408,ebi-a-GCST90001690,rs74968616,T,C,0.0178, || id:ebi-a-GCST90001690,TRUE,reported,igd
33736052,6.01395e-06,1.461,6.624,8,3408,ebi-a-GCST90001690,rs189717624,C,T,NA, || id:ebi-a-GCST90001690,TRUE,reported,igd
105346840,9.63496e-06,0.8512,3.772,9,3408,ebi-a-GCST90001690,rs113447229,C,T,1e-04, || id:ebi-a-GCST90001690,TRUE,reported,igd
122676137,8.73092e-06,0.8653,3.854,9,3408,ebi-a-GCST90001690,rs76325389,G,A,1e-04, || id:ebi-a-GCST90001690,TRUE,reported,igd
12800264,8.09003e-06,0.6718,3.003,9,3408,ebi-a-GCST90001690,rs142967914,C,G,1e-04, || id:ebi-a-GCST90001690,TRUE,reported,igd
138307613,3.56e-06,0.03533,0.164,9,3408,ebi-a-GCST90001690,rs2987632,C,G,0.064, || id:ebi-a-GCST90001690,TRUE,reported,igd
33552507,6.1e-06,1.008,4.566,9,3408,ebi-a-GCST90001690,rs192475369,T,A,1e-04, || id:ebi-a-GCST90001690,TRUE,reported,igd
68336237,8.48106e-06,0.7301,3.256,10,3408,ebi-a-GCST90001690,rs189801254,A,C,1e-04, || id:ebi-a-GCST90001690,TRUE,reported,igd
91332621,5.863e-06,0.8162,3.704,10,3408,ebi-a-GCST90001690,rs80194890,G,T,1e-04, || id:ebi-a-GCST90001690,TRUE,reported,igd
126507219,3.17001e-06,0.0258,0.1204,11,3408,ebi-a-GCST90001690,rs12575977,T,C,0.1357, || id:ebi-a-GCST90001690,TRUE,reported,igd
79284506,3.66598e-06,0.02969,0.1377,11,3408,ebi-a-GCST90001690,rs55645768,C,T,0.0998, || id:ebi-a-GCST90001690,TRUE,reported,igd
71950863,6.53597e-06,0.1295,0.5847,12,3408,ebi-a-GCST90001690,rs79293430,G,A,0.0047, || id:ebi-a-GCST90001690,TRUE,reported,igd
49315200,8.60003e-06,0.6725,2.997,12,3408,ebi-a-GCST90001690,rs117927481,A,G,1e-04, || id:ebi-a-GCST90001690,TRUE,reported,igd
84241776,5.96005e-06,0.4377,1.985,13,3408,ebi-a-GCST90001690,rs75723492,A,G,4e-04, || id:ebi-a-GCST90001690,TRUE,reported,igd
67157607,8.55697e-06,0.8469,3.775,13,3408,ebi-a-GCST90001690,rs9592479,C,G,1e-04, || id:ebi-a-GCST90001690,TRUE,reported,igd
29113167,4.61095e-06,0.04927,0.2261,14,3408,ebi-a-GCST90001690,rs113911480,G,T,0.0314, || id:ebi-a-GCST90001690,TRUE,reported,igd
28349764,8.60003e-06,0.6813,3.036,14,3408,ebi-a-GCST90001690,rs58471414,G,T,1e-04, || id:ebi-a-GCST90001690,TRUE,reported,igd
36456429,3.80303e-08,0.03056,-0.1685,15,3408,ebi-a-GCST90001690,rs12901644,T,C,0.0929, || id:ebi-a-GCST90001690,TRUE,reported,igd
59010741,7.64293e-06,0.701,3.142,16,3408,ebi-a-GCST90001690,rs144591335,G,A,1e-04, || id:ebi-a-GCST90001690,TRUE,reported,igd
56102938,7.11197e-06,0.03761,-0.1691,16,3408,ebi-a-GCST90001690,rs75985606,T,C,0.0587, || id:ebi-a-GCST90001690,TRUE,reported,igd
79205197,9.08092e-06,0.7971,3.543,16,3408,ebi-a-GCST90001690,rs111283043,C,A,1e-04, || id:ebi-a-GCST90001690,TRUE,reported,igd
41767457,1.32599e-06,0.01874,-0.09081,17,3408,ebi-a-GCST90001690,rs6503467,G,C,0.3257, || id:ebi-a-GCST90001690,TRUE,reported,igd
11512358,9.11507e-06,1.355,6.021,17,3408,ebi-a-GCST90001690,rs146073003,T,C,NA, || id:ebi-a-GCST90001690,TRUE,reported,igd
27836611,7.057e-06,0.0184,0.08278,18,3408,ebi-a-GCST90001690,rs2860255,A,G,0.3383, || id:ebi-a-GCST90001690,TRUE,reported,igd
69051316,9.08092e-06,0.6725,2.989,18,3408,ebi-a-GCST90001690,rs79934486,C,T,1e-04, || id:ebi-a-GCST90001690,TRUE,reported,igd
56414856,3.02301e-06,0.01762,-0.08242,19,3408,ebi-a-GCST90001690,rs302838,C,T,0.4632, || id:ebi-a-GCST90001690,TRUE,reported,igd
8271140,2.29198e-07,2.211,11.46,19,3408,ebi-a-GCST90001690,rs188748536,C,T,NA, || id:ebi-a-GCST90001690,TRUE,reported,igd
53953072,9.85689e-07,0.01901,0.0932,19,3408,ebi-a-GCST90001690,rs60455861,G,T,0.321, || id:ebi-a-GCST90001690,TRUE,reported,igd
51829114,4.95998e-06,0.6653,3.043,19,3408,ebi-a-GCST90001690,rs142208889,T,C,1e-04, || id:ebi-a-GCST90001690,TRUE,reported,igd
57132122,9.2619e-06,0.8441,3.748,20,3408,ebi-a-GCST90001690,rs145827119,T,C,1e-04, || id:ebi-a-GCST90001690,TRUE,reported,igd
50100758,1.58599e-06,0.05242,-0.2521,20,3408,ebi-a-GCST90001690,rs62229789,T,C,0.0285, || id:ebi-a-GCST90001690,TRUE,reported,igd
41143748,9.93596e-06,0.6407,2.835,21,3408,ebi-a-GCST90001690,rs149926070,A,G,1e-04, || id:ebi-a-GCST90001690,TRUE,reported,igd
