beta.exposure,pval.exposure,se.exposure,samplesize.exposure,chr.exposure,pos.exposure,id.exposure,SNP,effect_allele.exposure,other_allele.exposure,eaf.exposure,exposure,mr_keep.exposure,pval_origin.exposure,data_source.exposure
-0.4404,1.68298e-06,0.09181,3440,1,65028833,ebi-a-GCST90001659,rs116034038,G,C,0.016, || id:ebi-a-GCST90001659,TRUE,reported,igd
0.4688,9.41196e-06,0.1057,3440,2,77501356,ebi-a-GCST90001659,rs78390127,C,T,0.0121, || id:ebi-a-GCST90001659,TRUE,reported,igd
0.2216,8.66702e-06,0.04974,3440,2,60655811,ebi-a-GCST90001659,rs117667220,A,G,0.0658, || id:ebi-a-GCST90001659,TRUE,reported,igd
-0.1215,4.31797e-06,0.0264,3440,2,5560128,ebi-a-GCST90001659,rs10184974,T,C,0.2904, || id:ebi-a-GCST90001659,TRUE,reported,igd
-0.6221,3.72701e-07,0.1222,3440,3,145230069,ebi-a-GCST90001659,rs74346764,A,G,0.0102, || id:ebi-a-GCST90001659,TRUE,reported,igd
-0.4495,7.55805e-06,0.1002,3440,4,89266460,ebi-a-GCST90001659,rs12648210,G,A,0.0145, || id:ebi-a-GCST90001659,TRUE,reported,igd
-0.1147,4.10601e-06,0.02485,3440,7,156739135,ebi-a-GCST90001659,rs2907958,A,G,0.6099, || id:ebi-a-GCST90001659,TRUE,reported,igd
-0.7852,7.00503e-06,0.1745,3440,7,53796473,ebi-a-GCST90001659,rs139405606,C,T,0.0045, || id:ebi-a-GCST90001659,TRUE,reported,igd
0.1733,8.99808e-06,0.03898,3440,8,135708247,ebi-a-GCST90001659,rs11784945,G,C,0.1032, || id:ebi-a-GCST90001659,TRUE,reported,igd
-0.1726,7.84802e-07,0.03487,3440,8,113175429,ebi-a-GCST90001659,rs34664008,C,A,0.1426, || id:ebi-a-GCST90001659,TRUE,reported,igd
-0.4543,1.38201e-06,0.09394,3440,10,96576314,ebi-a-GCST90001659,rs147888698,T,A,0.0174, || id:ebi-a-GCST90001659,TRUE,reported,igd
-0.3997,4.54255e-61,0.02377,3440,10,97741071,ebi-a-GCST90001659,rs10882701,C,A,0.5141, || id:ebi-a-GCST90001659,TRUE,reported,igd
0.6597,2.61698e-30,0.05711,3440,10,98158952,ebi-a-GCST90001659,rs114844216,C,T,0.0464, || id:ebi-a-GCST90001659,TRUE,reported,igd
-0.2881,4.52199e-06,0.06272,3440,10,99527224,ebi-a-GCST90001659,rs144769320,T,C,0.0417, || id:ebi-a-GCST90001659,TRUE,reported,igd
-0.3492,2.50398e-06,0.07405,3440,10,100118038,ebi-a-GCST90001659,rs61873892,T,C,0.0294, || id:ebi-a-GCST90001659,TRUE,reported,igd
0.7452,8.40427e-18,0.08624,3440,10,95850055,ebi-a-GCST90001659,rs145557266,G,A,0.0211, || id:ebi-a-GCST90001659,TRUE,reported,igd
0.2506,1.45613e-22,0.02546,3440,10,96998688,ebi-a-GCST90001659,rs12778797,C,T,0.3836, || id:ebi-a-GCST90001659,TRUE,reported,igd
-0.1212,9.26296e-07,0.02466,3440,10,80308802,ebi-a-GCST90001659,rs10762791,G,T,0.5113, || id:ebi-a-GCST90001659,TRUE,reported,igd
0.4649,6.83298e-08,0.08597,3440,10,95830221,ebi-a-GCST90001659,rs61886297,A,G,0.0212, || id:ebi-a-GCST90001659,TRUE,reported,igd
-0.2459,2.17721e-22,0.02509,3440,10,97070694,ebi-a-GCST90001659,rs1410600,T,C,0.4068, || id:ebi-a-GCST90001659,TRUE,reported,igd
-0.9258,1e-200,0.01897,3440,10,97472570,ebi-a-GCST90001659,rs4918960,A,T,0.4863, || id:ebi-a-GCST90001659,TRUE,reported,igd
-0.3868,6.718e-06,0.08578,3440,11,108602539,ebi-a-GCST90001659,rs74773804,A,G,0.0201, || id:ebi-a-GCST90001659,TRUE,reported,igd
-0.1824,3.16599e-06,0.03908,3440,14,104575130,ebi-a-GCST90001659,rs12587599,T,C,0.1042, || id:ebi-a-GCST90001659,TRUE,reported,igd
-0.465,7.13608e-06,0.1034,3440,15,81451157,ebi-a-GCST90001659,rs184287492,A,G,0.0138, || id:ebi-a-GCST90001659,TRUE,reported,igd
0.1695,5.63197e-07,0.03382,3440,17,30347397,ebi-a-GCST90001659,rs2008368,C,T,0.1487, || id:ebi-a-GCST90001659,TRUE,reported,igd
0.1408,1.49599e-06,0.02921,3440,17,75220287,ebi-a-GCST90001659,rs11658050,T,C,0.2094, || id:ebi-a-GCST90001659,TRUE,reported,igd
-2.79,2.006e-06,0.586,3440,21,29333825,ebi-a-GCST90001659,rs142629161,C,A,3e-04, || id:ebi-a-GCST90001659,TRUE,reported,igd
