pos.exposure,beta.exposure,pval.exposure,chr.exposure,samplesize.exposure,se.exposure,id.exposure,SNP,effect_allele.exposure,other_allele.exposure,eaf.exposure,exposure,mr_keep.exposure,pval_origin.exposure,data_source.exposure
34491589,-0.2457,2.38199e-06,2,3658,0.05199,ebi-a-GCST90001444,rs75839951,G,T,0.0585, || id:ebi-a-GCST90001444,TRUE,reported,igd
18674644,0.1217,8.77991e-06,3,3658,0.02734,ebi-a-GCST90001444,rs4619804,C,A,0.6963, || id:ebi-a-GCST90001444,TRUE,reported,igd
191447446,0.1135,6.03698e-06,3,3658,0.02504,ebi-a-GCST90001444,rs709082,C,A,0.3682, || id:ebi-a-GCST90001444,TRUE,reported,igd
25065221,0.5046,7.40901e-06,4,3658,0.1124,ebi-a-GCST90001444,rs2215848,A,G,0.0118, || id:ebi-a-GCST90001444,TRUE,reported,igd
113092883,0.6295,1.88599e-06,4,3658,0.1319,ebi-a-GCST90001444,rs182720746,T,C,0.0089, || id:ebi-a-GCST90001444,TRUE,reported,igd
74145187,-0.1405,9.44191e-06,4,3658,0.03168,ebi-a-GCST90001444,rs62311900,T,C,0.1736, || id:ebi-a-GCST90001444,TRUE,reported,igd
173070505,-0.1476,3.12299e-07,5,3658,0.02879,ebi-a-GCST90001444,rs2339996,A,G,0.7802, || id:ebi-a-GCST90001444,TRUE,reported,igd
32509333,0.2022,1.21899e-06,6,3658,0.0416,ebi-a-GCST90001444,rs72492305,T,C,0.6662, || id:ebi-a-GCST90001444,TRUE,reported,igd
85038851,0.1807,8.55008e-06,6,3658,0.04053,ebi-a-GCST90001444,rs6906886,A,T,0.903, || id:ebi-a-GCST90001444,TRUE,reported,igd
9851008,0.4968,6.54199e-06,7,3658,0.1101,ebi-a-GCST90001444,rs10279688,T,C,0.0115, || id:ebi-a-GCST90001444,TRUE,reported,igd
17516564,-0.1469,6.83502e-06,8,3658,0.03262,ebi-a-GCST90001444,rs11203884,T,C,0.1643, || id:ebi-a-GCST90001444,TRUE,reported,igd
19948908,0.2924,2.20999e-06,9,3658,0.06168,ebi-a-GCST90001444,rs118073973,A,T,0.0402, || id:ebi-a-GCST90001444,TRUE,reported,igd
17048435,-0.1443,4.19402e-06,10,3658,0.03132,ebi-a-GCST90001444,rs55767134,C,G,0.1837, || id:ebi-a-GCST90001444,TRUE,reported,igd
88142031,-0.1261,8.97491e-06,11,3658,0.02837,ebi-a-GCST90001444,rs308820,C,T,0.7571, || id:ebi-a-GCST90001444,TRUE,reported,igd
123385425,0.1512,8.46292e-08,11,3658,0.02817,ebi-a-GCST90001444,rs34666228,T,G,0.2346, || id:ebi-a-GCST90001444,TRUE,reported,igd
82233392,-1.031,3.84698e-06,12,3658,0.2228,ebi-a-GCST90001444,rs78301150,A,G,0.0033, || id:ebi-a-GCST90001444,TRUE,reported,igd
31993501,-0.7613,4.02096e-07,14,3658,0.1499,ebi-a-GCST90001444,rs117308259,C,T,0.0066, || id:ebi-a-GCST90001444,TRUE,reported,igd
5488091,0.1354,6.72295e-06,16,3658,0.03002,ebi-a-GCST90001444,rs35639639,C,T,0.2063, || id:ebi-a-GCST90001444,TRUE,reported,igd
52847291,0.2263,7.01407e-06,17,3658,0.05029,ebi-a-GCST90001444,rs111737298,G,A,0.0596, || id:ebi-a-GCST90001444,TRUE,reported,igd
52971060,0.3075,8.46292e-07,17,3658,0.06234,ebi-a-GCST90001444,rs16955339,T,G,0.0377, || id:ebi-a-GCST90001444,TRUE,reported,igd
34838106,-0.2605,3.92103e-06,18,3658,0.05636,ebi-a-GCST90001444,rs77510701,A,C,0.0484, || id:ebi-a-GCST90001444,TRUE,reported,igd
53396009,-0.2259,2.07501e-06,19,3658,0.04752,ebi-a-GCST90001444,rs80339814,C,T,0.0794, || id:ebi-a-GCST90001444,TRUE,reported,igd
46576714,-0.1164,2.60699e-06,20,3658,0.02472,ebi-a-GCST90001444,rs6125184,A,G,0.5914, || id:ebi-a-GCST90001444,TRUE,reported,igd
38334734,-0.2517,5.53898e-06,20,3658,0.05532,ebi-a-GCST90001444,rs59902361,A,G,0.0496, || id:ebi-a-GCST90001444,TRUE,reported,igd
765164,0.1556,3.19198e-06,20,3658,0.03334,ebi-a-GCST90001444,rs36071180,A,G,0.1597, || id:ebi-a-GCST90001444,TRUE,reported,igd
