pos.exposure,se.exposure,beta.exposure,pval.exposure,chr.exposure,samplesize.exposure,id.exposure,SNP,effect_allele.exposure,other_allele.exposure,eaf.exposure,exposure,mr_keep.exposure,pval_origin.exposure,data_source.exposure
167113055,0.04466,0.2267,4.11803e-07,1,2903,ebi-a-GCST90001844,rs61814872,T,C,0.1028, || id:ebi-a-GCST90001844,TRUE,reported,igd
167173140,0.06258,0.2777,9.42909e-06,1,2903,ebi-a-GCST90001844,rs4657649,C,T,0.0512, || id:ebi-a-GCST90001844,TRUE,reported,igd
167433420,0.02723,0.2737,2.21208e-23,1,2903,ebi-a-GCST90001844,rs1723018,G,A,0.4559, || id:ebi-a-GCST90001844,TRUE,reported,igd
215951513,0.2008,-0.9155,5.35698e-06,1,2903,ebi-a-GCST90001844,rs141365483,G,C,0.0047, || id:ebi-a-GCST90001844,TRUE,reported,igd
17973179,0.03375,0.1576,3.14398e-06,1,2903,ebi-a-GCST90001844,rs34375977,A,G,0.2063, || id:ebi-a-GCST90001844,TRUE,reported,igd
196205940,0.04558,-0.2126,3.21899e-06,2,2903,ebi-a-GCST90001844,rs17779587,T,C,0.1045, || id:ebi-a-GCST90001844,TRUE,reported,igd
173083726,0.08237,0.3911,2.15501e-06,2,2903,ebi-a-GCST90001844,rs142679567,T,C,0.0305, || id:ebi-a-GCST90001844,TRUE,reported,igd
42337670,0.02737,-0.1291,2.48599e-06,2,2903,ebi-a-GCST90001844,rs11124860,G,A,0.4754, || id:ebi-a-GCST90001844,TRUE,reported,igd
188910093,0.1364,-0.619,5.93294e-06,2,2903,ebi-a-GCST90001844,rs116132148,T,A,0.0107, || id:ebi-a-GCST90001844,TRUE,reported,igd
41638984,0.03313,0.1488,7.31105e-06,3,2903,ebi-a-GCST90001844,rs4973976,A,G,0.215, || id:ebi-a-GCST90001844,TRUE,reported,igd
110748461,0.0376,0.1831,1.184e-06,4,2903,ebi-a-GCST90001844,rs7686404,C,T,0.1786, || id:ebi-a-GCST90001844,TRUE,reported,igd
70674836,0.322,-1.443,7.70407e-06,4,2903,ebi-a-GCST90001844,rs992038,A,G,0.9981, || id:ebi-a-GCST90001844,TRUE,reported,igd
149587905,0.02809,-0.1391,7.71099e-07,4,2903,ebi-a-GCST90001844,rs6535624,A,G,0.4187, || id:ebi-a-GCST90001844,TRUE,reported,igd
133183956,0.1025,-0.4641,6.13804e-06,5,2903,ebi-a-GCST90001844,rs114070694,T,C,0.0179, || id:ebi-a-GCST90001844,TRUE,reported,igd
19788744,0.1635,0.7699,2.61198e-06,5,2903,ebi-a-GCST90001844,rs75334371,C,T,0.0071, || id:ebi-a-GCST90001844,TRUE,reported,igd
76379476,0.02768,-0.1387,5.73799e-07,7,2903,ebi-a-GCST90001844,rs62475031,A,G,0.4387, || id:ebi-a-GCST90001844,TRUE,reported,igd
34186859,0.0306,-0.1356,9.69192e-06,8,2903,ebi-a-GCST90001844,rs2719321,T,C,0.2852, || id:ebi-a-GCST90001844,TRUE,reported,igd
33292469,0.02822,-0.1249,9.95612e-06,8,2903,ebi-a-GCST90001844,rs6982159,T,G,0.5768, || id:ebi-a-GCST90001844,TRUE,reported,igd
133301395,0.06681,0.3032,5.90106e-06,9,2903,ebi-a-GCST90001844,rs59977015,T,C,0.0436, || id:ebi-a-GCST90001844,TRUE,reported,igd
115604900,0.2417,1.096,5.96898e-06,9,2903,ebi-a-GCST90001844,rs149122933,G,C,0.0031, || id:ebi-a-GCST90001844,TRUE,reported,igd
2784214,0.2774,1.352,1.14401e-06,9,2903,ebi-a-GCST90001844,rs139058742,G,A,0.0024, || id:ebi-a-GCST90001844,TRUE,reported,igd
108746675,0.175,0.8482,1.322e-06,11,2903,ebi-a-GCST90001844,rs72993540,T,G,0.0062, || id:ebi-a-GCST90001844,TRUE,reported,igd
6965805,0.03042,0.1468,1.461e-06,12,2903,ebi-a-GCST90001844,rs66621175,C,T,0.268, || id:ebi-a-GCST90001844,TRUE,reported,igd
17841327,0.02825,-0.1308,3.84804e-06,16,2903,ebi-a-GCST90001844,rs12932298,A,G,0.3658, || id:ebi-a-GCST90001844,TRUE,reported,igd
81955238,0.02933,-0.1341,5.04104e-06,16,2903,ebi-a-GCST90001844,rs3922850,G,A,0.3434, || id:ebi-a-GCST90001844,TRUE,reported,igd
25077062,0.1357,0.6181,5.434e-06,18,2903,ebi-a-GCST90001844,rs141595889,T,G,0.01, || id:ebi-a-GCST90001844,TRUE,reported,igd
3484982,0.03153,0.1401,9.16305e-06,19,2903,ebi-a-GCST90001844,rs71339188,C,T,0.2515, || id:ebi-a-GCST90001844,TRUE,reported,igd
