beta.exposure,se.exposure,chr.exposure,pos.exposure,samplesize.exposure,pval.exposure,id.exposure,SNP,effect_allele.exposure,other_allele.exposure,eaf.exposure,exposure,mr_keep.exposure,pval_origin.exposure,data_source.exposure
-0.1493,0.03303,2,158891420,3596,6.38705e-06,ebi-a-GCST90001620,rs67501806,A,T,0.1402, || id:ebi-a-GCST90001620,TRUE,reported,igd
0.5526,0.1188,2,13251154,3596,3.404e-06,ebi-a-GCST90001620,rs79178843,A,G,0.0097, || id:ebi-a-GCST90001620,TRUE,reported,igd
-0.3197,0.07188,2,158854583,3596,8.952e-06,ebi-a-GCST90001620,rs116797692,A,G,0.0292, || id:ebi-a-GCST90001620,TRUE,reported,igd
-1.265,0.2837,3,33852454,3596,8.48008e-06,ebi-a-GCST90001620,rs143916977,C,A,0.0015, || id:ebi-a-GCST90001620,TRUE,reported,igd
0.3005,0.06583,4,27183687,3596,5.16202e-06,ebi-a-GCST90001620,rs148323639,A,G,0.0317, || id:ebi-a-GCST90001620,TRUE,reported,igd
0.2699,0.04426,6,32503204,3596,1.185e-09,ebi-a-GCST90001620,rs68174286,T,C,0.2799, || id:ebi-a-GCST90001620,TRUE,reported,igd
-1.445,0.3106,7,46432552,3596,3.425e-06,ebi-a-GCST90001620,rs10244964,T,G,0.0013, || id:ebi-a-GCST90001620,TRUE,reported,igd
-0.3991,0.08606,7,115451309,3596,3.65898e-06,ebi-a-GCST90001620,rs76997602,G,A,0.0178, || id:ebi-a-GCST90001620,TRUE,reported,igd
-0.7231,0.1551,8,11854977,3596,3.234e-06,ebi-a-GCST90001620,rs146309290,C,T,0.0074, || id:ebi-a-GCST90001620,TRUE,reported,igd
0.2474,0.05016,9,101028704,3596,8.501e-07,ebi-a-GCST90001620,rs144674286,A,G,0.0628, || id:ebi-a-GCST90001620,TRUE,reported,igd
-0.1552,0.0249,9,117645562,3596,5.14505e-10,ebi-a-GCST90001620,rs7032773,T,C,0.4182, || id:ebi-a-GCST90001620,TRUE,reported,igd
-0.1798,0.04021,10,3066899,3596,8.04304e-06,ebi-a-GCST90001620,rs7088079,A,G,0.0891, || id:ebi-a-GCST90001620,TRUE,reported,igd
-0.1905,0.04198,10,118187405,3596,5.85504e-06,ebi-a-GCST90001620,rs10787670,C,T,0.9175, || id:ebi-a-GCST90001620,TRUE,reported,igd
0.2367,0.04839,10,122390777,3596,1.04201e-06,ebi-a-GCST90001620,rs10788105,A,G,0.0601, || id:ebi-a-GCST90001620,TRUE,reported,igd
-1.013,0.2098,10,76784567,3596,1.44401e-06,ebi-a-GCST90001620,rs117014352,T,C,0.0028, || id:ebi-a-GCST90001620,TRUE,reported,igd
-0.1084,0.02338,11,107676543,3596,3.70399e-06,ebi-a-GCST90001620,rs542160,T,C,0.5089, || id:ebi-a-GCST90001620,TRUE,reported,igd
0.106,0.02377,12,126542791,3596,8.39305e-06,ebi-a-GCST90001620,rs7294683,G,A,0.3899, || id:ebi-a-GCST90001620,TRUE,reported,igd
0.4087,0.09222,12,11396335,3596,9.62498e-06,ebi-a-GCST90001620,rs1863851,A,G,0.0161, || id:ebi-a-GCST90001620,TRUE,reported,igd
0.3154,0.06396,12,12457054,3596,8.55106e-07,ebi-a-GCST90001620,rs11054779,T,G,0.0331, || id:ebi-a-GCST90001620,TRUE,reported,igd
-0.3761,0.08368,13,110882752,3596,7.18704e-06,ebi-a-GCST90001620,rs506151,T,C,0.02, || id:ebi-a-GCST90001620,TRUE,reported,igd
0.5032,0.1093,13,51299267,3596,4.29596e-06,ebi-a-GCST90001620,rs9526689,A,G,0.0106, || id:ebi-a-GCST90001620,TRUE,reported,igd
-0.1296,0.02865,15,53001538,3596,6.31204e-06,ebi-a-GCST90001620,rs2414178,C,T,0.2113, || id:ebi-a-GCST90001620,TRUE,reported,igd
-0.5481,0.1239,15,45771751,3596,9.96598e-06,ebi-a-GCST90001620,rs11070458,T,C,0.009, || id:ebi-a-GCST90001620,TRUE,reported,igd
-0.4689,0.02616,16,10970902,3596,7.09088e-69,ebi-a-GCST90001620,rs3087456,A,G,0.7661, || id:ebi-a-GCST90001620,TRUE,reported,igd
0.4397,0.07676,16,10651993,3596,1.096e-08,ebi-a-GCST90001620,rs62029480,T,C,0.0236, || id:ebi-a-GCST90001620,TRUE,reported,igd
-0.2598,0.0468,16,10993712,3596,3.046e-08,ebi-a-GCST90001620,rs55724950,A,G,0.0654, || id:ebi-a-GCST90001620,TRUE,reported,igd
-0.1268,0.02391,16,10829280,3596,1.20601e-07,ebi-a-GCST90001620,rs1091849,G,A,0.6022, || id:ebi-a-GCST90001620,TRUE,reported,igd
1.618,0.3497,19,38996871,3596,3.85203e-06,ebi-a-GCST90001620,rs73030989,T,C,0.0013, || id:ebi-a-GCST90001620,TRUE,reported,igd
-0.2422,0.04942,19,1671156,3596,9.963e-07,ebi-a-GCST90001620,rs140410174,T,C,0.0598, || id:ebi-a-GCST90001620,TRUE,reported,igd
