samplesize.exposure,pos.exposure,se.exposure,pval.exposure,chr.exposure,beta.exposure,id.exposure,SNP,effect_allele.exposure,other_allele.exposure,eaf.exposure,exposure,mr_keep.exposure,pval_origin.exposure,data_source.exposure
3408,164353833,23.73,2.92698e-06,1,111.1,ebi-a-GCST90001698,rs60470888,C,T,0.0054, || id:ebi-a-GCST90001698,TRUE,reported,igd
3408,7176852,19.08,2.13098e-06,1,90.6,ebi-a-GCST90001698,rs188687630,A,C,0.0088, || id:ebi-a-GCST90001698,TRUE,reported,igd
3408,17217922,38.51,5.03199e-08,1,210.4,ebi-a-GCST90001698,rs527693920,A,G,0.0026, || id:ebi-a-GCST90001698,TRUE,reported,igd
3408,4591565,37.95,2.073e-12,1,267.8,ebi-a-GCST90001698,rs114672498,G,C,0.0021, || id:ebi-a-GCST90001698,TRUE,reported,igd
3408,66490103,51.16,1.41514e-19,1,465.8,ebi-a-GCST90001698,rs145583539,C,T,0.001, || id:ebi-a-GCST90001698,TRUE,reported,igd
3408,113653257,61.82,3.76184e-23,1,617.1,ebi-a-GCST90001698,rs41299575,C,G,7e-04, || id:ebi-a-GCST90001698,TRUE,reported,igd
3408,111842326,35.78,4.24903e-09,1,210.7,ebi-a-GCST90001698,rs144942838,T,C,0.0025, || id:ebi-a-GCST90001698,TRUE,reported,igd
3408,68007080,30.72,2.53501e-06,1,144.8,ebi-a-GCST90001698,rs12118378,G,A,0.0031, || id:ebi-a-GCST90001698,TRUE,reported,igd
3408,47595103,43.5,5.38394e-12,1,301,ebi-a-GCST90001698,rs147591823,G,A,0.0016, || id:ebi-a-GCST90001698,TRUE,reported,igd
3408,246645088,44.32,2.16123e-12,1,312.5,ebi-a-GCST90001698,rs567145695,T,G,0.0016, || id:ebi-a-GCST90001698,TRUE,reported,igd
3408,46898789,59.78,2.52988e-22,1,585.1,ebi-a-GCST90001698,rs114021246,C,G,7e-04, || id:ebi-a-GCST90001698,TRUE,reported,igd
3408,46796909,45.09,1.61808e-15,1,360.9,ebi-a-GCST90001698,rs61784602,C,T,0.0015, || id:ebi-a-GCST90001698,TRUE,reported,igd
3408,249084997,127.1,5.00035e-107,1,2896,ebi-a-GCST90001698,rs76444609,A,G,1e-04, || id:ebi-a-GCST90001698,TRUE,reported,igd
3408,2272160,34.62,1.95398e-07,1,180.5,ebi-a-GCST90001698,rs75312915,T,C,0.0023, || id:ebi-a-GCST90001698,TRUE,reported,igd
3408,6118693,70,2.60675e-29,1,794.2,ebi-a-GCST90001698,rs11576563,T,C,6e-04, || id:ebi-a-GCST90001698,TRUE,reported,igd
3408,35892939,18.61,1.97002e-08,1,104.8,ebi-a-GCST90001698,rs75255396,C,T,0.0095, || id:ebi-a-GCST90001698,TRUE,reported,igd
3408,36511989,14.85,4.77101e-06,1,68.03,ebi-a-GCST90001698,rs184269765,T,C,0.0144, || id:ebi-a-GCST90001698,TRUE,reported,igd
3408,24640467,128.3,1.15107e-56,1,2073,ebi-a-GCST90001698,rs140963286,T,C,1e-04, || id:ebi-a-GCST90001698,TRUE,reported,igd
3408,81668305,25.24,3.67299e-08,1,139.3,ebi-a-GCST90001698,rs114791501,T,C,0.0059, || id:ebi-a-GCST90001698,TRUE,reported,igd
3408,100459655,48.3,1.65882e-12,1,342.3,ebi-a-GCST90001698,rs115175419,A,G,0.0019, || id:ebi-a-GCST90001698,TRUE,reported,igd
3408,21708196,134.1,1.126e-07,1,713.2,ebi-a-GCST90001698,rs79183860,A,G,1e-04, || id:ebi-a-GCST90001698,TRUE,reported,igd
3408,102796337,37.63,1.00508e-17,1,324.4,ebi-a-GCST90001698,rs114230155,A,G,0.0023, || id:ebi-a-GCST90001698,TRUE,reported,igd
3408,87136899,18.38,8.54103e-07,1,90.64,ebi-a-GCST90001698,rs138905087,G,C,0.0092, || id:ebi-a-GCST90001698,TRUE,reported,igd
3408,160679804,61.14,6.82025e-26,1,648.7,ebi-a-GCST90001698,rs149050426,C,G,0.0013, || id:ebi-a-GCST90001698,TRUE,reported,igd
3408,186023973,49.08,1.18599e-10,1,317.1,ebi-a-GCST90001698,rs78085370,A,G,0.0013, || id:ebi-a-GCST90001698,TRUE,reported,igd
3408,187795006,61.6,1.28292e-23,1,621.6,ebi-a-GCST90001698,rs116446467,G,C,7e-04, || id:ebi-a-GCST90001698,TRUE,reported,igd
3408,217191870,32.6,1.25e-06,1,158.3,ebi-a-GCST90001698,rs11572436,C,T,0.0028, || id:ebi-a-GCST90001698,TRUE,reported,igd
3408,223544915,69.14,9.37994e-26,1,731.4,ebi-a-GCST90001698,rs151086171,A,G,6e-04, || id:ebi-a-GCST90001698,TRUE,reported,igd
3408,81455274,11.29,1.54597e-11,1,76.42,ebi-a-GCST90001698,rs12130486,C,T,0.0251, || id:ebi-a-GCST90001698,TRUE,reported,igd
3408,99542806,19.44,4.26904e-08,1,106.8,ebi-a-GCST90001698,rs76636736,A,C,0.0088, || id:ebi-a-GCST90001698,TRUE,reported,igd
3408,12228810,76.62,9.38858e-20,1,701.2,ebi-a-GCST90001698,rs595254,C,G,4e-04, || id:ebi-a-GCST90001698,TRUE,reported,igd
3408,166905650,50.66,1.59698e-08,1,287,ebi-a-GCST90001698,rs78656354,A,G,0.0013, || id:ebi-a-GCST90001698,TRUE,reported,igd
3408,218388725,20.51,2.50501e-06,1,96.72,ebi-a-GCST90001698,rs72736883,G,A,0.0076, || id:ebi-a-GCST90001698,TRUE,reported,igd
3408,85641879,17.26,6.45506e-07,1,86.06,ebi-a-GCST90001698,rs111347604,T,A,0.0141, || id:ebi-a-GCST90001698,TRUE,reported,igd
3408,234239162,28.67,9.50889e-08,1,153.3,ebi-a-GCST90001698,rs114181559,T,C,0.0038, || id:ebi-a-GCST90001698,TRUE,reported,igd
3408,234912820,106.9,2.73275e-31,1,1256,ebi-a-GCST90001698,rs554542958,A,G,4e-04, || id:ebi-a-GCST90001698,TRUE,reported,igd
3408,21892266,39.65,3.60496e-09,1,234.6,ebi-a-GCST90001698,rs114507999,A,G,0.0022, || id:ebi-a-GCST90001698,TRUE,reported,igd
3408,48031833,21.61,8.28896e-06,1,96.48,ebi-a-GCST90001698,rs1508603,T,C,0.007, || id:ebi-a-GCST90001698,TRUE,reported,igd
3408,83698544,17.28,1.93299e-07,1,90.15,ebi-a-GCST90001698,rs550385698,T,C,0.0114, || id:ebi-a-GCST90001698,TRUE,reported,igd
3408,96963270,13.49,2.97303e-07,1,69.27,ebi-a-GCST90001698,rs138296471,A,G,0.0183, || id:ebi-a-GCST90001698,TRUE,reported,igd
3408,112269677,41.43,7.31644e-11,1,270.7,ebi-a-GCST90001698,rs34772471,T,C,0.0018, || id:ebi-a-GCST90001698,TRUE,reported,igd
3408,38393439,10.5,1.12401e-06,1,51.21,ebi-a-GCST90001698,rs573830319,A,G,0.0314, || id:ebi-a-GCST90001698,TRUE,reported,igd
3408,206572177,67.86,7.50758e-27,1,734.3,ebi-a-GCST90001698,rs373989598,C,G,6e-04, || id:ebi-a-GCST90001698,TRUE,reported,igd
3408,184765000,29.17,1.224e-08,1,166.6,ebi-a-GCST90001698,rs12750174,A,G,0.0035, || id:ebi-a-GCST90001698,TRUE,reported,igd
3408,204459946,38.78,1.63192e-11,1,262.1,ebi-a-GCST90001698,rs148484526,A,G,0.0021, || id:ebi-a-GCST90001698,TRUE,reported,igd
3408,195636177,38.79,2.47002e-14,1,297,ebi-a-GCST90001698,rs116510159,C,A,0.0022, || id:ebi-a-GCST90001698,TRUE,reported,igd
3408,181280885,62.86,1.15107e-21,1,605.2,ebi-a-GCST90001698,rs75641434,T,C,7e-04, || id:ebi-a-GCST90001698,TRUE,reported,igd
3408,243352763,22.12,8.80197e-08,1,118.6,ebi-a-GCST90001698,rs532754584,T,C,0.007, || id:ebi-a-GCST90001698,TRUE,reported,igd
3408,236238830,53.18,8.73172e-13,1,381.7,ebi-a-GCST90001698,rs139423647,A,G,9e-04, || id:ebi-a-GCST90001698,TRUE,reported,igd
3408,220781210,65.61,5.51188e-22,1,636.7,ebi-a-GCST90001698,rs141644068,A,G,9e-04, || id:ebi-a-GCST90001698,TRUE,reported,igd
3408,7815185,16.15,1.70899e-06,1,77.42,ebi-a-GCST90001698,rs186329934,G,A,0.0122, || id:ebi-a-GCST90001698,TRUE,reported,igd
3408,53470377,7.292,7.942e-07,1,36.06,ebi-a-GCST90001698,rs12080172,G,C,0.0697, || id:ebi-a-GCST90001698,TRUE,reported,igd
3408,52644883,7.987,4.03404e-08,1,43.94,ebi-a-GCST90001698,rs143940797,A,G,0.0565, || id:ebi-a-GCST90001698,TRUE,reported,igd
3408,110742985,40.5,8.16394e-11,1,264,ebi-a-GCST90001698,rs77538429,G,A,0.0018, || id:ebi-a-GCST90001698,TRUE,reported,igd
3408,5236853,32.7,9.34501e-10,1,200.7,ebi-a-GCST90001698,rs138822361,A,G,0.0034, || id:ebi-a-GCST90001698,TRUE,reported,igd
3408,207678128,29.08,7.66832e-11,1,189.8,ebi-a-GCST90001698,rs113698814,G,A,0.0037, || id:ebi-a-GCST90001698,TRUE,reported,igd
3408,180881632,22.06,1.16099e-09,1,134.6,ebi-a-GCST90001698,rs76736944,C,T,0.0063, || id:ebi-a-GCST90001698,TRUE,reported,igd
3408,87503702,35.34,1e-09,2,216.5,ebi-a-GCST90001698,rs142604048,C,A,0.0026, || id:ebi-a-GCST90001698,TRUE,reported,igd
3408,73477886,41.28,5.37403e-06,2,188.1,ebi-a-GCST90001698,rs184492468,A,G,0.0021, || id:ebi-a-GCST90001698,TRUE,reported,igd
3408,40546780,36.89,4.30031e-11,2,244,ebi-a-GCST90001698,rs138152896,G,A,0.0021, || id:ebi-a-GCST90001698,TRUE,reported,igd
3408,41343706,26.11,3.78399e-08,2,143.9,ebi-a-GCST90001698,rs146217030,C,T,0.005, || id:ebi-a-GCST90001698,TRUE,reported,igd
3408,51721852,27.43,2.69098e-06,2,128.9,ebi-a-GCST90001698,rs77983529,T,A,0.004, || id:ebi-a-GCST90001698,TRUE,reported,igd
3408,178028543,28.75,1.19399e-06,2,139.9,ebi-a-GCST90001698,rs141089930,C,T,0.0043, || id:ebi-a-GCST90001698,TRUE,reported,igd
3408,172953167,45.23,2.10698e-09,2,271.6,ebi-a-GCST90001698,rs3821186,G,C,0.0015, || id:ebi-a-GCST90001698,TRUE,reported,igd
3408,19743796,29.26,9.59599e-08,2,156.4,ebi-a-GCST90001698,rs111409203,G,C,0.0035, || id:ebi-a-GCST90001698,TRUE,reported,igd
3408,10326418,36.09,1.19591e-12,2,257.4,ebi-a-GCST90001698,rs148947489,T,C,0.0022, || id:ebi-a-GCST90001698,TRUE,reported,igd
3408,146371302,38.87,2.0611e-17,2,331.8,ebi-a-GCST90001698,rs79027575,C,T,0.0022, || id:ebi-a-GCST90001698,TRUE,reported,igd
3408,150956800,37.84,9.59843e-14,2,282.9,ebi-a-GCST90001698,rs180716798,C,A,0.0021, || id:ebi-a-GCST90001698,TRUE,reported,igd
3408,204682687,29.65,3.13798e-06,2,138.4,ebi-a-GCST90001698,rs141812086,G,A,0.0037, || id:ebi-a-GCST90001698,TRUE,reported,igd
3408,127831527,32.42,2.02502e-10,2,206.8,ebi-a-GCST90001698,rs112785730,A,G,0.0026, || id:ebi-a-GCST90001698,TRUE,reported,igd
3408,129405810,59.97,4.84507e-17,2,505.9,ebi-a-GCST90001698,rs192583129,G,C,9e-04, || id:ebi-a-GCST90001698,TRUE,reported,igd
3408,22576943,33.78,1.024e-11,2,230.6,ebi-a-GCST90001698,rs183895386,T,C,0.0026, || id:ebi-a-GCST90001698,TRUE,reported,igd
3408,61772377,184.8,5.60402e-08,2,1006,ebi-a-GCST90001698,rs149983528,C,T,1e-04, || id:ebi-a-GCST90001698,TRUE,reported,igd
3408,106438361,93.65,1.68616e-61,2,1581,ebi-a-GCST90001698,rs190665193,G,A,3e-04, || id:ebi-a-GCST90001698,TRUE,reported,igd
3408,118664032,28.76,3.52598e-08,2,158.9,ebi-a-GCST90001698,rs35948774,A,G,0.0035, || id:ebi-a-GCST90001698,TRUE,reported,igd
3408,97762985,54.08,1.09194e-14,2,419.8,ebi-a-GCST90001698,rs377446032,G,T,0.0013, || id:ebi-a-GCST90001698,TRUE,reported,igd
3408,107560107,15.38,1.55199e-08,2,-87.22,ebi-a-GCST90001698,rs7597139,A,G,0.9869, || id:ebi-a-GCST90001698,TRUE,reported,igd
3408,181840,27.45,3.75803e-06,2,127.2,ebi-a-GCST90001698,rs115640110,T,G,0.0044, || id:ebi-a-GCST90001698,TRUE,reported,igd
3408,72979172,20.92,7.7589e-15,2,163.3,ebi-a-GCST90001698,rs1508064,T,C,0.0073, || id:ebi-a-GCST90001698,TRUE,reported,igd
3408,53036426,27.52,1.26299e-06,2,133.6,ebi-a-GCST90001698,rs192562105,A,G,0.0041, || id:ebi-a-GCST90001698,TRUE,reported,igd
3408,194544900,34.19,1.274e-06,2,165.9,ebi-a-GCST90001698,rs140702253,G,T,0.0032, || id:ebi-a-GCST90001698,TRUE,reported,igd
3408,159316835,98.17,3.68978e-24,2,1003,ebi-a-GCST90001698,rs72931475,G,A,3e-04, || id:ebi-a-GCST90001698,TRUE,reported,igd
3408,210192689,49.64,8.25296e-06,2,221.7,ebi-a-GCST90001698,rs79038988,C,T,0.0012, || id:ebi-a-GCST90001698,TRUE,reported,igd
3408,83381537,11.45,6.49202e-08,2,62.04,ebi-a-GCST90001698,rs79391745,A,T,0.0246, || id:ebi-a-GCST90001698,TRUE,reported,igd
3408,233831336,37.12,1.84599e-07,2,194,ebi-a-GCST90001698,rs570386304,T,C,0.0022, || id:ebi-a-GCST90001698,TRUE,reported,igd
3408,52025038,32.77,8.77203e-08,2,175.7,ebi-a-GCST90001698,rs77317999,A,T,0.0031, || id:ebi-a-GCST90001698,TRUE,reported,igd
3408,118737657,135.8,6.09102e-08,2,737.2,ebi-a-GCST90001698,rs116034906,T,C,1e-04, || id:ebi-a-GCST90001698,TRUE,reported,igd
3408,67789879,84.69,1.34586e-18,2,749.7,ebi-a-GCST90001698,rs188021268,T,A,6e-04, || id:ebi-a-GCST90001698,TRUE,reported,igd
3408,107911125,22.52,1.003e-15,2,181.6,ebi-a-GCST90001698,rs567695407,T,G,0.0056, || id:ebi-a-GCST90001698,TRUE,reported,igd
3408,84999809,29.04,5.428e-06,2,132.3,ebi-a-GCST90001698,rs72836484,G,A,0.0038, || id:ebi-a-GCST90001698,TRUE,reported,igd
3408,162960872,62.46,4.24522e-11,2,413.3,ebi-a-GCST90001698,rs188292706,T,C,7e-04, || id:ebi-a-GCST90001698,TRUE,reported,igd
3408,199542954,46.68,5.06524e-14,2,353,ebi-a-GCST90001698,rs75561723,T,C,0.0013, || id:ebi-a-GCST90001698,TRUE,reported,igd
3408,42107980,17.57,2.07702e-08,2,98.72,ebi-a-GCST90001698,rs13010105,G,A,0.0113, || id:ebi-a-GCST90001698,TRUE,reported,igd
3408,17719245,46.88,7.75711e-15,2,366,ebi-a-GCST90001698,rs548679517,C,A,0.0018, || id:ebi-a-GCST90001698,TRUE,reported,igd
3408,7430709,26.91,1.58201e-07,2,141.4,ebi-a-GCST90001698,rs139404430,T,C,0.0047, || id:ebi-a-GCST90001698,TRUE,reported,igd
3408,159969605,60.13,4.27396e-08,2,330.2,ebi-a-GCST90001698,rs12616335,T,C,0.0012, || id:ebi-a-GCST90001698,TRUE,reported,igd
3408,169297185,33.76,4.976e-10,2,210.6,ebi-a-GCST90001698,rs140929582,T,C,0.0026, || id:ebi-a-GCST90001698,TRUE,reported,igd
3408,192441892,20.04,5.55303e-07,2,100.5,ebi-a-GCST90001698,rs113513225,A,G,0.0078, || id:ebi-a-GCST90001698,TRUE,reported,igd
3408,152777402,13.44,4.64398e-07,2,67.88,ebi-a-GCST90001698,rs62175716,C,T,0.0179, || id:ebi-a-GCST90001698,TRUE,reported,igd
3408,1592272,35.7,1.40602e-08,2,203,ebi-a-GCST90001698,rs76568972,T,C,0.0029, || id:ebi-a-GCST90001698,TRUE,reported,igd
3408,8152821,28.13,3.76097e-08,2,155.1,ebi-a-GCST90001698,rs138567976,A,G,0.0038, || id:ebi-a-GCST90001698,TRUE,reported,igd
3408,21048037,16.2,7.69892e-07,2,80.23,ebi-a-GCST90001698,rs113206087,T,G,0.0128, || id:ebi-a-GCST90001698,TRUE,reported,igd
3408,36162712,48.88,1.27614e-13,2,363.6,ebi-a-GCST90001698,rs74620549,T,A,0.001, || id:ebi-a-GCST90001698,TRUE,reported,igd
3408,123361495,11.97,2.39299e-06,2,56.57,ebi-a-GCST90001698,rs76316808,T,A,0.0223, || id:ebi-a-GCST90001698,TRUE,reported,igd
3408,132603936,33.85,3.05302e-07,2,173.7,ebi-a-GCST90001698,rs116039349,T,G,0.0031, || id:ebi-a-GCST90001698,TRUE,reported,igd
3408,228724105,38.94,1.086e-07,2,207.3,ebi-a-GCST90001698,rs184350274,C,T,0.0021, || id:ebi-a-GCST90001698,TRUE,reported,igd
3408,234725994,53.59,6.34995e-10,2,332.2,ebi-a-GCST90001698,rs149131245,C,G,0.001, || id:ebi-a-GCST90001698,TRUE,reported,igd
3408,81191156,12.02,1.93201e-10,2,76.74,ebi-a-GCST90001698,rs78530932,A,T,0.0216, || id:ebi-a-GCST90001698,TRUE,reported,igd
3408,64757961,12.37,7.15995e-06,2,55.61,ebi-a-GCST90001698,rs138367877,T,C,0.0222, || id:ebi-a-GCST90001698,TRUE,reported,igd
3408,77077801,21.64,6.57098e-08,2,117.2,ebi-a-GCST90001698,rs74499833,T,C,0.0065, || id:ebi-a-GCST90001698,TRUE,reported,igd
3408,225204126,27.54,6.97204e-06,2,124,ebi-a-GCST90001698,rs11885897,A,G,0.0041, || id:ebi-a-GCST90001698,TRUE,reported,igd
3408,223278095,28.42,3.21299e-06,2,132.5,ebi-a-GCST90001698,rs116086373,A,G,0.0041, || id:ebi-a-GCST90001698,TRUE,reported,igd
3408,229222112,82.54,2.01883e-15,2,658.4,ebi-a-GCST90001698,rs74932477,A,G,4e-04, || id:ebi-a-GCST90001698,TRUE,reported,igd
3408,104720870,30.21,1.86698e-07,2,157.8,ebi-a-GCST90001698,rs113883934,C,A,0.0034, || id:ebi-a-GCST90001698,TRUE,reported,igd
3408,75148081,39.81,1.02494e-18,2,353.7,ebi-a-GCST90001698,rs4853078,G,T,0.0019, || id:ebi-a-GCST90001698,TRUE,reported,igd
3408,208755904,56.26,1.32599e-08,2,320.5,ebi-a-GCST90001698,rs77678807,C,G,0.001, || id:ebi-a-GCST90001698,TRUE,reported,igd
3408,170436614,30.9,1.007e-08,2,177.5,ebi-a-GCST90001698,rs115517310,C,T,0.0034, || id:ebi-a-GCST90001698,TRUE,reported,igd
3408,195788562,34.68,9.74294e-09,2,199.4,ebi-a-GCST90001698,rs140173523,A,C,0.0026, || id:ebi-a-GCST90001698,TRUE,reported,igd
3408,211172214,78.84,6.60085e-13,2,568.9,ebi-a-GCST90001698,rs72996438,C,T,4e-04, || id:ebi-a-GCST90001698,TRUE,reported,igd
3408,174516215,21.16,2.00198e-06,2,100.7,ebi-a-GCST90001698,rs72908728,C,T,0.0062, || id:ebi-a-GCST90001698,TRUE,reported,igd
3408,199934892,97.49,6.48933e-20,2,896.2,ebi-a-GCST90001698,rs115945729,A,G,3e-04, || id:ebi-a-GCST90001698,TRUE,reported,igd
3408,162758257,22.87,6.29796e-06,2,103.4,ebi-a-GCST90001698,rs75903460,C,T,0.0063, || id:ebi-a-GCST90001698,TRUE,reported,igd
3408,156270948,16.23,5.643e-06,2,73.79,ebi-a-GCST90001698,rs144528321,T,C,0.012, || id:ebi-a-GCST90001698,TRUE,reported,igd
3408,24167677,67.24,8.72971e-17,2,562.4,ebi-a-GCST90001698,rs149876155,C,T,7e-04, || id:ebi-a-GCST90001698,TRUE,reported,igd
3408,130811172,100.6,4.59505e-06,2,461.6,ebi-a-GCST90001698,rs140778797,T,G,4e-04, || id:ebi-a-GCST90001698,TRUE,reported,igd
3408,120693004,27.93,1.20199e-06,2,135.8,ebi-a-GCST90001698,rs115027982,C,G,0.0043, || id:ebi-a-GCST90001698,TRUE,reported,igd
3408,107184424,27.44,1.45801e-09,2,166.4,ebi-a-GCST90001698,rs7426047,T,C,0.0041, || id:ebi-a-GCST90001698,TRUE,reported,igd
3408,41540149,40.49,6.4254e-13,2,292.3,ebi-a-GCST90001698,rs112137766,C,T,0.0019, || id:ebi-a-GCST90001698,TRUE,reported,igd
3408,104590904,42.64,7.2277e-11,2,278.8,ebi-a-GCST90001698,rs77156603,A,C,0.0018, || id:ebi-a-GCST90001698,TRUE,reported,igd
3408,240644273,47.71,2.29403e-11,2,320.1,ebi-a-GCST90001698,rs151250363,T,C,0.0012, || id:ebi-a-GCST90001698,TRUE,reported,igd
3408,90262802,28.14,8.39305e-06,2,125.6,ebi-a-GCST90001698,rs35811413,A,G,0.0044, || id:ebi-a-GCST90001698,TRUE,reported,igd
3408,23633832,29.14,4.31102e-08,3,160,ebi-a-GCST90001698,rs147774047,C,G,0.0037, || id:ebi-a-GCST90001698,TRUE,reported,igd
3408,105611213,48.86,4.25099e-09,3,-287.7,ebi-a-GCST90001698,rs7613821,G,A,0.9987, || id:ebi-a-GCST90001698,TRUE,reported,igd
3408,152065838,39.21,9.71606e-09,3,225.4,ebi-a-GCST90001698,rs62272737,T,A,0.0022, || id:ebi-a-GCST90001698,TRUE,reported,igd
3408,152385976,128.5,1.7382e-56,3,2073,ebi-a-GCST90001698,rs16864501,A,G,1e-04, || id:ebi-a-GCST90001698,TRUE,reported,igd
3408,129232254,75.09,5.07458e-17,3,632.9,ebi-a-GCST90001698,rs75660425,A,G,4e-04, || id:ebi-a-GCST90001698,TRUE,reported,igd
3408,170926536,42.94,1.523e-07,3,225.9,ebi-a-GCST90001698,rs189065333,G,A,0.0015, || id:ebi-a-GCST90001698,TRUE,reported,igd
3408,176439376,9.695,6.86294e-07,3,48.23,ebi-a-GCST90001698,rs112057764,A,C,0.0343, || id:ebi-a-GCST90001698,TRUE,reported,igd
3408,76660068,41.76,7.65949e-14,3,313.5,ebi-a-GCST90001698,rs146756366,T,C,0.0018, || id:ebi-a-GCST90001698,TRUE,reported,igd
3408,180444592,30.1,3.94203e-06,3,139.1,ebi-a-GCST90001698,rs184789822,C,T,0.0034, || id:ebi-a-GCST90001698,TRUE,reported,igd
3408,195531004,36.33,1.14501e-08,3,207.9,ebi-a-GCST90001698,rs115660429,A,C,0.0023, || id:ebi-a-GCST90001698,TRUE,reported,igd
3408,130201546,62.49,2.09991e-11,3,420,ebi-a-GCST90001698,rs116719160,T,G,0.0012, || id:ebi-a-GCST90001698,TRUE,reported,igd
3408,140104765,7.68,3.96698e-06,3,35.49,ebi-a-GCST90001698,rs11921864,T,C,0.0585, || id:ebi-a-GCST90001698,TRUE,reported,igd
3408,141886501,93.43,1.80011e-24,3,961.3,ebi-a-GCST90001698,rs79418578,A,C,3e-04, || id:ebi-a-GCST90001698,TRUE,reported,igd
3408,182409985,36.29,5.22601e-09,3,212.5,ebi-a-GCST90001698,rs78741146,C,T,0.0023, || id:ebi-a-GCST90001698,TRUE,reported,igd
3408,166256176,25.13,3.08297e-08,3,139.5,ebi-a-GCST90001698,rs138401052,A,G,0.0054, || id:ebi-a-GCST90001698,TRUE,reported,igd
3408,168644376,54.73,6.3944e-11,3,358.8,ebi-a-GCST90001698,rs75551427,G,A,9e-04, || id:ebi-a-GCST90001698,TRUE,reported,igd
3408,169651872,36.1,6.78297e-07,3,179.7,ebi-a-GCST90001698,rs115052567,A,G,0.0028, || id:ebi-a-GCST90001698,TRUE,reported,igd
3408,153311399,127.9,1.21395e-55,3,2047,ebi-a-GCST90001698,rs148658406,T,C,1e-04, || id:ebi-a-GCST90001698,TRUE,reported,igd
3408,157462992,19.49,4.39602e-06,3,89.63,ebi-a-GCST90001698,rs75968195,C,G,0.0095, || id:ebi-a-GCST90001698,TRUE,reported,igd
3408,43905713,17.28,3.55198e-06,3,80.23,ebi-a-GCST90001698,rs116521668,A,T,0.0103, || id:ebi-a-GCST90001698,TRUE,reported,igd
3408,146662353,31.59,9.68791e-06,3,140,ebi-a-GCST90001698,rs139791317,T,G,0.0032, || id:ebi-a-GCST90001698,TRUE,reported,igd
3408,84476620,32.81,2.46297e-07,3,169.7,ebi-a-GCST90001698,rs116349768,G,A,0.0031, || id:ebi-a-GCST90001698,TRUE,reported,igd
3408,63604132,31.72,7.13296e-06,3,142.6,ebi-a-GCST90001698,rs140527299,A,T,0.0028, || id:ebi-a-GCST90001698,TRUE,reported,igd
3408,115341107,70.06,6.20869e-27,3,759.4,ebi-a-GCST90001698,rs115821332,G,A,6e-04, || id:ebi-a-GCST90001698,TRUE,reported,igd
3408,90216749,67.17,4.64943e-16,3,548.1,ebi-a-GCST90001698,rs185034429,A,C,6e-04, || id:ebi-a-GCST90001698,TRUE,reported,igd
3408,185766414,36.32,5.29895e-09,3,212.6,ebi-a-GCST90001698,rs55787444,T,C,0.0022, || id:ebi-a-GCST90001698,TRUE,reported,igd
3408,186195530,37.5,5.47268e-11,3,246.7,ebi-a-GCST90001698,rs78193714,A,T,0.0019, || id:ebi-a-GCST90001698,TRUE,reported,igd
3408,192716368,26.42,1.706e-06,3,126.7,ebi-a-GCST90001698,rs111777292,T,C,0.0051, || id:ebi-a-GCST90001698,TRUE,reported,igd
3408,64390467,29.73,1.39605e-17,3,255.1,ebi-a-GCST90001698,rs62247421,A,G,0.0032, || id:ebi-a-GCST90001698,TRUE,reported,igd
3408,74527776,40.08,8.3946e-12,3,274.8,ebi-a-GCST90001698,rs115212782,T,C,0.0018, || id:ebi-a-GCST90001698,TRUE,reported,igd
3408,130074113,34.9,2.746e-10,3,221,ebi-a-GCST90001698,rs77521823,T,A,0.0023, || id:ebi-a-GCST90001698,TRUE,reported,igd
3408,122070556,34.36,6.50504e-10,3,212.9,ebi-a-GCST90001698,rs116589647,T,G,0.0023, || id:ebi-a-GCST90001698,TRUE,reported,igd
3408,3753451,40.11,4.49604e-06,3,184.3,ebi-a-GCST90001698,rs75816947,A,G,0.0018, || id:ebi-a-GCST90001698,TRUE,reported,igd
3408,14459099,38.71,9.3901e-10,3,237.6,ebi-a-GCST90001698,rs111902471,G,A,0.0021, || id:ebi-a-GCST90001698,TRUE,reported,igd
3408,64543612,23.53,1.20809e-11,3,160.1,ebi-a-GCST90001698,rs115040341,T,C,0.0054, || id:ebi-a-GCST90001698,TRUE,reported,igd
3408,3132754,38.25,8.14198e-10,3,235.6,ebi-a-GCST90001698,rs17878699,A,G,0.0028, || id:ebi-a-GCST90001698,TRUE,reported,igd
3408,67860216,29.94,6.06317e-11,3,196.5,ebi-a-GCST90001698,rs111745963,C,T,0.0035, || id:ebi-a-GCST90001698,TRUE,reported,igd
3408,194347376,61.21,1.65691e-20,3,571.9,ebi-a-GCST90001698,rs115879183,G,A,9e-04, || id:ebi-a-GCST90001698,TRUE,reported,igd
3408,162179186,70.25,6.11787e-16,3,570.9,ebi-a-GCST90001698,rs138871895,C,T,6e-04, || id:ebi-a-GCST90001698,TRUE,reported,igd
3408,11075184,40.82,3.36899e-08,3,225.9,ebi-a-GCST90001698,rs78313301,T,C,0.0018, || id:ebi-a-GCST90001698,TRUE,reported,igd
3408,144835290,59.76,9.35837e-13,3,428.3,ebi-a-GCST90001698,rs187990734,G,A,9e-04, || id:ebi-a-GCST90001698,TRUE,reported,igd
3408,81799701,23.78,5.65197e-11,3,156.3,ebi-a-GCST90001698,rs184977394,C,T,0.0065, || id:ebi-a-GCST90001698,TRUE,reported,igd
3408,94221769,25.99,8.87892e-06,3,115.6,ebi-a-GCST90001698,rs146900894,A,G,0.0044, || id:ebi-a-GCST90001698,TRUE,reported,igd
3408,117384981,70.63,2.03002e-35,3,887.3,ebi-a-GCST90001698,rs185587352,A,G,6e-04, || id:ebi-a-GCST90001698,TRUE,reported,igd
3408,72800530,31.47,7.28803e-08,3,169.8,ebi-a-GCST90001698,rs150027262,G,C,0.0034, || id:ebi-a-GCST90001698,TRUE,reported,igd
3408,105859785,88.02,1.68811e-12,3,623.6,ebi-a-GCST90001698,rs115135290,A,G,3e-04, || id:ebi-a-GCST90001698,TRUE,reported,igd
3408,11158267,8.012,3.11702e-07,4,41.07,ebi-a-GCST90001698,rs142609156,T,C,0.0531, || id:ebi-a-GCST90001698,TRUE,reported,igd
3408,32690871,13.57,5.08101e-10,4,84.59,ebi-a-GCST90001698,rs13104493,G,A,0.0185, || id:ebi-a-GCST90001698,TRUE,reported,igd
3408,165111111,20.12,5.01499e-07,4,101.3,ebi-a-GCST90001698,rs17476188,T,C,0.0081, || id:ebi-a-GCST90001698,TRUE,reported,igd
3408,176754667,73.93,1.04208e-32,4,889.9,ebi-a-GCST90001698,rs116399750,A,G,6e-04, || id:ebi-a-GCST90001698,TRUE,reported,igd
3408,131041099,40.47,7.8886e-17,4,338.9,ebi-a-GCST90001698,rs77814979,C,A,0.0018, || id:ebi-a-GCST90001698,TRUE,reported,igd
3408,85158464,33.27,6.20497e-07,4,166.2,ebi-a-GCST90001698,rs72660861,A,G,0.0031, || id:ebi-a-GCST90001698,TRUE,reported,igd
3408,9678634,52.46,6.74202e-07,4,261.1,ebi-a-GCST90001698,rs183356919,C,T,0.0013, || id:ebi-a-GCST90001698,TRUE,reported,igd
3408,57611830,28.74,6.49397e-08,4,155.7,ebi-a-GCST90001698,rs7663813,A,G,0.0041, || id:ebi-a-GCST90001698,TRUE,reported,igd
3408,67329531,22.96,2.47902e-07,4,118.7,ebi-a-GCST90001698,rs116536232,G,A,0.0062, || id:ebi-a-GCST90001698,TRUE,reported,igd
3408,67760555,26.23,5.05103e-08,4,143.3,ebi-a-GCST90001698,rs139819048,C,T,0.0045, || id:ebi-a-GCST90001698,TRUE,reported,igd
3408,71875684,66.51,2.8119e-27,4,725.8,ebi-a-GCST90001698,rs114619811,G,A,6e-04, || id:ebi-a-GCST90001698,TRUE,reported,igd
3408,97898706,15.6,8.70703e-07,4,76.89,ebi-a-GCST90001698,rs113555953,A,C,0.0139, || id:ebi-a-GCST90001698,TRUE,reported,igd
3408,109566866,26.99,4.71303e-10,4,168.6,ebi-a-GCST90001698,rs80331575,T,C,0.0043, || id:ebi-a-GCST90001698,TRUE,reported,igd
3408,116900766,33.03,5.93403e-07,4,165.2,ebi-a-GCST90001698,rs187204486,A,G,0.0031, || id:ebi-a-GCST90001698,TRUE,reported,igd
3408,114293931,44.78,9.75596e-09,4,257.5,ebi-a-GCST90001698,rs138943622,A,G,0.0015, || id:ebi-a-GCST90001698,TRUE,reported,igd
3408,160795044,21.82,1.06601e-06,4,106.6,ebi-a-GCST90001698,rs191331192,T,C,0.007, || id:ebi-a-GCST90001698,TRUE,reported,igd
3408,100588891,33.13,4.82303e-08,4,181.2,ebi-a-GCST90001698,rs147026949,T,C,0.0032, || id:ebi-a-GCST90001698,TRUE,reported,igd
3408,85213802,85.31,4.27464e-17,4,720.8,ebi-a-GCST90001698,rs114559319,A,T,4e-04, || id:ebi-a-GCST90001698,TRUE,reported,igd
3408,149293830,427,1.02212e-15,4,3443,ebi-a-GCST90001698,rs76859704,T,A,NA, || id:ebi-a-GCST90001698,TRUE,reported,igd
3408,176348299,97.29,1.79184e-57,4,1584,ebi-a-GCST90001698,rs79395509,T,C,6e-04, || id:ebi-a-GCST90001698,TRUE,reported,igd
3408,180201786,8.691,4.66498e-08,4,47.59,ebi-a-GCST90001698,rs79888370,T,G,0.0433, || id:ebi-a-GCST90001698,TRUE,reported,igd
3408,16986930,94.17,4.51024e-22,4,915.9,ebi-a-GCST90001698,rs114421150,A,C,3e-04, || id:ebi-a-GCST90001698,TRUE,reported,igd
3408,32184694,73.46,1.74985e-29,4,836.1,ebi-a-GCST90001698,rs138954494,C,T,4e-04, || id:ebi-a-GCST90001698,TRUE,reported,igd
3408,35542069,107.2,1.97902e-06,4,510.5,ebi-a-GCST90001698,rs74718830,G,A,1e-04, || id:ebi-a-GCST90001698,TRUE,reported,igd
3408,55305871,109.7,1.02e-06,4,537,ebi-a-GCST90001698,rs75993384,C,T,1e-04, || id:ebi-a-GCST90001698,TRUE,reported,igd
3408,120605817,129.6,8.19408e-41,4,1757,ebi-a-GCST90001698,rs62321187,T,C,1e-04, || id:ebi-a-GCST90001698,TRUE,reported,igd
3408,83484083,39.46,2.92698e-06,4,184.8,ebi-a-GCST90001698,rs182176493,T,C,0.0021, || id:ebi-a-GCST90001698,TRUE,reported,igd
3408,129754843,80.9,5.63638e-15,4,634.9,ebi-a-GCST90001698,rs76679968,T,C,4e-04, || id:ebi-a-GCST90001698,TRUE,reported,igd
3408,131786765,50.43,1.21311e-19,4,460.1,ebi-a-GCST90001698,rs140367496,C,T,0.0012, || id:ebi-a-GCST90001698,TRUE,reported,igd
3408,131409763,30.26,1.59698e-07,4,158.9,ebi-a-GCST90001698,rs115307086,C,T,0.0034, || id:ebi-a-GCST90001698,TRUE,reported,igd
3408,167555345,41.99,7.06155e-14,4,315.7,ebi-a-GCST90001698,rs115677012,T,C,0.0016, || id:ebi-a-GCST90001698,TRUE,reported,igd
3408,8258306,220,3.49704e-09,4,1303,ebi-a-GCST90001698,rs192386357,C,G,NA, || id:ebi-a-GCST90001698,TRUE,reported,igd
3408,176614955,38.46,3.31513e-17,4,326.1,ebi-a-GCST90001698,rs77689186,A,C,0.0019, || id:ebi-a-GCST90001698,TRUE,reported,igd
3408,99029457,72.17,2.50092e-53,4,1129,ebi-a-GCST90001698,rs12499962,G,A,6e-04, || id:ebi-a-GCST90001698,TRUE,reported,igd
3408,85578601,84.75,6.82967e-42,4,1165,ebi-a-GCST90001698,rs146374482,A,G,4e-04, || id:ebi-a-GCST90001698,TRUE,reported,igd
3408,87144762,38.16,3.26002e-10,4,240.6,ebi-a-GCST90001698,rs149844272,A,G,0.0019, || id:ebi-a-GCST90001698,TRUE,reported,igd
3408,138349095,82.11,9.84464e-16,4,662.4,ebi-a-GCST90001698,rs114685875,A,G,4e-04, || id:ebi-a-GCST90001698,TRUE,reported,igd
3408,22140311,52.07,5.06407e-17,4,438.9,ebi-a-GCST90001698,rs77434296,A,G,0.0012, || id:ebi-a-GCST90001698,TRUE,reported,igd
3408,123414413,60.69,2.16421e-21,4,580.3,ebi-a-GCST90001698,rs191607214,A,C,7e-04, || id:ebi-a-GCST90001698,TRUE,reported,igd
3408,166260369,54.42,1.03001e-08,4,312.3,ebi-a-GCST90001698,rs28622225,A,G,0.0012, || id:ebi-a-GCST90001698,TRUE,reported,igd
3408,180565400,43.09,1.1051e-45,4,620.5,ebi-a-GCST90001698,rs12501785,A,G,0.0013, || id:ebi-a-GCST90001698,TRUE,reported,igd
3408,151589256,48.24,8.24005e-08,4,259.2,ebi-a-GCST90001698,rs76763980,C,T,0.0015, || id:ebi-a-GCST90001698,TRUE,reported,igd
3408,183314518,44.19,1.40201e-09,4,268.3,ebi-a-GCST90001698,rs116498781,A,G,0.0015, || id:ebi-a-GCST90001698,TRUE,reported,igd
3408,187560601,44.6,4.22202e-09,4,262.7,ebi-a-GCST90001698,rs148590919,A,G,0.0015, || id:ebi-a-GCST90001698,TRUE,reported,igd
3408,146773005,58.11,6.19156e-11,4,381.2,ebi-a-GCST90001698,rs72723889,C,T,0.0012, || id:ebi-a-GCST90001698,TRUE,reported,igd
3408,84334746,34.64,6.11604e-06,4,156.9,ebi-a-GCST90001698,rs76825401,T,C,0.0025, || id:ebi-a-GCST90001698,TRUE,reported,igd
3408,108096534,53.26,6.51028e-19,4,475.9,ebi-a-GCST90001698,rs77146551,G,A,0.0012, || id:ebi-a-GCST90001698,TRUE,reported,igd
3408,49518806,19.49,5.41901e-09,4,114,ebi-a-GCST90001698,rs541823325,T,C,0.0114, || id:ebi-a-GCST90001698,TRUE,reported,igd
3408,3836469,20.57,1.90599e-06,4,98.13,ebi-a-GCST90001698,rs55975566,T,C,0.0073, || id:ebi-a-GCST90001698,TRUE,reported,igd
3408,119939807,33.86,1.23299e-06,5,164.5,ebi-a-GCST90001698,rs537461274,A,T,0.0025, || id:ebi-a-GCST90001698,TRUE,reported,igd
3408,94705605,84.15,3.23296e-39,5,1117,ebi-a-GCST90001698,rs79725470,C,T,4e-04, || id:ebi-a-GCST90001698,TRUE,reported,igd
3408,71107850,64.07,8.69161e-12,5,438.9,ebi-a-GCST90001698,rs148816938,G,A,7e-04, || id:ebi-a-GCST90001698,TRUE,reported,igd
3408,180495180,28.33,1.46899e-08,5,160.9,ebi-a-GCST90001698,rs58243030,G,A,0.0037, || id:ebi-a-GCST90001698,TRUE,reported,igd
3408,79202265,9.929,2.12902e-07,5,51.61,ebi-a-GCST90001698,rs528672922,T,C,0.0335, || id:ebi-a-GCST90001698,TRUE,reported,igd
3408,118494935,22.59,6.32703e-06,5,102.2,ebi-a-GCST90001698,rs78676406,T,C,0.0059, || id:ebi-a-GCST90001698,TRUE,reported,igd
3408,141469416,40.79,3.49197e-08,5,225.4,ebi-a-GCST90001698,rs146314225,C,A,0.0018, || id:ebi-a-GCST90001698,TRUE,reported,igd
3408,180054853,21.25,4.62062e-13,5,154.4,ebi-a-GCST90001698,rs3822406,T,A,0.007, || id:ebi-a-GCST90001698,TRUE,reported,igd
3408,178662302,9.534,9.42801e-07,5,46.84,ebi-a-GCST90001698,rs113960013,G,T,0.0355, || id:ebi-a-GCST90001698,TRUE,reported,igd
3408,16118218,24.42,1.007e-06,5,119.6,ebi-a-GCST90001698,rs112357188,A,G,0.0053, || id:ebi-a-GCST90001698,TRUE,reported,igd
3408,129034231,36.98,1.67302e-07,5,193.9,ebi-a-GCST90001698,rs149898247,G,A,0.0022, || id:ebi-a-GCST90001698,TRUE,reported,igd
3408,145713781,21.37,2.99799e-09,5,127.1,ebi-a-GCST90001698,rs142922198,C,A,0.0072, || id:ebi-a-GCST90001698,TRUE,reported,igd
3408,180502672,16.39,1.123e-08,5,93.82,ebi-a-GCST90001698,rs13360609,A,T,0.0126, || id:ebi-a-GCST90001698,TRUE,reported,igd
3408,142967016,46.47,1.66994e-14,5,358.2,ebi-a-GCST90001698,rs189369117,T,C,0.0013, || id:ebi-a-GCST90001698,TRUE,reported,igd
3408,148699825,18.37,4.14763e-16,5,150.2,ebi-a-GCST90001698,rs17642570,C,T,0.0091, || id:ebi-a-GCST90001698,TRUE,reported,igd
3408,145551085,16.23,1.58402e-06,5,78.03,ebi-a-GCST90001698,rs79194156,A,G,0.0134, || id:ebi-a-GCST90001698,TRUE,reported,igd
3408,81311763,18.29,4.19759e-18,5,159.5,ebi-a-GCST90001698,rs144613377,C,T,0.01, || id:ebi-a-GCST90001698,TRUE,reported,igd
3408,11287269,60.03,1.034e-07,5,320.1,ebi-a-GCST90001698,rs180927720,G,A,9e-04, || id:ebi-a-GCST90001698,TRUE,reported,igd
3408,16704585,23.01,1.03999e-06,5,112.6,ebi-a-GCST90001698,rs185483934,A,C,0.0063, || id:ebi-a-GCST90001698,TRUE,reported,igd
3408,135639453,29.36,1.199e-10,5,189.6,ebi-a-GCST90001698,rs192556004,A,G,0.004, || id:ebi-a-GCST90001698,TRUE,reported,igd
3408,75564943,79.27,6.57809e-35,5,988.1,ebi-a-GCST90001698,rs189412340,T,C,4e-04, || id:ebi-a-GCST90001698,TRUE,reported,igd
3408,77962505,19.64,4.51305e-07,5,99.32,ebi-a-GCST90001698,rs138800755,C,T,0.0078, || id:ebi-a-GCST90001698,TRUE,reported,igd
3408,96997109,19.78,2.28602e-06,5,93.66,ebi-a-GCST90001698,rs113884990,T,A,0.0088, || id:ebi-a-GCST90001698,TRUE,reported,igd
3408,134343662,42.25,2.13501e-06,5,200.6,ebi-a-GCST90001698,rs139800400,A,G,0.0016, || id:ebi-a-GCST90001698,TRUE,reported,igd
3408,29413612,78.94,2.28613e-36,5,1006,ebi-a-GCST90001698,rs116581718,C,T,6e-04, || id:ebi-a-GCST90001698,TRUE,reported,igd
3408,24165437,39.88,2.23702e-09,5,239.1,ebi-a-GCST90001698,rs114871166,G,T,0.0019, || id:ebi-a-GCST90001698,TRUE,reported,igd
3408,176911575,28.61,1.92699e-09,5,172.3,ebi-a-GCST90001698,rs114425563,T,C,0.0038, || id:ebi-a-GCST90001698,TRUE,reported,igd
3408,12480500,46.83,1.339e-08,5,266.7,ebi-a-GCST90001698,rs148939501,G,A,0.0013, || id:ebi-a-GCST90001698,TRUE,reported,igd
3408,93889241,26.48,1.536e-06,5,127.5,ebi-a-GCST90001698,rs76726998,A,G,0.0044, || id:ebi-a-GCST90001698,TRUE,reported,igd
3408,1957403,37,2.18499e-10,5,235.6,ebi-a-GCST90001698,rs62337106,G,T,0.0022, || id:ebi-a-GCST90001698,TRUE,reported,igd
3408,120363630,17.53,3.33703e-06,5,81.64,ebi-a-GCST90001698,rs144585837,G,A,0.0106, || id:ebi-a-GCST90001698,TRUE,reported,igd
3408,150408639,44.14,1.344e-09,5,268.3,ebi-a-GCST90001698,rs8177454,C,G,0.0015, || id:ebi-a-GCST90001698,TRUE,reported,igd
3408,154015729,42.7,3.85097e-08,5,235.3,ebi-a-GCST90001698,rs146135726,T,C,0.0016, || id:ebi-a-GCST90001698,TRUE,reported,igd
3408,168556910,64.16,3.09899e-06,5,299.7,ebi-a-GCST90001698,rs148291161,G,A,0.0012, || id:ebi-a-GCST90001698,TRUE,reported,igd
3408,3635021,44.43,4.28943e-12,5,308.9,ebi-a-GCST90001698,rs77587134,A,G,0.0018, || id:ebi-a-GCST90001698,TRUE,reported,igd
3408,10850589,45.47,2.49919e-14,5,348.1,ebi-a-GCST90001698,rs75760272,A,G,0.0016, || id:ebi-a-GCST90001698,TRUE,reported,igd
3408,168914162,91.49,4.87192e-17,5,771.6,ebi-a-GCST90001698,rs115755474,T,C,3e-04, || id:ebi-a-GCST90001698,TRUE,reported,igd
3408,180423556,15.69,4.17503e-07,5,79.55,ebi-a-GCST90001698,rs62406757,C,G,0.0131, || id:ebi-a-GCST90001698,TRUE,reported,igd
3408,112619226,17.28,1e-06,5,84.68,ebi-a-GCST90001698,rs114245333,C,G,0.0116, || id:ebi-a-GCST90001698,TRUE,reported,igd
3408,128365521,51.06,4.7676e-14,5,386.6,ebi-a-GCST90001698,rs112973846,G,A,0.0012, || id:ebi-a-GCST90001698,TRUE,reported,igd
3408,125051261,54.77,9.15799e-19,6,487.3,ebi-a-GCST90001698,rs150287087,C,G,7e-04, || id:ebi-a-GCST90001698,TRUE,reported,igd
3408,142716026,22.59,7.74497e-07,6,111.9,ebi-a-GCST90001698,rs141389929,T,C,0.0063, || id:ebi-a-GCST90001698,TRUE,reported,igd
3408,897475,12.95,1.71601e-06,6,62.07,ebi-a-GCST90001698,rs60537788,G,A,0.0198, || id:ebi-a-GCST90001698,TRUE,reported,igd
3408,7624482,16.19,6.446e-06,6,73.14,ebi-a-GCST90001698,rs62388146,C,T,0.0126, || id:ebi-a-GCST90001698,TRUE,reported,igd
3408,162457335,36.54,2.59699e-08,6,203.9,ebi-a-GCST90001698,rs149801155,G,A,0.0028, || id:ebi-a-GCST90001698,TRUE,reported,igd
3408,1730982,88.96,5.98412e-46,6,1285,ebi-a-GCST90001698,rs138327786,A,G,3e-04, || id:ebi-a-GCST90001698,TRUE,reported,igd
3408,86346609,20.2,3.50187e-12,6,141,ebi-a-GCST90001698,rs117822024,C,T,0.0079, || id:ebi-a-GCST90001698,TRUE,reported,igd
3408,30958409,36.33,2.43798e-08,6,203.1,ebi-a-GCST90001698,rs149136965,C,G,0.0022, || id:ebi-a-GCST90001698,TRUE,reported,igd
3408,39011539,16.08,1.102e-07,6,85.58,ebi-a-GCST90001698,rs73412501,T,A,0.0134, || id:ebi-a-GCST90001698,TRUE,reported,igd
3408,151992984,32.62,3.17797e-09,6,193.7,ebi-a-GCST90001698,rs9479093,G,A,0.0031, || id:ebi-a-GCST90001698,TRUE,reported,igd
3408,168136303,27.54,1.74401e-10,6,176.3,ebi-a-GCST90001698,rs140087548,T,C,0.004, || id:ebi-a-GCST90001698,TRUE,reported,igd
3408,152137377,33.18,5.40754e-11,6,218.4,ebi-a-GCST90001698,rs73780868,C,T,0.0029, || id:ebi-a-GCST90001698,TRUE,reported,igd
3408,66416572,28.32,2.04701e-08,6,159.2,ebi-a-GCST90001698,rs116431337,C,T,0.0043, || id:ebi-a-GCST90001698,TRUE,reported,igd
3408,5734886,53.08,2.51073e-18,6,466.1,ebi-a-GCST90001698,rs6916896,T,C,0.001, || id:ebi-a-GCST90001698,TRUE,reported,igd
3408,20965785,44.92,2.12324e-11,6,301.9,ebi-a-GCST90001698,rs180745907,C,A,0.0015, || id:ebi-a-GCST90001698,TRUE,reported,igd
3408,78745175,33.82,4.06097e-08,6,186.1,ebi-a-GCST90001698,rs145336406,T,C,0.0026, || id:ebi-a-GCST90001698,TRUE,reported,igd
3408,32066320,17.7,5.29895e-06,6,80.73,ebi-a-GCST90001698,rs79594290,T,C,0.0107, || id:ebi-a-GCST90001698,TRUE,reported,igd
3408,90900544,17.52,7.68405e-09,6,101.4,ebi-a-GCST90001698,rs78275221,A,G,0.0103, || id:ebi-a-GCST90001698,TRUE,reported,igd
3408,118769058,43.72,1.98898e-09,6,263,ebi-a-GCST90001698,rs62424171,A,G,0.0016, || id:ebi-a-GCST90001698,TRUE,reported,igd
3408,52376254,27.82,6.11899e-06,6,126,ebi-a-GCST90001698,rs114599999,A,T,0.0048, || id:ebi-a-GCST90001698,TRUE,reported,igd
3408,13374132,50.03,1.11301e-14,6,-388.2,ebi-a-GCST90001698,rs2496150,G,A,0.9988, || id:ebi-a-GCST90001698,TRUE,reported,igd
3408,119514715,32.03,8.96396e-11,6,208.3,ebi-a-GCST90001698,rs117185099,T,C,0.0028, || id:ebi-a-GCST90001698,TRUE,reported,igd
3408,37156467,16.56,1.58099e-07,6,87.03,ebi-a-GCST90001698,rs10155782,C,T,0.012, || id:ebi-a-GCST90001698,TRUE,reported,igd
3408,11805124,19.05,2.34202e-10,6,121.1,ebi-a-GCST90001698,rs75424381,T,A,0.0079, || id:ebi-a-GCST90001698,TRUE,reported,igd
3408,159962229,34.55,2.34002e-09,6,206.9,ebi-a-GCST90001698,rs111867376,A,G,0.0026, || id:ebi-a-GCST90001698,TRUE,reported,igd
3408,10017676,93.44,3.22701e-52,6,1445,ebi-a-GCST90001698,rs149208831,C,A,3e-04, || id:ebi-a-GCST90001698,TRUE,reported,igd
3408,11491250,108.9,1.48286e-71,6,1994,ebi-a-GCST90001698,rs145604620,G,A,3e-04, || id:ebi-a-GCST90001698,TRUE,reported,igd
3408,64401131,36.44,5.54243e-11,6,239.6,ebi-a-GCST90001698,rs75510626,C,T,0.0022, || id:ebi-a-GCST90001698,TRUE,reported,igd
3408,53785189,33.14,2.53402e-07,6,171.2,ebi-a-GCST90001698,rs62397109,C,T,0.0034, || id:ebi-a-GCST90001698,TRUE,reported,igd
3408,46004728,24.23,1.64399e-06,6,116.4,ebi-a-GCST90001698,rs79681496,G,A,0.0054, || id:ebi-a-GCST90001698,TRUE,reported,igd
3408,151971790,12.15,7.60694e-06,6,54.47,ebi-a-GCST90001698,rs140414198,A,G,0.0217, || id:ebi-a-GCST90001698,TRUE,reported,igd
3408,84898123,33.81,2.09218e-23,6,339.6,ebi-a-GCST90001698,rs149828559,T,C,0.0022, || id:ebi-a-GCST90001698,TRUE,reported,igd
3408,119632972,57.27,4.67843e-11,6,378.1,ebi-a-GCST90001698,rs117248086,T,C,0.0013, || id:ebi-a-GCST90001698,TRUE,reported,igd
3408,138346038,7.602,4.31996e-07,6,38.5,ebi-a-GCST90001698,rs75146109,A,C,0.0553, || id:ebi-a-GCST90001698,TRUE,reported,igd
3408,28389143,107,1.53497e-15,6,857.2,ebi-a-GCST90001698,rs79518488,C,T,3e-04, || id:ebi-a-GCST90001698,TRUE,reported,igd
3408,106606287,55.33,8.13804e-08,6,297.5,ebi-a-GCST90001698,rs35756014,T,C,9e-04, || id:ebi-a-GCST90001698,TRUE,reported,igd
3408,40616989,23.32,4.38026e-13,6,169.6,ebi-a-GCST90001698,rs12332976,A,G,0.0057, || id:ebi-a-GCST90001698,TRUE,reported,igd
3408,70784408,17.15,1.56099e-06,6,82.52,ebi-a-GCST90001698,rs12192395,G,A,0.0116, || id:ebi-a-GCST90001698,TRUE,reported,igd
3408,53258504,10.67,6.20698e-06,6,48.29,ebi-a-GCST90001698,rs144234028,G,A,0.0268, || id:ebi-a-GCST90001698,TRUE,reported,igd
3408,81984275,60.77,8.34834e-13,6,436.5,ebi-a-GCST90001698,rs192397067,T,C,9e-04, || id:ebi-a-GCST90001698,TRUE,reported,igd
3408,107128051,6.783,4.97496e-06,6,31.02,ebi-a-GCST90001698,rs9386578,A,G,0.0748, || id:ebi-a-GCST90001698,TRUE,reported,igd
3408,130091902,46.04,1.29509e-11,6,312.7,ebi-a-GCST90001698,rs112880431,A,G,0.0015, || id:ebi-a-GCST90001698,TRUE,reported,igd
3408,6047112,15.86,3.78399e-07,6,80.7,ebi-a-GCST90001698,rs142978760,A,G,0.0142, || id:ebi-a-GCST90001698,TRUE,reported,igd
3408,167014418,31.44,2.59298e-08,6,175.4,ebi-a-GCST90001698,rs189131343,T,C,0.0032, || id:ebi-a-GCST90001698,TRUE,reported,igd
3408,39196392,14.27,2.00401e-09,6,85.79,ebi-a-GCST90001698,rs9471016,T,C,0.0161, || id:ebi-a-GCST90001698,TRUE,reported,igd
3408,46985321,85.45,2.02488e-19,7,774.8,ebi-a-GCST90001698,rs80018878,T,C,4e-04, || id:ebi-a-GCST90001698,TRUE,reported,igd
3408,84434549,64.23,2.77013e-32,7,767.7,ebi-a-GCST90001698,rs143845801,C,G,7e-04, || id:ebi-a-GCST90001698,TRUE,reported,igd
3408,115706613,33.8,8.78213e-11,7,219.9,ebi-a-GCST90001698,rs137997289,C,T,0.0028, || id:ebi-a-GCST90001698,TRUE,reported,igd
3408,91861162,24.82,1.45101e-06,7,119.8,ebi-a-GCST90001698,rs149355173,G,A,0.0051, || id:ebi-a-GCST90001698,TRUE,reported,igd
3408,103435268,29.57,9.38404e-07,7,145.3,ebi-a-GCST90001698,rs74405982,T,A,0.0041, || id:ebi-a-GCST90001698,TRUE,reported,igd
3408,143729951,33.88,1.17601e-06,7,164.9,ebi-a-GCST90001698,rs75300104,C,T,0.0028, || id:ebi-a-GCST90001698,TRUE,reported,igd
3408,154881197,25.35,2.93002e-06,7,118.7,ebi-a-GCST90001698,rs191669640,T,C,0.0045, || id:ebi-a-GCST90001698,TRUE,reported,igd
3408,47504039,45.5,1.65882e-19,7,413.6,ebi-a-GCST90001698,rs77465871,G,A,0.0015, || id:ebi-a-GCST90001698,TRUE,reported,igd
3408,157555802,23.39,4.19498e-06,7,107.8,ebi-a-GCST90001698,rs115550848,A,G,0.0059, || id:ebi-a-GCST90001698,TRUE,reported,igd
3408,81422404,14.08,6.73907e-08,7,76.16,ebi-a-GCST90001698,rs17501774,G,A,0.0163, || id:ebi-a-GCST90001698,TRUE,reported,igd
3408,137569181,29.09,6.59599e-06,7,131.3,ebi-a-GCST90001698,rs117944233,T,C,0.0041, || id:ebi-a-GCST90001698,TRUE,reported,igd
3408,112317649,26.82,1.022e-06,7,131.3,ebi-a-GCST90001698,rs146204142,A,C,0.0044, || id:ebi-a-GCST90001698,TRUE,reported,igd
3408,52813883,20.57,6.81993e-06,7,92.68,ebi-a-GCST90001698,rs142537480,C,T,0.0078, || id:ebi-a-GCST90001698,TRUE,reported,igd
3408,109248384,55.24,1.21004e-17,7,475,ebi-a-GCST90001698,rs35730839,T,C,0.001, || id:ebi-a-GCST90001698,TRUE,reported,igd
3408,34681601,62.22,8.88996e-11,7,404.7,ebi-a-GCST90001698,rs80305889,G,T,7e-04, || id:ebi-a-GCST90001698,TRUE,reported,igd
3408,6934892,39.21,1.67494e-11,7,264.9,ebi-a-GCST90001698,rs117433099,A,G,0.0019, || id:ebi-a-GCST90001698,TRUE,reported,igd
3408,37590076,18.22,4.11396e-10,7,114.2,ebi-a-GCST90001698,rs147681963,T,C,0.0094, || id:ebi-a-GCST90001698,TRUE,reported,igd
3408,7885705,17.66,1.40201e-06,7,85.37,ebi-a-GCST90001698,rs10276305,A,G,0.0104, || id:ebi-a-GCST90001698,TRUE,reported,igd
3408,113821794,10.46,1.422e-06,7,50.52,ebi-a-GCST90001698,rs77646481,C,T,0.0296, || id:ebi-a-GCST90001698,TRUE,reported,igd
3408,46290614,56.05,1.239e-06,7,272.3,ebi-a-GCST90001698,rs180795781,A,G,9e-04, || id:ebi-a-GCST90001698,TRUE,reported,igd
3408,54517004,30.32,4.31201e-06,7,139.5,ebi-a-GCST90001698,rs142302016,A,G,0.0038, || id:ebi-a-GCST90001698,TRUE,reported,igd
3408,101754392,34.47,4.17254e-11,7,228.2,ebi-a-GCST90001698,rs554574739,C,T,0.0028, || id:ebi-a-GCST90001698,TRUE,reported,igd
3408,79791344,27.65,1.31311e-22,7,272.5,ebi-a-GCST90001698,rs117469911,A,C,0.0035, || id:ebi-a-GCST90001698,TRUE,reported,igd
3408,46417626,27.04,4.9306e-14,7,204.6,ebi-a-GCST90001698,rs73116391,G,T,0.004, || id:ebi-a-GCST90001698,TRUE,reported,igd
3408,147886758,26.75,2.88602e-07,7,137.5,ebi-a-GCST90001698,rs118044214,A,G,0.0044, || id:ebi-a-GCST90001698,TRUE,reported,igd
3408,56724250,28.52,1.87888e-11,7,192.2,ebi-a-GCST90001698,rs115221944,G,T,0.0041, || id:ebi-a-GCST90001698,TRUE,reported,igd
3408,78599311,46.83,2.02302e-07,7,243.9,ebi-a-GCST90001698,rs545493508,T,A,0.0019, || id:ebi-a-GCST90001698,TRUE,reported,igd
3408,131413341,31.03,2.76701e-09,7,184.9,ebi-a-GCST90001698,rs74842782,G,T,0.0032, || id:ebi-a-GCST90001698,TRUE,reported,igd
3408,158334355,17.32,2.60615e-14,7,132.5,ebi-a-GCST90001698,rs78470553,A,G,0.0097, || id:ebi-a-GCST90001698,TRUE,reported,igd
3408,83368658,30.9,5.03802e-09,7,181.1,ebi-a-GCST90001698,rs184401135,T,C,0.0032, || id:ebi-a-GCST90001698,TRUE,reported,igd
3408,5907599,26.43,7.60291e-06,7,118.5,ebi-a-GCST90001698,rs146975368,A,G,0.005, || id:ebi-a-GCST90001698,TRUE,reported,igd
3408,6231210,33.08,2.87799e-06,7,155,ebi-a-GCST90001698,rs145057921,T,G,0.0026, || id:ebi-a-GCST90001698,TRUE,reported,igd
3408,13558580,68.52,1.7049e-27,7,750.9,ebi-a-GCST90001698,rs186251573,C,A,7e-04, || id:ebi-a-GCST90001698,TRUE,reported,igd
3408,29025284,64.95,1.22999e-10,7,419.3,ebi-a-GCST90001698,rs138449036,T,C,6e-04, || id:ebi-a-GCST90001698,TRUE,reported,igd
3408,142438302,113.7,1.9059e-42,7,1574,ebi-a-GCST90001698,rs79647440,T,C,4e-04, || id:ebi-a-GCST90001698,TRUE,reported,igd
3408,141814031,10.14,4.44201e-07,7,51.3,ebi-a-GCST90001698,rs559989071,G,A,0.0335, || id:ebi-a-GCST90001698,TRUE,reported,igd
3408,131191874,53.43,3.31398e-10,7,336.7,ebi-a-GCST90001698,rs35706199,T,C,9e-04, || id:ebi-a-GCST90001698,TRUE,reported,igd
3408,134350922,28.68,3.27597e-07,7,146.7,ebi-a-GCST90001698,rs118124593,A,G,0.0043, || id:ebi-a-GCST90001698,TRUE,reported,igd
3408,136855654,41.15,4.15336e-13,7,299.6,ebi-a-GCST90001698,rs150400236,T,C,0.0018, || id:ebi-a-GCST90001698,TRUE,reported,igd
3408,7759826,7.259,1.05201e-06,7,35.5,ebi-a-GCST90001698,rs28914837,T,A,0.0651, || id:ebi-a-GCST90001698,TRUE,reported,igd
3408,69510130,23.63,6.02976e-12,7,163.2,ebi-a-GCST90001698,rs117079032,C,T,0.006, || id:ebi-a-GCST90001698,TRUE,reported,igd
3408,62917010,36.78,4.14572e-16,7,300.6,ebi-a-GCST90001698,rs185754925,G,A,0.0025, || id:ebi-a-GCST90001698,TRUE,reported,igd
3408,49894195,18.51,8.42306e-06,7,82.59,ebi-a-GCST90001698,rs144872818,T,G,0.0089, || id:ebi-a-GCST90001698,TRUE,reported,igd
3408,146550168,43.46,3.74714e-12,7,303,ebi-a-GCST90001698,rs111399817,T,G,0.0015, || id:ebi-a-GCST90001698,TRUE,reported,igd
3408,78657809,16.13,1.04701e-07,7,85.98,ebi-a-GCST90001698,rs113677798,G,A,0.0114, || id:ebi-a-GCST90001698,TRUE,reported,igd
3408,78834873,16.56,3.66303e-06,7,76.79,ebi-a-GCST90001698,rs149168806,T,C,0.0107, || id:ebi-a-GCST90001698,TRUE,reported,igd
3408,113679246,17.31,5.64157e-14,7,130.7,ebi-a-GCST90001698,rs73206236,A,G,0.0116, || id:ebi-a-GCST90001698,TRUE,reported,igd
3408,153895185,21.64,5.99294e-09,7,126.2,ebi-a-GCST90001698,rs116921833,T,C,0.0065, || id:ebi-a-GCST90001698,TRUE,reported,igd
3408,23682802,25.4,3.43479e-11,8,168.8,ebi-a-GCST90001698,rs142111513,C,G,0.0045, || id:ebi-a-GCST90001698,TRUE,reported,igd
3408,42060072,42.76,2.28613e-12,8,301.1,ebi-a-GCST90001698,rs8178689,G,A,0.0018, || id:ebi-a-GCST90001698,TRUE,reported,igd
3408,52563134,35.13,1.99099e-06,8,167.3,ebi-a-GCST90001698,rs117339150,A,G,0.0025, || id:ebi-a-GCST90001698,TRUE,reported,igd
3408,57917248,62.01,7.98914e-11,8,404.4,ebi-a-GCST90001698,rs77370289,C,T,7e-04, || id:ebi-a-GCST90001698,TRUE,reported,igd
3408,81419619,24.02,6.83502e-06,8,108.2,ebi-a-GCST90001698,rs186888992,A,G,0.0057, || id:ebi-a-GCST90001698,TRUE,reported,igd
3408,12500832,44.12,4.88765e-19,8,395.7,ebi-a-GCST90001698,rs34039708,A,C,0.0019, || id:ebi-a-GCST90001698,TRUE,reported,igd
3408,134999971,32.77,7.48307e-07,8,162.5,ebi-a-GCST90001698,rs72727978,G,A,0.0028, || id:ebi-a-GCST90001698,TRUE,reported,igd
3408,142876352,51.12,3.94912e-15,8,403.5,ebi-a-GCST90001698,rs113122796,G,C,0.001, || id:ebi-a-GCST90001698,TRUE,reported,igd
3408,117040660,20.15,1.26299e-11,8,137,ebi-a-GCST90001698,rs181660070,T,C,0.0085, || id:ebi-a-GCST90001698,TRUE,reported,igd
3408,61340602,29.75,1.68e-06,8,142.7,ebi-a-GCST90001698,rs117389556,G,A,0.004, || id:ebi-a-GCST90001698,TRUE,reported,igd
3408,106840842,22.05,7.70708e-08,8,118.7,ebi-a-GCST90001698,rs117609491,A,G,0.0065, || id:ebi-a-GCST90001698,TRUE,reported,igd
3408,112234506,40.57,1.43499e-10,8,260.9,ebi-a-GCST90001698,rs117741105,A,G,0.0021, || id:ebi-a-GCST90001698,TRUE,reported,igd
3408,31315428,30.92,5.90704e-09,8,180.4,ebi-a-GCST90001698,rs117127715,A,G,0.0032, || id:ebi-a-GCST90001698,TRUE,reported,igd
3408,69864162,35.52,3.67502e-08,8,196,ebi-a-GCST90001698,rs117626443,G,C,0.0023, || id:ebi-a-GCST90001698,TRUE,reported,igd
3408,138817238,15.59,1.60199e-07,8,81.84,ebi-a-GCST90001698,rs555447585,G,A,0.0131, || id:ebi-a-GCST90001698,TRUE,reported,igd
3408,13716390,132.8,6.61302e-42,8,1826,ebi-a-GCST90001698,rs79851411,A,G,1e-04, || id:ebi-a-GCST90001698,TRUE,reported,igd
3408,99217391,25.6,3.55902e-06,8,118.9,ebi-a-GCST90001698,rs35376347,C,T,0.0048, || id:ebi-a-GCST90001698,TRUE,reported,igd
3408,16526793,25.24,1.278e-07,8,-133.6,ebi-a-GCST90001698,rs1368539,A,T,0.995, || id:ebi-a-GCST90001698,TRUE,reported,igd
3408,9202609,44.42,1.38998e-09,8,269.8,ebi-a-GCST90001698,rs75361870,A,G,0.0015, || id:ebi-a-GCST90001698,TRUE,reported,igd
3408,4778180,23.94,2.548e-06,8,112.8,ebi-a-GCST90001698,rs79580432,C,G,0.0053, || id:ebi-a-GCST90001698,TRUE,reported,igd
3408,25574426,21.61,3.68468e-14,8,164.3,ebi-a-GCST90001698,rs34000508,T,C,0.0066, || id:ebi-a-GCST90001698,TRUE,reported,igd
3408,1322274,52.95,1.17501e-07,8,281.1,ebi-a-GCST90001698,rs140129399,G,T,0.0013, || id:ebi-a-GCST90001698,TRUE,reported,igd
3408,57056704,29.41,4.948e-09,8,172.5,ebi-a-GCST90001698,rs139584477,A,G,0.0035, || id:ebi-a-GCST90001698,TRUE,reported,igd
3408,99344753,30.11,3.596e-07,8,153.6,ebi-a-GCST90001698,rs117685161,G,A,0.0037, || id:ebi-a-GCST90001698,TRUE,reported,igd
3408,89800477,12.75,9.83807e-06,8,56.44,ebi-a-GCST90001698,rs150058365,C,T,0.0198, || id:ebi-a-GCST90001698,TRUE,reported,igd
3408,124197307,20,7.32099e-10,8,123.5,ebi-a-GCST90001698,rs147959386,A,G,0.0079, || id:ebi-a-GCST90001698,TRUE,reported,igd
3408,128271231,17.34,7.63097e-07,8,85.91,ebi-a-GCST90001698,rs13249758,G,A,0.0106, || id:ebi-a-GCST90001698,TRUE,reported,igd
3408,129915383,39.06,4.76299e-09,8,229.3,ebi-a-GCST90001698,rs117123362,C,G,0.0021, || id:ebi-a-GCST90001698,TRUE,reported,igd
3408,28381797,183.2,6.80393e-08,8,991,ebi-a-GCST90001698,rs149627909,T,C,1e-04, || id:ebi-a-GCST90001698,TRUE,reported,igd
3408,98513319,62.7,2.426e-09,8,375.1,ebi-a-GCST90001698,rs117440863,C,T,9e-04, || id:ebi-a-GCST90001698,TRUE,reported,igd
3408,116858342,20.65,1.187e-06,8,100.5,ebi-a-GCST90001698,rs62513341,A,C,0.0076, || id:ebi-a-GCST90001698,TRUE,reported,igd
3408,124174485,19.94,2.77e-08,8,111,ebi-a-GCST90001698,rs117983267,A,C,0.0079, || id:ebi-a-GCST90001698,TRUE,reported,igd
3408,143859934,70.61,3.17395e-31,8,828.9,ebi-a-GCST90001698,rs79218577,C,G,7e-04, || id:ebi-a-GCST90001698,TRUE,reported,igd
3408,30627573,38.53,5.64287e-11,8,253.3,ebi-a-GCST90001698,rs183280627,A,G,0.0021, || id:ebi-a-GCST90001698,TRUE,reported,igd
3408,73079210,37.47,3.85496e-08,8,206.4,ebi-a-GCST90001698,rs117808048,A,G,0.0026, || id:ebi-a-GCST90001698,TRUE,reported,igd
3408,2859400,61.96,2.79203e-09,8,369.2,ebi-a-GCST90001698,rs144258173,G,A,7e-04, || id:ebi-a-GCST90001698,TRUE,reported,igd
3408,6769704,12.97,3.96698e-06,8,59.92,ebi-a-GCST90001698,rs74416723,A,G,0.0195, || id:ebi-a-GCST90001698,TRUE,reported,igd
3408,41997183,32.72,2.306e-07,8,169.6,ebi-a-GCST90001698,rs144582155,A,C,0.0029, || id:ebi-a-GCST90001698,TRUE,reported,igd
3408,4499026,21.02,3.185e-08,8,116.6,ebi-a-GCST90001698,rs77009235,T,C,0.0066, || id:ebi-a-GCST90001698,TRUE,reported,igd
3408,33264182,60.54,6.08597e-08,8,328.6,ebi-a-GCST90001698,rs117219726,A,G,9e-04, || id:ebi-a-GCST90001698,TRUE,reported,igd
3408,131835695,37.99,1.08101e-06,8,185.6,ebi-a-GCST90001698,rs76230052,C,T,0.0021, || id:ebi-a-GCST90001698,TRUE,reported,igd
3408,144562245,37.09,2.41379e-11,8,248.5,ebi-a-GCST90001698,rs118076041,A,G,0.0022, || id:ebi-a-GCST90001698,TRUE,reported,igd
3408,82400020,35.66,4.08103e-08,8,196.1,ebi-a-GCST90001698,rs117448261,C,T,0.0022, || id:ebi-a-GCST90001698,TRUE,reported,igd
3408,133917168,26.37,1.75598e-07,9,138,ebi-a-GCST90001698,rs45440296,A,G,0.0041, || id:ebi-a-GCST90001698,TRUE,reported,igd
3408,25887570,42.47,3.59418e-13,9,310,ebi-a-GCST90001698,rs151035277,A,T,0.0018, || id:ebi-a-GCST90001698,TRUE,reported,igd
3408,504491,28.32,4.88652e-12,9,196.4,ebi-a-GCST90001698,rs374964617,C,A,0.0038, || id:ebi-a-GCST90001698,TRUE,reported,igd
3408,77966779,55.7,1.04496e-18,9,494.7,ebi-a-GCST90001698,rs144206851,T,G,0.0012, || id:ebi-a-GCST90001698,TRUE,reported,igd
3408,106801353,33.18,2.28202e-08,9,185.9,ebi-a-GCST90001698,rs145563511,G,A,0.0031, || id:ebi-a-GCST90001698,TRUE,reported,igd
3408,111194567,10.79,2.45397e-06,9,50.94,ebi-a-GCST90001698,rs140899856,G,T,0.0301, || id:ebi-a-GCST90001698,TRUE,reported,igd
3408,140235501,31.51,2.45997e-09,9,188.4,ebi-a-GCST90001698,rs77733172,T,C,0.0037, || id:ebi-a-GCST90001698,TRUE,reported,igd
3408,122201008,20.78,3.35197e-10,9,130.9,ebi-a-GCST90001698,rs76543451,A,G,0.0079, || id:ebi-a-GCST90001698,TRUE,reported,igd
3408,28759554,26.38,1.64101e-08,9,149.3,ebi-a-GCST90001698,rs148380088,T,C,0.0044, || id:ebi-a-GCST90001698,TRUE,reported,igd
3408,23576735,34.68,3.42602e-06,9,161.3,ebi-a-GCST90001698,rs148602493,C,T,0.0028, || id:ebi-a-GCST90001698,TRUE,reported,igd
3408,135625608,19.43,1.16001e-10,9,125.6,ebi-a-GCST90001698,rs74336249,T,C,0.0076, || id:ebi-a-GCST90001698,TRUE,reported,igd
3408,10278984,78.49,1.8281e-21,9,751.9,ebi-a-GCST90001698,rs148835086,T,C,4e-04, || id:ebi-a-GCST90001698,TRUE,reported,igd
3408,107332377,33.39,5.56545e-11,9,219.6,ebi-a-GCST90001698,rs76017116,A,T,0.0026, || id:ebi-a-GCST90001698,TRUE,reported,igd
3408,121837015,22.12,1.62002e-07,9,116.1,ebi-a-GCST90001698,rs79727415,A,C,0.0059, || id:ebi-a-GCST90001698,TRUE,reported,igd
3408,45362596,15.83,1.167e-09,9,96.61,ebi-a-GCST90001698,rs559632285,A,C,0.0156, || id:ebi-a-GCST90001698,TRUE,reported,igd
3408,83435830,39.24,4.46303e-08,9,215.2,ebi-a-GCST90001698,rs117702997,G,A,0.0021, || id:ebi-a-GCST90001698,TRUE,reported,igd
3408,111627658,9.88,4.71998e-06,9,45.29,ebi-a-GCST90001698,rs150336475,A,T,0.0351, || id:ebi-a-GCST90001698,TRUE,reported,igd
3408,22268719,28.63,6.50699e-07,9,142.7,ebi-a-GCST90001698,rs10965305,G,C,0.0037, || id:ebi-a-GCST90001698,TRUE,reported,igd
3408,136915695,92.78,4.72607e-27,9,1008,ebi-a-GCST90001698,rs34609592,A,G,3e-04, || id:ebi-a-GCST90001698,TRUE,reported,igd
3408,107628892,10.84,1.42899e-06,9,52.34,ebi-a-GCST90001698,rs111373539,A,T,0.0283, || id:ebi-a-GCST90001698,TRUE,reported,igd
3408,10593877,22.17,3.755e-07,9,112.9,ebi-a-GCST90001698,rs148629497,G,A,0.0059, || id:ebi-a-GCST90001698,TRUE,reported,igd
3408,38796687,37.3,2.50697e-06,9,175.9,ebi-a-GCST90001698,rs62567746,A,G,0.0021, || id:ebi-a-GCST90001698,TRUE,reported,igd
3408,10774031,49.05,7.01455e-18,9,424.9,ebi-a-GCST90001698,rs72704856,G,A,0.0013, || id:ebi-a-GCST90001698,TRUE,reported,igd
3408,29889453,32,3.02901e-12,9,224.1,ebi-a-GCST90001698,rs118062750,T,A,0.0028, || id:ebi-a-GCST90001698,TRUE,reported,igd
3408,100968226,20.28,1.88799e-12,9,143.3,ebi-a-GCST90001698,rs7850783,G,A,0.0079, || id:ebi-a-GCST90001698,TRUE,reported,igd
3408,10889621,63.75,3.47136e-28,9,708.1,ebi-a-GCST90001698,rs149649979,T,C,7e-04, || id:ebi-a-GCST90001698,TRUE,reported,igd
3408,22449820,14.71,2.83798e-06,9,69.01,ebi-a-GCST90001698,rs75489053,G,A,0.0145, || id:ebi-a-GCST90001698,TRUE,reported,igd
3408,79057643,36.99,3.79402e-11,9,245.4,ebi-a-GCST90001698,rs12378893,A,G,0.0025, || id:ebi-a-GCST90001698,TRUE,reported,igd
3408,67316488,25.73,4.79402e-06,9,117.9,ebi-a-GCST90001698,rs562356749,C,T,0.0056, || id:ebi-a-GCST90001698,TRUE,reported,igd
3408,102390885,26.7,2.50501e-09,9,159.6,ebi-a-GCST90001698,rs188376248,T,C,0.0044, || id:ebi-a-GCST90001698,TRUE,reported,igd
3408,99511751,49.2,3.58261e-13,9,359.1,ebi-a-GCST90001698,rs10122523,A,G,0.0012, || id:ebi-a-GCST90001698,TRUE,reported,igd
3408,137149408,59.93,6.19156e-18,9,520,ebi-a-GCST90001698,rs72768736,A,G,7e-04, || id:ebi-a-GCST90001698,TRUE,reported,igd
3408,138652160,35.46,5.80297e-07,9,177.5,ebi-a-GCST90001698,rs139145617,T,C,0.0025, || id:ebi-a-GCST90001698,TRUE,reported,igd
3408,138791163,24.58,3.27198e-06,9,114.6,ebi-a-GCST90001698,rs13293817,A,G,0.0053, || id:ebi-a-GCST90001698,TRUE,reported,igd
3408,1765793,36.08,1.58001e-08,10,204.4,ebi-a-GCST90001698,rs140322068,A,G,0.0032, || id:ebi-a-GCST90001698,TRUE,reported,igd
3408,92600913,76.44,2.59896e-14,10,584.7,ebi-a-GCST90001698,rs72810820,T,C,4e-04, || id:ebi-a-GCST90001698,TRUE,reported,igd
3408,106333320,6.789,4.73904e-06,10,31.12,ebi-a-GCST90001698,rs10159645,A,C,0.0761, || id:ebi-a-GCST90001698,TRUE,reported,igd
3408,66659421,79.88,2.18998e-09,10,479.2,ebi-a-GCST90001698,rs145835734,G,T,4e-04, || id:ebi-a-GCST90001698,TRUE,reported,igd
3408,33359425,15.15,1.30401e-10,10,97.68,ebi-a-GCST90001698,rs78622624,C,T,0.0128, || id:ebi-a-GCST90001698,TRUE,reported,igd
3408,38359540,22.24,3.14e-06,10,103.8,ebi-a-GCST90001698,rs139781702,G,A,0.0079, || id:ebi-a-GCST90001698,TRUE,reported,igd
3408,52735936,28.49,1.68112e-11,10,192.4,ebi-a-GCST90001698,rs2816832,T,C,0.0035, || id:ebi-a-GCST90001698,TRUE,reported,igd
3408,132596864,10.31,6.47098e-09,10,59.98,ebi-a-GCST90001698,rs138948609,A,G,0.0318, || id:ebi-a-GCST90001698,TRUE,reported,igd
3408,36442592,22.14,2.14585e-12,10,156.1,ebi-a-GCST90001698,rs2384564,G,A,0.0066, || id:ebi-a-GCST90001698,TRUE,reported,igd
3408,120573449,31.66,2.41702e-08,10,177.1,ebi-a-GCST90001698,rs191325818,C,A,0.004, || id:ebi-a-GCST90001698,TRUE,reported,igd
3408,69536834,203.7,1.63301e-09,10,1232,ebi-a-GCST90001698,rs143395500,T,C,1e-04, || id:ebi-a-GCST90001698,TRUE,reported,igd
3408,82437388,40.33,4.43803e-08,10,221.2,ebi-a-GCST90001698,rs184899141,A,G,0.0019, || id:ebi-a-GCST90001698,TRUE,reported,igd
3408,4688192,45.79,2.35613e-13,10,336.9,ebi-a-GCST90001698,rs77390603,A,C,0.0015, || id:ebi-a-GCST90001698,TRUE,reported,igd
3408,16995517,19.47,2.07601e-10,10,124.1,ebi-a-GCST90001698,rs145743664,C,T,0.0092, || id:ebi-a-GCST90001698,TRUE,reported,igd
3408,91013835,16.51,7.06399e-09,10,95.85,ebi-a-GCST90001698,rs112517700,A,G,0.0114, || id:ebi-a-GCST90001698,TRUE,reported,igd
3408,101494118,52.32,4.018e-10,10,328.1,ebi-a-GCST90001698,rs143772909,T,C,0.001, || id:ebi-a-GCST90001698,TRUE,reported,igd
3408,124406240,29.94,9.88553e-11,10,194.3,ebi-a-GCST90001698,rs117003718,A,G,0.0035, || id:ebi-a-GCST90001698,TRUE,reported,igd
3408,31026572,47.7,3.54977e-21,10,453.6,ebi-a-GCST90001698,rs149860203,T,C,0.0013, || id:ebi-a-GCST90001698,TRUE,reported,igd
3408,53915868,40.68,2.64789e-23,10,407.5,ebi-a-GCST90001698,rs10824158,T,G,0.0019, || id:ebi-a-GCST90001698,TRUE,reported,igd
3408,55118190,19.62,3.41099e-06,10,91.26,ebi-a-GCST90001698,rs78793273,C,G,0.0076, || id:ebi-a-GCST90001698,TRUE,reported,igd
3408,107595273,34.15,3.27703e-07,10,174.7,ebi-a-GCST90001698,rs117098395,A,T,0.0028, || id:ebi-a-GCST90001698,TRUE,reported,igd
3408,22411454,13.23,6.37001e-09,10,77.03,ebi-a-GCST90001698,rs145021762,A,G,0.0207, || id:ebi-a-GCST90001698,TRUE,reported,igd
3408,24055451,13.44,2.95101e-06,10,62.93,ebi-a-GCST90001698,rs139445618,T,C,0.0169, || id:ebi-a-GCST90001698,TRUE,reported,igd
3408,17396637,7.897,8.00295e-06,10,35.31,ebi-a-GCST90001698,rs148109962,G,A,0.0555, || id:ebi-a-GCST90001698,TRUE,reported,igd
3408,54704473,22.31,2.31793e-16,10,183.9,ebi-a-GCST90001698,rs147968748,G,A,0.0057, || id:ebi-a-GCST90001698,TRUE,reported,igd
3408,89500755,65.92,4.57804e-09,10,387.4,ebi-a-GCST90001698,rs11202534,T,G,0.001, || id:ebi-a-GCST90001698,TRUE,reported,igd
3408,121973769,54.04,5.57571e-17,10,454.9,ebi-a-GCST90001698,rs74157741,T,C,0.001, || id:ebi-a-GCST90001698,TRUE,reported,igd
3408,17605945,24.92,1.9169e-16,10,206,ebi-a-GCST90001698,rs72780729,T,A,0.0047, || id:ebi-a-GCST90001698,TRUE,reported,igd
3408,1734511,54.32,6.51328e-22,10,526.2,ebi-a-GCST90001698,rs11596188,G,C,9e-04, || id:ebi-a-GCST90001698,TRUE,reported,igd
3408,6554827,29.23,8.50903e-07,10,144.2,ebi-a-GCST90001698,rs118084393,C,T,0.0037, || id:ebi-a-GCST90001698,TRUE,reported,igd
3408,85916001,82.87,2.60916e-15,10,658.4,ebi-a-GCST90001698,rs74322543,G,A,4e-04, || id:ebi-a-GCST90001698,TRUE,reported,igd
3408,119966169,39.46,5.34072e-22,10,383.1,ebi-a-GCST90001698,rs575794055,G,A,0.0019, || id:ebi-a-GCST90001698,TRUE,reported,igd
3408,133380798,50.2,2.63998e-06,10,236.2,ebi-a-GCST90001698,rs74853222,A,G,0.0013, || id:ebi-a-GCST90001698,TRUE,reported,igd
3408,5377215,57.08,1.15505e-21,10,549.6,ebi-a-GCST90001698,rs147563624,T,C,9e-04, || id:ebi-a-GCST90001698,TRUE,reported,igd
3408,10620991,44.28,4.92153e-14,11,335,ebi-a-GCST90001698,rs76385522,T,C,0.0016, || id:ebi-a-GCST90001698,TRUE,reported,igd
3408,25534610,31.58,1.01601e-16,11,263.6,ebi-a-GCST90001698,rs78922116,T,C,0.0029, || id:ebi-a-GCST90001698,TRUE,reported,igd
3408,94284134,33.09,3.41704e-08,11,183,ebi-a-GCST90001698,rs78524989,G,T,0.0029, || id:ebi-a-GCST90001698,TRUE,reported,igd
3408,133304292,34.11,1.80198e-06,11,163.2,ebi-a-GCST90001698,rs7102247,C,T,0.0026, || id:ebi-a-GCST90001698,TRUE,reported,igd
3408,33121166,18.42,1.17501e-08,11,105.3,ebi-a-GCST90001698,rs78085398,A,G,0.0094, || id:ebi-a-GCST90001698,TRUE,reported,igd
3408,75103559,24.86,6.05899e-06,11,112.6,ebi-a-GCST90001698,rs145665517,A,G,0.0045, || id:ebi-a-GCST90001698,TRUE,reported,igd
3408,74172698,26.48,3.80697e-07,11,134.7,ebi-a-GCST90001698,rs192346792,A,C,0.0043, || id:ebi-a-GCST90001698,TRUE,reported,igd
3408,92081132,26.87,1.54198e-08,11,152.4,ebi-a-GCST90001698,rs186370342,T,A,0.004, || id:ebi-a-GCST90001698,TRUE,reported,igd
3408,12065087,13.66,3.28398e-12,11,95.49,ebi-a-GCST90001698,rs1106305,T,C,0.0173, || id:ebi-a-GCST90001698,TRUE,reported,igd
3408,43996684,20.75,6.375e-06,11,93.82,ebi-a-GCST90001698,rs113653707,C,A,0.0075, || id:ebi-a-GCST90001698,TRUE,reported,igd
3408,60694375,31.2,2.72898e-09,11,186,ebi-a-GCST90001698,rs117270364,C,A,0.0032, || id:ebi-a-GCST90001698,TRUE,reported,igd
3408,87291175,51.12,1.54917e-14,11,394.5,ebi-a-GCST90001698,rs142869493,T,C,0.0013, || id:ebi-a-GCST90001698,TRUE,reported,igd
3408,130773279,14.06,1.573e-06,11,67.61,ebi-a-GCST90001698,rs61759531,G,C,0.0161, || id:ebi-a-GCST90001698,TRUE,reported,igd
3408,99466406,23.04,7.57897e-06,11,103.3,ebi-a-GCST90001698,rs117467460,T,A,0.0081, || id:ebi-a-GCST90001698,TRUE,reported,igd
3408,95180478,37.83,2.003e-08,11,212.8,ebi-a-GCST90001698,rs75157411,A,G,0.0022, || id:ebi-a-GCST90001698,TRUE,reported,igd
3408,122918979,131.7,9.60064e-41,11,1783,ebi-a-GCST90001698,rs117284243,T,A,1e-04, || id:ebi-a-GCST90001698,TRUE,reported,igd
3408,127881478,43.55,1.06611e-11,11,297,ebi-a-GCST90001698,rs78881177,C,A,0.0016, || id:ebi-a-GCST90001698,TRUE,reported,igd
3408,76470121,31.68,3.98098e-09,11,187,ebi-a-GCST90001698,rs138259561,A,G,0.0029, || id:ebi-a-GCST90001698,TRUE,reported,igd
3408,59336329,46.48,2.28876e-13,11,342.1,ebi-a-GCST90001698,rs7130130,A,G,0.0015, || id:ebi-a-GCST90001698,TRUE,reported,igd
3408,2477438,19.92,5.36995e-07,11,100,ebi-a-GCST90001698,rs146252263,T,C,0.0082, || id:ebi-a-GCST90001698,TRUE,reported,igd
3408,3830358,28.49,4.08413e-18,11,248.6,ebi-a-GCST90001698,rs118014538,A,G,0.004, || id:ebi-a-GCST90001698,TRUE,reported,igd
3408,29902098,16.28,3.20797e-08,11,90.23,ebi-a-GCST90001698,rs74540476,A,G,0.0122, || id:ebi-a-GCST90001698,TRUE,reported,igd
3408,70599488,41.4,8.22811e-11,11,269.8,ebi-a-GCST90001698,rs77695406,A,T,0.0018, || id:ebi-a-GCST90001698,TRUE,reported,igd
3408,109660227,20.64,8.59607e-12,11,141.4,ebi-a-GCST90001698,rs79741386,A,G,0.0073, || id:ebi-a-GCST90001698,TRUE,reported,igd
3408,123053955,28.56,8.67102e-08,11,153.2,ebi-a-GCST90001698,rs75093728,C,G,0.004, || id:ebi-a-GCST90001698,TRUE,reported,igd
3408,109281106,18.08,1.41906e-11,11,122.6,ebi-a-GCST90001698,rs189796120,T,C,0.01, || id:ebi-a-GCST90001698,TRUE,reported,igd
3408,31631366,54.89,3.95603e-10,11,344.4,ebi-a-GCST90001698,rs117420444,A,T,0.001, || id:ebi-a-GCST90001698,TRUE,reported,igd
3408,84269972,69.55,1.90283e-23,11,699.1,ebi-a-GCST90001698,rs12279408,T,C,7e-04, || id:ebi-a-GCST90001698,TRUE,reported,igd
3408,83433494,123.4,8.41395e-101,11,2721,ebi-a-GCST90001698,rs76552842,A,G,1e-04, || id:ebi-a-GCST90001698,TRUE,reported,igd
3408,43037421,17.4,1.07399e-09,11,106.4,ebi-a-GCST90001698,rs201928503,A,T,0.0106, || id:ebi-a-GCST90001698,TRUE,reported,igd
3408,1149087,33.74,2.712e-08,11,188,ebi-a-GCST90001698,rs117573224,A,G,0.0029, || id:ebi-a-GCST90001698,TRUE,reported,igd
3408,3114190,31.15,2.629e-06,11,146.6,ebi-a-GCST90001698,rs35733103,T,C,0.0034, || id:ebi-a-GCST90001698,TRUE,reported,igd
3408,121746998,80.31,6.48485e-25,11,834.4,ebi-a-GCST90001698,rs116916598,G,A,6e-04, || id:ebi-a-GCST90001698,TRUE,reported,igd
3408,129187484,43.92,6.96306e-11,11,287.4,ebi-a-GCST90001698,rs77485746,A,C,0.0015, || id:ebi-a-GCST90001698,TRUE,reported,igd
3408,129773605,30.85,2.48714e-12,12,216.9,ebi-a-GCST90001698,rs11060236,G,A,0.0031, || id:ebi-a-GCST90001698,TRUE,reported,igd
3408,116077199,41.59,1.29092e-14,12,322,ebi-a-GCST90001698,rs77577050,T,G,0.0016, || id:ebi-a-GCST90001698,TRUE,reported,igd
3408,130060949,54.5,1.65691e-31,12,642.9,ebi-a-GCST90001698,rs146822590,T,A,9e-04, || id:ebi-a-GCST90001698,TRUE,reported,igd
3408,53402638,25.27,1.29999e-08,12,144.1,ebi-a-GCST90001698,rs144682449,A,G,0.0062, || id:ebi-a-GCST90001698,TRUE,reported,igd
3408,40219046,128.7,6.35404e-07,12,642.2,ebi-a-GCST90001698,rs78387363,C,G,NA, || id:ebi-a-GCST90001698,TRUE,reported,igd
3408,46009960,60.2,4.24522e-11,12,398.3,ebi-a-GCST90001698,rs58817739,G,A,7e-04, || id:ebi-a-GCST90001698,TRUE,reported,igd
3408,132283582,57.77,7.10722e-23,12,573,ebi-a-GCST90001698,rs117785622,T,G,0.001, || id:ebi-a-GCST90001698,TRUE,reported,igd
3408,106241673,13.96,4.67197e-09,12,82,ebi-a-GCST90001698,rs11112760,T,C,0.0173, || id:ebi-a-GCST90001698,TRUE,reported,igd
3408,10963475,55.97,5.40256e-20,12,515.7,ebi-a-GCST90001698,rs137943198,A,C,9e-04, || id:ebi-a-GCST90001698,TRUE,reported,igd
3408,60257747,13.18,1.40699e-07,12,69.54,ebi-a-GCST90001698,rs73115326,A,T,0.0176, || id:ebi-a-GCST90001698,TRUE,reported,igd
3408,88300742,30.63,3.01703e-07,12,157.2,ebi-a-GCST90001698,rs77364757,A,G,0.0035, || id:ebi-a-GCST90001698,TRUE,reported,igd
3408,103661467,32.81,4.95405e-06,12,150.1,ebi-a-GCST90001698,rs149037944,T,G,0.0029, || id:ebi-a-GCST90001698,TRUE,reported,igd
3408,131000132,16.34,3.11903e-06,12,76.34,ebi-a-GCST90001698,rs143604762,C,T,0.0117, || id:ebi-a-GCST90001698,TRUE,reported,igd
3408,102082782,57.96,7.67008e-19,12,516.8,ebi-a-GCST90001698,rs139075636,G,A,0.001, || id:ebi-a-GCST90001698,TRUE,reported,igd
3408,109036912,28.25,1.226e-08,12,161.3,ebi-a-GCST90001698,rs139898536,T,A,0.0043, || id:ebi-a-GCST90001698,TRUE,reported,igd
3408,44084962,42.62,1.299e-06,12,206.7,ebi-a-GCST90001698,rs75013096,C,G,0.0018, || id:ebi-a-GCST90001698,TRUE,reported,igd
3408,10043518,78.14,1.11995e-35,12,985.5,ebi-a-GCST90001698,rs10505739,C,A,4e-04, || id:ebi-a-GCST90001698,TRUE,reported,igd
3408,43386402,22.15,5.33003e-08,12,120.8,ebi-a-GCST90001698,rs188790487,A,G,0.0067, || id:ebi-a-GCST90001698,TRUE,reported,igd
3408,19311236,109.5,1.70412e-27,12,1200,ebi-a-GCST90001698,rs188074116,A,G,1e-04, || id:ebi-a-GCST90001698,TRUE,reported,igd
3408,114748976,22.89,1.64399e-06,12,109.9,ebi-a-GCST90001698,rs117004916,C,T,0.0059, || id:ebi-a-GCST90001698,TRUE,reported,igd
3408,129340399,42.75,8.73977e-16,12,345.5,ebi-a-GCST90001698,rs112529428,T,C,0.0015, || id:ebi-a-GCST90001698,TRUE,reported,igd
3408,71790032,31.41,8.50805e-07,12,154.9,ebi-a-GCST90001698,rs141976683,C,T,0.0031, || id:ebi-a-GCST90001698,TRUE,reported,igd
3408,77392215,20.58,5.71005e-07,12,103.1,ebi-a-GCST90001698,rs17042703,C,T,0.0073, || id:ebi-a-GCST90001698,TRUE,reported,igd
3408,82065434,48.27,2.74031e-16,12,397,ebi-a-GCST90001698,rs71466029,T,C,0.0015, || id:ebi-a-GCST90001698,TRUE,reported,igd
3408,71181930,45.76,3.79228e-11,12,303.6,ebi-a-GCST90001698,rs78773852,C,T,0.0016, || id:ebi-a-GCST90001698,TRUE,reported,igd
3408,117089403,40.3,2.02023e-11,12,271.1,ebi-a-GCST90001698,rs184910025,A,G,0.0019, || id:ebi-a-GCST90001698,TRUE,reported,igd
3408,119037578,42.57,5.13996e-09,12,249.4,ebi-a-GCST90001698,rs112121527,C,T,0.0019, || id:ebi-a-GCST90001698,TRUE,reported,igd
3408,48190275,92.57,6.37089e-20,12,851.2,ebi-a-GCST90001698,rs147107195,T,C,3e-04, || id:ebi-a-GCST90001698,TRUE,reported,igd
3408,88561479,54.89,9.77913e-23,12,542.5,ebi-a-GCST90001698,rs35275693,G,A,0.001, || id:ebi-a-GCST90001698,TRUE,reported,igd
3408,93540934,45.06,3.01301e-08,12,250.3,ebi-a-GCST90001698,rs117613430,A,G,0.0015, || id:ebi-a-GCST90001698,TRUE,reported,igd
3408,29095512,64.38,9.45584e-12,12,440.2,ebi-a-GCST90001698,rs142686680,C,T,7e-04, || id:ebi-a-GCST90001698,TRUE,reported,igd
3408,52437438,69.06,2.635e-10,12,437.7,ebi-a-GCST90001698,rs117293367,T,C,6e-04, || id:ebi-a-GCST90001698,TRUE,reported,igd
3408,4800867,17.27,8.81089e-06,12,76.86,ebi-a-GCST90001698,rs149313844,G,A,0.011, || id:ebi-a-GCST90001698,TRUE,reported,igd
3408,15618105,30.35,6.79094e-06,12,-136.8,ebi-a-GCST90001698,rs1381033,A,T,0.9962, || id:ebi-a-GCST90001698,TRUE,reported,igd
3408,71043237,24.22,4.99505e-07,12,122,ebi-a-GCST90001698,rs140053174,A,G,0.0059, || id:ebi-a-GCST90001698,TRUE,reported,igd
3408,82550260,33.14,9.769e-07,12,162.6,ebi-a-GCST90001698,rs112004249,A,T,0.0031, || id:ebi-a-GCST90001698,TRUE,reported,igd
3408,100494123,23.81,1.575e-10,12,152.8,ebi-a-GCST90001698,rs146661200,T,C,0.0056, || id:ebi-a-GCST90001698,TRUE,reported,igd
3408,129545747,36.97,5.42001e-14,12,279.2,ebi-a-GCST90001698,rs143435133,A,G,0.0021, || id:ebi-a-GCST90001698,TRUE,reported,igd
3408,133446245,51.47,7.89223e-16,12,416.6,ebi-a-GCST90001698,rs75391939,T,C,0.0012, || id:ebi-a-GCST90001698,TRUE,reported,igd
3408,37301576,140.6,7.55197e-08,13,757.5,ebi-a-GCST90001698,rs140524161,G,T,1e-04, || id:ebi-a-GCST90001698,TRUE,reported,igd
3408,112088993,33.71,9.16896e-10,13,207,ebi-a-GCST90001698,rs75550713,T,C,0.0029, || id:ebi-a-GCST90001698,TRUE,reported,igd
3408,99034552,38.1,1.77787e-11,13,257,ebi-a-GCST90001698,rs3848018,G,A,0.0021, || id:ebi-a-GCST90001698,TRUE,reported,igd
3408,19869255,28.72,2.04786e-18,13,252.9,ebi-a-GCST90001698,rs117075995,G,C,0.0037, || id:ebi-a-GCST90001698,TRUE,reported,igd
3408,112714493,16.92,2.05102e-06,13,80.46,ebi-a-GCST90001698,rs76911919,C,T,0.0117, || id:ebi-a-GCST90001698,TRUE,reported,igd
3408,113264513,46.66,6.52529e-17,13,391.9,ebi-a-GCST90001698,rs80133207,C,G,0.0015, || id:ebi-a-GCST90001698,TRUE,reported,igd
3408,109769788,56.24,1.297e-06,13,272.7,ebi-a-GCST90001698,rs8002354,G,A,0.0013, || id:ebi-a-GCST90001698,TRUE,reported,igd
3408,43404037,32.76,7.305e-10,13,202.4,ebi-a-GCST90001698,rs145720280,C,T,0.0031, || id:ebi-a-GCST90001698,TRUE,reported,igd
3408,28258062,295.6,9.97999e-07,13,1449,ebi-a-GCST90001698,rs147381303,A,G,NA, || id:ebi-a-GCST90001698,TRUE,reported,igd
3408,28485345,43.15,1.044e-12,13,308.6,ebi-a-GCST90001698,rs111648746,A,G,0.0015, || id:ebi-a-GCST90001698,TRUE,reported,igd
3408,84005540,123.7,3.26002e-07,13,633,ebi-a-GCST90001698,rs77214871,T,A,1e-04, || id:ebi-a-GCST90001698,TRUE,reported,igd
3408,105831838,69.63,1.21507e-15,13,559.9,ebi-a-GCST90001698,rs75592465,T,G,6e-04, || id:ebi-a-GCST90001698,TRUE,reported,igd
3408,76775102,44.49,2.77971e-11,13,297.2,ebi-a-GCST90001698,rs80128954,T,C,0.0015, || id:ebi-a-GCST90001698,TRUE,reported,igd
3408,114441229,42.26,8.65566e-17,13,353.5,ebi-a-GCST90001698,rs188618717,A,G,0.0018, || id:ebi-a-GCST90001698,TRUE,reported,igd
3408,113289664,52.29,1.92088e-16,13,432.3,ebi-a-GCST90001698,rs150476409,A,G,0.0012, || id:ebi-a-GCST90001698,TRUE,reported,igd
3408,47807626,19.13,1.30801e-06,13,-92.72,ebi-a-GCST90001698,rs7985427,C,T,0.9906, || id:ebi-a-GCST90001698,TRUE,reported,igd
3408,97185631,15.57,4.08696e-07,13,79.02,ebi-a-GCST90001698,rs9584374,C,T,0.0129, || id:ebi-a-GCST90001698,TRUE,reported,igd
3408,31805158,52.34,1.9059e-13,13,386.5,ebi-a-GCST90001698,rs186400376,A,T,0.001, || id:ebi-a-GCST90001698,TRUE,reported,igd
3408,40914557,41.55,3.67282e-12,13,289.8,ebi-a-GCST90001698,rs113007178,A,T,0.0018, || id:ebi-a-GCST90001698,TRUE,reported,igd
3408,85569939,16.61,7.03299e-07,13,82.56,ebi-a-GCST90001698,rs112111433,A,T,0.0119, || id:ebi-a-GCST90001698,TRUE,reported,igd
3408,95650711,37.81,2.42003e-06,13,178.6,ebi-a-GCST90001698,rs76256154,A,G,0.0021, || id:ebi-a-GCST90001698,TRUE,reported,igd
3408,96254406,15.84,9.11591e-07,13,77.93,ebi-a-GCST90001698,rs7139515,T,C,0.0123, || id:ebi-a-GCST90001698,TRUE,reported,igd
3408,77081029,33.32,2.5171e-14,13,255.1,ebi-a-GCST90001698,rs117177255,T,C,0.0028, || id:ebi-a-GCST90001698,TRUE,reported,igd
3408,112802184,14.62,3.586e-06,13,67.87,ebi-a-GCST90001698,rs147848662,T,A,0.015, || id:ebi-a-GCST90001698,TRUE,reported,igd
3408,62438680,32.5,6.27105e-06,13,147,ebi-a-GCST90001698,rs149582701,G,A,0.0029, || id:ebi-a-GCST90001698,TRUE,reported,igd
3408,72774395,28.31,8.30596e-06,14,126.4,ebi-a-GCST90001698,rs117304580,A,C,0.0037, || id:ebi-a-GCST90001698,TRUE,reported,igd
3408,84609045,55.18,1.61102e-07,14,-289.7,ebi-a-GCST90001698,rs1381623,C,G,0.9991, || id:ebi-a-GCST90001698,TRUE,reported,igd
3408,89207147,54.79,8.6896e-16,14,442.9,ebi-a-GCST90001698,rs74565504,T,G,0.001, || id:ebi-a-GCST90001698,TRUE,reported,igd
3408,58571589,43.36,9.91288e-15,14,337.1,ebi-a-GCST90001698,rs113699161,A,G,0.0015, || id:ebi-a-GCST90001698,TRUE,reported,igd
3408,97924775,23.63,7.42506e-07,14,117.2,ebi-a-GCST90001698,rs141481912,C,T,0.0056, || id:ebi-a-GCST90001698,TRUE,reported,igd
3408,33998519,49.95,6.42836e-15,14,391.1,ebi-a-GCST90001698,rs80334718,G,A,0.0012, || id:ebi-a-GCST90001698,TRUE,reported,igd
3408,26308944,263.7,2.84905e-40,14,3549,ebi-a-GCST90001698,rs78750136,C,T,NA, || id:ebi-a-GCST90001698,TRUE,reported,igd
3408,95018285,15.3,1.42899e-06,14,73.87,ebi-a-GCST90001698,rs141309221,A,C,0.0129, || id:ebi-a-GCST90001698,TRUE,reported,igd
3408,100822892,104,2.04409e-15,14,829.8,ebi-a-GCST90001698,rs150889386,C,T,3e-04, || id:ebi-a-GCST90001698,TRUE,reported,igd
3408,34065832,96.39,4.64729e-14,14,730,ebi-a-GCST90001698,rs144275943,G,T,3e-04, || id:ebi-a-GCST90001698,TRUE,reported,igd
3408,34919717,69.32,5.21675e-17,14,584.1,ebi-a-GCST90001698,rs71419987,A,G,6e-04, || id:ebi-a-GCST90001698,TRUE,reported,igd
3408,72431599,36.04,4.797e-09,14,211.5,ebi-a-GCST90001698,rs61755651,T,C,0.0023, || id:ebi-a-GCST90001698,TRUE,reported,igd
3408,22723226,25.64,5.48706e-06,14,116.7,ebi-a-GCST90001698,rs142461733,A,T,0.0047, || id:ebi-a-GCST90001698,TRUE,reported,igd
3408,49236170,36.46,4.64301e-06,14,167.3,ebi-a-GCST90001698,rs111730307,T,G,0.0022, || id:ebi-a-GCST90001698,TRUE,reported,igd
3408,35130401,39.64,1.85396e-12,14,280.3,ebi-a-GCST90001698,rs10400782,C,A,0.0019, || id:ebi-a-GCST90001698,TRUE,reported,igd
3408,79365684,46.11,2.77e-06,14,216.5,ebi-a-GCST90001698,rs77191330,C,T,0.0015, || id:ebi-a-GCST90001698,TRUE,reported,igd
3408,93148478,20.8,3.20302e-06,14,97.05,ebi-a-GCST90001698,rs149134258,T,C,0.0076, || id:ebi-a-GCST90001698,TRUE,reported,igd
3408,36027615,30.13,3.19301e-06,14,140.6,ebi-a-GCST90001698,rs76545164,A,G,0.0032, || id:ebi-a-GCST90001698,TRUE,reported,igd
3408,46740502,53.53,1.07399e-13,14,399.5,ebi-a-GCST90001698,rs146937045,G,T,0.0018, || id:ebi-a-GCST90001698,TRUE,reported,igd
3408,76210029,33.12,1.008e-07,14,176.8,ebi-a-GCST90001698,rs187775632,G,A,0.0035, || id:ebi-a-GCST90001698,TRUE,reported,igd
3408,76826605,54.7,1.88001e-08,14,308.3,ebi-a-GCST90001698,rs192467351,G,C,0.001, || id:ebi-a-GCST90001698,TRUE,reported,igd
3408,104409277,36.48,1.41899e-07,14,192.4,ebi-a-GCST90001698,rs116853391,C,T,0.0023, || id:ebi-a-GCST90001698,TRUE,reported,igd
3408,24859553,31.93,1.01501e-06,14,156.4,ebi-a-GCST90001698,rs72694381,T,A,0.0029, || id:ebi-a-GCST90001698,TRUE,reported,igd
3408,45753508,19.33,2.32199e-06,14,91.47,ebi-a-GCST90001698,rs72672939,T,C,0.0084, || id:ebi-a-GCST90001698,TRUE,reported,igd
3408,55295865,37.13,1.90722e-12,14,262.4,ebi-a-GCST90001698,rs150055480,A,G,0.0025, || id:ebi-a-GCST90001698,TRUE,reported,igd
3408,45055780,48.59,3.39399e-10,14,306.1,ebi-a-GCST90001698,rs184184520,T,G,0.0013, || id:ebi-a-GCST90001698,TRUE,reported,igd
3408,99653123,17.59,1.8638e-11,14,118.5,ebi-a-GCST90001698,rs10484068,T,C,0.0103, || id:ebi-a-GCST90001698,TRUE,reported,igd
3408,101668310,33.06,2.12799e-07,14,171.9,ebi-a-GCST90001698,rs138183141,C,A,0.0029, || id:ebi-a-GCST90001698,TRUE,reported,igd
3408,33586273,39.75,6.22874e-11,14,260.8,ebi-a-GCST90001698,rs117862145,T,A,0.0019, || id:ebi-a-GCST90001698,TRUE,reported,igd
3408,41636680,63.67,2.95325e-21,14,606.7,ebi-a-GCST90001698,rs183436787,T,C,7e-04, || id:ebi-a-GCST90001698,TRUE,reported,igd
3408,59013643,179.7,1.63501e-06,15,862.8,ebi-a-GCST90001698,rs80331554,G,A,1e-04, || id:ebi-a-GCST90001698,TRUE,reported,igd
3408,25983333,12.21,2.62398e-06,15,57.45,ebi-a-GCST90001698,rs146982369,G,C,0.0213, || id:ebi-a-GCST90001698,TRUE,reported,igd
3408,29114742,36.11,1.13006e-11,15,246,ebi-a-GCST90001698,rs188087675,A,G,0.0032, || id:ebi-a-GCST90001698,TRUE,reported,igd
3408,52321843,10.44,9.02402e-06,15,46.42,ebi-a-GCST90001698,rs2441781,C,T,0.0307, || id:ebi-a-GCST90001698,TRUE,reported,igd
3408,84950824,64.46,3.67959e-22,15,628.3,ebi-a-GCST90001698,rs181228225,A,G,6e-04, || id:ebi-a-GCST90001698,TRUE,reported,igd
3408,26944526,13.45,1.93999e-06,15,64.13,ebi-a-GCST90001698,rs112310272,A,T,0.0182, || id:ebi-a-GCST90001698,TRUE,reported,igd
3408,29421113,31.22,7.30971e-13,15,224.8,ebi-a-GCST90001698,rs117801457,T,C,0.0034, || id:ebi-a-GCST90001698,TRUE,reported,igd
3408,63828258,23.53,6.03698e-07,15,117.6,ebi-a-GCST90001698,rs72750943,C,T,0.006, || id:ebi-a-GCST90001698,TRUE,reported,igd
3408,100764857,31.61,9.2809e-07,15,155.4,ebi-a-GCST90001698,rs117294527,G,C,0.0031, || id:ebi-a-GCST90001698,TRUE,reported,igd
3408,68230533,12.74,2.62301e-06,15,59.95,ebi-a-GCST90001698,rs117397768,A,G,0.0194, || id:ebi-a-GCST90001698,TRUE,reported,igd
3408,96961294,36.03,9.65295e-06,15,159.7,ebi-a-GCST90001698,rs62009323,G,A,0.0021, || id:ebi-a-GCST90001698,TRUE,reported,igd
3408,24505612,10.34,4.73195e-07,15,52.21,ebi-a-GCST90001698,rs186824722,G,T,0.0326, || id:ebi-a-GCST90001698,TRUE,reported,igd
3408,30234373,28.3,1.81501e-08,15,159.7,ebi-a-GCST90001698,rs149438077,G,A,0.004, || id:ebi-a-GCST90001698,TRUE,reported,igd
3408,40127028,28.08,2.857e-07,15,144.4,ebi-a-GCST90001698,rs12442442,A,G,0.0041, || id:ebi-a-GCST90001698,TRUE,reported,igd
3408,50008133,31.66,1.41101e-10,15,203.7,ebi-a-GCST90001698,rs56041702,C,G,0.0032, || id:ebi-a-GCST90001698,TRUE,reported,igd
3408,54344919,45.67,1.31099e-19,15,416.3,ebi-a-GCST90001698,rs149908314,T,C,0.0016, || id:ebi-a-GCST90001698,TRUE,reported,igd
3408,79305514,22.95,4.77298e-07,15,115.8,ebi-a-GCST90001698,rs190589573,T,C,0.0065, || id:ebi-a-GCST90001698,TRUE,reported,igd
3408,95184966,12.28,1.94899e-07,15,64.03,ebi-a-GCST90001698,rs138020305,T,C,0.0204, || id:ebi-a-GCST90001698,TRUE,reported,igd
3408,39668760,29.82,6.23993e-10,15,185,ebi-a-GCST90001698,rs75669615,A,G,0.0037, || id:ebi-a-GCST90001698,TRUE,reported,igd
3408,25418271,28.37,7.38397e-06,15,-127.4,ebi-a-GCST90001698,rs11633592,G,A,0.996, || id:ebi-a-GCST90001698,TRUE,reported,igd
3408,51649599,54.04,1.70608e-16,15,447.6,ebi-a-GCST90001698,rs117211386,A,G,0.001, || id:ebi-a-GCST90001698,TRUE,reported,igd
3408,63216446,28.99,1.737e-07,15,151.8,ebi-a-GCST90001698,rs147590366,T,G,0.0041, || id:ebi-a-GCST90001698,TRUE,reported,igd
3408,68647510,14.42,7.58193e-06,15,64.64,ebi-a-GCST90001698,rs116922386,A,C,0.0148, || id:ebi-a-GCST90001698,TRUE,reported,igd
3408,78454375,9.003,7.14299e-08,16,48.61,ebi-a-GCST90001698,rs76066405,G,A,0.0415, || id:ebi-a-GCST90001698,TRUE,reported,igd
3408,11614838,28.37,8.70603e-09,16,163.6,ebi-a-GCST90001698,rs79548047,C,T,0.0053, || id:ebi-a-GCST90001698,TRUE,reported,igd
3408,13128176,53.64,1.40896e-14,16,414.6,ebi-a-GCST90001698,rs117555426,C,A,0.001, || id:ebi-a-GCST90001698,TRUE,reported,igd
3408,31402773,48.63,6.55843e-14,16,366.1,ebi-a-GCST90001698,rs572954905,G,C,0.0012, || id:ebi-a-GCST90001698,TRUE,reported,igd
3408,83755289,13.32,5.36995e-06,16,60.71,ebi-a-GCST90001698,rs142015595,A,T,0.0189, || id:ebi-a-GCST90001698,TRUE,reported,igd
3408,88701572,63.13,7.1978e-12,16,434.2,ebi-a-GCST90001698,rs78888262,A,C,6e-04, || id:ebi-a-GCST90001698,TRUE,reported,igd
3408,11975137,28.79,4.04902e-06,16,132.9,ebi-a-GCST90001698,rs117291729,T,A,0.004, || id:ebi-a-GCST90001698,TRUE,reported,igd
3408,23350716,35.2,5.15003e-08,16,192.1,ebi-a-GCST90001698,rs150007303,C,T,0.0026, || id:ebi-a-GCST90001698,TRUE,reported,igd
3408,51095561,89.95,1.33598e-20,16,842.4,ebi-a-GCST90001698,rs138937927,T,C,3e-04, || id:ebi-a-GCST90001698,TRUE,reported,igd
3408,85194229,11.58,9.29009e-06,16,51.41,ebi-a-GCST90001698,rs147054310,A,G,0.0244, || id:ebi-a-GCST90001698,TRUE,reported,igd
3408,87379050,45.62,5.58998e-07,16,228.7,ebi-a-GCST90001698,rs12934979,T,C,0.0013, || id:ebi-a-GCST90001698,TRUE,reported,igd
3408,23373955,44.7,1.46016e-13,16,331.7,ebi-a-GCST90001698,rs151246819,A,G,0.0015, || id:ebi-a-GCST90001698,TRUE,reported,igd
3408,25931790,18,1.24601e-10,16,116.2,ebi-a-GCST90001698,rs34265859,C,G,0.0106, || id:ebi-a-GCST90001698,TRUE,reported,igd
3408,50471284,37.13,2.913e-09,16,221,ebi-a-GCST90001698,rs117898578,G,C,0.0026, || id:ebi-a-GCST90001698,TRUE,reported,igd
3408,54673316,34.8,2.30298e-07,16,180.4,ebi-a-GCST90001698,rs118065847,A,G,0.0028, || id:ebi-a-GCST90001698,TRUE,reported,igd
3408,69023689,24.83,8.64371e-11,16,161.6,ebi-a-GCST90001698,rs143946135,G,A,0.0053, || id:ebi-a-GCST90001698,TRUE,reported,igd
3408,5628078,32.71,2.89801e-08,16,181.9,ebi-a-GCST90001698,rs142076427,A,G,0.0029, || id:ebi-a-GCST90001698,TRUE,reported,igd
3408,54932285,44.66,6.16098e-06,16,202.2,ebi-a-GCST90001698,rs77145028,C,T,0.0018, || id:ebi-a-GCST90001698,TRUE,reported,igd
3408,755030,29.16,9.77102e-07,16,143,ebi-a-GCST90001698,rs139120487,A,C,0.0045, || id:ebi-a-GCST90001698,TRUE,reported,igd
3408,1071217,38.79,1.69083e-12,16,274.8,ebi-a-GCST90001698,rs142151887,A,C,0.0019, || id:ebi-a-GCST90001698,TRUE,reported,igd
3408,4207228,9.034,1.44401e-07,16,47.62,ebi-a-GCST90001698,rs138562176,A,G,0.0401, || id:ebi-a-GCST90001698,TRUE,reported,igd
3408,6329247,22.98,4.897e-07,17,115.8,ebi-a-GCST90001698,rs187924827,T,C,0.0059, || id:ebi-a-GCST90001698,TRUE,reported,igd
3408,36231492,34.62,1.136e-07,17,184,ebi-a-GCST90001698,rs147069965,T,G,0.0029, || id:ebi-a-GCST90001698,TRUE,reported,igd
3408,41774967,32.17,7.09905e-06,17,144.7,ebi-a-GCST90001698,rs117046665,C,A,0.0028, || id:ebi-a-GCST90001698,TRUE,reported,igd
3408,79094162,59.91,3.68104e-08,17,330.6,ebi-a-GCST90001698,rs55856613,A,G,7e-04, || id:ebi-a-GCST90001698,TRUE,reported,igd
3408,80299376,55.44,5.80631e-19,17,496.1,ebi-a-GCST90001698,rs150053624,T,C,9e-04, || id:ebi-a-GCST90001698,TRUE,reported,igd
3408,9999183,21.28,5.26102e-06,17,97.09,ebi-a-GCST90001698,rs56375820,T,C,0.0072, || id:ebi-a-GCST90001698,TRUE,reported,igd
3408,27826991,11.4,6.887e-07,17,56.72,ebi-a-GCST90001698,rs118019384,C,T,0.0254, || id:ebi-a-GCST90001698,TRUE,reported,igd
3408,30967385,33.53,1.842e-08,17,189.1,ebi-a-GCST90001698,rs143393137,T,C,0.0028, || id:ebi-a-GCST90001698,TRUE,reported,igd
3408,5023557,73.04,7.79651e-16,17,591.4,ebi-a-GCST90001698,rs144104650,A,G,6e-04, || id:ebi-a-GCST90001698,TRUE,reported,igd
3408,8298873,44.95,6.36209e-15,17,352,ebi-a-GCST90001698,rs78100215,A,G,0.0015, || id:ebi-a-GCST90001698,TRUE,reported,igd
3408,30028367,70.89,4.88877e-28,17,785.2,ebi-a-GCST90001698,rs117922931,G,A,6e-04, || id:ebi-a-GCST90001698,TRUE,reported,igd
3408,65896989,16.98,5.33003e-09,17,99.34,ebi-a-GCST90001698,rs79757812,A,G,0.0116, || id:ebi-a-GCST90001698,TRUE,reported,igd
3408,67625638,51.97,2.24595e-17,17,443.1,ebi-a-GCST90001698,rs139736375,T,C,0.001, || id:ebi-a-GCST90001698,TRUE,reported,igd
3408,79175857,30.29,7.96508e-06,17,135.5,ebi-a-GCST90001698,rs184152921,T,C,0.0037, || id:ebi-a-GCST90001698,TRUE,reported,igd
3408,35489333,27.72,1.32999e-07,17,146.5,ebi-a-GCST90001698,rs113411752,G,A,0.0045, || id:ebi-a-GCST90001698,TRUE,reported,igd
3408,39959627,33.34,2.42003e-10,17,211.7,ebi-a-GCST90001698,rs34539402,A,G,0.0026, || id:ebi-a-GCST90001698,TRUE,reported,igd
3408,41836082,21.11,8.323e-09,17,121.9,ebi-a-GCST90001698,rs17882143,T,C,0.007, || id:ebi-a-GCST90001698,TRUE,reported,igd
3408,15099614,20.88,5.66604e-07,17,104.7,ebi-a-GCST90001698,rs74465961,T,C,0.0072, || id:ebi-a-GCST90001698,TRUE,reported,igd
3408,17705424,26.9,1.78999e-06,17,128.7,ebi-a-GCST90001698,rs55658055,G,A,0.0044, || id:ebi-a-GCST90001698,TRUE,reported,igd
3408,75157900,60.1,6.32193e-07,17,299.9,ebi-a-GCST90001698,rs113199364,T,C,9e-04, || id:ebi-a-GCST90001698,TRUE,reported,igd
3408,11465523,30.55,6.77205e-08,17,165.2,ebi-a-GCST90001698,rs117830252,A,G,0.0032, || id:ebi-a-GCST90001698,TRUE,reported,igd
3408,76931475,22.39,5.52904e-06,17,101.9,ebi-a-GCST90001698,rs117979973,T,C,0.0059, || id:ebi-a-GCST90001698,TRUE,reported,igd
3408,80344923,52.44,2.08593e-17,17,447.6,ebi-a-GCST90001698,rs568349042,A,G,0.001, || id:ebi-a-GCST90001698,TRUE,reported,igd
3408,55639212,41.66,1.354e-10,17,268.4,ebi-a-GCST90001698,rs77725246,T,C,0.0016, || id:ebi-a-GCST90001698,TRUE,reported,igd
3408,63493154,31.5,6.72496e-06,17,142.1,ebi-a-GCST90001698,rs143393656,C,G,0.0031, || id:ebi-a-GCST90001698,TRUE,reported,igd
3408,47652035,29.43,1.79999e-06,17,140.8,ebi-a-GCST90001698,rs192484154,A,G,0.004, || id:ebi-a-GCST90001698,TRUE,reported,igd
3408,4348487,21.07,9.19496e-07,18,103.6,ebi-a-GCST90001698,rs150156077,G,A,0.0069, || id:ebi-a-GCST90001698,TRUE,reported,igd
3408,38662297,15.05,5.14198e-10,18,93.79,ebi-a-GCST90001698,rs150635355,A,T,0.0135, || id:ebi-a-GCST90001698,TRUE,reported,igd
3408,56708792,49.25,1.59302e-10,18,316,ebi-a-GCST90001698,rs150994087,T,C,0.0013, || id:ebi-a-GCST90001698,TRUE,reported,igd
3408,60238886,26.01,5.01003e-07,18,131,ebi-a-GCST90001698,rs62098570,T,G,0.0045, || id:ebi-a-GCST90001698,TRUE,reported,igd
3408,70586990,47.64,7.71969e-11,18,311,ebi-a-GCST90001698,rs150905742,A,G,0.0015, || id:ebi-a-GCST90001698,TRUE,reported,igd
3408,3305228,74.11,3.13184e-30,18,854.9,ebi-a-GCST90001698,rs117745825,C,T,6e-04, || id:ebi-a-GCST90001698,TRUE,reported,igd
3408,70504468,40.25,7.07604e-09,18,-233.6,ebi-a-GCST90001698,rs11661882,A,G,0.9974, || id:ebi-a-GCST90001698,TRUE,reported,igd
3408,74408679,12.79,5.23805e-07,18,64.3,ebi-a-GCST90001698,rs7235263,G,T,0.02, || id:ebi-a-GCST90001698,TRUE,reported,igd
3408,75193391,7.782,4.94197e-06,18,35.6,ebi-a-GCST90001698,rs80063983,A,G,0.0568, || id:ebi-a-GCST90001698,TRUE,reported,igd
3408,5319739,15.29,7.16605e-08,18,82.54,ebi-a-GCST90001698,rs112278099,T,C,0.0136, || id:ebi-a-GCST90001698,TRUE,reported,igd
3408,7839215,22.8,1.80385e-19,18,207,ebi-a-GCST90001698,rs145978106,A,C,0.006, || id:ebi-a-GCST90001698,TRUE,reported,igd
3408,2896235,21.38,3.60097e-06,18,99.23,ebi-a-GCST90001698,rs147015694,A,G,0.0069, || id:ebi-a-GCST90001698,TRUE,reported,igd
3408,28163696,39.12,5.07902e-07,18,196.9,ebi-a-GCST90001698,rs116990016,A,G,0.0021, || id:ebi-a-GCST90001698,TRUE,reported,igd
3408,46581667,24.31,5.42001e-07,18,122.1,ebi-a-GCST90001698,rs78606202,T,C,0.0053, || id:ebi-a-GCST90001698,TRUE,reported,igd
3408,63832285,38.31,8.99498e-14,18,286.8,ebi-a-GCST90001698,rs536434085,T,C,0.0025, || id:ebi-a-GCST90001698,TRUE,reported,igd
3408,65092573,46.21,5.51061e-15,18,362.8,ebi-a-GCST90001698,rs73966235,T,A,0.0018, || id:ebi-a-GCST90001698,TRUE,reported,igd
3408,22735939,54.53,2.73779e-11,18,364.4,ebi-a-GCST90001698,rs76808079,C,A,0.001, || id:ebi-a-GCST90001698,TRUE,reported,igd
3408,26017285,130.1,6.41062e-13,18,939.1,ebi-a-GCST90001698,rs75438005,A,G,1e-04, || id:ebi-a-GCST90001698,TRUE,reported,igd
3408,19383778,44.62,1.65699e-07,18,234,ebi-a-GCST90001698,rs17665147,A,G,0.0016, || id:ebi-a-GCST90001698,TRUE,reported,igd
3408,38279589,52.88,1.14393e-18,18,469.1,ebi-a-GCST90001698,rs116940971,T,C,0.001, || id:ebi-a-GCST90001698,TRUE,reported,igd
3408,73901698,28.09,1.15601e-08,18,160.7,ebi-a-GCST90001698,rs147136626,T,A,0.0041, || id:ebi-a-GCST90001698,TRUE,reported,igd
3408,21585596,30.72,5.88898e-06,19,139.4,ebi-a-GCST90001698,rs114857658,G,A,0.0032, || id:ebi-a-GCST90001698,TRUE,reported,igd
3408,24477916,52.39,1.24509e-22,19,516.5,ebi-a-GCST90001698,rs118089863,T,C,0.0018, || id:ebi-a-GCST90001698,TRUE,reported,igd
3408,45630360,33.91,3.50502e-08,19,187.4,ebi-a-GCST90001698,rs146989801,G,C,0.0026, || id:ebi-a-GCST90001698,TRUE,reported,igd
3408,46387941,44.35,7.07457e-13,19,319.6,ebi-a-GCST90001698,rs200198801,A,G,0.0016, || id:ebi-a-GCST90001698,TRUE,reported,igd
3408,46587710,81.57,8.89201e-35,19,1015,ebi-a-GCST90001698,rs112604811,T,C,4e-04, || id:ebi-a-GCST90001698,TRUE,reported,igd
3408,868083,26.91,1.11501e-06,19,131.3,ebi-a-GCST90001698,rs143517669,T,C,0.0041, || id:ebi-a-GCST90001698,TRUE,reported,igd
3408,8899157,32.28,4.56205e-06,19,148.2,ebi-a-GCST90001698,rs137963524,C,A,0.0029, || id:ebi-a-GCST90001698,TRUE,reported,igd
3408,17307102,37.05,4.71596e-09,19,217.6,ebi-a-GCST90001698,rs77955766,G,T,0.0023, || id:ebi-a-GCST90001698,TRUE,reported,igd
3408,31892272,19.04,3.37202e-07,19,97.34,ebi-a-GCST90001698,rs147370318,G,C,0.0089, || id:ebi-a-GCST90001698,TRUE,reported,igd
3408,33797284,20.78,1.228e-07,19,110.1,ebi-a-GCST90001698,rs143824026,T,G,0.0067, || id:ebi-a-GCST90001698,TRUE,reported,igd
3408,48790968,49.6,4.66799e-06,19,227.5,ebi-a-GCST90001698,rs11879282,A,G,0.0012, || id:ebi-a-GCST90001698,TRUE,reported,igd
3408,50001170,12.06,7.47601e-09,19,69.9,ebi-a-GCST90001698,rs140800343,T,C,0.0211, || id:ebi-a-GCST90001698,TRUE,reported,igd
3408,55017690,38.13,1.93798e-08,19,214.7,ebi-a-GCST90001698,rs57121931,C,T,0.0022, || id:ebi-a-GCST90001698,TRUE,reported,igd
3408,1191667,18.01,6.11801e-10,19,111.8,ebi-a-GCST90001698,rs143871291,G,A,0.0092, || id:ebi-a-GCST90001698,TRUE,reported,igd
3408,6753000,62.38,2.63876e-11,19,417.2,ebi-a-GCST90001698,rs146101423,A,C,7e-04, || id:ebi-a-GCST90001698,TRUE,reported,igd
3408,22454852,41.59,5.64027e-16,19,338.4,ebi-a-GCST90001698,rs146650864,A,G,0.0021, || id:ebi-a-GCST90001698,TRUE,reported,igd
3408,9246656,80.36,1.54206e-15,19,643.8,ebi-a-GCST90001698,rs7254864,A,G,6e-04, || id:ebi-a-GCST90001698,TRUE,reported,igd
3408,33873371,35.38,2.01099e-07,19,184.3,ebi-a-GCST90001698,rs76648333,T,C,0.0023, || id:ebi-a-GCST90001698,TRUE,reported,igd
3408,33953595,134.1,4.1783e-15,19,1057,ebi-a-GCST90001698,rs78703636,C,T,1e-04, || id:ebi-a-GCST90001698,TRUE,reported,igd
3408,34075835,21.18,2.35993e-12,19,149.1,ebi-a-GCST90001698,rs59745713,A,G,0.0069, || id:ebi-a-GCST90001698,TRUE,reported,igd
3408,34111992,24.61,2.68225e-16,19,202.5,ebi-a-GCST90001698,rs145410896,G,C,0.005, || id:ebi-a-GCST90001698,TRUE,reported,igd
3408,44937435,43.75,1.20099e-08,19,250,ebi-a-GCST90001698,rs73034498,T,C,0.0016, || id:ebi-a-GCST90001698,TRUE,reported,igd
3408,49416171,69.68,7.54397e-32,19,826.8,ebi-a-GCST90001698,rs147572731,T,C,7e-04, || id:ebi-a-GCST90001698,TRUE,reported,igd
3408,24457030,50.73,8.84708e-22,20,489.9,ebi-a-GCST90001698,rs180972485,A,G,0.001, || id:ebi-a-GCST90001698,TRUE,reported,igd
3408,33104122,72.99,1.17598e-41,20,1000,ebi-a-GCST90001698,rs137942933,T,G,6e-04, || id:ebi-a-GCST90001698,TRUE,reported,igd
3408,38969262,29.18,5.83002e-08,20,158.6,ebi-a-GCST90001698,rs76312917,A,G,0.0037, || id:ebi-a-GCST90001698,TRUE,reported,igd
3408,43755180,20.01,1.467e-07,20,105.4,ebi-a-GCST90001698,rs6094100,C,T,0.0072, || id:ebi-a-GCST90001698,TRUE,reported,igd
3408,54228961,43.79,2.38402e-09,20,262.1,ebi-a-GCST90001698,rs138246394,A,G,0.0016, || id:ebi-a-GCST90001698,TRUE,reported,igd
3408,62915126,32.04,2.55e-07,20,165.5,ebi-a-GCST90001698,rs13039776,G,A,0.0029, || id:ebi-a-GCST90001698,TRUE,reported,igd
3408,37580670,53.09,6.17163e-30,20,609.3,ebi-a-GCST90001698,rs41276984,G,C,0.0012, || id:ebi-a-GCST90001698,TRUE,reported,igd
3408,41197100,62.47,4.84797e-07,20,315,ebi-a-GCST90001698,rs73102494,A,G,7e-04, || id:ebi-a-GCST90001698,TRUE,reported,igd
3408,48156477,10.19,5.98095e-06,20,46.19,ebi-a-GCST90001698,rs148727285,G,A,0.0323, || id:ebi-a-GCST90001698,TRUE,reported,igd
3408,49499194,25.73,5.77205e-07,20,128.9,ebi-a-GCST90001698,rs149483829,G,A,0.0045, || id:ebi-a-GCST90001698,TRUE,reported,igd
3408,50004560,34.4,1.36e-10,20,221.5,ebi-a-GCST90001698,rs11538695,A,G,0.0023, || id:ebi-a-GCST90001698,TRUE,reported,igd
3408,1832785,31.58,4.03701e-07,20,160.3,ebi-a-GCST90001698,rs76720524,T,C,0.0032, || id:ebi-a-GCST90001698,TRUE,reported,igd
3408,15245578,48.86,1.18495e-14,20,378.7,ebi-a-GCST90001698,rs145250558,C,G,0.0012, || id:ebi-a-GCST90001698,TRUE,reported,igd
3408,4420029,30.2,9.77507e-07,20,148.1,ebi-a-GCST90001698,rs73091371,A,C,0.0035, || id:ebi-a-GCST90001698,TRUE,reported,igd
3408,17556587,64.6,9.9977e-31,20,751.8,ebi-a-GCST90001698,rs17791728,C,T,6e-04, || id:ebi-a-GCST90001698,TRUE,reported,igd
3408,18880832,40.47,4.6752e-11,20,267.2,ebi-a-GCST90001698,rs184911123,A,T,0.0018, || id:ebi-a-GCST90001698,TRUE,reported,igd
3408,40197928,56.91,1.61287e-22,20,559.6,ebi-a-GCST90001698,rs75600477,G,T,9e-04, || id:ebi-a-GCST90001698,TRUE,reported,igd
3408,25333520,21.94,9.89897e-06,20,97.1,ebi-a-GCST90001698,rs566794699,A,T,0.0089, || id:ebi-a-GCST90001698,TRUE,reported,igd
3408,12493170,33.84,6.04603e-07,20,169.2,ebi-a-GCST90001698,rs145263449,A,G,0.0028, || id:ebi-a-GCST90001698,TRUE,reported,igd
3408,15614140,29.42,2.33884e-11,20,197.3,ebi-a-GCST90001698,rs459056,G,T,0.0034, || id:ebi-a-GCST90001698,TRUE,reported,igd
3408,21420694,37.5,1.10499e-08,20,214.8,ebi-a-GCST90001698,rs113369914,T,C,0.0021, || id:ebi-a-GCST90001698,TRUE,reported,igd
3408,37027035,55.24,6.75461e-22,20,534.9,ebi-a-GCST90001698,rs118180479,C,T,0.001, || id:ebi-a-GCST90001698,TRUE,reported,igd
3408,61268143,43.4,9.19814e-11,20,282.1,ebi-a-GCST90001698,rs148513824,T,C,0.0018, || id:ebi-a-GCST90001698,TRUE,reported,igd
3408,14886111,178.6,5.75043e-48,21,2640,ebi-a-GCST90001698,rs142933532,T,C,NA, || id:ebi-a-GCST90001698,TRUE,reported,igd
3408,17079538,10.27,5.48795e-06,21,46.78,ebi-a-GCST90001698,rs118009051,G,C,0.0312, || id:ebi-a-GCST90001698,TRUE,reported,igd
3408,27289871,31.46,4.76705e-08,21,172.1,ebi-a-GCST90001698,rs117922572,T,C,0.0032, || id:ebi-a-GCST90001698,TRUE,reported,igd
3408,32526668,15.08,8.13392e-08,21,81.08,ebi-a-GCST90001698,rs75483199,A,T,0.0145, || id:ebi-a-GCST90001698,TRUE,reported,igd
3408,15989102,32.8,1.78299e-07,21,171.6,ebi-a-GCST90001698,rs111541596,C,T,0.0028, || id:ebi-a-GCST90001698,TRUE,reported,igd
3408,38156170,57.56,2.95325e-21,21,-548.4,ebi-a-GCST90001698,rs6517382,C,T,0.999, || id:ebi-a-GCST90001698,TRUE,reported,igd
3408,42790901,8.38,6.12703e-06,21,37.95,ebi-a-GCST90001698,rs79655468,T,G,0.049, || id:ebi-a-GCST90001698,TRUE,reported,igd
3408,29724671,35.69,2.67701e-06,21,167.8,ebi-a-GCST90001698,rs7278151,T,G,0.0026, || id:ebi-a-GCST90001698,TRUE,reported,igd
3408,35532237,34.88,1.26101e-08,21,199,ebi-a-GCST90001698,rs111714479,A,T,0.0029, || id:ebi-a-GCST90001698,TRUE,reported,igd
3408,26185033,17.32,6.223e-06,22,-78.38,ebi-a-GCST90001698,rs7510888,T,C,0.9887, || id:ebi-a-GCST90001698,TRUE,reported,igd
3408,44942066,10.56,2.38402e-06,22,49.89,ebi-a-GCST90001698,rs77841631,A,G,0.0289, || id:ebi-a-GCST90001698,TRUE,reported,igd
3408,23055148,18.82,2.62597e-06,22,88.59,ebi-a-GCST90001698,rs73878713,T,C,0.0082, || id:ebi-a-GCST90001698,TRUE,reported,igd
3408,42680877,24.8,8.34603e-07,22,122.4,ebi-a-GCST90001698,rs117562840,A,G,0.005, || id:ebi-a-GCST90001698,TRUE,reported,igd
3408,23709958,52.34,1.25893e-11,22,355.7,ebi-a-GCST90001698,rs146461857,A,G,0.0013, || id:ebi-a-GCST90001698,TRUE,reported,igd
3408,24402964,23.01,1.53102e-07,22,121.1,ebi-a-GCST90001698,rs189798499,G,C,0.0059, || id:ebi-a-GCST90001698,TRUE,reported,igd
3408,27731404,26.93,2.41201e-07,22,139.4,ebi-a-GCST90001698,rs117885295,A,C,0.0041, || id:ebi-a-GCST90001698,TRUE,reported,igd
3408,40335424,19.59,5.425e-06,22,89.25,ebi-a-GCST90001698,rs11703161,A,G,0.0073, || id:ebi-a-GCST90001698,TRUE,reported,igd
3408,44472281,38.35,2.84997e-07,22,197.3,ebi-a-GCST90001698,rs79330384,A,G,0.0021, || id:ebi-a-GCST90001698,TRUE,reported,igd
3408,32562454,12.4,6.93793e-06,22,55.83,ebi-a-GCST90001698,rs13055531,G,C,0.0214, || id:ebi-a-GCST90001698,TRUE,reported,igd
3408,36506460,37.81,7.62781e-11,22,246.8,ebi-a-GCST90001698,rs117840149,A,C,0.0021, || id:ebi-a-GCST90001698,TRUE,reported,igd
3408,36610967,51.4,6.59174e-16,22,417.3,ebi-a-GCST90001698,rs132751,T,C,0.0012, || id:ebi-a-GCST90001698,TRUE,reported,igd
3408,39354391,84.5,7.59801e-15,22,-659.9,ebi-a-GCST90001698,rs4821845,T,C,0.9994, || id:ebi-a-GCST90001698,TRUE,reported,igd
3408,50155532,32.21,7.69697e-08,22,173.5,ebi-a-GCST90001698,rs142505312,C,T,0.0035, || id:ebi-a-GCST90001698,TRUE,reported,igd
3408,50360292,21.26,7.17794e-06,22,95.58,ebi-a-GCST90001698,rs139939351,G,T,0.0065, || id:ebi-a-GCST90001698,TRUE,reported,igd
