se.exposure,chr.exposure,samplesize.exposure,beta.exposure,pval.exposure,pos.exposure,id.exposure,SNP,effect_allele.exposure,other_allele.exposure,eaf.exposure,exposure,mr_keep.exposure,pval_origin.exposure,data_source.exposure
0.06121,1,2919,0.3622,3.65502e-09,167173140,ebi-a-GCST90001851,rs4657649,C,T,0.0512, || id:ebi-a-GCST90001851,TRUE,reported,igd
0.02617,1,2919,0.428,1.38484e-57,167436300,ebi-a-GCST90001851,rs1617988,C,T,0.4481, || id:ebi-a-GCST90001851,TRUE,reported,igd
0.104,1,2919,-0.52,6.11505e-07,168306279,ebi-a-GCST90001851,rs114672530,A,G,0.0173, || id:ebi-a-GCST90001851,TRUE,reported,igd
0.06064,1,2919,0.2756,5.73997e-06,85390287,ebi-a-GCST90001851,rs148114970,C,A,0.0521, || id:ebi-a-GCST90001851,TRUE,reported,igd
0.02745,1,2919,-0.1371,6.24295e-07,118256346,ebi-a-GCST90001851,rs12729972,T,C,0.4056, || id:ebi-a-GCST90001851,TRUE,reported,igd
0.03028,1,2919,-0.1463,1.426e-06,117781742,ebi-a-GCST90001851,rs10801951,T,C,0.7143, || id:ebi-a-GCST90001851,TRUE,reported,igd
0.0385,1,2919,-0.2191,1.37699e-08,166485891,ebi-a-GCST90001851,rs6684311,G,C,0.1439, || id:ebi-a-GCST90001851,TRUE,reported,igd
0.07014,1,2919,-0.344,9.85598e-07,165284481,ebi-a-GCST90001851,rs75169391,T,C,0.0389, || id:ebi-a-GCST90001851,TRUE,reported,igd
0.09839,2,2919,0.4577,3.42902e-06,215390543,ebi-a-GCST90001851,rs116128731,A,C,0.0199, || id:ebi-a-GCST90001851,TRUE,reported,igd
0.05844,2,2919,0.2635,6.76208e-06,44973335,ebi-a-GCST90001851,rs75466245,C,T,0.0558, || id:ebi-a-GCST90001851,TRUE,reported,igd
0.1993,2,2919,-0.951,1.92398e-06,104570579,ebi-a-GCST90001851,rs11885872,G,A,0.0046, || id:ebi-a-GCST90001851,TRUE,reported,igd
0.03421,3,2919,-0.153,8.04693e-06,158951696,ebi-a-GCST90001851,rs2122146,C,T,0.8044, || id:ebi-a-GCST90001851,TRUE,reported,igd
0.04471,3,2919,0.1988,9.02901e-06,131994846,ebi-a-GCST90001851,rs72987628,G,T,0.099, || id:ebi-a-GCST90001851,TRUE,reported,igd
0.07342,3,2919,0.3288,7.83394e-06,78188083,ebi-a-GCST90001851,rs6769221,A,G,0.0343, || id:ebi-a-GCST90001851,TRUE,reported,igd
0.03447,3,2919,0.1602,3.50002e-06,45972492,ebi-a-GCST90001851,rs41289614,T,C,0.1961, || id:ebi-a-GCST90001851,TRUE,reported,igd
0.08427,4,2919,-0.3884,4.23204e-06,20480323,ebi-a-GCST90001851,rs4456952,T,C,0.0269, || id:ebi-a-GCST90001851,TRUE,reported,igd
0.4365,5,2919,1.988,5.46298e-06,79114377,ebi-a-GCST90001851,rs144695228,T,C,0.001, || id:ebi-a-GCST90001851,TRUE,reported,igd
0.1329,6,2919,-0.5943,8.00405e-06,118163760,ebi-a-GCST90001851,rs185805208,A,C,0.0104, || id:ebi-a-GCST90001851,TRUE,reported,igd
0.04288,7,2919,0.1927,7.25805e-06,130765457,ebi-a-GCST90001851,rs35750035,C,A,0.1137, || id:ebi-a-GCST90001851,TRUE,reported,igd
0.03461,7,2919,-0.1743,5.00495e-07,38070274,ebi-a-GCST90001851,rs61618798,A,C,0.192, || id:ebi-a-GCST90001851,TRUE,reported,igd
0.1093,8,2919,0.5589,3.378e-07,75889021,ebi-a-GCST90001851,rs28636970,G,A,0.0152, || id:ebi-a-GCST90001851,TRUE,reported,igd
0.02685,9,2919,-0.1306,1.22699e-06,105868652,ebi-a-GCST90001851,rs6479155,C,T,0.4974, || id:ebi-a-GCST90001851,TRUE,reported,igd
0.03117,10,2919,0.1468,2.613e-06,67597707,ebi-a-GCST90001851,rs10996702,A,G,0.2648, || id:ebi-a-GCST90001851,TRUE,reported,igd
0.1754,10,2919,-0.8245,2.718e-06,81110536,ebi-a-GCST90001851,rs113763504,A,G,0.0058, || id:ebi-a-GCST90001851,TRUE,reported,igd
0.02938,14,2919,0.1421,1.38299e-06,86146234,ebi-a-GCST90001851,rs59684757,G,T,0.3282, || id:ebi-a-GCST90001851,TRUE,reported,igd
0.02752,15,2919,0.1257,5.15003e-06,25176517,ebi-a-GCST90001851,rs12591149,A,G,0.5646, || id:ebi-a-GCST90001851,TRUE,reported,igd
0.09698,15,2919,0.4615,2.04602e-06,36139906,ebi-a-GCST90001851,rs17614424,T,C,0.0195, || id:ebi-a-GCST90001851,TRUE,reported,igd
0.02854,16,2919,-0.1416,7.36394e-07,18293116,ebi-a-GCST90001851,rs2520957,T,C,0.5826, || id:ebi-a-GCST90001851,TRUE,reported,igd
0.02896,16,2919,-0.1333,4.36395e-06,90107716,ebi-a-GCST90001851,rs55799444,T,C,0.5166, || id:ebi-a-GCST90001851,TRUE,reported,igd
0.04324,16,2919,0.1923,8.98504e-06,50213168,ebi-a-GCST90001851,rs62029957,A,G,0.1086, || id:ebi-a-GCST90001851,TRUE,reported,igd
0.1374,16,2919,-0.7094,2.58797e-07,4780201,ebi-a-GCST90001851,rs141421236,C,G,0.0087, || id:ebi-a-GCST90001851,TRUE,reported,igd
0.02696,17,2919,0.1262,2.96599e-06,51481273,ebi-a-GCST90001851,rs1502523,A,G,0.5466, || id:ebi-a-GCST90001851,TRUE,reported,igd
0.3123,17,2919,1.588,3.90598e-07,48900824,ebi-a-GCST90001851,rs71381322,A,G,0.0022, || id:ebi-a-GCST90001851,TRUE,reported,igd
0.02984,19,2919,-0.1386,3.52996e-06,19793484,ebi-a-GCST90001851,rs1529714,A,G,0.7042, || id:ebi-a-GCST90001851,TRUE,reported,igd
