beta.exposure,samplesize.exposure,se.exposure,chr.exposure,pval.exposure,pos.exposure,id.exposure,SNP,effect_allele.exposure,other_allele.exposure,eaf.exposure,exposure,mr_keep.exposure,pval_origin.exposure,data_source.exposure
0.1734,3656,0.03817,1,5.72506e-06,247700906,ebi-a-GCST90001429,rs1919856,G,A,0.108, || id:ebi-a-GCST90001429,TRUE,reported,igd
-0.1278,3656,0.02599,2,9.105e-07,16464977,ebi-a-GCST90001429,rs11682311,C,T,0.3243, || id:ebi-a-GCST90001429,TRUE,reported,igd
-0.1658,3656,0.03741,2,9.60395e-06,97558150,ebi-a-GCST90001429,rs4907205,C,T,0.1232, || id:ebi-a-GCST90001429,TRUE,reported,igd
-0.3597,3656,0.06402,2,2.067e-08,105587803,ebi-a-GCST90001429,rs140380950,C,T,0.0368, || id:ebi-a-GCST90001429,TRUE,reported,igd
0.3352,3656,0.07432,3,6.66807e-06,183195708,ebi-a-GCST90001429,rs2686423,G,A,0.9739, || id:ebi-a-GCST90001429,TRUE,reported,igd
-0.4243,3656,0.08741,4,1.25901e-06,15915069,ebi-a-GCST90001429,rs76112278,A,G,0.0194, || id:ebi-a-GCST90001429,TRUE,reported,igd
-0.283,3656,0.06349,4,8.55697e-06,38379833,ebi-a-GCST90001429,rs7667070,C,T,0.0361, || id:ebi-a-GCST90001429,TRUE,reported,igd
1.792,3656,0.3659,5,1.011e-06,498773,ebi-a-GCST90001429,rs78658073,A,G,0.001, || id:ebi-a-GCST90001429,TRUE,reported,igd
-0.2327,3656,0.04501,5,2.46598e-07,158276610,ebi-a-GCST90001429,rs80330977,A,G,0.0814, || id:ebi-a-GCST90001429,TRUE,reported,igd
-0.1368,3656,0.02874,5,2.02502e-06,18919526,ebi-a-GCST90001429,rs76660971,A,G,0.2299, || id:ebi-a-GCST90001429,TRUE,reported,igd
-0.1653,3656,0.03649,6,6.07393e-06,31562150,ebi-a-GCST90001429,rs2857599,A,G,0.1722, || id:ebi-a-GCST90001429,TRUE,reported,igd
-0.4644,3656,0.09659,7,1.58599e-06,48791017,ebi-a-GCST90001429,rs117772462,A,T,0.0159, || id:ebi-a-GCST90001429,TRUE,reported,igd
-0.2347,3656,0.05014,7,2.95597e-06,190115,ebi-a-GCST90001429,rs11185560,A,G,0.9375, || id:ebi-a-GCST90001429,TRUE,reported,igd
0.126,3656,0.02692,8,2.988e-06,130602281,ebi-a-GCST90001429,rs10103048,C,A,0.7321, || id:ebi-a-GCST90001429,TRUE,reported,igd
-0.1213,3656,0.02451,8,7.75908e-07,118255950,ebi-a-GCST90001429,rs1695681,A,C,0.5309, || id:ebi-a-GCST90001429,TRUE,reported,igd
0.1232,3656,0.02752,9,7.74908e-06,115678594,ebi-a-GCST90001429,rs13300113,T,A,0.2789, || id:ebi-a-GCST90001429,TRUE,reported,igd
-0.116,3656,0.02553,10,5.66304e-06,63723909,ebi-a-GCST90001429,rs10821937,T,C,0.6458, || id:ebi-a-GCST90001429,TRUE,reported,igd
0.1495,3656,0.03227,11,3.73603e-06,15377699,ebi-a-GCST90001429,rs10832409,A,G,0.1722, || id:ebi-a-GCST90001429,TRUE,reported,igd
0.3875,3656,0.07937,12,1.08901e-06,110228055,ebi-a-GCST90001429,rs11068290,T,C,0.0231, || id:ebi-a-GCST90001429,TRUE,reported,igd
-0.4624,3656,0.09688,12,1.88599e-06,75564449,ebi-a-GCST90001429,rs59879144,A,C,0.0161, || id:ebi-a-GCST90001429,TRUE,reported,igd
0.1102,3656,0.02441,12,6.485e-06,61758121,ebi-a-GCST90001429,rs10877626,G,C,0.4739, || id:ebi-a-GCST90001429,TRUE,reported,igd
-0.4731,3656,0.1058,12,7.92501e-06,27184482,ebi-a-GCST90001429,rs17408660,G,A,0.0129, || id:ebi-a-GCST90001429,TRUE,reported,igd
-0.5382,3656,0.1197,14,7.06708e-06,43915569,ebi-a-GCST90001429,rs75589249,T,C,0.0107, || id:ebi-a-GCST90001429,TRUE,reported,igd
0.1771,3656,0.03756,14,2.503e-06,22499870,ebi-a-GCST90001429,rs3811315,A,T,0.1157, || id:ebi-a-GCST90001429,TRUE,reported,igd
-0.1525,3656,0.03097,16,8.88403e-07,84759446,ebi-a-GCST90001429,rs2216762,C,T,0.8141, || id:ebi-a-GCST90001429,TRUE,reported,igd
0.1158,3656,0.02425,17,1.86299e-06,8639905,ebi-a-GCST90001429,rs60521331,A,G,0.5022, || id:ebi-a-GCST90001429,TRUE,reported,igd
-0.3886,3656,0.0872,21,8.58796e-06,16767346,ebi-a-GCST90001429,rs55708924,G,A,0.0185, || id:ebi-a-GCST90001429,TRUE,reported,igd
