samplesize.exposure,pval.exposure,pos.exposure,se.exposure,beta.exposure,chr.exposure,id.exposure,SNP,effect_allele.exposure,other_allele.exposure,eaf.exposure,exposure,mr_keep.exposure,pval_origin.exposure,data_source.exposure
3642,9.72904e-06,61376720,0.05427,-0.2404,1,ebi-a-GCST90001780,rs12139506,G,A,0.0542, || id:ebi-a-GCST90001780,TRUE,reported,igd
3642,8.34795e-06,107128298,0.1057,0.4717,2,ebi-a-GCST90001780,rs185124612,T,C,0.015, || id:ebi-a-GCST90001780,TRUE,reported,igd
3642,4.61998e-06,80478582,0.3348,1.536,2,ebi-a-GCST90001780,rs74643586,A,G,0.0014, || id:ebi-a-GCST90001780,TRUE,reported,igd
3642,4.37502e-06,15014620,0.04506,-0.2073,2,ebi-a-GCST90001780,rs2139146,T,C,0.0799, || id:ebi-a-GCST90001780,TRUE,reported,igd
3642,5.96994e-06,173789113,0.1781,-0.8075,2,ebi-a-GCST90001780,rs80196851,A,G,0.0045, || id:ebi-a-GCST90001780,TRUE,reported,igd
3642,1.07599e-07,16255245,0.05468,-0.2911,3,ebi-a-GCST90001780,rs77154655,C,T,0.0524, || id:ebi-a-GCST90001780,TRUE,reported,igd
3642,3.36202e-06,126541810,0.08871,0.4129,3,ebi-a-GCST90001780,rs115861292,G,A,0.021, || id:ebi-a-GCST90001780,TRUE,reported,igd
3642,4.59896e-06,28261321,0.1255,-0.576,3,ebi-a-GCST90001780,rs146092993,G,A,0.011, || id:ebi-a-GCST90001780,TRUE,reported,igd
3642,5.06699e-06,10050183,0.127,-0.58,3,ebi-a-GCST90001780,rs138409352,T,A,0.0095, || id:ebi-a-GCST90001780,TRUE,reported,igd
3642,8.99104e-06,195552071,0.02565,-0.114,3,ebi-a-GCST90001780,rs3103947,A,C,0.4038, || id:ebi-a-GCST90001780,TRUE,reported,igd
3642,5.68801e-06,80724150,0.3571,-1.623,4,ebi-a-GCST90001780,rs74882681,T,A,0.0011, || id:ebi-a-GCST90001780,TRUE,reported,igd
3642,8.16996e-06,106231334,0.7126,3.183,4,ebi-a-GCST90001780,rs149905818,C,T,3e-04, || id:ebi-a-GCST90001780,TRUE,reported,igd
3642,6.07701e-06,150592481,0.03922,0.1777,5,ebi-a-GCST90001780,rs12655234,A,G,0.1113, || id:ebi-a-GCST90001780,TRUE,reported,igd
3642,9.69907e-06,178057466,0.03455,0.1531,5,ebi-a-GCST90001780,rs13161074,A,G,0.849, || id:ebi-a-GCST90001780,TRUE,reported,igd
3642,1.76299e-06,165060876,0.02687,-0.1286,5,ebi-a-GCST90001780,rs262753,G,A,0.3093, || id:ebi-a-GCST90001780,TRUE,reported,igd
3642,2.33701e-06,122201968,0.1736,-0.8211,7,ebi-a-GCST90001780,rs73433764,C,T,0.0048, || id:ebi-a-GCST90001780,TRUE,reported,igd
3642,3.56599e-07,47871972,0.1574,-0.8029,7,ebi-a-GCST90001780,rs149662107,A,G,0.0062, || id:ebi-a-GCST90001780,TRUE,reported,igd
3642,7.10902e-06,136406758,0.02859,-0.1286,9,ebi-a-GCST90001780,rs11516157,G,C,0.2444, || id:ebi-a-GCST90001780,TRUE,reported,igd
3642,2.377e-09,95886051,0.02923,-0.1749,9,ebi-a-GCST90001780,rs3793662,T,C,0.7759, || id:ebi-a-GCST90001780,TRUE,reported,igd
3642,1.42801e-09,6074451,0.02528,0.1534,10,ebi-a-GCST90001780,rs4747846,C,G,0.3887, || id:ebi-a-GCST90001780,TRUE,reported,igd
3642,1.10688e-25,6120173,0.0402,0.4244,10,ebi-a-GCST90001780,rs41295093,A,G,0.1068, || id:ebi-a-GCST90001780,TRUE,reported,igd
3642,7.48997e-06,132601293,0.06432,0.2885,10,ebi-a-GCST90001780,rs11597205,T,G,0.0371, || id:ebi-a-GCST90001780,TRUE,reported,igd
3642,5.30506e-07,35069686,0.04371,0.2196,11,ebi-a-GCST90001780,rs59745557,G,A,0.0909, || id:ebi-a-GCST90001780,TRUE,reported,igd
3642,2.68701e-06,133650237,0.02861,-0.1345,11,ebi-a-GCST90001780,rs7926898,G,C,0.7551, || id:ebi-a-GCST90001780,TRUE,reported,igd
3642,5.28105e-06,121593019,0.06167,0.2812,12,ebi-a-GCST90001780,rs1718125,T,C,0.0427, || id:ebi-a-GCST90001780,TRUE,reported,igd
3642,5.48605e-06,58019264,0.7573,-3.447,13,ebi-a-GCST90001780,rs117310389,T,G,1e-04, || id:ebi-a-GCST90001780,TRUE,reported,igd
3642,2.557e-06,42323712,0.1308,0.616,13,ebi-a-GCST90001780,rs140678325,T,C,0.0084, || id:ebi-a-GCST90001780,TRUE,reported,igd
3642,3.40997e-07,74022213,0.02475,0.1264,17,ebi-a-GCST90001780,rs2665962,T,C,0.545, || id:ebi-a-GCST90001780,TRUE,reported,igd
3642,9.31194e-06,50852063,0.2149,-0.9538,20,ebi-a-GCST90001780,rs75727877,A,C,0.0034, || id:ebi-a-GCST90001780,TRUE,reported,igd
