pval.exposure,chr.exposure,pos.exposure,se.exposure,beta.exposure,samplesize.exposure,id.exposure,SNP,effect_allele.exposure,other_allele.exposure,eaf.exposure,exposure,mr_keep.exposure,pval_origin.exposure,data_source.exposure
2.80001e-06,1,235247955,0.02887,0.1355,2918,ebi-a-GCST90001859,rs12132394,A,G,0.6839, || id:ebi-a-GCST90001859,TRUE,reported,igd
8.05805e-06,1,236324551,0.1123,0.502,2918,ebi-a-GCST90001859,rs140965084,T,C,0.0146, || id:ebi-a-GCST90001859,TRUE,reported,igd
1.83e-06,1,117441813,0.09072,0.4338,2918,ebi-a-GCST90001859,rs116757920,A,G,0.0224, || id:ebi-a-GCST90001859,TRUE,reported,igd
7.36105e-06,1,95285730,0.2199,-0.9878,2918,ebi-a-GCST90001859,rs76066554,T,C,0.0036, || id:ebi-a-GCST90001859,TRUE,reported,igd
1.84599e-07,1,165250607,0.07117,-0.372,2918,ebi-a-GCST90001859,rs10494441,T,C,0.037, || id:ebi-a-GCST90001859,TRUE,reported,igd
6.13479e-53,1,167433420,0.02631,0.4112,2918,ebi-a-GCST90001859,rs1723018,G,A,0.4568, || id:ebi-a-GCST90001859,TRUE,reported,igd
1.83101e-10,1,167461391,0.02729,-0.1746,2918,ebi-a-GCST90001859,rs858545,C,A,0.5764, || id:ebi-a-GCST90001859,TRUE,reported,igd
1.335e-06,1,167406513,0.03989,0.1933,2918,ebi-a-GCST90001859,rs2949670,T,A,0.8639, || id:ebi-a-GCST90001859,TRUE,reported,igd
1.05499e-06,1,167154534,0.02844,0.1391,2918,ebi-a-GCST90001859,rs12144916,G,A,0.3494, || id:ebi-a-GCST90001859,TRUE,reported,igd
9.82607e-06,2,229680074,0.04738,0.2098,2918,ebi-a-GCST90001859,rs12476279,A,G,0.0879, || id:ebi-a-GCST90001859,TRUE,reported,igd
7.57304e-06,3,64946405,0.07481,-0.3355,2918,ebi-a-GCST90001859,rs143008344,T,C,0.0334, || id:ebi-a-GCST90001859,TRUE,reported,igd
3.64998e-06,3,78658127,0.2571,1.193,2918,ebi-a-GCST90001859,rs76757975,A,C,0.0026, || id:ebi-a-GCST90001859,TRUE,reported,igd
1.53699e-07,9,105868652,0.02675,-0.1407,2918,ebi-a-GCST90001859,rs6479155,C,T,0.4974, || id:ebi-a-GCST90001859,TRUE,reported,igd
9.37303e-07,10,34500210,0.05767,0.2834,2918,ebi-a-GCST90001859,rs75572339,A,G,0.0589, || id:ebi-a-GCST90001859,TRUE,reported,igd
6.64401e-06,10,18783325,0.03962,0.1788,2918,ebi-a-GCST90001859,rs10828773,A,G,0.1381, || id:ebi-a-GCST90001859,TRUE,reported,igd
8.99891e-06,11,101769251,0.0377,0.1677,2918,ebi-a-GCST90001859,rs61916018,T,C,0.1551, || id:ebi-a-GCST90001859,TRUE,reported,igd
7.05895e-06,12,105899685,0.02835,-0.1276,2918,ebi-a-GCST90001859,rs10083033,C,T,0.3806, || id:ebi-a-GCST90001859,TRUE,reported,igd
9.66496e-06,15,33309800,0.02936,0.1302,2918,ebi-a-GCST90001859,rs7174332,A,G,0.3276, || id:ebi-a-GCST90001859,TRUE,reported,igd
9.7681e-06,16,4504398,0.1172,-0.5191,2918,ebi-a-GCST90001859,rs142477005,T,C,0.0135, || id:ebi-a-GCST90001859,TRUE,reported,igd
4.023e-06,16,83608598,0.03848,0.1777,2918,ebi-a-GCST90001859,rs7195854,G,C,0.1386, || id:ebi-a-GCST90001859,TRUE,reported,igd
6.24899e-06,16,75217897,0.0292,-0.1322,2918,ebi-a-GCST90001859,rs7203336,T,C,0.3413, || id:ebi-a-GCST90001859,TRUE,reported,igd
8.94293e-07,17,48900824,0.3123,1.538,2918,ebi-a-GCST90001859,rs71381322,A,G,0.0022, || id:ebi-a-GCST90001859,TRUE,reported,igd
5.00196e-06,19,19793484,0.02978,-0.1362,2918,ebi-a-GCST90001859,rs1529714,A,G,0.7041, || id:ebi-a-GCST90001859,TRUE,reported,igd
2.334e-06,22,38091241,0.07482,-0.354,2918,ebi-a-GCST90001859,rs188662274,G,A,0.0355, || id:ebi-a-GCST90001859,TRUE,reported,igd
