pos.exposure,se.exposure,beta.exposure,samplesize.exposure,chr.exposure,pval.exposure,id.exposure,SNP,effect_allele.exposure,other_allele.exposure,eaf.exposure,exposure,mr_keep.exposure,pval_origin.exposure,data_source.exposure
4153262,0.03685,-0.1785,3656,1,1.31501e-06,ebi-a-GCST90001825,rs12126649,C,T,0.1338, || id:ebi-a-GCST90001825,TRUE,reported,igd
106999706,0.08033,0.372,3656,3,3.76296e-06,ebi-a-GCST90001825,rs141507756,A,C,0.0245, || id:ebi-a-GCST90001825,TRUE,reported,igd
74792288,0.08114,0.3627,3656,3,8.0809e-06,ebi-a-GCST90001825,rs77606890,A,G,0.0245, || id:ebi-a-GCST90001825,TRUE,reported,igd
137149414,0.3902,-1.898,3656,4,1.19699e-06,ebi-a-GCST90001825,rs116643893,A,G,0.001, || id:ebi-a-GCST90001825,TRUE,reported,igd
78306504,0.03348,-0.1633,3656,6,1.12001e-06,ebi-a-GCST90001825,rs9443423,T,G,0.1752, || id:ebi-a-GCST90001825,TRUE,reported,igd
29413972,0.07205,-0.333,3656,6,3.93197e-06,ebi-a-GCST90001825,rs79925536,C,T,0.0447, || id:ebi-a-GCST90001825,TRUE,reported,igd
40094641,0.02525,0.1551,3656,7,8.84504e-10,ebi-a-GCST90001825,rs9639820,G,A,0.3917, || id:ebi-a-GCST90001825,TRUE,reported,igd
20587690,0.02608,-0.1176,3656,7,6.73798e-06,ebi-a-GCST90001825,rs10228863,C,T,0.3683, || id:ebi-a-GCST90001825,TRUE,reported,igd
12691374,0.06443,-0.2888,3656,10,7.60501e-06,ebi-a-GCST90001825,rs78102093,G,A,0.0406, || id:ebi-a-GCST90001825,TRUE,reported,igd
33794680,0.02704,0.1349,3656,10,6.35799e-07,ebi-a-GCST90001825,rs2601762,A,G,0.3193, || id:ebi-a-GCST90001825,TRUE,reported,igd
84605536,0.09178,-0.4217,3656,10,4.47497e-06,ebi-a-GCST90001825,rs72819694,T,C,0.0185, || id:ebi-a-GCST90001825,TRUE,reported,igd
50394478,0.07493,-0.3349,3656,13,8.05508e-06,ebi-a-GCST90001825,rs3903770,T,C,0.0294, || id:ebi-a-GCST90001825,TRUE,reported,igd
106644507,0.07351,0.4141,3656,14,1.892e-08,ebi-a-GCST90001825,rs28723652,A,C,0.0442, || id:ebi-a-GCST90001825,TRUE,reported,igd
105277950,0.04494,-0.2377,3656,14,1.302e-07,ebi-a-GCST90001825,rs72715996,A,G,0.0863, || id:ebi-a-GCST90001825,TRUE,reported,igd
105927433,0.02683,-0.1258,3656,14,2.83002e-06,ebi-a-GCST90001825,rs7143148,C,T,0.3118, || id:ebi-a-GCST90001825,TRUE,reported,igd
106306841,0.03019,-0.6238,3656,14,9.24698e-90,ebi-a-GCST90001825,rs709589,T,C,0.4557, || id:ebi-a-GCST90001825,TRUE,reported,igd
40856521,0.02508,-0.2111,3656,15,5.47394e-17,ebi-a-GCST90001825,rs28669075,T,C,0.4075, || id:ebi-a-GCST90001825,TRUE,reported,igd
55222535,0.1592,-0.7145,3656,16,7.43892e-06,ebi-a-GCST90001825,rs142302290,A,G,0.0064, || id:ebi-a-GCST90001825,TRUE,reported,igd
62021003,0.02506,-0.1647,3656,17,5.72532e-11,ebi-a-GCST90001825,rs35501848,T,G,0.4878, || id:ebi-a-GCST90001825,TRUE,reported,igd
78954840,0.06854,0.3199,3656,17,3.15101e-06,ebi-a-GCST90001825,rs117797158,A,G,0.0351, || id:ebi-a-GCST90001825,TRUE,reported,igd
67714307,0.1068,-0.4914,3656,18,4.31797e-06,ebi-a-GCST90001825,rs150521764,C,A,0.0135, || id:ebi-a-GCST90001825,TRUE,reported,igd
25979030,0.05566,0.2543,3656,20,5.07002e-06,ebi-a-GCST90001825,rs6107127,G,A,0.0595, || id:ebi-a-GCST90001825,TRUE,reported,igd
