chr.exposure,se.exposure,pos.exposure,pval.exposure,beta.exposure,samplesize.exposure,id.exposure,SNP,effect_allele.exposure,other_allele.exposure,eaf.exposure,exposure,mr_keep.exposure,pval_origin.exposure,data_source.exposure
3,0.03118,8304753,5.86098e-06,-0.1415,3595,ebi-a-GCST90001625,rs80226392,G,A,0.1356, || id:ebi-a-GCST90001625,TRUE,reported,igd
3,0.2655,33925087,9.63807e-06,-1.176,3595,ebi-a-GCST90001625,rs116253486,C,T,0.0015, || id:ebi-a-GCST90001625,TRUE,reported,igd
5,0.02216,10837029,3.38704e-06,-0.1031,3595,ebi-a-GCST90001625,rs10052603,G,A,0.5772, || id:ebi-a-GCST90001625,TRUE,reported,igd
5,0.04263,169629403,9.02194e-06,0.1895,3595,ebi-a-GCST90001625,rs4867947,A,C,0.0691, || id:ebi-a-GCST90001625,TRUE,reported,igd
6,0.02563,66862504,3.26302e-06,-0.1195,3595,ebi-a-GCST90001625,rs1832967,A,C,0.2878, || id:ebi-a-GCST90001625,TRUE,reported,igd
6,0.02613,32582577,1.28e-06,0.1268,3595,ebi-a-GCST90001625,rs3104415,C,A,0.3819, || id:ebi-a-GCST90001625,TRUE,reported,igd
8,0.117,104592705,5.50605e-06,-0.5324,3595,ebi-a-GCST90001625,rs150440365,G,A,0.0088, || id:ebi-a-GCST90001625,TRUE,reported,igd
8,0.05663,26422292,5.47495e-06,-0.2578,3595,ebi-a-GCST90001625,rs567806839,T,A,0.0401, || id:ebi-a-GCST90001625,TRUE,reported,igd
8,0.09406,103550528,6.27798e-06,-0.4255,3595,ebi-a-GCST90001625,rs117868023,A,G,0.0134, || id:ebi-a-GCST90001625,TRUE,reported,igd
9,0.03045,130974142,4.51596e-06,-0.1399,3595,ebi-a-GCST90001625,rs79563199,A,C,0.1449, || id:ebi-a-GCST90001625,TRUE,reported,igd
9,0.02281,117645562,1.54999e-07,-0.1199,3595,ebi-a-GCST90001625,rs7032773,T,C,0.4182, || id:ebi-a-GCST90001625,TRUE,reported,igd
10,0.03748,3066899,4.13599e-06,-0.1728,3595,ebi-a-GCST90001625,rs7088079,A,G,0.0892, || id:ebi-a-GCST90001625,TRUE,reported,igd
10,0.1302,27360466,9.40892e-06,0.5775,3595,ebi-a-GCST90001625,rs117816082,G,A,0.0068, || id:ebi-a-GCST90001625,TRUE,reported,igd
11,0.1155,97693585,6.11294e-06,-0.5232,3595,ebi-a-GCST90001625,rs146016042,A,G,0.0086, || id:ebi-a-GCST90001625,TRUE,reported,igd
12,0.03413,10511923,7.86502e-06,0.1528,3595,ebi-a-GCST90001625,rs73062743,T,C,0.1122, || id:ebi-a-GCST90001625,TRUE,reported,igd
12,0.02265,14354060,1.05e-06,0.1108,3595,ebi-a-GCST90001625,rs7972178,T,G,0.6476, || id:ebi-a-GCST90001625,TRUE,reported,igd
14,0.02563,45842287,9.33706e-06,0.1137,3595,ebi-a-GCST90001625,rs4906573,C,T,0.2399, || id:ebi-a-GCST90001625,TRUE,reported,igd
15,0.1583,45945654,7.703e-06,-0.7092,3595,ebi-a-GCST90001625,rs117110835,A,G,0.0047, || id:ebi-a-GCST90001625,TRUE,reported,igd
15,0.02442,29720356,6.04895e-06,0.1107,3595,ebi-a-GCST90001625,rs646262,G,A,0.7327, || id:ebi-a-GCST90001625,TRUE,reported,igd
16,0.02485,11091561,6.25994e-06,0.1124,3595,ebi-a-GCST90001625,rs8055544,T,G,0.6996, || id:ebi-a-GCST90001625,TRUE,reported,igd
16,0.02511,10986596,4.5196e-32,-0.2989,3595,ebi-a-GCST90001625,rs11641185,T,C,0.7744, || id:ebi-a-GCST90001625,TRUE,reported,igd
16,0.02634,84375706,6.63804e-06,0.1188,3595,ebi-a-GCST90001625,rs7202106,T,C,0.7811, || id:ebi-a-GCST90001625,TRUE,reported,igd
19,0.04598,1671156,5.68997e-06,-0.209,3595,ebi-a-GCST90001625,rs140410174,T,C,0.0598, || id:ebi-a-GCST90001625,TRUE,reported,igd
19,0.02341,39400504,2.434e-06,-0.1105,3595,ebi-a-GCST90001625,rs12609975,G,A,0.7039, || id:ebi-a-GCST90001625,TRUE,reported,igd
20,0.02228,58624500,2.49098e-06,-0.1051,3595,ebi-a-GCST90001625,rs6071096,C,T,0.6328, || id:ebi-a-GCST90001625,TRUE,reported,igd
22,0.02209,23690325,8.27199e-06,-0.09863,3595,ebi-a-GCST90001625,rs11090233,A,G,0.611, || id:ebi-a-GCST90001625,TRUE,reported,igd
22,0.119,48226137,2.67898e-06,-0.5593,3595,ebi-a-GCST90001625,rs149004280,T,C,0.0079, || id:ebi-a-GCST90001625,TRUE,reported,igd
