chr.exposure,beta.exposure,pos.exposure,se.exposure,pval.exposure,samplesize.exposure,id.exposure,SNP,effect_allele.exposure,other_allele.exposure,eaf.exposure,exposure,mr_keep.exposure,pval_origin.exposure,data_source.exposure
1,0.281,205241642,0.05096,3.75898e-08,3656,ebi-a-GCST90001725,rs79856590,A,G,0.0609, || id:ebi-a-GCST90001725,TRUE,reported,igd
1,0.5314,207276336,0.09132,6.41904e-09,3656,ebi-a-GCST90001725,rs113812519,G,A,0.0185, || id:ebi-a-GCST90001725,TRUE,reported,igd
1,-0.2755,7149639,0.06139,7.40491e-06,3656,ebi-a-GCST90001725,rs11120838,G,C,0.0434, || id:ebi-a-GCST90001725,TRUE,reported,igd
1,-2.026,149815561,0.3889,1.98701e-07,3656,ebi-a-GCST90001725,rs142109788,G,A,0.001, || id:ebi-a-GCST90001725,TRUE,reported,igd
1,0.5237,206855483,0.08866,3.79796e-09,3656,ebi-a-GCST90001725,rs112417310,A,G,0.0201, || id:ebi-a-GCST90001725,TRUE,reported,igd
2,0.192,174113733,0.04147,3.78896e-06,3656,ebi-a-GCST90001725,rs1345010,G,T,0.0946, || id:ebi-a-GCST90001725,TRUE,reported,igd
2,0.3549,95682916,0.07695,4.10696e-06,3656,ebi-a-GCST90001725,rs145392098,A,G,0.0272, || id:ebi-a-GCST90001725,TRUE,reported,igd
3,0.1265,100703124,0.02699,2.90402e-06,3656,ebi-a-GCST90001725,rs1449311,A,G,0.3074, || id:ebi-a-GCST90001725,TRUE,reported,igd
4,-1.228,170699036,0.2655,3.82904e-06,3656,ebi-a-GCST90001725,rs115727814,A,G,0.0021, || id:ebi-a-GCST90001725,TRUE,reported,igd
6,0.4921,36793516,0.107,4.43098e-06,3656,ebi-a-GCST90001725,rs764603,C,A,0.0131, || id:ebi-a-GCST90001725,TRUE,reported,igd
6,0.174,112306917,0.03801,4.87001e-06,3656,ebi-a-GCST90001725,rs78895027,C,T,0.1162, || id:ebi-a-GCST90001725,TRUE,reported,igd
7,-0.1116,40085765,0.02477,6.83801e-06,3656,ebi-a-GCST90001725,rs9639817,T,C,0.3861, || id:ebi-a-GCST90001725,TRUE,reported,igd
7,0.2641,56291533,0.05347,8.15399e-07,3656,ebi-a-GCST90001725,rs12216684,A,G,0.0543, || id:ebi-a-GCST90001725,TRUE,reported,igd
8,-0.24,141772905,0.05365,7.90205e-06,3656,ebi-a-GCST90001725,rs80273434,C,G,0.0535, || id:ebi-a-GCST90001725,TRUE,reported,igd
9,-3.14,133354402,0.6767,3.61102e-06,3656,ebi-a-GCST90001725,rs75912463,C,T,3e-04, || id:ebi-a-GCST90001725,TRUE,reported,igd
10,-0.2,71647692,0.04481,8.33796e-06,3656,ebi-a-GCST90001725,rs34798965,A,C,0.0788, || id:ebi-a-GCST90001725,TRUE,reported,igd
11,-0.1993,132221605,0.04029,7.89496e-07,3656,ebi-a-GCST90001725,rs67316035,A,T,0.1037, || id:ebi-a-GCST90001725,TRUE,reported,igd
12,-0.3491,19098939,0.07741,6.67006e-06,3656,ebi-a-GCST90001725,rs17493333,C,T,0.0246, || id:ebi-a-GCST90001725,TRUE,reported,igd
16,-0.1986,17323672,0.03867,2.96203e-07,3656,ebi-a-GCST90001725,rs754067,C,T,0.1142, || id:ebi-a-GCST90001725,TRUE,reported,igd
16,-1.188,32422808,0.2168,4.50298e-08,3656,ebi-a-GCST90001725,rs138920008,C,G,0.0041, || id:ebi-a-GCST90001725,TRUE,reported,igd
17,-0.2703,63085557,0.05589,1.37899e-06,3656,ebi-a-GCST90001725,rs148381451,T,C,0.0496, || id:ebi-a-GCST90001725,TRUE,reported,igd
17,0.1188,77948063,0.0244,1.16001e-06,3656,ebi-a-GCST90001725,rs1290397,A,G,0.51, || id:ebi-a-GCST90001725,TRUE,reported,igd
17,0.1399,10082301,0.03126,7.921e-06,3656,ebi-a-GCST90001725,rs1986507,A,G,0.1859, || id:ebi-a-GCST90001725,TRUE,reported,igd
19,0.1199,710050,0.02475,1.32099e-06,3656,ebi-a-GCST90001725,rs8109226,G,T,0.437, || id:ebi-a-GCST90001725,TRUE,reported,igd
19,-0.1842,56408295,0.03863,1.91602e-06,3656,ebi-a-GCST90001725,rs2903728,C,T,0.1147, || id:ebi-a-GCST90001725,TRUE,reported,igd
19,-0.5737,7096773,0.1293,9.42801e-06,3656,ebi-a-GCST90001725,rs112152495,A,G,0.0086, || id:ebi-a-GCST90001725,TRUE,reported,igd
