se.exposure,samplesize.exposure,pos.exposure,beta.exposure,chr.exposure,pval.exposure,id.exposure,SNP,effect_allele.exposure,other_allele.exposure,eaf.exposure,exposure,mr_keep.exposure,pval_origin.exposure,data_source.exposure
0.06375,3113,161121300,-0.2823,1,9.85893e-06,ebi-a-GCST90001884,rs146713480,A,G,0.0466, || id:ebi-a-GCST90001884,TRUE,reported,igd
0.02745,3113,161508763,-0.2555,1,2.40381e-20,ebi-a-GCST90001884,rs10919544,C,T,0.5475, || id:ebi-a-GCST90001884,TRUE,reported,igd
0.1972,3113,32442768,-0.8822,1,7.98399e-06,ebi-a-GCST90001884,rs140904849,T,C,0.0045, || id:ebi-a-GCST90001884,TRUE,reported,igd
0.06357,3113,92842367,0.3166,1,6.70703e-07,ebi-a-GCST90001884,rs139795227,C,A,0.0496, || id:ebi-a-GCST90001884,TRUE,reported,igd
0.07426,3113,144642201,-0.3286,3,9.99402e-06,ebi-a-GCST90001884,rs75586628,T,C,0.0368, || id:ebi-a-GCST90001884,TRUE,reported,igd
0.06195,3113,31794715,0.2802,4,6.34293e-06,ebi-a-GCST90001884,rs144290638,G,A,0.0538, || id:ebi-a-GCST90001884,TRUE,reported,igd
0.1102,3113,161858005,0.535,4,1.253e-06,ebi-a-GCST90001884,rs143549694,G,A,0.0161, || id:ebi-a-GCST90001884,TRUE,reported,igd
0.08376,3113,16657392,0.3926,4,2.89501e-06,ebi-a-GCST90001884,rs12644590,G,A,0.0265, || id:ebi-a-GCST90001884,TRUE,reported,igd
0.0635,3113,58092490,-0.2915,4,4.60405e-06,ebi-a-GCST90001884,rs75500437,A,G,0.0504, || id:ebi-a-GCST90001884,TRUE,reported,igd
0.08443,3113,60815666,0.3965,4,2.76401e-06,ebi-a-GCST90001884,rs71607232,A,G,0.0279, || id:ebi-a-GCST90001884,TRUE,reported,igd
0.05192,3113,31019806,-0.2426,6,3.09699e-06,ebi-a-GCST90001884,rs2844642,A,G,0.0996, || id:ebi-a-GCST90001884,TRUE,reported,igd
0.05548,3113,102207604,0.248,6,8.12999e-06,ebi-a-GCST90001884,rs7760353,A,T,0.0638, || id:ebi-a-GCST90001884,TRUE,reported,igd
0.2256,3113,87447998,-1.003,9,9.122e-06,ebi-a-GCST90001884,rs186982732,G,T,0.0039, || id:ebi-a-GCST90001884,TRUE,reported,igd
0.0313,3113,110692719,0.1483,9,2.24202e-06,ebi-a-GCST90001884,rs7023353,C,T,0.262, || id:ebi-a-GCST90001884,TRUE,reported,igd
0.02739,3113,6270618,0.1252,10,5.03002e-06,ebi-a-GCST90001884,rs56341765,T,A,0.429, || id:ebi-a-GCST90001884,TRUE,reported,igd
0.06522,3113,114307356,-0.3041,11,3.24101e-06,ebi-a-GCST90001884,rs117655461,T,C,0.0434, || id:ebi-a-GCST90001884,TRUE,reported,igd
0.07427,3113,111848073,-0.5632,11,4.45246e-14,ebi-a-GCST90001884,rs111579151,T,C,0.0323, || id:ebi-a-GCST90001884,TRUE,reported,igd
0.1208,3113,113153223,-0.7822,11,1.109e-10,ebi-a-GCST90001884,rs148849191,T,C,0.0124, || id:ebi-a-GCST90001884,TRUE,reported,igd
0.07632,3113,110737507,-0.4696,11,8.58697e-10,ebi-a-GCST90001884,rs17504675,A,G,0.0308, || id:ebi-a-GCST90001884,TRUE,reported,igd
0.03832,3113,112749800,-1.076,11,6.93426e-155,ebi-a-GCST90001884,rs77291736,T,C,0.1086, || id:ebi-a-GCST90001884,TRUE,reported,igd
0.04932,3113,112710664,0.2856,11,7.71294e-09,ebi-a-GCST90001884,rs117533070,T,C,0.0816, || id:ebi-a-GCST90001884,TRUE,reported,igd
0.1288,3113,83760635,0.5809,11,6.66699e-06,ebi-a-GCST90001884,rs61900380,T,C,0.0098, || id:ebi-a-GCST90001884,TRUE,reported,igd
0.1607,3113,80035628,0.7171,11,8.34104e-06,ebi-a-GCST90001884,rs117853201,A,G,0.0067, || id:ebi-a-GCST90001884,TRUE,reported,igd
0.157,3113,110491411,-0.9029,11,9.71695e-09,ebi-a-GCST90001884,rs182003559,T,A,0.0072, || id:ebi-a-GCST90001884,TRUE,reported,igd
0.03723,3113,129495547,0.1847,11,7.42096e-07,ebi-a-GCST90001884,rs7947051,G,A,0.1505, || id:ebi-a-GCST90001884,TRUE,reported,igd
0.02878,3113,112830782,0.3221,11,1.59294e-28,ebi-a-GCST90001884,rs11214436,T,G,0.3055, || id:ebi-a-GCST90001884,TRUE,reported,igd
0.2764,3113,122677843,1.271,12,4.39198e-06,ebi-a-GCST90001884,rs189384754,G,T,0.0026, || id:ebi-a-GCST90001884,TRUE,reported,igd
0.1095,3113,69429461,-0.4933,13,6.88605e-06,ebi-a-GCST90001884,rs73207892,G,T,0.0148, || id:ebi-a-GCST90001884,TRUE,reported,igd
0.1416,3113,66348437,-0.6316,14,8.41105e-06,ebi-a-GCST90001884,rs142394087,T,C,0.0087, || id:ebi-a-GCST90001884,TRUE,reported,igd
0.02747,3113,37983492,-0.1336,17,1.22e-06,ebi-a-GCST90001884,rs12944882,C,T,0.4639, || id:ebi-a-GCST90001884,TRUE,reported,igd
0.1466,3113,4195225,0.6775,19,3.96899e-06,ebi-a-GCST90001884,rs151212014,G,A,0.0082, || id:ebi-a-GCST90001884,TRUE,reported,igd
