chr.exposure,beta.exposure,pval.exposure,pos.exposure,samplesize.exposure,se.exposure,id.exposure,SNP,effect_allele.exposure,other_allele.exposure,eaf.exposure,exposure,mr_keep.exposure,pval_origin.exposure,data_source.exposure
1,-0.2856,4.55397e-06,24084235,1834,0.06212,ebi-a-GCST90001749,rs138448626,T,C,0.0823, || id:ebi-a-GCST90001749,TRUE,reported,igd
1,1.187,1.754e-06,1104584,1834,0.2474,ebi-a-GCST90001749,rs112695918,C,T,0.0046, || id:ebi-a-GCST90001749,TRUE,reported,igd
2,-0.1614,3.71801e-06,241183284,1834,0.03478,ebi-a-GCST90001749,rs1495924,G,T,0.3978, || id:ebi-a-GCST90001749,TRUE,reported,igd
2,0.2166,3.64704e-06,168748110,1834,0.04663,ebi-a-GCST90001749,rs12470912,A,G,0.1598, || id:ebi-a-GCST90001749,TRUE,reported,igd
3,0.3359,5.46701e-06,88803979,1834,0.07368,ebi-a-GCST90001749,rs11920066,C,T,0.0575, || id:ebi-a-GCST90001749,TRUE,reported,igd
3,0.1621,3.44199e-06,176405898,1834,0.03481,ebi-a-GCST90001749,rs9808998,C,T,0.3997, || id:ebi-a-GCST90001749,TRUE,reported,igd
3,0.2044,3.54299e-06,188611158,1834,0.04395,ebi-a-GCST90001749,rs13061533,T,C,0.181, || id:ebi-a-GCST90001749,TRUE,reported,igd
4,0.3559,4.62296e-06,41994707,1834,0.07745,ebi-a-GCST90001749,rs73810453,T,A,0.0488, || id:ebi-a-GCST90001749,TRUE,reported,igd
4,-0.6429,9.44909e-06,57626079,1834,0.1447,ebi-a-GCST90001749,rs189077909,A,G,0.0134, || id:ebi-a-GCST90001749,TRUE,reported,igd
6,-0.2613,2.30999e-08,32544405,1834,0.04657,ebi-a-GCST90001749,rs9269561,G,C,0.4703, || id:ebi-a-GCST90001749,TRUE,reported,igd
6,-0.2258,7.75193e-06,32621778,1834,0.05036,ebi-a-GCST90001749,rs17613271,G,A,0.5589, || id:ebi-a-GCST90001749,TRUE,reported,igd
6,0.2252,7.22404e-07,15880540,1834,0.04528,ebi-a-GCST90001749,rs2066399,A,G,0.8244, || id:ebi-a-GCST90001749,TRUE,reported,igd
9,0.4165,9.44909e-06,33898132,1834,0.09377,ebi-a-GCST90001749,rs143959146,A,G,0.0354, || id:ebi-a-GCST90001749,TRUE,reported,igd
10,0.2497,8.19294e-06,122262398,1834,0.05583,ebi-a-GCST90001749,rs11199370,A,G,0.0998, || id:ebi-a-GCST90001749,TRUE,reported,igd
11,-0.2292,1.55704e-11,60261376,1834,0.03378,ebi-a-GCST90001749,rs11604619,T,A,0.6074, || id:ebi-a-GCST90001749,TRUE,reported,igd
13,0.2965,8.36797e-06,93405148,1834,0.06636,ebi-a-GCST90001749,rs141950809,T,C,0.0676, || id:ebi-a-GCST90001749,TRUE,reported,igd
13,0.3444,3.51998e-06,71781323,1834,0.07403,ebi-a-GCST90001749,rs111741301,C,G,0.0592, || id:ebi-a-GCST90001749,TRUE,reported,igd
16,-0.2012,2.83602e-07,55157679,1834,0.03904,ebi-a-GCST90001749,rs4270172,A,G,0.744, || id:ebi-a-GCST90001749,TRUE,reported,igd
21,-0.649,1.57801e-06,27574452,1834,0.1347,ebi-a-GCST90001749,rs115329330,C,G,0.0188, || id:ebi-a-GCST90001749,TRUE,reported,igd
22,-0.1656,5.66005e-06,39860589,1834,0.03639,ebi-a-GCST90001749,rs3959642,G,A,0.6701, || id:ebi-a-GCST90001749,TRUE,reported,igd
