se.exposure,chr.exposure,beta.exposure,pval.exposure,samplesize.exposure,pos.exposure,id.exposure,SNP,effect_allele.exposure,other_allele.exposure,eaf.exposure,exposure,mr_keep.exposure,pval_origin.exposure,data_source.exposure
0.04363,1,0.2351,7.63396e-08,2919,167136405,ebi-a-GCST90001861,rs61814886,A,G,0.1059, || id:ebi-a-GCST90001861,TRUE,reported,igd
0.0606,1,0.4331,1.11609e-12,2919,167173140,ebi-a-GCST90001861,rs4657649,C,T,0.0512, || id:ebi-a-GCST90001861,TRUE,reported,igd
0.03024,1,-0.1435,2.18902e-06,2919,117781742,ebi-a-GCST90001861,rs10801951,T,C,0.7143, || id:ebi-a-GCST90001861,TRUE,reported,igd
0.02711,1,-0.141,2.11402e-07,2919,118266529,ebi-a-GCST90001861,rs4396110,A,G,0.4239, || id:ebi-a-GCST90001861,TRUE,reported,igd
0.02583,1,0.4749,1.6099e-71,2919,167431352,ebi-a-GCST90001861,rs2988277,T,C,0.4462, || id:ebi-a-GCST90001861,TRUE,reported,igd
0.02851,1,0.1317,4.00802e-06,2919,101753101,ebi-a-GCST90001861,rs1922987,C,T,0.3431, || id:ebi-a-GCST90001861,TRUE,reported,igd
0.1471,2,-0.6676,5.91194e-06,2919,186714238,ebi-a-GCST90001861,rs183817699,G,C,0.0077, || id:ebi-a-GCST90001861,TRUE,reported,igd
0.06342,3,0.2839,7.89005e-06,2919,194363700,ebi-a-GCST90001861,rs115423998,T,C,0.0459, || id:ebi-a-GCST90001861,TRUE,reported,igd
0.03441,3,0.185,8.23607e-08,2919,45972492,ebi-a-GCST90001861,rs41289614,T,C,0.1961, || id:ebi-a-GCST90001861,TRUE,reported,igd
0.04859,3,0.2524,2.201e-07,2919,19582653,ebi-a-GCST90001861,rs144137185,T,C,0.0863, || id:ebi-a-GCST90001861,TRUE,reported,igd
0.06652,3,0.309,3.539e-06,2919,78205852,ebi-a-GCST90001861,rs75149813,C,T,0.0421, || id:ebi-a-GCST90001861,TRUE,reported,igd
0.1325,6,-0.6497,9.95405e-07,2919,118163760,ebi-a-GCST90001861,rs185805208,A,C,0.0104, || id:ebi-a-GCST90001861,TRUE,reported,igd
0.03453,7,-0.1595,4.04902e-06,2919,38070274,ebi-a-GCST90001861,rs61618798,A,C,0.192, || id:ebi-a-GCST90001861,TRUE,reported,igd
0.04574,7,0.2085,5.36105e-06,2919,130751643,ebi-a-GCST90001861,rs73147660,G,C,0.0982, || id:ebi-a-GCST90001861,TRUE,reported,igd
0.02741,8,-0.1223,8.46896e-06,2919,4145796,ebi-a-GCST90001861,rs11787185,C,A,0.5411, || id:ebi-a-GCST90001861,TRUE,reported,igd
0.07548,9,-0.3464,4.622e-06,2919,101856724,ebi-a-GCST90001861,rs78457979,G,T,0.0319, || id:ebi-a-GCST90001861,TRUE,reported,igd
0.1737,10,-0.8066,3.58303e-06,2919,81110536,ebi-a-GCST90001861,rs113763504,A,G,0.0058, || id:ebi-a-GCST90001861,TRUE,reported,igd
0.02723,12,0.1223,7.377e-06,2919,17687728,ebi-a-GCST90001861,rs2728811,G,T,0.4925, || id:ebi-a-GCST90001861,TRUE,reported,igd
0.09143,15,0.4923,7.85995e-08,2919,36121803,ebi-a-GCST90001861,rs78042544,G,A,0.0214, || id:ebi-a-GCST90001861,TRUE,reported,igd
0.08629,15,0.3979,4.16898e-06,2919,27613525,ebi-a-GCST90001861,rs62001340,A,G,0.0248, || id:ebi-a-GCST90001861,TRUE,reported,igd
0.1329,16,-0.5896,9.55191e-06,2919,4720632,ebi-a-GCST90001861,rs142628481,A,G,0.0091, || id:ebi-a-GCST90001861,TRUE,reported,igd
0.02845,16,-0.1306,4.59801e-06,2919,18293116,ebi-a-GCST90001861,rs2520957,T,C,0.5826, || id:ebi-a-GCST90001861,TRUE,reported,igd
0.07432,19,0.3676,8.01106e-07,2919,40977235,ebi-a-GCST90001861,rs73048160,T,C,0.0324, || id:ebi-a-GCST90001861,TRUE,reported,igd
0.09394,21,0.4416,2.713e-06,2919,24255270,ebi-a-GCST90001861,rs113348527,A,G,0.0202, || id:ebi-a-GCST90001861,TRUE,reported,igd
0.04252,22,0.1888,9.34501e-06,2919,32030587,ebi-a-GCST90001861,rs62237850,A,G,0.1185, || id:ebi-a-GCST90001861,TRUE,reported,igd
