se.exposure,pos.exposure,samplesize.exposure,beta.exposure,chr.exposure,pval.exposure,id.exposure,SNP,effect_allele.exposure,other_allele.exposure,eaf.exposure,exposure,mr_keep.exposure,pval_origin.exposure,data_source.exposure
0.2469,239777743,3440,-1.173,1,2.11101e-06,ebi-a-GCST90001661,rs75436543,T,C,0.0025, || id:ebi-a-GCST90001661,TRUE,reported,igd
0.02829,111808558,3440,-0.1604,2,1.54099e-08,ebi-a-GCST90001661,rs12986962,G,A,0.2827, || id:ebi-a-GCST90001661,TRUE,reported,igd
0.2056,7793905,3440,0.9405,2,4.95804e-06,ebi-a-GCST90001661,rs115545560,G,C,0.0039, || id:ebi-a-GCST90001661,TRUE,reported,igd
0.04608,147306619,3440,0.2263,2,9.50605e-07,ebi-a-GCST90001661,rs115125396,C,T,0.0852, || id:ebi-a-GCST90001661,TRUE,reported,igd
0.2164,44822675,3440,-0.9685,3,7.85706e-06,ebi-a-GCST90001661,rs7634877,A,G,0.0033, || id:ebi-a-GCST90001661,TRUE,reported,igd
0.05862,134126390,3440,-0.2605,3,9.14008e-06,ebi-a-GCST90001661,rs116411882,T,G,0.0531, || id:ebi-a-GCST90001661,TRUE,reported,igd
0.02919,137321623,3440,0.1339,3,4.67595e-06,ebi-a-GCST90001661,rs1561856,T,C,0.2692, || id:ebi-a-GCST90001661,TRUE,reported,igd
0.02663,95628918,3440,-0.1312,5,8.81292e-07,ebi-a-GCST90001661,rs4869279,A,G,0.3587, || id:ebi-a-GCST90001661,TRUE,reported,igd
0.05748,101435600,3440,0.3121,6,6.06094e-08,ebi-a-GCST90001661,rs113075410,G,A,0.0541, || id:ebi-a-GCST90001661,TRUE,reported,igd
0.02629,159051908,3440,0.1229,6,3.07397e-06,ebi-a-GCST90001661,rs9457418,T,C,0.4138, || id:ebi-a-GCST90001661,TRUE,reported,igd
0.053,45300097,3440,-0.246,6,3.596e-06,ebi-a-GCST90001661,rs115695595,T,A,0.0626, || id:ebi-a-GCST90001661,TRUE,reported,igd
0.05987,103174948,3440,0.2818,6,2.61499e-06,ebi-a-GCST90001661,rs182663933,C,T,0.0499, || id:ebi-a-GCST90001661,TRUE,reported,igd
0.07946,101980039,3440,0.4819,6,1.46599e-09,ebi-a-GCST90001661,rs117147408,G,A,0.0273, || id:ebi-a-GCST90001661,TRUE,reported,igd
0.06634,51947089,3440,0.3132,7,2.44901e-06,ebi-a-GCST90001661,rs626030,G,T,0.961, || id:ebi-a-GCST90001661,TRUE,reported,igd
0.02626,145057868,3440,0.1185,8,6.61394e-06,ebi-a-GCST90001661,rs11544989,G,A,0.6156, || id:ebi-a-GCST90001661,TRUE,reported,igd
0.02644,81817326,3440,-0.1262,11,1.89099e-06,ebi-a-GCST90001661,rs12360943,C,G,0.3923, || id:ebi-a-GCST90001661,TRUE,reported,igd
0.05269,10807555,3440,0.2387,12,6.06499e-06,ebi-a-GCST90001661,rs117661587,T,C,0.0616, || id:ebi-a-GCST90001661,TRUE,reported,igd
0.02572,78180771,3440,0.1183,13,4.39805e-06,ebi-a-GCST90001661,rs2274015,T,C,0.5308, || id:ebi-a-GCST90001661,TRUE,reported,igd
0.03861,51308539,3440,0.176,14,5.29798e-06,ebi-a-GCST90001661,rs142716558,G,A,0.1294, || id:ebi-a-GCST90001661,TRUE,reported,igd
0.09932,66292007,3440,0.4705,14,2.24999e-06,ebi-a-GCST90001661,rs7152367,A,G,0.0161, || id:ebi-a-GCST90001661,TRUE,reported,igd
0.0377,33814758,3440,-0.2225,17,3.91201e-09,ebi-a-GCST90001661,rs4796089,C,T,0.1343, || id:ebi-a-GCST90001661,TRUE,reported,igd
0.05827,17901533,3440,0.2598,19,8.51903e-06,ebi-a-GCST90001661,rs111748563,G,A,0.0501, || id:ebi-a-GCST90001661,TRUE,reported,igd
0.08367,3059754,3440,0.3968,19,2.19498e-06,ebi-a-GCST90001661,rs12185529,A,G,0.0234, || id:ebi-a-GCST90001661,TRUE,reported,igd
0.02879,16234888,3440,0.1285,21,8.38205e-06,ebi-a-GCST90001661,rs976051,G,C,0.7384, || id:ebi-a-GCST90001661,TRUE,reported,igd
0.02667,43169818,3440,-0.1247,22,3.01203e-06,ebi-a-GCST90001661,rs13054887,C,T,0.3499, || id:ebi-a-GCST90001661,TRUE,reported,igd
