chr.exposure,pos.exposure,beta.exposure,samplesize.exposure,se.exposure,pval.exposure,id.exposure,SNP,effect_allele.exposure,other_allele.exposure,eaf.exposure,exposure,mr_keep.exposure,pval_origin.exposure,data_source.exposure
1,164083691,0.139,3645,0.03044,5.12897e-06,ebi-a-GCST90001705,rs6680891,T,A,0.2122, || id:ebi-a-GCST90001705,TRUE,reported,igd
1,161479745,-0.1327,3645,0.02696,8.91395e-07,ebi-a-GCST90001705,rs1801274,G,A,0.3254, || id:ebi-a-GCST90001705,TRUE,reported,igd
3,101658926,-0.128,3645,0.02803,5.11305e-06,ebi-a-GCST90001705,rs2925323,T,C,0.2927, || id:ebi-a-GCST90001705,TRUE,reported,igd
4,24492147,1.591,3645,0.3278,1.26299e-06,ebi-a-GCST90001705,rs116470335,A,G,0.0016, || id:ebi-a-GCST90001705,TRUE,reported,igd
6,97236851,-0.1463,3645,0.03251,7.01407e-06,ebi-a-GCST90001705,rs448333,C,T,0.8091, || id:ebi-a-GCST90001705,TRUE,reported,igd
6,45358923,0.6409,3645,0.1444,9.35901e-06,ebi-a-GCST90001705,rs190757416,G,A,0.0069, || id:ebi-a-GCST90001705,TRUE,reported,igd
9,136826108,-0.1252,3645,0.02741,5.12602e-06,ebi-a-GCST90001705,rs2519807,C,T,0.6986, || id:ebi-a-GCST90001705,TRUE,reported,igd
10,25305421,0.3331,3645,0.0735,6.02102e-06,ebi-a-GCST90001705,rs137911637,G,A,0.032, || id:ebi-a-GCST90001705,TRUE,reported,igd
10,72391681,-0.2324,3645,0.0523,9.10102e-06,ebi-a-GCST90001705,rs56020760,T,C,0.0609, || id:ebi-a-GCST90001705,TRUE,reported,igd
10,132491701,0.1263,3645,0.02656,2.071e-06,ebi-a-GCST90001705,rs2939924,T,C,0.328, || id:ebi-a-GCST90001705,TRUE,reported,igd
11,37670518,0.1422,3645,0.03169,7.44406e-06,ebi-a-GCST90001705,rs1563991,T,G,0.8059, || id:ebi-a-GCST90001705,TRUE,reported,igd
13,29908421,-1.163,3645,0.2462,2.38501e-06,ebi-a-GCST90001705,rs143106266,A,C,0.0025, || id:ebi-a-GCST90001705,TRUE,reported,igd
14,89904438,0.1836,3645,0.04044,5.81594e-06,ebi-a-GCST90001705,rs2110699,A,G,0.8962, || id:ebi-a-GCST90001705,TRUE,reported,igd
22,40629980,-0.5121,3645,0.05103,2.1508e-23,ebi-a-GCST90001705,rs1894588,T,C,0.0621, || id:ebi-a-GCST90001705,TRUE,reported,igd
22,40774205,-0.5355,3645,0.05733,1.61213e-20,ebi-a-GCST90001705,rs149806587,G,A,0.0527, || id:ebi-a-GCST90001705,TRUE,reported,igd
22,41998660,0.3149,3645,0.05565,1.65402e-08,ebi-a-GCST90001705,rs117430146,C,G,0.0562, || id:ebi-a-GCST90001705,TRUE,reported,igd
22,40246055,-0.6949,3645,0.07785,6.85804e-19,ebi-a-GCST90001705,rs76146864,T,C,0.0263, || id:ebi-a-GCST90001705,TRUE,reported,igd
22,41957510,-0.7379,3645,0.06516,2.99709e-29,ebi-a-GCST90001705,rs117705111,A,G,0.0364, || id:ebi-a-GCST90001705,TRUE,reported,igd
22,42525756,-0.5412,3645,0.04473,4.58564e-33,ebi-a-GCST90001705,rs1081003,A,G,0.0872, || id:ebi-a-GCST90001705,TRUE,reported,igd
22,39843409,0.2107,3645,0.02589,5.47394e-16,ebi-a-GCST90001705,rs5757678,T,C,0.6417, || id:ebi-a-GCST90001705,TRUE,reported,igd
22,43393437,-0.4487,3645,0.03597,5.11446e-35,ebi-a-GCST90001705,rs5759079,A,G,0.1407, || id:ebi-a-GCST90001705,TRUE,reported,igd
22,42315371,-1.496,3645,0.03378,1e-200,ebi-a-GCST90001705,rs73165129,T,C,0.0989, || id:ebi-a-GCST90001705,TRUE,reported,igd
