chr.exposure,samplesize.exposure,pos.exposure,beta.exposure,se.exposure,pval.exposure,id.exposure,SNP,effect_allele.exposure,other_allele.exposure,eaf.exposure,exposure,mr_keep.exposure,pval_origin.exposure,data_source.exposure
2,3656,206655953,-0.2649,0.05732,3.95103e-06,ebi-a-GCST90001441,rs16837671,G,T,0.0494, || id:ebi-a-GCST90001441,TRUE,reported,igd
3,3656,187559064,-0.1136,0.02562,9.48506e-06,ebi-a-GCST90001441,rs520786,A,T,0.3489, || id:ebi-a-GCST90001441,TRUE,reported,igd
3,3656,1814140,0.1567,0.03246,1.44501e-06,ebi-a-GCST90001441,rs34712193,T,A,0.1644, || id:ebi-a-GCST90001441,TRUE,reported,igd
5,3656,158285953,-0.2015,0.04509,8.14292e-06,ebi-a-GCST90001441,rs17056318,C,T,0.081, || id:ebi-a-GCST90001441,TRUE,reported,igd
5,3656,115785493,-0.2982,0.06626,6.99198e-06,ebi-a-GCST90001441,rs76845048,C,A,0.0357, || id:ebi-a-GCST90001441,TRUE,reported,igd
5,3656,135756457,-0.4604,0.1008,5.08698e-06,ebi-a-GCST90001441,rs115204570,T,G,0.0161, || id:ebi-a-GCST90001441,TRUE,reported,igd
6,3656,16887609,0.1447,0.03153,4.58205e-06,ebi-a-GCST90001441,rs140523784,T,C,0.1864, || id:ebi-a-GCST90001441,TRUE,reported,igd
6,3656,67039330,0.1258,0.02705,3.44096e-06,ebi-a-GCST90001441,rs9354413,C,T,0.2964, || id:ebi-a-GCST90001441,TRUE,reported,igd
6,3656,31240635,-0.2163,0.04242,3.57298e-07,ebi-a-GCST90001441,rs4361609,C,G,0.1131, || id:ebi-a-GCST90001441,TRUE,reported,igd
7,3656,121332400,0.2933,0.0634,3.85896e-06,ebi-a-GCST90001441,rs111830700,A,G,0.0377, || id:ebi-a-GCST90001441,TRUE,reported,igd
7,3656,77469688,-0.282,0.05676,7.03105e-07,ebi-a-GCST90001441,rs34910780,T,A,0.048, || id:ebi-a-GCST90001441,TRUE,reported,igd
8,3656,130594761,-0.1572,0.03051,2.72402e-07,ebi-a-GCST90001441,rs12542190,C,A,0.1943, || id:ebi-a-GCST90001441,TRUE,reported,igd
8,3656,35485504,0.1404,0.03106,6.34498e-06,ebi-a-GCST90001441,rs2978582,C,T,0.1969, || id:ebi-a-GCST90001441,TRUE,reported,igd
8,3656,75515052,0.3428,0.06378,8.19502e-08,ebi-a-GCST90001441,rs533239981,C,G,0.0387, || id:ebi-a-GCST90001441,TRUE,reported,igd
10,3656,83763586,0.6298,0.1399,6.90399e-06,ebi-a-GCST90001441,rs71483382,A,G,0.0078, || id:ebi-a-GCST90001441,TRUE,reported,igd
12,3656,110312229,0.3524,0.07909,8.61509e-06,ebi-a-GCST90001441,rs75319860,C,T,0.0249, || id:ebi-a-GCST90001441,TRUE,reported,igd
13,3656,105214810,0.3251,0.06938,2.89601e-06,ebi-a-GCST90001441,rs76578043,A,G,0.0298, || id:ebi-a-GCST90001441,TRUE,reported,igd
14,3656,95363646,0.1312,0.02819,3.38197e-06,ebi-a-GCST90001441,rs2994690,C,G,0.2462, || id:ebi-a-GCST90001441,TRUE,reported,igd
14,3656,65713895,-0.232,0.04979,3.28103e-06,ebi-a-GCST90001441,rs116844769,A,G,0.0662, || id:ebi-a-GCST90001441,TRUE,reported,igd
17,3656,2717218,-0.1133,0.02454,4.05602e-06,ebi-a-GCST90001441,rs9900847,C,T,0.6041, || id:ebi-a-GCST90001441,TRUE,reported,igd
17,3656,38038389,-0.1318,0.02761,1.87098e-06,ebi-a-GCST90001441,rs12939565,T,A,0.4267, || id:ebi-a-GCST90001441,TRUE,reported,igd
17,3656,77637123,-0.1549,0.03435,6.67806e-06,ebi-a-GCST90001441,rs73426855,C,T,0.1469, || id:ebi-a-GCST90001441,TRUE,reported,igd
19,3656,33468482,-0.152,0.03242,2.85503e-06,ebi-a-GCST90001441,rs4805840,G,A,0.823, || id:ebi-a-GCST90001441,TRUE,reported,igd
20,3656,44724305,-0.1285,0.0258,6.64003e-07,ebi-a-GCST90001441,rs6131010,G,A,0.6172, || id:ebi-a-GCST90001441,TRUE,reported,igd
