chr.exposure,pval.exposure,pos.exposure,beta.exposure,se.exposure,samplesize.exposure,id.exposure,SNP,effect_allele.exposure,other_allele.exposure,eaf.exposure,exposure,mr_keep.exposure,pval_origin.exposure,data_source.exposure
1,8.24499e-06,40040949,-0.2992,0.06701,3645,ebi-a-GCST90001748,rs116412485,A,C,0.0339, || id:ebi-a-GCST90001748,TRUE,reported,igd
1,1.94702e-06,164447415,0.2155,0.04521,3645,ebi-a-GCST90001748,rs17380682,T,C,0.0798, || id:ebi-a-GCST90001748,TRUE,reported,igd
1,8.99001e-06,56196958,0.2797,0.0629,3645,ebi-a-GCST90001748,rs142291033,A,G,0.0387, || id:ebi-a-GCST90001748,TRUE,reported,igd
2,3.02601e-06,178858731,0.3627,0.07755,3645,ebi-a-GCST90001748,rs187188344,G,C,0.0269, || id:ebi-a-GCST90001748,TRUE,reported,igd
4,8.59904e-06,100832060,0.1112,0.02496,3645,ebi-a-GCST90001748,rs2114442,T,C,0.5753, || id:ebi-a-GCST90001748,TRUE,reported,igd
4,1.71498e-06,113292746,-0.4553,0.095,3645,ebi-a-GCST90001748,rs75097128,G,A,0.0162, || id:ebi-a-GCST90001748,TRUE,reported,igd
5,3.65603e-06,159137396,0.2303,0.04967,3645,ebi-a-GCST90001748,rs11135082,G,A,0.0657, || id:ebi-a-GCST90001748,TRUE,reported,igd
5,9.85893e-06,161525053,0.2057,0.04647,3645,ebi-a-GCST90001748,rs76029468,G,T,0.076, || id:ebi-a-GCST90001748,TRUE,reported,igd
5,2.381e-06,143495021,0.1246,0.02636,3645,ebi-a-GCST90001748,rs61651267,G,A,0.3321, || id:ebi-a-GCST90001748,TRUE,reported,igd
6,1.84098e-07,29905727,0.1625,0.03109,3645,ebi-a-GCST90001748,rs13190846,T,C,0.328, || id:ebi-a-GCST90001748,TRUE,reported,igd
6,6.07995e-09,15880540,0.187,0.03209,3645,ebi-a-GCST90001748,rs2066399,A,G,0.8211, || id:ebi-a-GCST90001748,TRUE,reported,igd
6,2.13e-06,32560752,-0.1453,0.03061,3645,ebi-a-GCST90001748,rs7768875,T,C,0.4601, || id:ebi-a-GCST90001748,TRUE,reported,igd
6,8.07997e-06,50239066,-0.746,0.1669,3645,ebi-a-GCST90001748,rs78517600,C,T,0.0053, || id:ebi-a-GCST90001748,TRUE,reported,igd
6,3.89502e-07,31443323,0.1463,0.02878,3645,ebi-a-GCST90001748,rs12660382,T,C,0.3145, || id:ebi-a-GCST90001748,TRUE,reported,igd
8,8.16206e-06,13572692,0.7725,0.1729,3645,ebi-a-GCST90001748,rs150618362,G,A,0.0053, || id:ebi-a-GCST90001748,TRUE,reported,igd
9,7.65403e-06,118323116,0.5269,0.1176,3645,ebi-a-GCST90001748,rs149514748,T,C,0.0107, || id:ebi-a-GCST90001748,TRUE,reported,igd
9,8.42597e-10,37002142,-0.1558,0.02531,3645,ebi-a-GCST90001748,rs12554596,G,A,0.3892, || id:ebi-a-GCST90001748,TRUE,reported,igd
9,9.13798e-06,33898132,0.2878,0.06477,3645,ebi-a-GCST90001748,rs143959146,A,G,0.039, || id:ebi-a-GCST90001748,TRUE,reported,igd
9,3.06302e-06,3182850,-0.2227,0.04764,3645,ebi-a-GCST90001748,rs7036970,G,A,0.0713, || id:ebi-a-GCST90001748,TRUE,reported,igd
10,3.52298e-06,26837236,-0.1413,0.03042,3645,ebi-a-GCST90001748,rs4474350,C,A,0.2022, || id:ebi-a-GCST90001748,TRUE,reported,igd
10,5.938e-06,75422693,-2.623,0.5783,3645,ebi-a-GCST90001748,rs182220218,G,A,5e-04, || id:ebi-a-GCST90001748,TRUE,reported,igd
11,7.48997e-10,60230531,-0.2571,0.04166,3645,ebi-a-GCST90001748,rs2070770,T,C,0.0967, || id:ebi-a-GCST90001748,TRUE,reported,igd
14,8.9929e-06,61638400,-0.347,0.07804,3645,ebi-a-GCST90001748,rs74054746,G,A,0.0251, || id:ebi-a-GCST90001748,TRUE,reported,igd
16,7.15402e-08,71378301,0.1727,0.03199,3645,ebi-a-GCST90001748,rs2356414,T,C,0.8106, || id:ebi-a-GCST90001748,TRUE,reported,igd
17,1.59801e-06,45052253,-0.1331,0.0277,3645,ebi-a-GCST90001748,rs7216991,A,G,0.2775, || id:ebi-a-GCST90001748,TRUE,reported,igd
19,5.671e-06,54841732,-0.1961,0.04315,3645,ebi-a-GCST90001748,rs7259731,T,G,0.084, || id:ebi-a-GCST90001748,TRUE,reported,igd
19,3.22181e-11,49846398,-0.1948,0.02926,3645,ebi-a-GCST90001748,rs30003,C,T,0.2303, || id:ebi-a-GCST90001748,TRUE,reported,igd
