pval.exposure,chr.exposure,se.exposure,samplesize.exposure,pos.exposure,beta.exposure,id.exposure,SNP,effect_allele.exposure,other_allele.exposure,eaf.exposure,exposure,mr_keep.exposure,pval_origin.exposure,data_source.exposure
1.48201e-06,1,0.02593,3437,248047256,0.125,ebi-a-GCST90001499,rs6587385,C,T,0.7012, || id:ebi-a-GCST90001499,TRUE,reported,igd
1.27909e-33,1,0.2103,3437,198151688,2.569,ebi-a-GCST90001499,rs113435341,G,A,0.0032, || id:ebi-a-GCST90001499,TRUE,reported,igd
5.32721e-24,1,0.1783,3437,199999121,1.815,ebi-a-GCST90001499,rs11579717,A,G,0.0044, || id:ebi-a-GCST90001499,TRUE,reported,igd
3.52598e-06,1,0.1818,3437,182091538,0.8446,ebi-a-GCST90001499,rs187089343,C,A,0.0047, || id:ebi-a-GCST90001499,TRUE,reported,igd
3.78303e-06,1,0.343,3437,230492271,-1.588,ebi-a-GCST90001499,rs11577174,T,C,0.0012, || id:ebi-a-GCST90001499,TRUE,reported,igd
2.94897e-07,1,0.08216,3437,193505625,0.4221,ebi-a-GCST90001499,rs60220946,T,C,0.0212, || id:ebi-a-GCST90001499,TRUE,reported,igd
1.61696e-14,1,0.1851,3437,194010208,1.427,ebi-a-GCST90001499,rs116794175,C,T,0.0042, || id:ebi-a-GCST90001499,TRUE,reported,igd
1.302e-06,1,0.1257,3437,195875605,0.6092,ebi-a-GCST90001499,rs34645541,A,C,0.0095, || id:ebi-a-GCST90001499,TRUE,reported,igd
2.91602e-06,1,0.04613,3437,5012020,-0.2161,ebi-a-GCST90001499,rs75981740,G,A,0.0711, || id:ebi-a-GCST90001499,TRUE,reported,igd
6.47799e-06,2,0.03406,3437,42378770,-0.1538,ebi-a-GCST90001499,rs12993274,C,A,0.1481, || id:ebi-a-GCST90001499,TRUE,reported,igd
5.48656e-33,2,0.02387,3437,38897810,0.2886,ebi-a-GCST90001499,rs6751481,C,T,0.4709, || id:ebi-a-GCST90001499,TRUE,reported,igd
2.76599e-08,2,0.03915,3437,41884212,0.218,ebi-a-GCST90001499,rs17607399,T,C,0.1084, || id:ebi-a-GCST90001499,TRUE,reported,igd
9.54333e-21,2,0.03123,3437,39176695,-0.2936,ebi-a-GCST90001499,rs413431,G,A,0.8154, || id:ebi-a-GCST90001499,TRUE,reported,igd
6.55496e-06,4,0.1768,3437,122780838,0.7983,ebi-a-GCST90001499,rs62322628,T,C,0.0049, || id:ebi-a-GCST90001499,TRUE,reported,igd
7.34007e-06,5,0.08311,3437,27694229,0.3732,ebi-a-GCST90001499,rs11739607,C,T,0.0214, || id:ebi-a-GCST90001499,TRUE,reported,igd
5.098e-06,5,0.02599,3437,120100784,-0.1187,ebi-a-GCST90001499,rs10059100,G,A,0.3224, || id:ebi-a-GCST90001499,TRUE,reported,igd
6.58704e-06,6,0.0312,3437,31315165,-0.1408,ebi-a-GCST90001499,rs9265947,C,T,0.5804, || id:ebi-a-GCST90001499,TRUE,reported,igd
8.27694e-06,8,0.02433,3437,3414155,-0.1086,ebi-a-GCST90001499,rs7825970,T,G,0.5701, || id:ebi-a-GCST90001499,TRUE,reported,igd
2.81501e-06,8,0.03164,3437,132542825,-0.1485,ebi-a-GCST90001499,rs273421,C,G,0.8356, || id:ebi-a-GCST90001499,TRUE,reported,igd
7.79704e-07,8,0.08395,3437,3651438,0.4155,ebi-a-GCST90001499,rs79224901,C,G,0.0221, || id:ebi-a-GCST90001499,TRUE,reported,igd
5.71005e-06,8,0.04733,3437,49024059,0.2151,ebi-a-GCST90001499,rs73579441,C,T,0.0716, || id:ebi-a-GCST90001499,TRUE,reported,igd
5.05895e-06,9,0.1165,3437,135102542,0.5324,ebi-a-GCST90001499,rs79607503,A,G,0.0097, || id:ebi-a-GCST90001499,TRUE,reported,igd
1.088e-06,10,0.03371,3437,6111075,-0.1646,ebi-a-GCST90001499,rs7893324,C,T,0.1562, || id:ebi-a-GCST90001499,TRUE,reported,igd
7.03008e-06,12,0.0334,3437,56009543,-0.1503,ebi-a-GCST90001499,rs4759006,A,G,0.1565, || id:ebi-a-GCST90001499,TRUE,reported,igd
6.14795e-06,13,0.04643,3437,21794935,0.2102,ebi-a-GCST90001499,rs2148708,G,A,0.9326, || id:ebi-a-GCST90001499,TRUE,reported,igd
7.51502e-06,13,0.07592,3437,36528979,-0.3405,ebi-a-GCST90001499,rs186940149,T,A,0.0256, || id:ebi-a-GCST90001499,TRUE,reported,igd
6.48993e-06,14,0.06506,3437,92726328,-0.2939,ebi-a-GCST90001499,rs79235233,G,C,0.0342, || id:ebi-a-GCST90001499,TRUE,reported,igd
1.81001e-06,18,0.02499,3437,24263725,-0.1195,ebi-a-GCST90001499,rs562562,A,G,0.3714, || id:ebi-a-GCST90001499,TRUE,reported,igd
1.74201e-06,22,0.2155,3437,28835840,1.032,ebi-a-GCST90001499,rs369976766,A,T,0.0035, || id:ebi-a-GCST90001499,TRUE,reported,igd
