samplesize.exposure,pos.exposure,se.exposure,chr.exposure,pval.exposure,beta.exposure,id.exposure,SNP,effect_allele.exposure,other_allele.exposure,eaf.exposure,exposure,mr_keep.exposure,pval_origin.exposure,data_source.exposure
3657,206855483,0.08983,1,5.4325e-13,0.6504,ebi-a-GCST90001729,rs112417310,A,G,0.0201, || id:ebi-a-GCST90001729,TRUE,reported,igd
3657,207018206,0.09002,1,1.07201e-11,0.6138,ebi-a-GCST90001729,rs144743804,A,G,0.0197, || id:ebi-a-GCST90001729,TRUE,reported,igd
3657,86076069,0.03358,1,6.03601e-07,0.1679,ebi-a-GCST90001729,rs2026774,C,T,0.8352, || id:ebi-a-GCST90001729,TRUE,reported,igd
3657,207276336,0.09244,1,2.55211e-13,0.6788,ebi-a-GCST90001729,rs113812519,G,A,0.0185, || id:ebi-a-GCST90001729,TRUE,reported,igd
3657,234499381,0.02655,1,2.92597e-06,-0.1243,ebi-a-GCST90001729,rs10737202,C,T,0.3389, || id:ebi-a-GCST90001729,TRUE,reported,igd
3657,149182432,6.148,1,1.92199e-07,32.07,ebi-a-GCST90001729,rs143341510,T,C,NA, || id:ebi-a-GCST90001729,TRUE,reported,igd
3657,208879261,0.03178,2,4.28904e-06,0.1463,ebi-a-GCST90001729,rs13030427,A,G,0.1957, || id:ebi-a-GCST90001729,TRUE,reported,igd
3657,61111881,0.03373,3,5.27594e-08,0.184,ebi-a-GCST90001729,rs9880620,T,C,0.1658, || id:ebi-a-GCST90001729,TRUE,reported,igd
3657,97446508,0.2737,3,5.59294e-06,-1.245,ebi-a-GCST90001729,rs4518167,C,T,0.9979, || id:ebi-a-GCST90001729,TRUE,reported,igd
3657,32376405,0.1248,3,5.06501e-06,0.5704,ebi-a-GCST90001729,rs115761380,G,A,0.0098, || id:ebi-a-GCST90001729,TRUE,reported,igd
3657,153625808,0.03976,4,9.09599e-06,0.1767,ebi-a-GCST90001729,rs72721695,A,C,0.1102, || id:ebi-a-GCST90001729,TRUE,reported,igd
3657,68486690,0.232,6,3.54503e-06,-1.077,ebi-a-GCST90001729,rs76162621,G,A,0.0027, || id:ebi-a-GCST90001729,TRUE,reported,igd
3657,31529883,0.02779,6,5.48504e-06,-0.1265,ebi-a-GCST90001729,rs2516390,T,C,0.5991, || id:ebi-a-GCST90001729,TRUE,reported,igd
3657,56291533,0.05427,7,1.32401e-06,0.2629,ebi-a-GCST90001729,rs12216684,A,G,0.0543, || id:ebi-a-GCST90001729,TRUE,reported,igd
3657,132221605,0.04093,11,8.52197e-06,-0.1824,ebi-a-GCST90001729,rs67316035,A,T,0.1036, || id:ebi-a-GCST90001729,TRUE,reported,igd
3657,25430787,0.05856,12,8.40504e-07,-0.2889,ebi-a-GCST90001729,rs117442206,T,C,0.0481, || id:ebi-a-GCST90001729,TRUE,reported,igd
3657,22791563,0.02547,14,7.67609e-06,-0.1141,ebi-a-GCST90001729,rs2204990,A,G,0.5775, || id:ebi-a-GCST90001729,TRUE,reported,igd
3657,32422808,0.2195,16,6.49531e-11,-1.438,ebi-a-GCST90001729,rs138920008,C,G,0.0041, || id:ebi-a-GCST90001729,TRUE,reported,igd
3657,63085557,0.05674,17,9.50889e-06,-0.2516,ebi-a-GCST90001729,rs148381451,T,C,0.0496, || id:ebi-a-GCST90001729,TRUE,reported,igd
3657,7091080,0.1446,19,2.09802e-06,-0.6872,ebi-a-GCST90001729,rs187374346,A,G,0.0074, || id:ebi-a-GCST90001729,TRUE,reported,igd
3657,19012358,0.044,19,9.26105e-07,0.2163,ebi-a-GCST90001729,rs59977691,A,G,0.0868, || id:ebi-a-GCST90001729,TRUE,reported,igd
3657,32136760,0.1025,21,7.15402e-06,0.4609,ebi-a-GCST90001729,rs137949497,G,T,0.0146, || id:ebi-a-GCST90001729,TRUE,reported,igd
