samplesize.exposure,beta.exposure,se.exposure,pos.exposure,pval.exposure,chr.exposure,id.exposure,SNP,effect_allele.exposure,other_allele.exposure,eaf.exposure,exposure,mr_keep.exposure,pval_origin.exposure,data_source.exposure
3427,0.1111,0.02499,109586432,9.12599e-06,1,ebi-a-GCST90001547,rs28832396,T,C,0.5511, || id:ebi-a-GCST90001547,TRUE,reported,igd
3427,1.299,0.2259,197924770,9.5159e-09,1,ebi-a-GCST90001547,rs17583875,A,G,0.0029, || id:ebi-a-GCST90001547,TRUE,reported,igd
3427,0.1718,0.0383,142418583,7.49307e-06,2,ebi-a-GCST90001547,rs114171033,C,G,0.1176, || id:ebi-a-GCST90001547,TRUE,reported,igd
3427,-0.2037,0.04328,121565142,2.62301e-06,2,ebi-a-GCST90001547,rs55633297,G,A,0.091, || id:ebi-a-GCST90001547,TRUE,reported,igd
3427,0.1445,0.02959,38966307,1.087e-06,2,ebi-a-GCST90001547,rs1897327,C,T,0.7505, || id:ebi-a-GCST90001547,TRUE,reported,igd
3427,0.1924,0.03952,65076497,1.17001e-06,2,ebi-a-GCST90001547,rs1509520,T,G,0.1069, || id:ebi-a-GCST90001547,TRUE,reported,igd
3427,0.2049,0.02827,38895920,5.22878e-13,2,ebi-a-GCST90001547,rs13024840,A,T,0.2578, || id:ebi-a-GCST90001547,TRUE,reported,igd
3427,-0.124,0.02761,188878471,7.34294e-06,3,ebi-a-GCST90001547,rs6766978,G,A,0.2699, || id:ebi-a-GCST90001547,TRUE,reported,igd
3427,-2.989,0.6329,141674361,2.41402e-06,3,ebi-a-GCST90001547,rs143346058,G,C,3e-04, || id:ebi-a-GCST90001547,TRUE,reported,igd
3427,-0.1813,0.03918,119558596,3.83804e-06,4,ebi-a-GCST90001547,rs140596675,A,G,0.1094, || id:ebi-a-GCST90001547,TRUE,reported,igd
3427,-0.291,0.03325,32589978,3.30065e-18,6,ebi-a-GCST90001547,rs9271536,T,A,0.7798, || id:ebi-a-GCST90001547,TRUE,reported,igd
3427,0.2854,0.03605,32585071,3.27793e-15,6,ebi-a-GCST90001547,rs113243185,C,G,0.1996, || id:ebi-a-GCST90001547,TRUE,reported,igd
3427,0.2415,0.04772,31853808,4.41001e-07,6,ebi-a-GCST90001547,rs9501598,G,A,0.098, || id:ebi-a-GCST90001547,TRUE,reported,igd
3427,0.3169,0.04734,31159546,2.55094e-11,6,ebi-a-GCST90001547,rs62400929,G,A,0.1087, || id:ebi-a-GCST90001547,TRUE,reported,igd
3427,0.2185,0.03884,31392047,1.996e-08,6,ebi-a-GCST90001547,rs9501107,T,G,0.1503, || id:ebi-a-GCST90001547,TRUE,reported,igd
3427,-2.17,0.4896,138632388,9.60993e-06,8,ebi-a-GCST90001547,rs113667295,C,G,6e-04, || id:ebi-a-GCST90001547,TRUE,reported,igd
3427,-0.2895,0.05987,1091650,1.38299e-06,10,ebi-a-GCST90001547,rs7075830,C,G,0.0451, || id:ebi-a-GCST90001547,TRUE,reported,igd
3427,-0.1274,0.02551,99630378,6.188e-07,11,ebi-a-GCST90001547,rs10750395,A,G,0.3742, || id:ebi-a-GCST90001547,TRUE,reported,igd
3427,0.1097,0.02466,129434577,8.86401e-06,12,ebi-a-GCST90001547,rs7131851,G,A,0.5518, || id:ebi-a-GCST90001547,TRUE,reported,igd
3427,-0.6438,0.1405,17957041,4.76003e-06,12,ebi-a-GCST90001547,rs191878389,C,T,0.0076, || id:ebi-a-GCST90001547,TRUE,reported,igd
3427,-1.199,0.2664,25084629,7.00197e-06,12,ebi-a-GCST90001547,rs140239764,A,C,0.0023, || id:ebi-a-GCST90001547,TRUE,reported,igd
3427,-0.6778,0.1522,41374965,8.71806e-06,12,ebi-a-GCST90001547,rs140464654,G,A,0.0066, || id:ebi-a-GCST90001547,TRUE,reported,igd
3427,-0.1817,0.04064,51932689,8.03397e-06,14,ebi-a-GCST90001547,rs74385090,T,A,0.1021, || id:ebi-a-GCST90001547,TRUE,reported,igd
3427,0.1189,0.02627,80278961,6.23893e-06,15,ebi-a-GCST90001547,rs12148245,T,C,0.3507, || id:ebi-a-GCST90001547,TRUE,reported,igd
3427,-0.1225,0.02692,82503078,5.53503e-06,15,ebi-a-GCST90001547,rs4778983,C,T,0.3108, || id:ebi-a-GCST90001547,TRUE,reported,igd
3427,0.1209,0.02648,6831355,5.16702e-06,19,ebi-a-GCST90001547,rs3786686,A,G,0.3296, || id:ebi-a-GCST90001547,TRUE,reported,igd
3427,-0.1132,0.02483,32198305,5.27497e-06,21,ebi-a-GCST90001547,rs1304372,A,G,0.4578, || id:ebi-a-GCST90001547,TRUE,reported,igd
