beta.exposure,pval.exposure,pos.exposure,se.exposure,chr.exposure,samplesize.exposure,id.exposure,SNP,effect_allele.exposure,other_allele.exposure,eaf.exposure,exposure,mr_keep.exposure,pval_origin.exposure,data_source.exposure
-0.1159,4.36697e-06,132741527,0.02519,2,3656,ebi-a-GCST90001409,rs139077655,T,C,0.382, || id:ebi-a-GCST90001409,TRUE,reported,igd
-0.2134,6.00897e-06,152777207,0.04708,4,3656,ebi-a-GCST90001409,rs76981518,T,C,0.0744, || id:ebi-a-GCST90001409,TRUE,reported,igd
2.627,5.91398e-06,146138788,0.579,5,3656,ebi-a-GCST90001409,rs115150472,T,C,4e-04, || id:ebi-a-GCST90001409,TRUE,reported,igd
0.233,7.40491e-06,58278611,0.05192,5,3656,ebi-a-GCST90001409,rs10042327,A,G,0.0613, || id:ebi-a-GCST90001409,TRUE,reported,igd
-0.2366,2.36499e-07,158285953,0.0457,5,3656,ebi-a-GCST90001409,rs17056318,C,T,0.081, || id:ebi-a-GCST90001409,TRUE,reported,igd
0.1232,7.29794e-06,67039330,0.02743,6,3656,ebi-a-GCST90001409,rs9354413,C,T,0.2964, || id:ebi-a-GCST90001409,TRUE,reported,igd
0.1584,3.71304e-06,67653879,0.03419,7,3656,ebi-a-GCST90001409,rs35607968,T,C,0.1536, || id:ebi-a-GCST90001409,TRUE,reported,igd
-0.2668,3.51002e-06,21321670,0.05743,7,3656,ebi-a-GCST90001409,rs2390504,A,G,0.0486, || id:ebi-a-GCST90001409,TRUE,reported,igd
-0.4624,3.298e-06,12847391,0.09926,7,3656,ebi-a-GCST90001409,rs143397127,C,T,0.0157, || id:ebi-a-GCST90001409,TRUE,reported,igd
-0.1445,1.74e-07,130617819,0.02761,8,3656,ebi-a-GCST90001409,rs2395904,G,T,0.2657, || id:ebi-a-GCST90001409,TRUE,reported,igd
0.1251,4.59505e-07,70193536,0.02477,8,3656,ebi-a-GCST90001409,rs283340,C,T,0.5621, || id:ebi-a-GCST90001409,TRUE,reported,igd
0.7902,3.91796e-06,125485345,0.1709,10,3656,ebi-a-GCST90001409,rs189761842,T,C,0.0055, || id:ebi-a-GCST90001409,TRUE,reported,igd
-0.4129,8.12905e-06,33779474,0.09241,10,3656,ebi-a-GCST90001409,rs117344365,A,G,0.0178, || id:ebi-a-GCST90001409,TRUE,reported,igd
0.138,9.06797e-07,119980729,0.02805,11,3656,ebi-a-GCST90001409,rs12799241,A,G,0.2619, || id:ebi-a-GCST90001409,TRUE,reported,igd
0.1183,8.96004e-06,6499533,0.0266,12,3656,ebi-a-GCST90001409,rs2286599,A,G,0.32, || id:ebi-a-GCST90001409,TRUE,reported,igd
0.1702,2.84499e-06,67638132,0.0363,12,3656,ebi-a-GCST90001409,rs58114937,G,A,0.1302, || id:ebi-a-GCST90001409,TRUE,reported,igd
-0.1163,3.62602e-06,71534535,0.02507,13,3656,ebi-a-GCST90001409,rs9564767,G,A,0.6075, || id:ebi-a-GCST90001409,TRUE,reported,igd
-0.1229,5.33495e-06,22954777,0.02697,14,3656,ebi-a-GCST90001409,rs3811215,T,G,0.3032, || id:ebi-a-GCST90001409,TRUE,reported,igd
-0.1886,5.33703e-06,60878804,0.04138,15,3656,ebi-a-GCST90001409,rs76263497,A,G,0.0989, || id:ebi-a-GCST90001409,TRUE,reported,igd
1.819,7.65297e-06,84305239,0.4058,16,3656,ebi-a-GCST90001409,rs143176410,C,G,0.001, || id:ebi-a-GCST90001409,TRUE,reported,igd
-0.3088,4.341e-06,7316027,0.06711,17,3656,ebi-a-GCST90001409,rs77983244,A,G,0.0325, || id:ebi-a-GCST90001409,TRUE,reported,igd
-0.1605,2.34601e-08,38038391,0.02868,17,3656,ebi-a-GCST90001409,rs62067029,T,A,0.4148, || id:ebi-a-GCST90001409,TRUE,reported,igd
0.1382,3.31002e-06,53848484,0.02968,19,3656,ebi-a-GCST90001409,rs62115322,G,C,0.2083, || id:ebi-a-GCST90001409,TRUE,reported,igd
-0.2347,1.08201e-06,59926554,0.04805,20,3656,ebi-a-GCST90001409,rs34764986,C,T,0.0699, || id:ebi-a-GCST90001409,TRUE,reported,igd
