samplesize.exposure,chr.exposure,beta.exposure,se.exposure,pos.exposure,pval.exposure,id.exposure,SNP,effect_allele.exposure,other_allele.exposure,eaf.exposure,exposure,mr_keep.exposure,pval_origin.exposure,data_source.exposure
1835,1,0.1754,0.03678,7854998,2.01201e-06,ebi-a-GCST90001781,rs696306,T,G,0.3054, || id:ebi-a-GCST90001781,TRUE,reported,igd
1835,1,0.155,0.03475,190053879,8.69801e-06,ebi-a-GCST90001781,rs10920477,G,A,0.4185, || id:ebi-a-GCST90001781,TRUE,reported,igd
1835,2,-0.3375,0.07297,28889318,4.00396e-06,ebi-a-GCST90001781,rs113066333,A,G,0.0572, || id:ebi-a-GCST90001781,TRUE,reported,igd
1835,2,-0.7003,0.1385,215843408,4.73598e-07,ebi-a-GCST90001781,rs72948393,C,T,0.0147, || id:ebi-a-GCST90001781,TRUE,reported,igd
1835,2,1.613,0.3486,182116922,4.00203e-06,ebi-a-GCST90001781,rs114964656,T,C,0.0025, || id:ebi-a-GCST90001781,TRUE,reported,igd
1835,2,-0.2782,0.06163,15014620,6.76503e-06,ebi-a-GCST90001781,rs2139146,T,C,0.0798, || id:ebi-a-GCST90001781,TRUE,reported,igd
1835,2,-0.3261,0.0732,11202300,8.90697e-06,ebi-a-GCST90001781,rs76504408,A,G,0.0575, || id:ebi-a-GCST90001781,TRUE,reported,igd
1835,3,-0.396,0.07974,173656076,7.486e-07,ebi-a-GCST90001781,rs76032804,G,A,0.0477, || id:ebi-a-GCST90001781,TRUE,reported,igd
1835,3,0.3126,0.06189,11688393,4.83304e-07,ebi-a-GCST90001781,rs2616542,T,G,0.9166, || id:ebi-a-GCST90001781,TRUE,reported,igd
1835,3,0.3546,0.07788,157871039,5.62497e-06,ebi-a-GCST90001781,rs111926422,C,A,0.0499, || id:ebi-a-GCST90001781,TRUE,reported,igd
1835,5,-0.2459,0.05473,88747297,7.48497e-06,ebi-a-GCST90001781,rs9293516,T,C,0.1106, || id:ebi-a-GCST90001781,TRUE,reported,igd
1835,5,0.2481,0.05504,150592481,6.99005e-06,ebi-a-GCST90001781,rs12655234,A,G,0.1087, || id:ebi-a-GCST90001781,TRUE,reported,igd
1835,5,0.2901,0.06526,112536717,9.32009e-06,ebi-a-GCST90001781,rs147734841,G,A,0.0768, || id:ebi-a-GCST90001781,TRUE,reported,igd
1835,6,-0.2079,0.04223,159340868,9.33792e-07,ebi-a-GCST90001781,rs4593388,G,A,0.2033, || id:ebi-a-GCST90001781,TRUE,reported,igd
1835,7,-1.044,0.2312,65244440,6.70394e-06,ebi-a-GCST90001781,rs578114150,A,G,0.0063, || id:ebi-a-GCST90001781,TRUE,reported,igd
1835,8,0.747,0.1576,82141410,2.31302e-06,ebi-a-GCST90001781,rs142906903,C,G,0.0112, || id:ebi-a-GCST90001781,TRUE,reported,igd
1835,8,1.019,0.223,78082998,5.23094e-06,ebi-a-GCST90001781,rs139976226,G,T,0.0063, || id:ebi-a-GCST90001781,TRUE,reported,igd
1835,8,0.1636,0.03679,6766251,9.24102e-06,ebi-a-GCST90001781,rs35504411,G,C,0.3207, || id:ebi-a-GCST90001781,TRUE,reported,igd
1835,9,-0.2187,0.0399,95887320,4.80695e-08,ebi-a-GCST90001781,rs2275848,T,G,0.7711, || id:ebi-a-GCST90001781,TRUE,reported,igd
1835,10,0.4909,0.05533,6106621,1.66686e-18,ebi-a-GCST90001781,rs41294937,C,T,0.1068, || id:ebi-a-GCST90001781,TRUE,reported,igd
1835,12,-0.1556,0.03376,31502991,4.33501e-06,ebi-a-GCST90001781,rs10843928,T,G,0.5142, || id:ebi-a-GCST90001781,TRUE,reported,igd
1835,14,-0.2484,0.04396,106306841,1.84302e-08,ebi-a-GCST90001781,rs709589,T,C,0.4529, || id:ebi-a-GCST90001781,TRUE,reported,igd
1835,16,0.4811,0.1027,11709659,2.99102e-06,ebi-a-GCST90001781,rs118088397,T,C,0.0297, || id:ebi-a-GCST90001781,TRUE,reported,igd
1835,17,0.3925,0.08635,32309424,5.85504e-06,ebi-a-GCST90001781,rs716408,G,A,0.0411, || id:ebi-a-GCST90001781,TRUE,reported,igd
1835,22,0.1709,0.03451,44448338,7.99797e-07,ebi-a-GCST90001781,rs2267601,A,G,0.4172, || id:ebi-a-GCST90001781,TRUE,reported,igd
