beta.exposure,chr.exposure,se.exposure,pval.exposure,samplesize.exposure,pos.exposure,id.exposure,SNP,effect_allele.exposure,other_allele.exposure,eaf.exposure,exposure,mr_keep.exposure,pval_origin.exposure,data_source.exposure
0.07817,2,0.01705,4.70598e-06,3427,111722118,ebi-a-GCST90001553,rs13386443,G,A,0.4758, || id:ebi-a-GCST90001553,TRUE,reported,igd
-12.04,2,2.063,5.87895e-09,3427,167484735,ebi-a-GCST90001553,rs143809235,G,T,NA, || id:ebi-a-GCST90001553,TRUE,reported,igd
0.1206,2,0.02163,2.66299e-08,3427,111610816,ebi-a-GCST90001553,rs10183338,T,G,0.1892, || id:ebi-a-GCST90001553,TRUE,reported,igd
-0.08993,2,0.01765,3.67096e-07,3427,237034061,ebi-a-GCST90001553,rs1064086,A,G,0.328, || id:ebi-a-GCST90001553,TRUE,reported,igd
-2.257,2,0.4624,1.09901e-06,3427,173592729,ebi-a-GCST90001553,rs116590755,T,G,3e-04, || id:ebi-a-GCST90001553,TRUE,reported,igd
-0.1199,4,0.02335,2.97399e-07,3427,103558731,ebi-a-GCST90001553,rs6833962,T,C,0.1547, || id:ebi-a-GCST90001553,TRUE,reported,igd
0.1374,5,0.02986,4.348e-06,3427,90986313,ebi-a-GCST90001553,rs10474365,T,C,0.091, || id:ebi-a-GCST90001553,TRUE,reported,igd
-0.1427,6,0.02969,1.60801e-06,3427,31410352,ebi-a-GCST90001553,rs73404248,A,G,0.1129, || id:ebi-a-GCST90001553,TRUE,reported,igd
-1.192,6,0.2444,1.137e-06,3427,19906546,ebi-a-GCST90001553,rs114581570,G,A,0.0012, || id:ebi-a-GCST90001553,TRUE,reported,igd
0.3952,6,0.06626,2.713e-09,3427,31360602,ebi-a-GCST90001553,rs116562707,G,A,0.0191, || id:ebi-a-GCST90001553,TRUE,reported,igd
0.1946,6,0.04393,9.76607e-06,3427,32624017,ebi-a-GCST90001553,rs145607970,A,C,0.1036, || id:ebi-a-GCST90001553,TRUE,reported,igd
1.487,7,0.2796,1.118e-07,3427,28687227,ebi-a-GCST90001553,rs141596789,C,G,9e-04, || id:ebi-a-GCST90001553,TRUE,reported,igd
0.0837,8,0.01785,2.83302e-06,3427,61151574,ebi-a-GCST90001553,rs8180936,T,C,0.6698, || id:ebi-a-GCST90001553,TRUE,reported,igd
0.244,8,0.052,2.80201e-06,3427,144789624,ebi-a-GCST90001553,rs75368383,C,T,0.0266, || id:ebi-a-GCST90001553,TRUE,reported,igd
0.1558,9,0.0299,1.98198e-07,3427,33428882,ebi-a-GCST90001553,rs12555210,G,A,0.089, || id:ebi-a-GCST90001553,TRUE,reported,igd
0.1151,10,0.02546,6.43295e-06,3427,29316021,ebi-a-GCST90001553,rs72815242,A,G,0.1312, || id:ebi-a-GCST90001553,TRUE,reported,igd
-0.07929,11,0.01757,6.63804e-06,3427,126244173,ebi-a-GCST90001553,rs656841,G,C,0.6347, || id:ebi-a-GCST90001553,TRUE,reported,igd
-0.1128,12,0.02462,4.75905e-06,3427,14385601,ebi-a-GCST90001553,rs4764066,C,T,0.8665, || id:ebi-a-GCST90001553,TRUE,reported,igd
-0.529,13,0.1177,7.13493e-06,3427,98313824,ebi-a-GCST90001553,rs7981825,A,G,0.0048, || id:ebi-a-GCST90001553,TRUE,reported,igd
0.09414,13,0.02024,3.41704e-06,3427,24258336,ebi-a-GCST90001553,rs11843149,C,T,0.2256, || id:ebi-a-GCST90001553,TRUE,reported,igd
1.124,14,0.2385,2.55399e-06,3427,65199087,ebi-a-GCST90001553,rs17767232,A,G,0.0012, || id:ebi-a-GCST90001553,TRUE,reported,igd
0.1964,14,0.04355,6.72404e-06,3427,93019211,ebi-a-GCST90001553,rs73328313,T,G,0.0376, || id:ebi-a-GCST90001553,TRUE,reported,igd
-0.1005,15,0.02146,2.92503e-06,3427,36405909,ebi-a-GCST90001553,rs17685199,C,A,0.1819, || id:ebi-a-GCST90001553,TRUE,reported,igd
0.1191,16,0.02489,1.78999e-06,3427,28238440,ebi-a-GCST90001553,rs112725843,T,C,0.1326, || id:ebi-a-GCST90001553,TRUE,reported,igd
-0.1202,17,0.02264,1.15601e-07,3427,41761741,ebi-a-GCST90001553,rs11652705,G,A,0.1707, || id:ebi-a-GCST90001553,TRUE,reported,igd
0.4392,17,0.09652,5.54294e-06,3427,57361218,ebi-a-GCST90001553,rs143788880,A,G,0.0074, || id:ebi-a-GCST90001553,TRUE,reported,igd
0.09839,17,0.02139,4.394e-06,3427,3040277,ebi-a-GCST90001553,rs34742163,C,G,0.2041, || id:ebi-a-GCST90001553,TRUE,reported,igd
0.1064,17,0.02026,1.60498e-07,3427,31363767,ebi-a-GCST90001553,rs8067835,G,A,0.2155, || id:ebi-a-GCST90001553,TRUE,reported,igd
-0.1114,19,0.0251,9.40091e-06,3427,779416,ebi-a-GCST90001553,rs10411666,C,G,0.1328, || id:ebi-a-GCST90001553,TRUE,reported,igd
-2.438,21,0.4999,1.123e-06,3427,38377520,ebi-a-GCST90001553,rs117120215,G,C,1e-04, || id:ebi-a-GCST90001553,TRUE,reported,igd
0.6951,22,0.141,8.59409e-07,3427,40298491,ebi-a-GCST90001553,rs116954000,A,T,0.0034, || id:ebi-a-GCST90001553,TRUE,reported,igd
