chr.exposure,pos.exposure,pval.exposure,beta.exposure,samplesize.exposure,se.exposure,id.exposure,SNP,effect_allele.exposure,other_allele.exposure,eaf.exposure,exposure,mr_keep.exposure,pval_origin.exposure,data_source.exposure
2,205623497,6.32499e-06,0.3592,3657,0.07943,ebi-a-GCST90001421,rs6712095,T,G,0.0246, || id:ebi-a-GCST90001421,TRUE,reported,igd
2,75536553,1.47999e-07,-0.1546,3657,0.02937,ebi-a-GCST90001421,rs57641238,C,G,0.2252, || id:ebi-a-GCST90001421,TRUE,reported,igd
3,146097919,8.03397e-06,-0.1694,3657,0.03789,ebi-a-GCST90001421,rs34625183,T,C,0.1154, || id:ebi-a-GCST90001421,TRUE,reported,igd
3,133253719,4.11396e-06,0.1193,3657,0.02587,ebi-a-GCST90001421,rs36123742,T,A,0.6555, || id:ebi-a-GCST90001421,TRUE,reported,igd
4,90909176,2.031e-06,0.2348,3657,0.04935,ebi-a-GCST90001421,rs74786971,C,G,0.0645, || id:ebi-a-GCST90001421,TRUE,reported,igd
5,142419461,3.24399e-06,-0.2732,3657,0.05861,ebi-a-GCST90001421,rs116699251,A,G,0.0446, || id:ebi-a-GCST90001421,TRUE,reported,igd
5,9688280,6.26397e-06,1.728,3657,0.3819,ebi-a-GCST90001421,rs41494,T,A,0.999, || id:ebi-a-GCST90001421,TRUE,reported,igd
6,128553518,8.31209e-08,1.508,3657,0.2808,ebi-a-GCST90001421,rs7773849,G,A,0.0018, || id:ebi-a-GCST90001421,TRUE,reported,igd
6,32614025,3.17001e-07,0.177,3657,0.03455,ebi-a-GCST90001421,rs9273241,T,C,0.5975, || id:ebi-a-GCST90001421,TRUE,reported,igd
7,56828069,9.77507e-06,0.1274,3657,0.02877,ebi-a-GCST90001421,rs2102662,A,G,0.7447, || id:ebi-a-GCST90001421,TRUE,reported,igd
7,137173666,5.77006e-06,0.249,3657,0.05482,ebi-a-GCST90001421,rs111761453,T,G,0.0524, || id:ebi-a-GCST90001421,TRUE,reported,igd
7,15900650,3.21203e-06,-0.1541,3657,0.03305,ebi-a-GCST90001421,rs38182,T,C,0.1693, || id:ebi-a-GCST90001421,TRUE,reported,igd
8,19139514,4.34901e-06,-0.1182,3657,0.02568,ebi-a-GCST90001421,rs6586822,C,T,0.6508, || id:ebi-a-GCST90001421,TRUE,reported,igd
10,25320223,9.72098e-06,-0.1128,3657,0.02546,ebi-a-GCST90001421,rs6482467,G,A,0.3646, || id:ebi-a-GCST90001421,TRUE,reported,igd
11,19531128,3.49897e-06,0.1881,3657,0.04049,ebi-a-GCST90001421,rs16936840,T,C,0.102, || id:ebi-a-GCST90001421,TRUE,reported,igd
11,88131197,6.07799e-06,-0.1412,3657,0.03117,ebi-a-GCST90001421,rs2212443,G,T,0.8048, || id:ebi-a-GCST90001421,TRUE,reported,igd
13,21076875,6.50594e-06,-0.1127,3657,0.02495,ebi-a-GCST90001421,rs12146943,A,G,0.3704, || id:ebi-a-GCST90001421,TRUE,reported,igd
13,24882401,3.51901e-06,-0.1249,3657,0.0269,ebi-a-GCST90001421,rs77553819,C,G,0.2863, || id:ebi-a-GCST90001421,TRUE,reported,igd
14,95266847,3.49398e-06,-0.1932,3657,0.04158,ebi-a-GCST90001421,rs71431666,C,G,0.0946, || id:ebi-a-GCST90001421,TRUE,reported,igd
16,29232967,6.60998e-06,0.1091,3657,0.02419,ebi-a-GCST90001421,rs252298,A,G,0.5643, || id:ebi-a-GCST90001421,TRUE,reported,igd
16,87840577,5.91602e-06,-0.1465,3657,0.03231,ebi-a-GCST90001421,rs56736306,G,C,0.1719, || id:ebi-a-GCST90001421,TRUE,reported,igd
17,32078878,3.75301e-06,-0.1164,3657,0.02513,ebi-a-GCST90001421,rs2637364,C,T,0.6221, || id:ebi-a-GCST90001421,TRUE,reported,igd
20,39267990,3.23102e-06,0.3071,3657,0.06585,ebi-a-GCST90001421,rs6029245,C,T,0.0358, || id:ebi-a-GCST90001421,TRUE,reported,igd
20,4944838,5.17095e-06,-0.1123,3657,0.0246,ebi-a-GCST90001421,rs6052993,G,C,0.4371, || id:ebi-a-GCST90001421,TRUE,reported,igd
22,48837650,9.67409e-06,-0.1147,3657,0.02589,ebi-a-GCST90001421,rs6008703,C,G,0.3131, || id:ebi-a-GCST90001421,TRUE,reported,igd
