se.exposure,chr.exposure,pos.exposure,pval.exposure,samplesize.exposure,beta.exposure,id.exposure,SNP,effect_allele.exposure,other_allele.exposure,eaf.exposure,exposure,mr_keep.exposure,pval_origin.exposure,data_source.exposure
0.1178,1,99804475,3.29898e-06,3657,0.549,ebi-a-GCST90001805,rs141269963,G,A,0.0105, || id:ebi-a-GCST90001805,TRUE,reported,igd
0.04305,1,234426306,3.46003e-06,3657,-0.2001,ebi-a-GCST90001805,rs481818,C,T,0.9109, || id:ebi-a-GCST90001805,TRUE,reported,igd
0.06803,3,32945761,1.567e-10,3657,0.4366,ebi-a-GCST90001805,rs75918255,A,G,0.035, || id:ebi-a-GCST90001805,TRUE,reported,igd
0.5614,3,80085882,2.66201e-06,3657,-2.64,ebi-a-GCST90001805,rs182174914,A,T,4e-04, || id:ebi-a-GCST90001805,TRUE,reported,igd
0.07713,3,32924804,2.94598e-08,3657,0.4286,ebi-a-GCST90001805,rs56237381,A,G,0.0272, || id:ebi-a-GCST90001805,TRUE,reported,igd
0.02958,3,65613051,4.29804e-06,3657,0.1361,ebi-a-GCST90001805,rs2140755,G,T,0.2372, || id:ebi-a-GCST90001805,TRUE,reported,igd
0.0869,3,31134534,2.39602e-06,3657,0.4106,ebi-a-GCST90001805,rs76929865,C,A,0.0223, || id:ebi-a-GCST90001805,TRUE,reported,igd
0.02672,3,50174886,2.21702e-06,3657,-0.1266,ebi-a-GCST90001805,rs2526388,C,T,0.5906, || id:ebi-a-GCST90001805,TRUE,reported,igd
0.05333,3,32533246,1.49211e-35,3657,0.6708,ebi-a-GCST90001805,rs35574803,C,T,0.0562, || id:ebi-a-GCST90001805,TRUE,reported,igd
0.04969,4,11141629,7.45298e-06,3657,-0.223,ebi-a-GCST90001805,rs34177560,A,G,0.068, || id:ebi-a-GCST90001805,TRUE,reported,igd
0.07718,5,36783531,5.83795e-08,3657,0.4195,ebi-a-GCST90001805,rs114976873,G,C,0.0269, || id:ebi-a-GCST90001805,TRUE,reported,igd
0.044,6,170136777,5.17095e-06,3657,-0.2008,ebi-a-GCST90001805,rs4716387,C,G,0.0885, || id:ebi-a-GCST90001805,TRUE,reported,igd
0.02749,8,20806496,4.27199e-06,3657,-0.1266,ebi-a-GCST90001805,rs486182,T,C,0.2817, || id:ebi-a-GCST90001805,TRUE,reported,igd
0.06986,10,124542720,2.76802e-06,3657,0.328,ebi-a-GCST90001805,rs79308430,A,T,0.0325, || id:ebi-a-GCST90001805,TRUE,reported,igd
0.02972,11,5080234,6.96899e-06,3657,0.1338,ebi-a-GCST90001805,rs2445333,C,T,0.2257, || id:ebi-a-GCST90001805,TRUE,reported,igd
0.03761,12,6605299,1.11199e-11,3657,0.2563,ebi-a-GCST90001805,rs147714617,T,C,0.1224, || id:ebi-a-GCST90001805,TRUE,reported,igd
0.03344,12,6554628,2.12902e-10,3657,-0.213,ebi-a-GCST90001805,rs25680,A,G,0.1671, || id:ebi-a-GCST90001805,TRUE,reported,igd
0.06333,16,87903640,8.916e-06,3657,0.2817,ebi-a-GCST90001805,rs11865074,T,C,0.0398, || id:ebi-a-GCST90001805,TRUE,reported,igd
0.2038,17,48258285,5.03002e-06,3657,0.9313,ebi-a-GCST90001805,rs528269417,G,A,0.0037, || id:ebi-a-GCST90001805,TRUE,reported,igd
0.02747,17,7322245,7.65808e-06,3657,0.1231,ebi-a-GCST90001805,rs3174744,G,A,0.2815, || id:ebi-a-GCST90001805,TRUE,reported,igd
0.138,19,16824730,2.40602e-06,3657,0.652,ebi-a-GCST90001805,rs150306315,A,T,0.0088, || id:ebi-a-GCST90001805,TRUE,reported,igd
0.03681,20,44094375,7.89896e-08,3657,-0.1981,ebi-a-GCST90001805,rs973446,G,C,0.1313, || id:ebi-a-GCST90001805,TRUE,reported,igd
0.03488,20,44511627,1.24701e-08,3657,0.199,ebi-a-GCST90001805,rs11086984,T,C,0.1514, || id:ebi-a-GCST90001805,TRUE,reported,igd
0.0249,20,44746982,1.87802e-87,3657,-0.5071,ebi-a-GCST90001805,rs1883832,C,T,0.6318, || id:ebi-a-GCST90001805,TRUE,reported,igd
0.0725,20,45314435,1.77198e-08,3657,-0.4093,ebi-a-GCST90001805,rs72485816,C,T,0.0304, || id:ebi-a-GCST90001805,TRUE,reported,igd
0.3415,20,57678574,8.05805e-06,3657,1.527,ebi-a-GCST90001805,rs79645041,T,G,0.0012, || id:ebi-a-GCST90001805,TRUE,reported,igd
