samplesize.exposure,pval.exposure,pos.exposure,chr.exposure,se.exposure,beta.exposure,id.exposure,SNP,effect_allele.exposure,other_allele.exposure,eaf.exposure,exposure,mr_keep.exposure,pval_origin.exposure,data_source.exposure
3408,9.37001e-06,168744353,1,0.03519,0.1562,ebi-a-GCST90001660,rs10800381,T,C,0.1643, || id:ebi-a-GCST90001660,TRUE,reported,igd
3408,9.40199e-06,123442119,2,0.2467,1.095,ebi-a-GCST90001660,rs191265355,C,T,0.0028, || id:ebi-a-GCST90001660,TRUE,reported,igd
3408,3.18002e-06,60364770,3,0.02589,-0.1208,ebi-a-GCST90001660,rs11718018,C,T,0.4134, || id:ebi-a-GCST90001660,TRUE,reported,igd
3408,5.82103e-07,6231929,5,0.204,1.022,ebi-a-GCST90001660,rs138807420,T,A,0.0034, || id:ebi-a-GCST90001660,TRUE,reported,igd
3408,5.36698e-06,119638473,6,0.4463,2.034,ebi-a-GCST90001660,rs72968495,C,T,7e-04, || id:ebi-a-GCST90001660,TRUE,reported,igd
3408,4.73097e-06,113160344,6,0.05047,0.2313,ebi-a-GCST90001660,rs62421103,T,G,0.0712, || id:ebi-a-GCST90001660,TRUE,reported,igd
3408,6.27393e-06,80556308,7,0.05646,0.2554,ebi-a-GCST90001660,rs113087753,A,G,0.0524, || id:ebi-a-GCST90001660,TRUE,reported,igd
3408,7.25905e-06,1172869,7,0.06993,0.3142,ebi-a-GCST90001660,rs57516532,T,C,0.0342, || id:ebi-a-GCST90001660,TRUE,reported,igd
3408,4.69105e-07,23203415,7,0.06424,-0.3243,ebi-a-GCST90001660,rs139577399,C,T,0.0414, || id:ebi-a-GCST90001660,TRUE,reported,igd
3408,2.151e-06,126248228,7,0.04649,0.2207,ebi-a-GCST90001660,rs78027772,A,G,0.0848, || id:ebi-a-GCST90001660,TRUE,reported,igd
3408,7.72592e-06,9606332,8,0.07127,-0.3193,ebi-a-GCST90001660,rs35163827,G,A,0.0392, || id:ebi-a-GCST90001660,TRUE,reported,igd
3408,5.27995e-06,86052403,9,0.1169,0.5331,ebi-a-GCST90001660,rs74791100,C,T,0.0123, || id:ebi-a-GCST90001660,TRUE,reported,igd
3408,3.85301e-59,97741071,10,0.0249,-0.4118,ebi-a-GCST90001660,rs10882701,C,A,0.5139, || id:ebi-a-GCST90001660,TRUE,reported,igd
3408,2.66011e-25,98158952,10,0.06024,0.6311,ebi-a-GCST90001660,rs114844216,C,T,0.0459, || id:ebi-a-GCST90001660,TRUE,reported,igd
3408,1e-200,97472570,10,0.02052,-0.9198,ebi-a-GCST90001660,rs4918960,A,T,0.4862, || id:ebi-a-GCST90001660,TRUE,reported,igd
3408,2.123e-08,99461284,10,0.04897,-0.275,ebi-a-GCST90001660,rs1002938,T,A,0.0776, || id:ebi-a-GCST90001660,TRUE,reported,igd
3408,3.35699e-06,109471331,10,0.04274,-0.199,ebi-a-GCST90001660,rs2251521,T,C,0.1021, || id:ebi-a-GCST90001660,TRUE,reported,igd
3408,3.11674e-21,96998688,10,0.02672,0.2544,ebi-a-GCST90001660,rs12778797,C,T,0.3841, || id:ebi-a-GCST90001660,TRUE,reported,igd
3408,5.74196e-06,68351521,10,0.1364,-0.6196,ebi-a-GCST90001660,rs11598645,C,T,0.011, || id:ebi-a-GCST90001660,TRUE,reported,igd
3408,7.01504e-06,98925325,10,0.05919,0.2664,ebi-a-GCST90001660,rs112392069,T,A,0.0491, || id:ebi-a-GCST90001660,TRUE,reported,igd
3408,4.96398e-06,82674931,10,0.0264,-0.1207,ebi-a-GCST90001660,rs10882324,T,C,0.3498, || id:ebi-a-GCST90001660,TRUE,reported,igd
3408,2.4581e-18,95850055,10,0.09034,0.7936,ebi-a-GCST90001660,rs145557266,G,A,0.021, || id:ebi-a-GCST90001660,TRUE,reported,igd
3408,1.19812e-19,97070694,10,0.02632,-0.2402,ebi-a-GCST90001660,rs1410600,T,C,0.4073, || id:ebi-a-GCST90001660,TRUE,reported,igd
3408,2.07802e-06,108095070,10,0.0293,-0.1393,ebi-a-GCST90001660,rs821702,G,A,0.7525, || id:ebi-a-GCST90001660,TRUE,reported,igd
3408,3.49398e-06,44646709,11,0.3074,-1.428,ebi-a-GCST90001660,rs140503524,T,C,0.0021, || id:ebi-a-GCST90001660,TRUE,reported,igd
3408,7.07995e-07,84031916,13,0.03139,0.156,ebi-a-GCST90001660,rs4321083,A,G,0.2139, || id:ebi-a-GCST90001660,TRUE,reported,igd
3408,9.87802e-06,57103379,14,0.1201,0.5315,ebi-a-GCST90001660,rs17091864,G,A,0.0123, || id:ebi-a-GCST90001660,TRUE,reported,igd
3408,4.98896e-06,41137136,17,0.04337,0.1983,ebi-a-GCST90001660,rs149951966,C,T,0.1034, || id:ebi-a-GCST90001660,TRUE,reported,igd
3408,7.47997e-07,75229883,17,0.02906,0.1441,ebi-a-GCST90001660,rs8076447,A,G,0.2515, || id:ebi-a-GCST90001660,TRUE,reported,igd
3408,5.47596e-06,1092511,19,0.02594,-0.1181,ebi-a-GCST90001660,rs59143200,C,T,0.4325, || id:ebi-a-GCST90001660,TRUE,reported,igd
