beta.exposure,se.exposure,samplesize.exposure,pval.exposure,chr.exposure,pos.exposure,id.exposure,SNP,effect_allele.exposure,other_allele.exposure,eaf.exposure,exposure,mr_keep.exposure,pval_origin.exposure,data_source.exposure
-1.111,0.2476,3408,7.46002e-06,1,239777743,ebi-a-GCST90001663,rs75436543,T,C,0.0025, || id:ebi-a-GCST90001663,TRUE,reported,igd
-0.1568,0.0284,3408,3.58501e-08,2,111808558,ebi-a-GCST90001663,rs12986962,G,A,0.2826, || id:ebi-a-GCST90001663,TRUE,reported,igd
0.2114,0.04624,3408,4.99701e-06,2,147306619,ebi-a-GCST90001663,rs115125396,C,T,0.0855, || id:ebi-a-GCST90001663,TRUE,reported,igd
0.9354,0.2026,3408,4.03097e-06,2,7451357,ebi-a-GCST90001663,rs139090356,G,A,0.004, || id:ebi-a-GCST90001663,TRUE,reported,igd
0.5682,0.1277,3408,8.95901e-06,3,74344603,ebi-a-GCST90001663,rs79597088,A,G,0.0103, || id:ebi-a-GCST90001663,TRUE,reported,igd
-0.1164,0.02589,3408,7.19499e-06,3,191611972,ebi-a-GCST90001663,rs9836603,T,C,0.3804, || id:ebi-a-GCST90001663,TRUE,reported,igd
-0.1263,0.02665,3408,2.21998e-06,5,95643248,ebi-a-GCST90001663,rs7448311,C,T,0.3703, || id:ebi-a-GCST90001663,TRUE,reported,igd
-0.1732,0.03742,3408,3.82199e-06,6,91469768,ebi-a-GCST90001663,rs12204116,C,T,0.1389, || id:ebi-a-GCST90001663,TRUE,reported,igd
-0.1446,0.0314,3408,4.27799e-06,6,32586922,ebi-a-GCST90001663,rs13207893,C,T,0.2961, || id:ebi-a-GCST90001663,TRUE,reported,igd
0.4038,0.07526,3408,8.62005e-08,6,102294761,ebi-a-GCST90001663,rs139249541,G,A,0.0314, || id:ebi-a-GCST90001663,TRUE,reported,igd
0.3929,0.07727,3408,3.86803e-07,6,101593157,ebi-a-GCST90001663,rs79122093,G,A,0.029, || id:ebi-a-GCST90001663,TRUE,reported,igd
-0.243,0.05333,3408,5.36303e-06,6,45300097,ebi-a-GCST90001663,rs115695595,T,A,0.0625, || id:ebi-a-GCST90001663,TRUE,reported,igd
0.5414,0.118,3408,4.622e-06,6,25330739,ebi-a-GCST90001663,rs111273508,A,G,0.0117, || id:ebi-a-GCST90001663,TRUE,reported,igd
0.3043,0.06645,3408,4.81504e-06,7,51947089,ebi-a-GCST90001663,rs626030,G,T,0.9607, || id:ebi-a-GCST90001663,TRUE,reported,igd
-0.1242,0.02643,3408,2.72898e-06,7,105345398,ebi-a-GCST90001663,rs535307,G,A,0.636, || id:ebi-a-GCST90001663,TRUE,reported,igd
0.5035,0.1114,3408,6.40693e-06,7,17214739,ebi-a-GCST90001663,rs76396396,A,T,0.0135, || id:ebi-a-GCST90001663,TRUE,reported,igd
-0.6397,0.1366,3408,2.93697e-06,8,123562235,ebi-a-GCST90001663,rs10107063,C,T,0.0091, || id:ebi-a-GCST90001663,TRUE,reported,igd
0.2001,0.04379,3408,5.05697e-06,10,72360387,ebi-a-GCST90001663,rs35947132,A,G,0.0942, || id:ebi-a-GCST90001663,TRUE,reported,igd
1.692,0.347,3408,1.14101e-06,10,133227859,ebi-a-GCST90001663,rs80109323,T,C,0.0013, || id:ebi-a-GCST90001663,TRUE,reported,igd
-0.128,0.02872,3408,8.56604e-06,10,96989103,ebi-a-GCST90001663,rs483239,T,C,0.2931, || id:ebi-a-GCST90001663,TRUE,reported,igd
-0.1279,0.02659,3408,1.57899e-06,11,81903744,ebi-a-GCST90001663,rs7937886,T,G,0.3787, || id:ebi-a-GCST90001663,TRUE,reported,igd
-0.2226,0.04792,3408,3.52996e-06,12,16263287,ebi-a-GCST90001663,rs10772894,G,A,0.0753, || id:ebi-a-GCST90001663,TRUE,reported,igd
0.1712,0.03605,3408,2.121e-06,13,85954085,ebi-a-GCST90001663,rs7990259,G,A,0.8499, || id:ebi-a-GCST90001663,TRUE,reported,igd
0.4723,0.09988,3408,2.35201e-06,14,66292007,ebi-a-GCST90001663,rs7152367,A,G,0.0161, || id:ebi-a-GCST90001663,TRUE,reported,igd
0.1662,0.02565,3408,1.05201e-10,17,33803592,ebi-a-GCST90001663,rs58745116,A,G,0.5219, || id:ebi-a-GCST90001663,TRUE,reported,igd
0.3958,0.08382,3408,2.427e-06,19,3059754,ebi-a-GCST90001663,rs12185529,A,G,0.0235, || id:ebi-a-GCST90001663,TRUE,reported,igd
0.2783,0.05843,3408,1.992e-06,19,17901533,ebi-a-GCST90001663,rs111748563,G,A,0.0503, || id:ebi-a-GCST90001663,TRUE,reported,igd
-0.8597,0.1898,3408,6.14002e-06,22,41271935,ebi-a-GCST90001663,rs142837365,G,A,0.0044, || id:ebi-a-GCST90001663,TRUE,reported,igd
