beta.exposure,se.exposure,pval.exposure,samplesize.exposure,chr.exposure,pos.exposure,id.exposure,SNP,effect_allele.exposure,other_allele.exposure,eaf.exposure,exposure,mr_keep.exposure,pval_origin.exposure,data_source.exposure
0.2212,0.04226,1.74699e-07,3440,4,82648490,ebi-a-GCST90001670,rs7677831,G,A,0.0983, || id:ebi-a-GCST90001670,TRUE,reported,igd
-0.1358,0.02983,5.49199e-06,3440,5,43984994,ebi-a-GCST90001670,rs58895686,A,G,0.2516, || id:ebi-a-GCST90001670,TRUE,reported,igd
-0.9047,0.1915,2.39602e-06,3440,6,68997428,ebi-a-GCST90001670,rs202075317,C,G,0.0041, || id:ebi-a-GCST90001670,TRUE,reported,igd
0.1174,0.02576,5.41003e-06,3440,7,97100379,ebi-a-GCST90001670,rs1861381,G,A,0.6012, || id:ebi-a-GCST90001670,TRUE,reported,igd
0.1749,0.03865,6.24195e-06,3440,7,69867672,ebi-a-GCST90001670,rs78311694,C,T,0.1241, || id:ebi-a-GCST90001670,TRUE,reported,igd
-0.1682,0.0363,3.74904e-06,3440,8,113175429,ebi-a-GCST90001670,rs34664008,C,A,0.1426, || id:ebi-a-GCST90001670,TRUE,reported,igd
-0.3325,0.07439,8.09003e-06,3440,9,96068328,ebi-a-GCST90001670,rs16909016,T,C,0.0297, || id:ebi-a-GCST90001670,TRUE,reported,igd
-0.4394,0.08731,5.07902e-07,3440,10,93272233,ebi-a-GCST90001670,rs140079267,G,T,0.023, || id:ebi-a-GCST90001670,TRUE,reported,igd
0.6769,0.07397,9.34545e-20,3440,10,97972294,ebi-a-GCST90001670,rs11818051,T,C,0.0317, || id:ebi-a-GCST90001670,TRUE,reported,igd
1.27,0.2262,2.14398e-08,3440,10,98816434,ebi-a-GCST90001670,rs117648214,T,C,0.0029, || id:ebi-a-GCST90001670,TRUE,reported,igd
0.8332,0.06081,1.22687e-41,3440,10,95633120,ebi-a-GCST90001670,rs12778618,C,T,0.0462, || id:ebi-a-GCST90001670,TRUE,reported,igd
0.6459,0.05873,1.13188e-27,3440,10,95845989,ebi-a-GCST90001670,rs72812685,A,G,0.0483, || id:ebi-a-GCST90001670,TRUE,reported,igd
0.2205,0.0273,9.07821e-16,3440,10,96998744,ebi-a-GCST90001670,rs12778837,C,T,0.3594, || id:ebi-a-GCST90001670,TRUE,reported,igd
-0.1378,0.02735,4.90998e-07,3440,10,91738825,ebi-a-GCST90001670,rs11812465,C,T,0.3432, || id:ebi-a-GCST90001670,TRUE,reported,igd
0.7307,0.06471,4.66445e-29,3440,10,98139264,ebi-a-GCST90001670,rs111534725,T,G,0.041, || id:ebi-a-GCST90001670,TRUE,reported,igd
0.1668,0.03518,2.223e-06,3440,10,70317419,ebi-a-GCST90001670,rs111899271,G,T,0.161, || id:ebi-a-GCST90001670,TRUE,reported,igd
0.6237,0.0518,9.80167e-33,3440,10,97881031,ebi-a-GCST90001670,rs17111341,C,T,0.0667, || id:ebi-a-GCST90001670,TRUE,reported,igd
-0.915,0.02037,1e-200,3440,10,97472570,ebi-a-GCST90001670,rs4918960,A,T,0.4863, || id:ebi-a-GCST90001670,TRUE,reported,igd
0.2385,0.04975,1.69602e-06,3440,10,93057020,ebi-a-GCST90001670,rs2631687,A,C,0.0731, || id:ebi-a-GCST90001670,TRUE,reported,igd
-0.4962,0.1079,4.42099e-06,3440,15,81451157,ebi-a-GCST90001670,rs184287492,A,G,0.0138, || id:ebi-a-GCST90001670,TRUE,reported,igd
0.1129,0.02506,6.82999e-06,3440,15,94355818,ebi-a-GCST90001670,rs7182699,G,T,0.4656, || id:ebi-a-GCST90001670,TRUE,reported,igd
