beta.exposure,samplesize.exposure,se.exposure,chr.exposure,pos.exposure,pval.exposure,id.exposure,SNP,effect_allele.exposure,other_allele.exposure,eaf.exposure,exposure,mr_keep.exposure,pval_origin.exposure,data_source.exposure
0.7785,3656,0.1701,1,147057319,4.86004e-06,ebi-a-GCST90001708,rs74594247,A,G,0.0052, || id:ebi-a-GCST90001708,TRUE,reported,igd
-0.1522,3656,0.02702,1,161478859,1.93099e-08,ebi-a-GCST90001708,rs4657041,C,T,0.3342, || id:ebi-a-GCST90001708,TRUE,reported,igd
-0.4269,3656,0.08994,1,30372026,2.15199e-06,ebi-a-GCST90001708,rs72658947,C,G,0.0187, || id:ebi-a-GCST90001708,TRUE,reported,igd
-0.5242,3656,0.1126,2,164755835,3.32399e-06,ebi-a-GCST90001708,rs114318843,C,T,0.0122, || id:ebi-a-GCST90001708,TRUE,reported,igd
-0.3241,3656,0.06509,3,101706582,6.68898e-07,ebi-a-GCST90001708,rs141130967,G,T,0.0417, || id:ebi-a-GCST90001708,TRUE,reported,igd
-0.6968,3656,0.1558,4,18858102,7.95591e-06,ebi-a-GCST90001708,rs116023377,C,G,0.0066, || id:ebi-a-GCST90001708,TRUE,reported,igd
-0.1483,3656,0.03269,4,80524348,5.89495e-06,ebi-a-GCST90001708,rs35631270,G,A,0.8237, || id:ebi-a-GCST90001708,TRUE,reported,igd
-0.8924,3656,0.1982,7,45957318,6.95793e-06,ebi-a-GCST90001708,rs34006338,A,G,0.0037, || id:ebi-a-GCST90001708,TRUE,reported,igd
0.1125,3656,0.02529,7,152779596,8.89303e-06,ebi-a-GCST90001708,rs11761810,A,C,0.5269, || id:ebi-a-GCST90001708,TRUE,reported,igd
-0.2113,3656,0.04767,7,13005993,9.53301e-06,ebi-a-GCST90001708,rs10273088,G,A,0.0748, || id:ebi-a-GCST90001708,TRUE,reported,igd
-1.261,3656,0.2724,10,15100608,3.79001e-06,ebi-a-GCST90001708,rs116897208,C,T,0.0022, || id:ebi-a-GCST90001708,TRUE,reported,igd
0.2232,3656,0.04971,10,77064133,7.32808e-06,ebi-a-GCST90001708,rs72805400,C,G,0.071, || id:ebi-a-GCST90001708,TRUE,reported,igd
0.1408,3656,0.03182,11,37670518,9.9049e-06,ebi-a-GCST90001708,rs1563991,T,G,0.8062, || id:ebi-a-GCST90001708,TRUE,reported,igd
-1.135,3656,0.2481,13,29908421,4.93696e-06,ebi-a-GCST90001708,rs143106266,A,C,0.0025, || id:ebi-a-GCST90001708,TRUE,reported,igd
0.1999,3656,0.04123,14,22596030,1.29799e-06,ebi-a-GCST90001708,rs72686437,A,G,0.1079, || id:ebi-a-GCST90001708,TRUE,reported,igd
0.1238,3656,0.02691,15,33954227,4.39997e-06,ebi-a-GCST90001708,rs16957279,G,A,0.3223, || id:ebi-a-GCST90001708,TRUE,reported,igd
0.4447,3656,0.08584,17,48145906,2.32798e-07,ebi-a-GCST90001708,rs148563640,T,C,0.0219, || id:ebi-a-GCST90001708,TRUE,reported,igd
0.2411,3656,0.05023,18,4343023,1.64801e-06,ebi-a-GCST90001708,rs117499379,C,T,0.0682, || id:ebi-a-GCST90001708,TRUE,reported,igd
0.2246,3656,0.02597,22,39843409,7.67361e-18,ebi-a-GCST90001708,rs5757678,T,C,0.6418, || id:ebi-a-GCST90001708,TRUE,reported,igd
-0.4284,3656,0.03608,22,43393437,6.31248e-32,ebi-a-GCST90001708,rs5759079,A,G,0.1406, || id:ebi-a-GCST90001708,TRUE,reported,igd
0.3402,3656,0.0558,22,41998660,1.2e-09,ebi-a-GCST90001708,rs117430146,C,G,0.0561, || id:ebi-a-GCST90001708,TRUE,reported,igd
-1.444,3656,0.03455,22,42315371,1e-200,ebi-a-GCST90001708,rs73165129,T,C,0.099, || id:ebi-a-GCST90001708,TRUE,reported,igd
-0.5142,3656,0.05119,22,40629980,1.95299e-23,ebi-a-GCST90001708,rs1894588,T,C,0.0622, || id:ebi-a-GCST90001708,TRUE,reported,igd
-0.4826,3656,0.05757,22,40774205,7.24937e-17,ebi-a-GCST90001708,rs149806587,G,A,0.0527, || id:ebi-a-GCST90001708,TRUE,reported,igd
-0.7005,3656,0.0779,22,40246055,3.77485e-19,ebi-a-GCST90001708,rs76146864,T,C,0.0264, || id:ebi-a-GCST90001708,TRUE,reported,igd
-0.7389,3656,0.0653,22,41957510,3.36667e-29,ebi-a-GCST90001708,rs117705111,A,G,0.0365, || id:ebi-a-GCST90001708,TRUE,reported,igd
-0.4922,3656,0.04486,22,42525756,1.40411e-27,ebi-a-GCST90001708,rs1081003,A,G,0.0874, || id:ebi-a-GCST90001708,TRUE,reported,igd
