samplesize.exposure,beta.exposure,pos.exposure,se.exposure,chr.exposure,pval.exposure,id.exposure,SNP,effect_allele.exposure,other_allele.exposure,eaf.exposure,exposure,mr_keep.exposure,pval_origin.exposure,data_source.exposure
3408,-0.7813,246883687,0.1666,1,2.828e-06,ebi-a-GCST90001693,rs12124698,T,A,0.0069, || id:ebi-a-GCST90001693,TRUE,reported,igd
3408,-1.253,199999121,0.1905,1,5.53095e-11,ebi-a-GCST90001693,rs11579717,A,G,0.0044, || id:ebi-a-GCST90001693,TRUE,reported,igd
3408,-0.1174,101744633,0.0257,1,5.05499e-06,ebi-a-GCST90001693,rs6693121,A,C,0.4272, || id:ebi-a-GCST90001693,TRUE,reported,igd
3408,-1.182,190079170,0.2347,1,5.02204e-07,ebi-a-GCST90001693,rs138915779,A,C,0.0034, || id:ebi-a-GCST90001693,TRUE,reported,igd
3408,-2.393,198283058,0.2611,1,8.39267e-20,ebi-a-GCST90001693,rs541367304,A,G,0.0032, || id:ebi-a-GCST90001693,TRUE,reported,igd
3408,-0.4597,193505625,0.08723,1,1.45301e-07,ebi-a-GCST90001693,rs60220946,T,C,0.0214, || id:ebi-a-GCST90001693,TRUE,reported,igd
3408,1.269,233285448,0.2858,2,9.26894e-06,ebi-a-GCST90001693,rs186153147,C,G,0.0019, || id:ebi-a-GCST90001693,TRUE,reported,igd
3408,-0.1398,9087967,0.03068,3,5.37997e-06,ebi-a-GCST90001693,rs2670003,C,T,0.7729, || id:ebi-a-GCST90001693,TRUE,reported,igd
3408,-3.608,97974344,0.7117,4,4.18697e-07,ebi-a-GCST90001693,rs114547596,G,A,7e-04, || id:ebi-a-GCST90001693,TRUE,reported,igd
3408,-0.7363,33455497,0.1603,4,4.54004e-06,ebi-a-GCST90001693,rs76560336,T,C,0.0063, || id:ebi-a-GCST90001693,TRUE,reported,igd
3408,0.2493,23325233,0.04806,5,2.26199e-07,ebi-a-GCST90001693,rs35858834,T,A,0.0737, || id:ebi-a-GCST90001693,TRUE,reported,igd
3408,0.5675,180271484,0.1249,5,5.73099e-06,ebi-a-GCST90001693,rs145673143,C,G,0.0112, || id:ebi-a-GCST90001693,TRUE,reported,igd
3408,-0.2333,83422079,0.05147,7,6.01894e-06,ebi-a-GCST90001693,rs7808299,G,A,0.0651, || id:ebi-a-GCST90001693,TRUE,reported,igd
3408,0.1483,109795429,0.03258,7,5.52904e-06,ebi-a-GCST90001693,rs1722056,T,C,0.1831, || id:ebi-a-GCST90001693,TRUE,reported,igd
3408,-0.1226,117697660,0.02749,9,8.41492e-06,ebi-a-GCST90001693,rs1322060,G,C,0.3988, || id:ebi-a-GCST90001693,TRUE,reported,igd
3408,-0.1783,3374943,0.03641,9,1.01801e-06,ebi-a-GCST90001693,rs7863863,A,G,0.8628, || id:ebi-a-GCST90001693,TRUE,reported,igd
3408,-0.1184,774793,0.02603,10,5.60196e-06,ebi-a-GCST90001693,rs12778529,T,C,0.5817, || id:ebi-a-GCST90001693,TRUE,reported,igd
3408,0.1862,111696639,0.0398,10,2.99399e-06,ebi-a-GCST90001693,rs11595826,C,T,0.1174, || id:ebi-a-GCST90001693,TRUE,reported,igd
3408,0.4924,28939784,0.1042,10,2.39502e-06,ebi-a-GCST90001693,rs117198249,T,C,0.0158, || id:ebi-a-GCST90001693,TRUE,reported,igd
3408,-0.1243,90228162,0.02678,10,3.57396e-06,ebi-a-GCST90001693,rs2488271,A,G,0.5861, || id:ebi-a-GCST90001693,TRUE,reported,igd
3408,0.1826,77173517,0.03834,11,1.98701e-06,ebi-a-GCST90001693,rs116884829,G,A,0.132, || id:ebi-a-GCST90001693,TRUE,reported,igd
3408,0.1545,86215727,0.03478,13,9.15293e-06,ebi-a-GCST90001693,rs67077312,T,C,0.1599, || id:ebi-a-GCST90001693,TRUE,reported,igd
3408,0.1499,25867450,0.03342,16,7.54901e-06,ebi-a-GCST90001693,rs4644866,G,C,0.8251, || id:ebi-a-GCST90001693,TRUE,reported,igd
3408,-0.2328,7398995,0.04533,16,2.99102e-07,ebi-a-GCST90001693,rs9924010,A,G,0.0847, || id:ebi-a-GCST90001693,TRUE,reported,igd
3408,-0.1977,54006217,0.0397,16,6.68806e-07,ebi-a-GCST90001693,rs2160305,A,G,0.1161, || id:ebi-a-GCST90001693,TRUE,reported,igd
3408,-0.2801,42759948,0.06329,17,9.93208e-06,ebi-a-GCST90001693,rs117391590,A,G,0.0417, || id:ebi-a-GCST90001693,TRUE,reported,igd
3408,0.249,74998706,0.04788,18,2.09802e-07,ebi-a-GCST90001693,rs34317887,G,A,0.0791, || id:ebi-a-GCST90001693,TRUE,reported,igd
3408,-0.1201,13547966,0.02551,18,2.59298e-06,ebi-a-GCST90001693,rs7241473,T,C,0.5781, || id:ebi-a-GCST90001693,TRUE,reported,igd
3408,-2.191,777304,0.4827,19,5.86395e-06,ebi-a-GCST90001693,rs188418491,G,A,6e-04, || id:ebi-a-GCST90001693,TRUE,reported,igd
