samplesize.exposure,beta.exposure,se.exposure,chr.exposure,pval.exposure,pos.exposure,id.exposure,SNP,effect_allele.exposure,other_allele.exposure,eaf.exposure,exposure,mr_keep.exposure,pval_origin.exposure,data_source.exposure
3649,-0.1977,0.04123,1,1.70298e-06,95917846,ebi-a-GCST90001785,rs17327745,G,A,0.1076, || id:ebi-a-GCST90001785,TRUE,reported,igd
3649,-0.6095,0.1373,1,9.34695e-06,229725893,ebi-a-GCST90001785,rs35830739,A,C,0.0092, || id:ebi-a-GCST90001785,TRUE,reported,igd
3649,0.149,0.02967,2,5.31998e-07,61173382,ebi-a-GCST90001785,rs72809405,A,G,0.2509, || id:ebi-a-GCST90001785,TRUE,reported,igd
3649,-0.1156,0.02522,2,4.69699e-06,30043619,ebi-a-GCST90001785,rs4073186,A,G,0.4007, || id:ebi-a-GCST90001785,TRUE,reported,igd
3649,-2.155,0.4659,2,3.87998e-06,235335429,ebi-a-GCST90001785,rs72973530,G,A,7e-04, || id:ebi-a-GCST90001785,TRUE,reported,igd
3649,0.1114,0.02506,2,9.09599e-06,150793155,ebi-a-GCST90001785,rs11688172,A,G,0.416, || id:ebi-a-GCST90001785,TRUE,reported,igd
3649,-0.5101,0.1058,2,1.46899e-06,241875782,ebi-a-GCST90001785,rs75007695,A,G,0.0148, || id:ebi-a-GCST90001785,TRUE,reported,igd
3649,-0.1799,0.03827,4,2.688e-06,29267406,ebi-a-GCST90001785,rs73224863,T,G,0.1261, || id:ebi-a-GCST90001785,TRUE,reported,igd
3649,-0.1257,0.0267,6,2.59102e-06,107141246,ebi-a-GCST90001785,rs6940205,T,C,0.3101, || id:ebi-a-GCST90001785,TRUE,reported,igd
3649,0.1341,0.02909,6,4.15097e-06,64695023,ebi-a-GCST90001785,rs12529059,T,C,0.2297, || id:ebi-a-GCST90001785,TRUE,reported,igd
3649,-0.122,0.02644,7,4.06397e-06,25887278,ebi-a-GCST90001785,rs2290263,A,G,0.6563, || id:ebi-a-GCST90001785,TRUE,reported,igd
3649,0.1127,0.02507,9,7.21207e-06,93616303,ebi-a-GCST90001785,rs7863711,G,A,0.4411, || id:ebi-a-GCST90001785,TRUE,reported,igd
3649,0.1667,0.03594,10,3.64502e-06,126182752,ebi-a-GCST90001785,rs11245200,T,C,0.1303, || id:ebi-a-GCST90001785,TRUE,reported,igd
3649,0.3718,0.04036,10,5.23239e-20,6106621,ebi-a-GCST90001785,rs41294937,C,T,0.1073, || id:ebi-a-GCST90001785,TRUE,reported,igd
3649,0.3946,0.08332,10,2.25798e-06,107243367,ebi-a-GCST90001785,rs146277285,T,C,0.0221, || id:ebi-a-GCST90001785,TRUE,reported,igd
3649,0.3278,0.06162,10,1.09901e-07,6191376,ebi-a-GCST90001785,rs147487472,A,C,0.0412, || id:ebi-a-GCST90001785,TRUE,reported,igd
3649,0.1164,0.02566,12,5.894e-06,48744199,ebi-a-GCST90001785,rs2732439,A,C,0.6102, || id:ebi-a-GCST90001785,TRUE,reported,igd
3649,-0.1404,0.03147,13,8.39595e-06,77338074,ebi-a-GCST90001785,rs9573934,C,T,0.188, || id:ebi-a-GCST90001785,TRUE,reported,igd
3649,0.1435,0.0305,15,2.64801e-06,80445815,ebi-a-GCST90001785,rs1370277,T,A,0.2096, || id:ebi-a-GCST90001785,TRUE,reported,igd
3649,0.2685,0.05574,15,1.51999e-06,80676525,ebi-a-GCST90001785,rs111500944,T,C,0.0517, || id:ebi-a-GCST90001785,TRUE,reported,igd
3649,0.1676,0.03665,15,4.99402e-06,96605912,ebi-a-GCST90001785,rs11636705,T,C,0.1322, || id:ebi-a-GCST90001785,TRUE,reported,igd
3649,-0.147,0.03318,16,9.68791e-06,26306929,ebi-a-GCST90001785,rs4787827,G,T,0.1654, || id:ebi-a-GCST90001785,TRUE,reported,igd
3649,-0.2363,0.03676,16,1.47001e-10,81916912,ebi-a-GCST90001785,rs11548656,G,A,0.1287, || id:ebi-a-GCST90001785,TRUE,reported,igd
3649,-0.1368,0.03065,17,8.24195e-06,72336957,ebi-a-GCST90001785,rs9892531,G,T,0.2136, || id:ebi-a-GCST90001785,TRUE,reported,igd
3649,0.2514,0.05475,18,4.54098e-06,24488604,ebi-a-GCST90001785,rs4099100,G,A,0.0539, || id:ebi-a-GCST90001785,TRUE,reported,igd
3649,-0.1244,0.02737,19,5.67898e-06,4083560,ebi-a-GCST90001785,rs350822,C,T,0.7306, || id:ebi-a-GCST90001785,TRUE,reported,igd
