beta.exposure,samplesize.exposure,pval.exposure,se.exposure,chr.exposure,pos.exposure,id.exposure,SNP,effect_allele.exposure,other_allele.exposure,eaf.exposure,exposure,mr_keep.exposure,pval_origin.exposure,data_source.exposure
-2.561,3657,8.11409e-06,0.573,1,48095312,ebi-a-GCST90001759,rs111741355,A,G,4e-04, || id:ebi-a-GCST90001759,TRUE,reported,igd
-0.1193,3657,3.764e-06,0.02575,1,116031657,ebi-a-GCST90001759,rs12042193,G,A,0.3687, || id:ebi-a-GCST90001759,TRUE,reported,igd
0.2324,3657,4.652e-06,0.05068,1,17595034,ebi-a-GCST90001759,rs113371046,A,G,0.0639, || id:ebi-a-GCST90001759,TRUE,reported,igd
-2.418,3657,3.26002e-06,0.5188,2,229499798,ebi-a-GCST90001759,rs149360160,T,C,5e-04, || id:ebi-a-GCST90001759,TRUE,reported,igd
-1.511,3657,4.741e-06,0.3296,4,130319698,ebi-a-GCST90001759,rs114931155,T,C,0.0012, || id:ebi-a-GCST90001759,TRUE,reported,igd
0.4119,3657,8.95097e-06,0.09261,4,43987474,ebi-a-GCST90001759,rs73245560,C,T,0.0182, || id:ebi-a-GCST90001759,TRUE,reported,igd
0.1192,3657,2.357e-06,0.02522,5,161458204,ebi-a-GCST90001759,rs3933208,A,T,0.4126, || id:ebi-a-GCST90001759,TRUE,reported,igd
0.1572,3657,5.42001e-09,0.02688,6,14091682,ebi-a-GCST90001759,rs72836542,T,C,0.3161, || id:ebi-a-GCST90001759,TRUE,reported,igd
-0.124,3657,5.96994e-07,0.0248,6,14806317,ebi-a-GCST90001759,rs233495,T,C,0.5585, || id:ebi-a-GCST90001759,TRUE,reported,igd
-0.1712,3657,6.52304e-09,0.02943,6,32560741,ebi-a-GCST90001759,rs9270560,C,T,0.5889, || id:ebi-a-GCST90001759,TRUE,reported,igd
0.1848,3657,9.18121e-11,0.02844,6,32451834,ebi-a-GCST90001759,rs62405562,G,A,0.455, || id:ebi-a-GCST90001759,TRUE,reported,igd
-0.2769,3657,2.97002e-07,0.05393,6,33947909,ebi-a-GCST90001759,rs55643835,T,C,0.0567, || id:ebi-a-GCST90001759,TRUE,reported,igd
0.2234,3657,2.52581e-12,0.0318,6,15914349,ebi-a-GCST90001759,rs6910382,G,C,0.8198, || id:ebi-a-GCST90001759,TRUE,reported,igd
-0.1343,3657,3.93396e-08,0.0244,7,40190449,ebi-a-GCST90001759,rs388354,C,A,0.5205, || id:ebi-a-GCST90001759,TRUE,reported,igd
0.3759,3657,7.07506e-06,0.08357,7,75444519,ebi-a-GCST90001759,rs117400501,T,C,0.0221, || id:ebi-a-GCST90001759,TRUE,reported,igd
1.096,3657,2.464e-06,0.2323,11,99391820,ebi-a-GCST90001759,rs143129208,G,A,0.0025, || id:ebi-a-GCST90001759,TRUE,reported,igd
-0.1965,3657,3.155e-15,0.02481,11,60268994,ebi-a-GCST90001759,rs1941018,G,A,0.6081, || id:ebi-a-GCST90001759,TRUE,reported,igd
-0.3438,3657,3.30598e-06,0.07381,12,32330242,ebi-a-GCST90001759,rs11051833,T,C,0.0286, || id:ebi-a-GCST90001759,TRUE,reported,igd
-0.1134,3657,7.27998e-06,0.02525,12,47837477,ebi-a-GCST90001759,rs10785682,C,T,0.587, || id:ebi-a-GCST90001759,TRUE,reported,igd
-0.3022,3657,1.93901e-06,0.06339,15,86988686,ebi-a-GCST90001759,rs6496328,T,C,0.0387, || id:ebi-a-GCST90001759,TRUE,reported,igd
-0.1341,3657,5.16e-06,0.02938,15,89600226,ebi-a-GCST90001759,rs8025257,C,T,0.2286, || id:ebi-a-GCST90001759,TRUE,reported,igd
0.1518,3657,3.37303e-06,0.03262,16,11007193,ebi-a-GCST90001759,rs7404890,A,G,0.8208, || id:ebi-a-GCST90001759,TRUE,reported,igd
-0.1167,3657,9.53301e-06,0.02632,17,45083383,ebi-a-GCST90001759,rs36056466,G,A,0.3425, || id:ebi-a-GCST90001759,TRUE,reported,igd
-0.1667,3657,1.66702e-08,0.02948,19,49846398,ebi-a-GCST90001759,rs30003,C,T,0.2304, || id:ebi-a-GCST90001759,TRUE,reported,igd
0.1901,3657,7.41396e-06,0.04236,19,50940778,ebi-a-GCST90001759,rs61731791,T,C,0.0972, || id:ebi-a-GCST90001759,TRUE,reported,igd
-0.1245,3657,1.256e-06,0.02565,22,39858196,ebi-a-GCST90001759,rs2413592,G,A,0.6457, || id:ebi-a-GCST90001759,TRUE,reported,igd
