pos.exposure,beta.exposure,pval.exposure,se.exposure,samplesize.exposure,chr.exposure,id.exposure,SNP,effect_allele.exposure,other_allele.exposure,eaf.exposure,exposure,mr_keep.exposure,pval_origin.exposure,data_source.exposure
167113055,0.2885,1.46299e-10,0.04484,2912,1,ebi-a-GCST90001841,rs61814872,T,C,0.1027, || id:ebi-a-GCST90001841,TRUE,reported,igd
118266529,-0.1357,9.95703e-07,0.02768,2912,1,ebi-a-GCST90001841,rs4396110,A,G,0.4234, || id:ebi-a-GCST90001841,TRUE,reported,igd
167725004,0.1509,9.99402e-06,0.0341,2912,1,ebi-a-GCST90001841,rs3753932,G,C,0.7988, || id:ebi-a-GCST90001841,TRUE,reported,igd
26645970,0.1667,7.00003e-07,0.03352,2912,1,ebi-a-GCST90001841,rs67402791,A,T,0.7916, || id:ebi-a-GCST90001841,TRUE,reported,igd
167424924,0.567,3.45064e-99,0.0258,2912,1,ebi-a-GCST90001841,rs2949661,T,C,0.4463, || id:ebi-a-GCST90001841,TRUE,reported,igd
26780027,-0.3063,3.11702e-06,0.06557,2912,1,ebi-a-GCST90001841,rs146780525,T,C,0.0469, || id:ebi-a-GCST90001841,TRUE,reported,igd
165904360,-0.1719,1.96902e-06,0.03607,2912,1,ebi-a-GCST90001841,rs1317631,T,C,0.8156, || id:ebi-a-GCST90001841,TRUE,reported,igd
167173140,0.4895,3.55713e-15,0.06186,2912,1,ebi-a-GCST90001841,rs4657649,C,T,0.0512, || id:ebi-a-GCST90001841,TRUE,reported,igd
38897810,-0.1298,3.16403e-06,0.02781,2912,2,ebi-a-GCST90001841,rs6751481,C,T,0.4751, || id:ebi-a-GCST90001841,TRUE,reported,igd
64581733,0.151,7.64892e-06,0.03369,2912,3,ebi-a-GCST90001841,rs11715223,A,G,0.215, || id:ebi-a-GCST90001841,TRUE,reported,igd
78194307,-0.1669,2.40099e-07,0.03224,2912,3,ebi-a-GCST90001841,rs12497487,T,C,0.7615, || id:ebi-a-GCST90001841,TRUE,reported,igd
45919992,0.2019,3.69896e-08,0.03657,2912,3,ebi-a-GCST90001841,rs57319220,A,G,0.1715, || id:ebi-a-GCST90001841,TRUE,reported,igd
113334844,0.5462,9.749e-06,0.1233,2912,4,ebi-a-GCST90001841,rs72666260,A,G,0.0125, || id:ebi-a-GCST90001841,TRUE,reported,igd
2669391,0.2424,1.862e-06,0.05074,2912,5,ebi-a-GCST90001841,rs188669685,G,C,0.079, || id:ebi-a-GCST90001841,TRUE,reported,igd
85315630,-0.755,4.605e-06,0.1645,2912,7,ebi-a-GCST90001841,rs117466579,C,A,0.0065, || id:ebi-a-GCST90001841,TRUE,reported,igd
109416365,-1.809,5.54894e-06,0.3974,2912,8,ebi-a-GCST90001841,rs144834954,A,G,0.0017, || id:ebi-a-GCST90001841,TRUE,reported,igd
110688268,-0.2323,9.22295e-06,0.0523,2912,9,ebi-a-GCST90001841,rs34201586,T,C,0.0788, || id:ebi-a-GCST90001841,TRUE,reported,igd
22044904,0.3621,6.20197e-06,0.07998,2912,9,ebi-a-GCST90001841,rs74744824,G,A,0.0297, || id:ebi-a-GCST90001841,TRUE,reported,igd
2419083,-0.5979,7.17596e-06,0.133,2912,12,ebi-a-GCST90001841,rs118065562,A,G,0.0108, || id:ebi-a-GCST90001841,TRUE,reported,igd
48439005,0.2325,7.87898e-07,0.04698,2912,13,ebi-a-GCST90001841,rs28649534,T,C,0.0901, || id:ebi-a-GCST90001841,TRUE,reported,igd
86036273,0.2345,8.95303e-06,0.05272,2912,14,ebi-a-GCST90001841,rs12884372,G,T,0.0761, || id:ebi-a-GCST90001841,TRUE,reported,igd
27777649,1.721,1.62701e-06,0.3583,2912,15,ebi-a-GCST90001841,rs117171372,C,T,0.0014, || id:ebi-a-GCST90001841,TRUE,reported,igd
17996315,0.3688,7.03996e-06,0.08195,2912,16,ebi-a-GCST90001841,rs59302791,T,C,0.0292, || id:ebi-a-GCST90001841,TRUE,reported,igd
2872116,0.134,5.44603e-06,0.02942,2912,16,ebi-a-GCST90001841,rs62035375,C,G,0.6842, || id:ebi-a-GCST90001841,TRUE,reported,igd
50221264,0.1889,9.84895e-07,0.03851,2912,16,ebi-a-GCST90001841,rs9925166,T,C,0.1478, || id:ebi-a-GCST90001841,TRUE,reported,igd
41589741,1.915,6.18401e-06,0.423,2912,17,ebi-a-GCST90001841,rs141467190,G,T,0.0012, || id:ebi-a-GCST90001841,TRUE,reported,igd
6024786,-0.1299,6.97108e-06,0.02886,2912,17,ebi-a-GCST90001841,rs3809841,T,G,0.3695, || id:ebi-a-GCST90001841,TRUE,reported,igd
45187219,-0.1454,1.96002e-07,0.02787,2912,22,ebi-a-GCST90001841,rs62232208,G,A,0.4265, || id:ebi-a-GCST90001841,TRUE,reported,igd
