pos.exposure,pval.exposure,se.exposure,beta.exposure,samplesize.exposure,chr.exposure,id.exposure,SNP,effect_allele.exposure,other_allele.exposure,eaf.exposure,exposure,mr_keep.exposure,pval_origin.exposure,data_source.exposure
161049358,7.10608e-09,0.07416,-0.4313,1858,1,ebi-a-GCST90001526,rs3820097,A,G,0.9459, || id:ebi-a-GCST90001526,TRUE,reported,igd
161479745,2.76822e-54,0.03437,0.5511,1858,1,ebi-a-GCST90001526,rs1801274,G,A,0.3334, || id:ebi-a-GCST90001526,TRUE,reported,igd
28277072,6.64906e-06,0.04168,0.1883,1858,1,ebi-a-GCST90001526,rs55720217,T,C,0.2021, || id:ebi-a-GCST90001526,TRUE,reported,igd
105261254,1.06601e-06,0.1901,-0.9307,1858,1,ebi-a-GCST90001526,rs35006063,T,C,0.0073, || id:ebi-a-GCST90001526,TRUE,reported,igd
180132004,1.51401e-06,0.08076,-0.3897,1858,2,ebi-a-GCST90001526,rs75239369,G,A,0.0439, || id:ebi-a-GCST90001526,TRUE,reported,igd
113287778,3.69598e-06,0.09624,-0.4467,1858,3,ebi-a-GCST90001526,rs139393711,G,C,0.0355, || id:ebi-a-GCST90001526,TRUE,reported,igd
49663488,5.58702e-06,0.2199,1.001,1858,3,ebi-a-GCST90001526,rs78096163,A,G,0.0065, || id:ebi-a-GCST90001526,TRUE,reported,igd
6504785,2.33701e-06,0.1126,-0.5334,1858,3,ebi-a-GCST90001526,rs263715,A,G,0.0237, || id:ebi-a-GCST90001526,TRUE,reported,igd
31077545,8.65107e-07,0.03421,-0.1689,1858,4,ebi-a-GCST90001526,rs6820873,C,A,0.4255, || id:ebi-a-GCST90001526,TRUE,reported,igd
50273359,3.11903e-06,0.07502,-0.3509,1858,5,ebi-a-GCST90001526,rs115483539,A,G,0.053, || id:ebi-a-GCST90001526,TRUE,reported,igd
82990740,5.15205e-06,0.03948,-0.1805,1858,5,ebi-a-GCST90001526,rs7723240,T,C,0.2374, || id:ebi-a-GCST90001526,TRUE,reported,igd
125675454,9.05691e-06,0.09022,0.4015,1858,5,ebi-a-GCST90001526,rs35152411,T,G,0.035, || id:ebi-a-GCST90001526,TRUE,reported,igd
151449284,4.20301e-06,0.03744,0.1728,1858,6,ebi-a-GCST90001526,rs7754966,T,A,0.292, || id:ebi-a-GCST90001526,TRUE,reported,igd
29916465,7.77893e-06,0.1001,0.449,1858,6,ebi-a-GCST90001526,rs9260301,A,T,0.0398, || id:ebi-a-GCST90001526,TRUE,reported,igd
112318350,7.10902e-06,0.1318,-0.5933,1858,7,ebi-a-GCST90001526,rs73203458,C,T,0.0161, || id:ebi-a-GCST90001526,TRUE,reported,igd
20155237,6.34907e-06,0.1397,0.6326,1858,8,ebi-a-GCST90001526,rs79573082,A,G,0.0135, || id:ebi-a-GCST90001526,TRUE,reported,igd
4886462,5.53095e-06,0.1453,0.6622,1858,8,ebi-a-GCST90001526,rs111944709,C,G,0.0135, || id:ebi-a-GCST90001526,TRUE,reported,igd
130194536,1.854e-06,0.03385,0.1619,1858,9,ebi-a-GCST90001526,rs4641163,C,G,0.5353, || id:ebi-a-GCST90001526,TRUE,reported,igd
73360670,5.79095e-06,0.3994,1.816,1858,10,ebi-a-GCST90001526,rs78671194,G,A,0.0016, || id:ebi-a-GCST90001526,TRUE,reported,igd
30519550,4.99298e-06,0.0494,0.2262,1858,10,ebi-a-GCST90001526,rs79027682,C,G,0.145, || id:ebi-a-GCST90001526,TRUE,reported,igd
52497538,9.244e-06,0.06946,0.3088,1858,12,ebi-a-GCST90001526,rs12306859,A,G,0.0665, || id:ebi-a-GCST90001526,TRUE,reported,igd
39990754,5.93103e-06,0.08021,0.3643,1858,13,ebi-a-GCST90001526,rs117713744,C,T,0.0455, || id:ebi-a-GCST90001526,TRUE,reported,igd
102533672,4.00599e-06,0.03988,0.1845,1858,14,ebi-a-GCST90001526,rs7156568,C,T,0.7505, || id:ebi-a-GCST90001526,TRUE,reported,igd
80263217,7.44218e-19,0.04027,0.361,1858,15,ebi-a-GCST90001526,rs3826007,T,C,0.2209, || id:ebi-a-GCST90001526,TRUE,reported,igd
16785806,4.68101e-06,0.03545,0.1628,1858,20,ebi-a-GCST90001526,rs6105661,A,G,0.3601, || id:ebi-a-GCST90001526,TRUE,reported,igd
49658809,6.26297e-06,0.0357,0.1618,1858,22,ebi-a-GCST90001526,rs2097380,G,C,0.6765, || id:ebi-a-GCST90001526,TRUE,reported,igd
