se.exposure,samplesize.exposure,beta.exposure,pval.exposure,pos.exposure,chr.exposure,id.exposure,SNP,effect_allele.exposure,other_allele.exposure,eaf.exposure,exposure,mr_keep.exposure,pval_origin.exposure,data_source.exposure
0.08763,3437,-0.4015,4.77002e-06,163746986,1,ebi-a-GCST90001505,rs140655813,T,C,0.0207, || id:ebi-a-GCST90001505,TRUE,reported,igd
0.2683,3437,1.191,9.3821e-06,26999658,1,ebi-a-GCST90001505,rs181741769,C,T,0.002, || id:ebi-a-GCST90001505,TRUE,reported,igd
0.12,3437,-0.5788,1.45999e-06,149047683,1,ebi-a-GCST90001505,rs115815681,A,C,0.0132, || id:ebi-a-GCST90001505,TRUE,reported,igd
0.02762,3437,0.1222,9.99402e-06,11819596,1,ebi-a-GCST90001505,rs60148251,T,C,0.3, || id:ebi-a-GCST90001505,TRUE,reported,igd
0.3883,3437,-1.787,4.30398e-06,144158111,3,ebi-a-GCST90001505,rs79327855,T,C,9e-04, || id:ebi-a-GCST90001505,TRUE,reported,igd
0.04799,3437,0.2161,6.948e-06,189510063,3,ebi-a-GCST90001505,rs56107686,T,C,0.0772, || id:ebi-a-GCST90001505,TRUE,reported,igd
0.03044,3437,0.1359,8.25201e-06,170198898,3,ebi-a-GCST90001505,rs3732449,T,C,0.2112, || id:ebi-a-GCST90001505,TRUE,reported,igd
0.02947,3437,-0.1308,9.36893e-06,102089442,5,ebi-a-GCST90001505,rs419099,G,A,0.2912, || id:ebi-a-GCST90001505,TRUE,reported,igd
0.03295,3437,-0.157,1.95398e-06,32421073,6,ebi-a-GCST90001505,rs9268791,C,T,0.7472, || id:ebi-a-GCST90001505,TRUE,reported,igd
0.03212,3437,0.1491,3.596e-06,1673599,8,ebi-a-GCST90001505,rs7831142,A,G,0.1852, || id:ebi-a-GCST90001505,TRUE,reported,igd
0.04892,3437,0.2309,2.452e-06,129187397,8,ebi-a-GCST90001505,rs117760133,T,G,0.07, || id:ebi-a-GCST90001505,TRUE,reported,igd
0.04212,3437,-0.1867,9.56996e-06,98470579,8,ebi-a-GCST90001505,rs2448157,C,T,0.9024, || id:ebi-a-GCST90001505,TRUE,reported,igd
0.09544,3437,-0.4481,2.76001e-06,11577096,9,ebi-a-GCST90001505,rs114400243,A,T,0.0198, || id:ebi-a-GCST90001505,TRUE,reported,igd
0.02644,3437,-0.1358,2.96797e-07,6183872,10,ebi-a-GCST90001505,rs71479760,A,C,0.3695, || id:ebi-a-GCST90001505,TRUE,reported,igd
0.05509,3437,0.592,1.63682e-26,6094697,10,ebi-a-GCST90001505,rs61839660,T,C,0.0543, || id:ebi-a-GCST90001505,TRUE,reported,igd
0.09847,3437,-0.476,1.39901e-06,12094804,11,ebi-a-GCST90001505,rs11603619,A,G,0.0159, || id:ebi-a-GCST90001505,TRUE,reported,igd
0.03098,3437,-0.1372,9.7389e-06,129253988,11,ebi-a-GCST90001505,rs11221698,T,C,0.2104, || id:ebi-a-GCST90001505,TRUE,reported,igd
0.06501,3437,-0.2994,4.27396e-06,32030595,11,ebi-a-GCST90001505,rs116928928,C,T,0.0407, || id:ebi-a-GCST90001505,TRUE,reported,igd
0.03798,3437,0.176,3.74197e-06,23524261,12,ebi-a-GCST90001505,rs7305147,C,T,0.8718, || id:ebi-a-GCST90001505,TRUE,reported,igd
0.07235,3437,0.3244,7.56606e-06,69385641,12,ebi-a-GCST90001505,rs537403506,A,G,0.0317, || id:ebi-a-GCST90001505,TRUE,reported,igd
0.03338,3437,0.1524,5.16999e-06,39382086,12,ebi-a-GCST90001505,rs12819777,A,G,0.2227, || id:ebi-a-GCST90001505,TRUE,reported,igd
0.04614,3437,0.206,8.25506e-06,28651774,16,ebi-a-GCST90001505,rs140078626,G,C,0.0845, || id:ebi-a-GCST90001505,TRUE,reported,igd
0.04016,3437,-0.1839,4.853e-06,40063525,17,ebi-a-GCST90001505,rs74553250,T,C,0.1135, || id:ebi-a-GCST90001505,TRUE,reported,igd
0.1411,3437,0.64,5.94895e-06,63857170,17,ebi-a-GCST90001505,rs117614870,T,C,0.0084, || id:ebi-a-GCST90001505,TRUE,reported,igd
0.09235,3437,0.4545,9.02298e-07,35307820,18,ebi-a-GCST90001505,rs12458491,T,A,0.0188, || id:ebi-a-GCST90001505,TRUE,reported,igd
0.06621,3437,0.3302,6.422e-07,52010540,20,ebi-a-GCST90001505,rs80266752,C,G,0.0368, || id:ebi-a-GCST90001505,TRUE,reported,igd
0.07411,3437,-0.335,6.38102e-06,15742230,20,ebi-a-GCST90001505,rs6131700,C,G,0.031, || id:ebi-a-GCST90001505,TRUE,reported,igd
