pval.exposure,samplesize.exposure,beta.exposure,chr.exposure,se.exposure,pos.exposure,id.exposure,SNP,effect_allele.exposure,other_allele.exposure,eaf.exposure,exposure,mr_keep.exposure,pval_origin.exposure,data_source.exposure
4.33002e-06,3395,0.182,4,0.03954,94816722,ebi-a-GCST90001540,rs9998896,A,G,0.0946, || id:ebi-a-GCST90001540,TRUE,reported,igd
7.12902e-06,3395,0.5648,4,0.1256,109425453,ebi-a-GCST90001540,rs186690287,C,T,0.0088, || id:ebi-a-GCST90001540,TRUE,reported,igd
6.67406e-06,3395,0.1278,4,0.02834,38320205,ebi-a-GCST90001540,rs4282192,G,T,0.785, || id:ebi-a-GCST90001540,TRUE,reported,igd
3.18002e-06,3395,0.2011,5,0.04309,79555714,ebi-a-GCST90001540,rs72776301,T,G,0.082, || id:ebi-a-GCST90001540,TRUE,reported,igd
7.41105e-06,3395,-0.235,5,0.05236,141405792,ebi-a-GCST90001540,rs151100670,G,A,0.0524, || id:ebi-a-GCST90001540,TRUE,reported,igd
7.74694e-06,3395,0.1144,5,0.02555,8105516,ebi-a-GCST90001540,rs7704364,A,G,0.2875, || id:ebi-a-GCST90001540,TRUE,reported,igd
9.04899e-06,3395,1.462,6,0.329,81026437,ebi-a-GCST90001540,rs143021470,G,C,0.001, || id:ebi-a-GCST90001540,TRUE,reported,igd
2.87601e-07,3395,-0.1878,6,0.03653,32637333,ebi-a-GCST90001540,rs17205612,T,C,0.4189, || id:ebi-a-GCST90001540,TRUE,reported,igd
9.75102e-06,3395,0.7369,6,0.1664,51524409,ebi-a-GCST90001540,rs139014478,T,G,0.0053, || id:ebi-a-GCST90001540,TRUE,reported,igd
2.6212e-13,3395,0.2514,6,0.03424,32594275,ebi-a-GCST90001540,rs9271772,A,G,0.7751, || id:ebi-a-GCST90001540,TRUE,reported,igd
9.33039e-11,3395,-0.2185,6,0.03362,32415080,ebi-a-GCST90001540,rs3129891,A,G,0.2239, || id:ebi-a-GCST90001540,TRUE,reported,igd
6.561e-06,3395,0.2896,8,0.06415,24504854,ebi-a-GCST90001540,rs77253141,C,T,0.0368, || id:ebi-a-GCST90001540,TRUE,reported,igd
9.82811e-06,3395,-0.306,9,0.06912,11010939,ebi-a-GCST90001540,rs71501086,C,T,0.0321, || id:ebi-a-GCST90001540,TRUE,reported,igd
3.79997e-07,3395,0.2105,9,0.04137,130525294,ebi-a-GCST90001540,rs55996464,A,G,0.0891, || id:ebi-a-GCST90001540,TRUE,reported,igd
5.659e-06,3395,0.3446,10,0.07579,114300633,ebi-a-GCST90001540,rs78628680,G,A,0.0256, || id:ebi-a-GCST90001540,TRUE,reported,igd
2.62597e-06,3395,-0.1717,11,0.03648,79203049,ebi-a-GCST90001540,rs75958070,C,G,0.1214, || id:ebi-a-GCST90001540,TRUE,reported,igd
6.61607e-06,3395,-0.1176,12,0.02606,111884608,ebi-a-GCST90001540,rs3184504,C,T,0.5292, || id:ebi-a-GCST90001540,TRUE,reported,igd
8.93203e-06,3395,0.1126,15,0.02532,96720568,ebi-a-GCST90001540,rs980169,G,A,0.6707, || id:ebi-a-GCST90001540,TRUE,reported,igd
8.60895e-06,3395,0.1204,15,0.02701,96213762,ebi-a-GCST90001540,rs75139198,T,G,0.2483, || id:ebi-a-GCST90001540,TRUE,reported,igd
7.47997e-06,3395,0.1158,15,0.02581,26130511,ebi-a-GCST90001540,rs12916593,A,G,0.295, || id:ebi-a-GCST90001540,TRUE,reported,igd
4.75697e-06,3395,-0.4664,16,0.1018,7395808,ebi-a-GCST90001540,rs113039817,T,C,0.014, || id:ebi-a-GCST90001540,TRUE,reported,igd
1.184e-06,3395,-0.3213,18,0.06601,65226341,ebi-a-GCST90001540,rs12607959,G,C,0.0337, || id:ebi-a-GCST90001540,TRUE,reported,igd
9.12893e-07,3395,0.3114,18,0.06331,54960800,ebi-a-GCST90001540,rs79538978,C,T,0.0358, || id:ebi-a-GCST90001540,TRUE,reported,igd
1.00501e-06,3395,0.2122,19,0.04331,15667049,ebi-a-GCST90001540,rs78280695,C,A,0.0811, || id:ebi-a-GCST90001540,TRUE,reported,igd
4.87203e-06,3395,-1.11,20,0.2425,60443251,ebi-a-GCST90001540,rs78897171,A,G,0.0024, || id:ebi-a-GCST90001540,TRUE,reported,igd
6.32805e-06,3395,0.251,22,0.0555,46993034,ebi-a-GCST90001540,rs113148171,T,G,0.0457, || id:ebi-a-GCST90001540,TRUE,reported,igd
