samplesize.exposure,beta.exposure,se.exposure,pval.exposure,chr.exposure,pos.exposure,id.exposure,SNP,effect_allele.exposure,other_allele.exposure,eaf.exposure,exposure,mr_keep.exposure,pval_origin.exposure,data_source.exposure
2919,0.3132,0.04432,1.98198e-12,1,167113055,ebi-a-GCST90001858,rs61814872,T,C,0.1024, || id:ebi-a-GCST90001858,TRUE,reported,igd
2919,-1.067,0.2175,9.82992e-07,1,95285730,ebi-a-GCST90001858,rs76066554,T,C,0.0036, || id:ebi-a-GCST90001858,TRUE,reported,igd
2919,0.5386,0.06087,1.51008e-18,1,167173140,ebi-a-GCST90001858,rs4657649,C,T,0.0512, || id:ebi-a-GCST90001858,TRUE,reported,igd
2919,-0.1391,0.02741,4.11898e-07,1,118266529,ebi-a-GCST90001858,rs4396110,A,G,0.4239, || id:ebi-a-GCST90001858,TRUE,reported,igd
2919,-0.1375,0.02781,8.10905e-07,1,165671820,ebi-a-GCST90001858,rs7530127,C,T,0.4066, || id:ebi-a-GCST90001858,TRUE,reported,igd
2919,0.2214,0.05003,9.96208e-06,1,165888466,ebi-a-GCST90001858,rs146330992,T,C,0.0844, || id:ebi-a-GCST90001858,TRUE,reported,igd
2919,0.6441,0.02485,1.65577e-133,1,167424924,ebi-a-GCST90001858,rs2949661,T,C,0.4466, || id:ebi-a-GCST90001858,TRUE,reported,igd
2919,0.3141,0.06683,2.72201e-06,1,167493088,ebi-a-GCST90001858,rs12027506,T,A,0.0449, || id:ebi-a-GCST90001858,TRUE,reported,igd
2919,-0.1281,0.02752,3.37497e-06,2,38897810,ebi-a-GCST90001858,rs6751481,C,T,0.4764, || id:ebi-a-GCST90001858,TRUE,reported,igd
2919,-0.1421,0.03175,7.94292e-06,2,51237767,ebi-a-GCST90001858,rs7594170,G,A,0.2573, || id:ebi-a-GCST90001858,TRUE,reported,igd
2919,-0.6745,0.1465,4.32504e-06,2,234652185,ebi-a-GCST90001858,rs34135810,C,T,0.0089, || id:ebi-a-GCST90001858,TRUE,reported,igd
2919,0.2304,0.03386,1.23197e-11,3,45947066,ebi-a-GCST90001858,rs79179998,A,G,0.2093, || id:ebi-a-GCST90001858,TRUE,reported,igd
2919,-0.1213,0.02724,8.76395e-06,3,45898221,ebi-a-GCST90001858,rs4683146,A,G,0.4954, || id:ebi-a-GCST90001858,TRUE,reported,igd
2919,0.1839,0.03955,3.47e-06,4,44375745,ebi-a-GCST90001858,rs12512585,T,G,0.1441, || id:ebi-a-GCST90001858,TRUE,reported,igd
2919,1.665,0.3688,6.64293e-06,4,137926368,ebi-a-GCST90001858,rs143262728,T,C,0.0017, || id:ebi-a-GCST90001858,TRUE,reported,igd
2919,0.2632,0.05665,3.54503e-06,5,10956252,ebi-a-GCST90001858,rs72729208,A,G,0.0635, || id:ebi-a-GCST90001858,TRUE,reported,igd
2919,-0.1676,0.03732,7.377e-06,6,83569632,ebi-a-GCST90001858,rs62430462,T,C,0.1648, || id:ebi-a-GCST90001858,TRUE,reported,igd
2919,-0.2962,0.06682,9.63407e-06,7,76111831,ebi-a-GCST90001858,rs150857694,C,T,0.0427, || id:ebi-a-GCST90001858,TRUE,reported,igd
2919,-0.9033,0.2009,7.15402e-06,8,19478029,ebi-a-GCST90001858,rs144004160,T,C,0.0043, || id:ebi-a-GCST90001858,TRUE,reported,igd
2919,0.1474,0.03123,2.45997e-06,9,101320250,ebi-a-GCST90001858,rs2808525,T,C,0.2467, || id:ebi-a-GCST90001858,TRUE,reported,igd
2919,-0.4031,0.08719,3.95003e-06,10,100127250,ebi-a-GCST90001858,rs79844317,T,C,0.0254, || id:ebi-a-GCST90001858,TRUE,reported,igd
2919,0.4112,0.08302,7.74408e-07,10,30531504,ebi-a-GCST90001858,rs72817532,G,A,0.0274, || id:ebi-a-GCST90001858,TRUE,reported,igd
2919,-1.299,0.2467,1.502e-07,11,117753136,ebi-a-GCST90001858,rs74620952,C,T,0.0031, || id:ebi-a-GCST90001858,TRUE,reported,igd
2919,-1.015,0.2156,2.62198e-06,11,120364753,ebi-a-GCST90001858,rs141784254,G,A,0.0038, || id:ebi-a-GCST90001858,TRUE,reported,igd
2919,2.106,0.4729,8.78496e-06,14,102428341,ebi-a-GCST90001858,rs76841186,C,G,0.001, || id:ebi-a-GCST90001858,TRUE,reported,igd
2919,-0.1401,0.02935,1.88999e-06,14,95415204,ebi-a-GCST90001858,rs10139012,C,T,0.3088, || id:ebi-a-GCST90001858,TRUE,reported,igd
2919,0.4208,0.09244,5.53694e-06,15,36121803,ebi-a-GCST90001858,rs78042544,G,A,0.0214, || id:ebi-a-GCST90001858,TRUE,reported,igd
2919,0.1955,0.04357,7.46896e-06,16,50213168,ebi-a-GCST90001858,rs62029957,A,G,0.1086, || id:ebi-a-GCST90001858,TRUE,reported,igd
2919,0.1479,0.02908,3.88401e-07,16,2872116,ebi-a-GCST90001858,rs62035375,C,G,0.6845, || id:ebi-a-GCST90001858,TRUE,reported,igd
2919,-0.2044,0.03371,1.492e-09,16,430304,ebi-a-GCST90001858,rs12921174,C,T,0.2038, || id:ebi-a-GCST90001858,TRUE,reported,igd
2919,-0.1279,0.02863,8.26e-06,17,70789650,ebi-a-GCST90001858,rs2714019,T,C,0.6706, || id:ebi-a-GCST90001858,TRUE,reported,igd
2919,-0.4837,0.1012,1.83502e-06,19,43490062,ebi-a-GCST90001858,rs187281020,G,A,0.0247, || id:ebi-a-GCST90001858,TRUE,reported,igd
2919,-0.1244,0.02736,5.68696e-06,21,43870045,ebi-a-GCST90001858,rs2839523,A,C,0.5305, || id:ebi-a-GCST90001858,TRUE,reported,igd
