samplesize.exposure,beta.exposure,se.exposure,pval.exposure,chr.exposure,pos.exposure,id.exposure,SNP,effect_allele.exposure,other_allele.exposure,eaf.exposure,exposure,mr_keep.exposure,pval_origin.exposure,data_source.exposure
2919,0.6021,0.02516,1.09648e-115,1,167431193,ebi-a-GCST90001864,rs2995089,A,G,0.4466, || id:ebi-a-GCST90001864,TRUE,reported,igd
2919,-0.1899,0.02764,7.71259e-12,1,167100361,ebi-a-GCST90001864,rs7519927,A,G,0.5978, || id:ebi-a-GCST90001864,TRUE,reported,igd
2919,-0.1247,0.02764,6.66699e-06,1,118256346,ebi-a-GCST90001864,rs12729972,T,C,0.4056, || id:ebi-a-GCST90001864,TRUE,reported,igd
2919,-0.3384,0.06295,8.209e-08,1,165218634,ebi-a-GCST90001864,rs4656440,G,C,0.049, || id:ebi-a-GCST90001864,TRUE,reported,igd
2919,-0.2709,0.03832,1.93108e-12,1,166464476,ebi-a-GCST90001864,rs12138291,A,G,0.1482, || id:ebi-a-GCST90001864,TRUE,reported,igd
2919,0.447,0.06122,3.64083e-13,1,167173140,ebi-a-GCST90001864,rs4657649,C,T,0.0512, || id:ebi-a-GCST90001864,TRUE,reported,igd
2919,-0.1751,0.03614,1.33801e-06,2,45451862,ebi-a-GCST90001864,rs12990220,A,G,0.1759, || id:ebi-a-GCST90001864,TRUE,reported,igd
2919,0.6198,0.1291,1.67598e-06,2,100208697,ebi-a-GCST90001864,rs79617518,T,C,0.012, || id:ebi-a-GCST90001864,TRUE,reported,igd
2919,0.3159,0.06429,9.45192e-07,4,42485295,ebi-a-GCST90001864,rs116266532,C,T,0.0473, || id:ebi-a-GCST90001864,TRUE,reported,igd
2919,-0.1308,0.02732,1.77399e-06,6,11763351,ebi-a-GCST90001864,rs2235394,G,T,0.5541, || id:ebi-a-GCST90001864,TRUE,reported,igd
2919,-0.2602,0.05667,4.58395e-06,7,52060488,ebi-a-GCST90001864,rs73099996,A,G,0.068, || id:ebi-a-GCST90001864,TRUE,reported,igd
2919,-0.1372,0.02703,4.09402e-07,9,105868652,ebi-a-GCST90001864,rs6479155,C,T,0.4974, || id:ebi-a-GCST90001864,TRUE,reported,igd
2919,-0.3872,0.08711,9.105e-06,10,100127250,ebi-a-GCST90001864,rs79844317,T,C,0.0254, || id:ebi-a-GCST90001864,TRUE,reported,igd
2919,-0.2919,0.06527,8.02805e-06,11,132210362,ebi-a-GCST90001864,rs111780443,T,C,0.0454, || id:ebi-a-GCST90001864,TRUE,reported,igd
2919,0.7794,0.1633,1.92101e-06,12,101971560,ebi-a-GCST90001864,rs117079896,G,A,0.007, || id:ebi-a-GCST90001864,TRUE,reported,igd
2919,0.7678,0.1581,1.265e-06,13,62183054,ebi-a-GCST90001864,rs140019589,T,C,0.0075, || id:ebi-a-GCST90001864,TRUE,reported,igd
2919,-0.3431,0.07418,3.90301e-06,14,70243505,ebi-a-GCST90001864,rs4646296,G,C,0.0343, || id:ebi-a-GCST90001864,TRUE,reported,igd
2919,0.3479,0.06959,6.07897e-07,15,36111764,ebi-a-GCST90001864,rs78043002,G,T,0.0397, || id:ebi-a-GCST90001864,TRUE,reported,igd
2919,0.13,0.02911,8.27199e-06,16,2872116,ebi-a-GCST90001864,rs62035375,C,G,0.6845, || id:ebi-a-GCST90001864,TRUE,reported,igd
2919,0.253,0.05243,1.47499e-06,16,50264054,ebi-a-GCST90001864,rs62028293,C,T,0.0735, || id:ebi-a-GCST90001864,TRUE,reported,igd
2919,-0.1808,0.0337,8.77991e-08,16,430304,ebi-a-GCST90001864,rs12921174,C,T,0.2038, || id:ebi-a-GCST90001864,TRUE,reported,igd
2919,-0.2674,0.05986,8.20994e-06,17,2592302,ebi-a-GCST90001864,rs148876959,T,C,0.0531, || id:ebi-a-GCST90001864,TRUE,reported,igd
2919,-0.2046,0.03907,1.741e-07,17,70794367,ebi-a-GCST90001864,rs2713986,T,C,0.8532, || id:ebi-a-GCST90001864,TRUE,reported,igd
2919,-0.131,0.02946,8.97098e-06,18,40992955,ebi-a-GCST90001864,rs1442353,T,G,0.308, || id:ebi-a-GCST90001864,TRUE,reported,igd
2919,0.4501,0.09557,2.59298e-06,19,2615996,ebi-a-GCST90001864,rs73526900,C,T,0.0207, || id:ebi-a-GCST90001864,TRUE,reported,igd
