samplesize.exposure,pval.exposure,chr.exposure,se.exposure,pos.exposure,beta.exposure,id.exposure,SNP,effect_allele.exposure,other_allele.exposure,eaf.exposure,exposure,mr_keep.exposure,pval_origin.exposure,data_source.exposure
3440,7.38703e-06,1,0.2016,191648600,-0.905,ebi-a-GCST90001691,rs147071297,A,G,0.0039, || id:ebi-a-GCST90001691,TRUE,reported,igd
3440,3.422e-06,1,0.08339,195825276,0.3879,ebi-a-GCST90001691,rs7530076,A,G,0.9749, || id:ebi-a-GCST90001691,TRUE,reported,igd
3440,4.98506e-08,1,0.1963,194010208,-1.073,ebi-a-GCST90001691,rs116794175,C,T,0.0042, || id:ebi-a-GCST90001691,TRUE,reported,igd
3440,8.59607e-21,1,0.2288,197924770,-2.154,ebi-a-GCST90001691,rs17583875,A,G,0.0029, || id:ebi-a-GCST90001691,TRUE,reported,igd
3440,4.98104e-06,1,0.0257,177745454,0.1175,ebi-a-GCST90001691,rs3117751,G,A,0.5685, || id:ebi-a-GCST90001691,TRUE,reported,igd
3440,9.47894e-06,1,0.1329,195875605,-0.5894,ebi-a-GCST90001691,rs34645541,A,C,0.0094, || id:ebi-a-GCST90001691,TRUE,reported,igd
3440,3.039e-09,1,0.0867,193505625,-0.5154,ebi-a-GCST90001691,rs60220946,T,C,0.0212, || id:ebi-a-GCST90001691,TRUE,reported,igd
3440,2.947e-07,2,0.0462,46479929,-0.2373,ebi-a-GCST90001691,rs76557351,C,G,0.0808, || id:ebi-a-GCST90001691,TRUE,reported,igd
3440,9.42302e-06,3,0.6754,84498712,-2.996,ebi-a-GCST90001691,rs147285635,A,G,3e-04, || id:ebi-a-GCST90001691,TRUE,reported,igd
3440,3.22099e-06,3,0.1284,66439115,0.599,ebi-a-GCST90001691,rs71621309,C,T,0.0089, || id:ebi-a-GCST90001691,TRUE,reported,igd
3440,4.41896e-06,4,0.02787,183111829,-0.1281,ebi-a-GCST90001691,rs1450147,T,C,0.7064, || id:ebi-a-GCST90001691,TRUE,reported,igd
3440,2.25201e-06,4,0.7077,97974344,-3.353,ebi-a-GCST90001691,rs114547596,G,A,7e-04, || id:ebi-a-GCST90001691,TRUE,reported,igd
3440,1.44501e-06,4,0.02867,78710538,-0.1384,ebi-a-GCST90001691,rs16996915,A,C,0.2762, || id:ebi-a-GCST90001691,TRUE,reported,igd
3440,6.81899e-06,5,0.0249,35482314,0.1122,ebi-a-GCST90001691,rs17318450,G,A,0.5241, || id:ebi-a-GCST90001691,TRUE,reported,igd
3440,5.24095e-08,5,0.06857,23346191,0.374,ebi-a-GCST90001691,rs34933238,G,A,0.0339, || id:ebi-a-GCST90001691,TRUE,reported,igd
3440,7.54102e-07,6,0.02621,130374792,-0.1299,ebi-a-GCST90001691,rs4425613,A,C,0.4436, || id:ebi-a-GCST90001691,TRUE,reported,igd
3440,6.83093e-06,6,0.7452,149157641,-3.358,ebi-a-GCST90001691,rs113888828,T,C,3e-04, || id:ebi-a-GCST90001691,TRUE,reported,igd
3440,3.38197e-07,6,0.03075,31326289,0.1572,ebi-a-GCST90001691,rs9378248,A,G,0.4339, || id:ebi-a-GCST90001691,TRUE,reported,igd
3440,9.64095e-07,6,0.03964,32586307,0.1945,ebi-a-GCST90001691,rs59052071,T,C,0.1933, || id:ebi-a-GCST90001691,TRUE,reported,igd
3440,1.05201e-06,7,0.03231,109795429,0.158,ebi-a-GCST90001691,rs1722056,T,C,0.1831, || id:ebi-a-GCST90001691,TRUE,reported,igd
3440,7.40099e-06,9,0.3233,108909972,1.451,ebi-a-GCST90001691,rs144061457,A,T,0.0015, || id:ebi-a-GCST90001691,TRUE,reported,igd
3440,8.8249e-06,10,0.02708,956400,-0.1205,ebi-a-GCST90001691,rs7069505,T,C,0.3249, || id:ebi-a-GCST90001691,TRUE,reported,igd
3440,3.64998e-06,11,0.06827,91720965,-0.3166,ebi-a-GCST90001691,rs74331648,A,C,0.0347, || id:ebi-a-GCST90001691,TRUE,reported,igd
3440,3.31299e-06,12,0.06673,47277365,-0.3108,ebi-a-GCST90001691,rs180683226,A,G,0.0385, || id:ebi-a-GCST90001691,TRUE,reported,igd
3440,6.22401e-06,18,0.08239,2967168,0.3729,ebi-a-GCST90001691,rs145394193,T,A,0.0225, || id:ebi-a-GCST90001691,TRUE,reported,igd
3440,7.55701e-06,18,0.02529,13548430,0.1134,ebi-a-GCST90001691,rs1284408,G,T,0.4483, || id:ebi-a-GCST90001691,TRUE,reported,igd
3440,7.31695e-07,22,0.05123,20851424,0.2542,ebi-a-GCST90001691,rs9608041,T,C,0.0667, || id:ebi-a-GCST90001691,TRUE,reported,igd
