beta.exposure,se.exposure,pval.exposure,chr.exposure,samplesize.exposure,pos.exposure,id.exposure,SNP,effect_allele.exposure,other_allele.exposure,eaf.exposure,exposure,mr_keep.exposure,pval_origin.exposure,data_source.exposure
0.1354,0.03049,9.2489e-06,1,3657,164083691,ebi-a-GCST90001709,rs6680891,T,A,0.2122, || id:ebi-a-GCST90001709,TRUE,reported,igd
-0.1765,0.02694,6.47143e-11,1,3657,161479745,ebi-a-GCST90001709,rs1801274,G,A,0.325, || id:ebi-a-GCST90001709,TRUE,reported,igd
-0.4262,0.08974,2.12002e-06,1,3657,30372026,ebi-a-GCST90001709,rs72658947,C,G,0.0187, || id:ebi-a-GCST90001709,TRUE,reported,igd
0.1254,0.02818,8.86298e-06,1,3657,7137637,ebi-a-GCST90001709,rs9434824,G,A,0.7266, || id:ebi-a-GCST90001709,TRUE,reported,igd
-0.1318,0.02808,2.79499e-06,3,3657,101658926,ebi-a-GCST90001709,rs2925323,T,C,0.2923, || id:ebi-a-GCST90001709,TRUE,reported,igd
1.887,0.4203,7.37208e-06,4,3657,137058391,ebi-a-GCST90001709,rs148695055,A,G,0.001, || id:ebi-a-GCST90001709,TRUE,reported,igd
1.513,0.3287,4.32096e-06,4,3657,24492147,ebi-a-GCST90001709,rs116470335,A,G,0.0016, || id:ebi-a-GCST90001709,TRUE,reported,igd
0.5444,0.1215,7.68192e-06,6,3657,33025017,ebi-a-GCST90001709,rs73737980,C,T,0.0109, || id:ebi-a-GCST90001709,TRUE,reported,igd
0.7921,0.1774,8.27104e-06,7,3657,33667945,ebi-a-GCST90001709,rs12535011,C,T,0.0048, || id:ebi-a-GCST90001709,TRUE,reported,igd
0.1527,0.03176,1.573e-06,11,3657,37670518,ebi-a-GCST90001709,rs1563991,T,G,0.8063, || id:ebi-a-GCST90001709,TRUE,reported,igd
2.591,0.5698,5.62199e-06,13,3657,34499243,ebi-a-GCST90001709,rs144136349,T,C,4e-04, || id:ebi-a-GCST90001709,TRUE,reported,igd
-1.229,0.2472,6.95793e-07,13,3657,29908421,ebi-a-GCST90001709,rs143106266,A,C,0.0025, || id:ebi-a-GCST90001709,TRUE,reported,igd
-0.1137,0.02549,8.39209e-06,15,3657,51655048,ebi-a-GCST90001709,rs35754161,T,G,0.4649, || id:ebi-a-GCST90001709,TRUE,reported,igd
0.3965,0.08567,3.80996e-06,17,3657,48145906,ebi-a-GCST90001709,rs148563640,T,C,0.0219, || id:ebi-a-GCST90001709,TRUE,reported,igd
-0.2411,0.05099,2.36102e-06,20,3657,15504410,ebi-a-GCST90001709,rs6079871,T,C,0.0639, || id:ebi-a-GCST90001709,TRUE,reported,igd
-1.078,0.2395,6.95697e-06,22,3657,23924845,ebi-a-GCST90001709,rs149398740,T,C,0.0027, || id:ebi-a-GCST90001709,TRUE,reported,igd
0.3293,0.05572,3.71903e-09,22,3657,41998660,ebi-a-GCST90001709,rs117430146,C,G,0.0561, || id:ebi-a-GCST90001709,TRUE,reported,igd
-0.5308,0.05104,5.43751e-25,22,3657,40629980,ebi-a-GCST90001709,rs1894588,T,C,0.0622, || id:ebi-a-GCST90001709,TRUE,reported,igd
-0.7149,0.07772,5.93745e-20,22,3657,40246055,ebi-a-GCST90001709,rs76146864,T,C,0.0264, || id:ebi-a-GCST90001709,TRUE,reported,igd
-0.5223,0.05739,1.44411e-19,22,3657,40774205,ebi-a-GCST90001709,rs149806587,G,A,0.0526, || id:ebi-a-GCST90001709,TRUE,reported,igd
-0.4356,0.03602,4.85959e-33,22,3657,43393437,ebi-a-GCST90001709,rs5759079,A,G,0.1406, || id:ebi-a-GCST90001709,TRUE,reported,igd
0.2184,0.02591,5.07575e-17,22,3657,39843409,ebi-a-GCST90001709,rs5757678,T,C,0.6418, || id:ebi-a-GCST90001709,TRUE,reported,igd
-0.7505,0.06509,3.08674e-30,22,3657,41957510,ebi-a-GCST90001709,rs117705111,A,G,0.0365, || id:ebi-a-GCST90001709,TRUE,reported,igd
-1.516,0.03358,1e-200,22,3657,42315371,ebi-a-GCST90001709,rs73165129,T,C,0.099, || id:ebi-a-GCST90001709,TRUE,reported,igd
-0.5028,0.04481,9.60948e-29,22,3657,42525756,ebi-a-GCST90001709,rs1081003,A,G,0.0874, || id:ebi-a-GCST90001709,TRUE,reported,igd
