se.exposure,beta.exposure,pval.exposure,chr.exposure,pos.exposure,samplesize.exposure,id.exposure,SNP,effect_allele.exposure,other_allele.exposure,eaf.exposure,exposure,mr_keep.exposure,pval_origin.exposure,data_source.exposure
0.04595,0.2153,2.91602e-06,1,162752670,3387,ebi-a-GCST90001464,rs72711599,A,G,0.0884, || id:ebi-a-GCST90001464,TRUE,reported,igd
0.03471,0.1639,2.44602e-06,1,120115384,3387,ebi-a-GCST90001464,rs12134798,T,C,0.1673, || id:ebi-a-GCST90001464,TRUE,reported,igd
0.06427,0.3116,1.30101e-06,1,161035780,3387,ebi-a-GCST90001464,rs147678401,A,G,0.0437, || id:ebi-a-GCST90001464,TRUE,reported,igd
0.1174,-0.5561,2.28202e-06,1,163958750,3387,ebi-a-GCST90001464,rs139939515,T,C,0.0124, || id:ebi-a-GCST90001464,TRUE,reported,igd
0.05205,0.3667,2.25476e-12,1,161937774,3387,ebi-a-GCST90001464,rs71639910,A,G,0.0686, || id:ebi-a-GCST90001464,TRUE,reported,igd
0.02956,0.1405,2.093e-06,1,157964856,3387,ebi-a-GCST90001464,rs6656063,T,C,0.2499, || id:ebi-a-GCST90001464,TRUE,reported,igd
0.02785,0.8088,9.7051e-166,1,161526397,3387,ebi-a-GCST90001464,rs71632979,G,A,0.2449, || id:ebi-a-GCST90001464,TRUE,reported,igd
0.1285,-0.6058,2.51102e-06,1,163485197,3387,ebi-a-GCST90001464,rs113995133,A,G,0.0103, || id:ebi-a-GCST90001464,TRUE,reported,igd
0.08529,-0.3862,6.158e-06,1,181020181,3387,ebi-a-GCST90001464,rs3789359,C,T,0.023, || id:ebi-a-GCST90001464,TRUE,reported,igd
0.04006,-0.355,1.25401e-18,1,161561151,3387,ebi-a-GCST90001464,rs74341264,A,G,0.1219, || id:ebi-a-GCST90001464,TRUE,reported,igd
0.1304,0.7391,1.55299e-08,1,160972255,3387,ebi-a-GCST90001464,rs143140559,T,C,0.0094, || id:ebi-a-GCST90001464,TRUE,reported,igd
0.08325,-0.3927,2.495e-06,3,1827937,3387,ebi-a-GCST90001464,rs115849513,T,A,0.0245, || id:ebi-a-GCST90001464,TRUE,reported,igd
0.03211,-0.1444,7.18406e-06,4,76221611,3387,ebi-a-GCST90001464,rs112966518,G,T,0.2149, || id:ebi-a-GCST90001464,TRUE,reported,igd
0.1444,-0.6969,1.45499e-06,6,73397623,3387,ebi-a-GCST90001464,rs112186537,T,C,0.0075, || id:ebi-a-GCST90001464,TRUE,reported,igd
0.0264,-0.1177,8.52806e-06,8,116153312,3387,ebi-a-GCST90001464,rs923967,A,T,0.4074, || id:ebi-a-GCST90001464,TRUE,reported,igd
0.02818,0.1278,5.94005e-06,8,73348626,3387,ebi-a-GCST90001464,rs16938204,T,C,0.2938, || id:ebi-a-GCST90001464,TRUE,reported,igd
0.05518,-0.2492,6.52995e-06,9,133737649,3387,ebi-a-GCST90001464,rs12005879,A,G,0.0576, || id:ebi-a-GCST90001464,TRUE,reported,igd
0.03771,0.1673,9.41499e-06,13,100459317,3387,ebi-a-GCST90001464,rs9557311,A,G,0.1333, || id:ebi-a-GCST90001464,TRUE,reported,igd
0.2966,-1.333,7.23902e-06,14,44042820,3387,ebi-a-GCST90001464,rs75700156,C,T,0.0021, || id:ebi-a-GCST90001464,TRUE,reported,igd
0.1571,-0.7215,4.52501e-06,14,51937110,3387,ebi-a-GCST90001464,rs185312213,G,T,0.0066, || id:ebi-a-GCST90001464,TRUE,reported,igd
0.5106,-2.409,2.476e-06,15,25969797,3387,ebi-a-GCST90001464,rs140205436,T,C,6e-04, || id:ebi-a-GCST90001464,TRUE,reported,igd
0.04565,-0.2163,2.25798e-06,16,57725145,3387,ebi-a-GCST90001464,rs79497887,G,C,0.0865, || id:ebi-a-GCST90001464,TRUE,reported,igd
0.07783,-0.3544,5.46903e-06,17,77253136,3387,ebi-a-GCST90001464,rs72846852,T,C,0.0282, || id:ebi-a-GCST90001464,TRUE,reported,igd
