pos.exposure,chr.exposure,samplesize.exposure,se.exposure,pval.exposure,beta.exposure,id.exposure,SNP,effect_allele.exposure,other_allele.exposure,eaf.exposure,exposure,mr_keep.exposure,pval_origin.exposure,data_source.exposure
82243292,1,3669,0.03634,4.64301e-06,-0.1667,ebi-a-GCST90001646,rs12087279,T,C,0.131, || id:ebi-a-GCST90001646,TRUE,reported,igd
25076059,1,3669,0.06609,3.35097e-10,-0.4163,ebi-a-GCST90001646,rs183053322,T,C,0.0354, || id:ebi-a-GCST90001646,TRUE,reported,igd
161515326,1,3669,0.02845,1.76999e-07,-0.1488,ebi-a-GCST90001646,rs55971447,T,C,0.237, || id:ebi-a-GCST90001646,TRUE,reported,igd
109649839,4,3669,0.2686,1.51401e-06,-1.294,ebi-a-GCST90001646,rs190518013,T,A,0.0019, || id:ebi-a-GCST90001646,TRUE,reported,igd
55012690,4,3669,0.09167,3.82103e-06,0.4242,ebi-a-GCST90001646,rs34588768,T,C,0.017, || id:ebi-a-GCST90001646,TRUE,reported,igd
110029714,4,3669,0.09011,3.766e-06,0.4173,ebi-a-GCST90001646,rs191368650,T,G,0.0177, || id:ebi-a-GCST90001646,TRUE,reported,igd
67413499,5,3669,0.3644,9.93002e-09,-2.093,ebi-a-GCST90001646,rs11954223,A,G,0.001, || id:ebi-a-GCST90001646,TRUE,reported,igd
66776987,5,3669,0.2386,5.32905e-07,-1.199,ebi-a-GCST90001646,rs77438219,A,G,0.0022, || id:ebi-a-GCST90001646,TRUE,reported,igd
133009855,5,3669,0.1073,1.25401e-06,-0.521,ebi-a-GCST90001646,rs35483654,T,C,0.0123, || id:ebi-a-GCST90001646,TRUE,reported,igd
106196268,5,3669,0.5024,3.99402e-06,-2.321,ebi-a-GCST90001646,rs56311672,T,A,5e-04, || id:ebi-a-GCST90001646,TRUE,reported,igd
36221410,7,3669,0.05234,6.60602e-06,0.2362,ebi-a-GCST90001646,rs56289531,T,G,0.0549, || id:ebi-a-GCST90001646,TRUE,reported,igd
28615433,8,3669,0.02747,7.10101e-06,-0.1235,ebi-a-GCST90001646,rs2213306,A,G,0.251, || id:ebi-a-GCST90001646,TRUE,reported,igd
17769401,8,3669,0.1632,4.84797e-06,-0.7471,ebi-a-GCST90001646,rs142527102,C,T,0.0061, || id:ebi-a-GCST90001646,TRUE,reported,igd
3612222,8,3669,0.2264,7.55492e-06,-1.015,ebi-a-GCST90001646,rs2623730,T,C,0.0027, || id:ebi-a-GCST90001646,TRUE,reported,igd
96368316,9,3669,0.112,8.33105e-06,0.5,ebi-a-GCST90001646,rs146445024,T,C,0.011, || id:ebi-a-GCST90001646,TRUE,reported,igd
118756021,9,3669,0.08347,2.43501e-06,-0.3941,ebi-a-GCST90001646,rs73520180,C,T,0.0217, || id:ebi-a-GCST90001646,TRUE,reported,igd
66556168,10,3669,0.3707,1.167e-06,-1.805,ebi-a-GCST90001646,rs1915649,T,C,0.0014, || id:ebi-a-GCST90001646,TRUE,reported,igd
105928767,10,3669,0.04488,1.213e-06,-0.2182,ebi-a-GCST90001646,rs17823772,T,C,0.0769, || id:ebi-a-GCST90001646,TRUE,reported,igd
86428029,11,3669,0.08962,1.302e-06,-0.4344,ebi-a-GCST90001646,rs2433423,C,T,0.0177, || id:ebi-a-GCST90001646,TRUE,reported,igd
108993494,13,3669,0.02572,1.60398e-08,-0.1456,ebi-a-GCST90001646,rs12874404,G,A,0.319, || id:ebi-a-GCST90001646,TRUE,reported,igd
63434313,17,3669,0.1205,1.17601e-06,-0.5865,ebi-a-GCST90001646,rs4239087,C,T,0.9898, || id:ebi-a-GCST90001646,TRUE,reported,igd
33797371,17,3669,0.02375,1.21088e-15,-0.1909,ebi-a-GCST90001646,rs9916257,T,G,0.5685, || id:ebi-a-GCST90001646,TRUE,reported,igd
33773022,17,3669,0.03225,1.741e-08,0.1822,ebi-a-GCST90001646,rs7218011,G,A,0.1634, || id:ebi-a-GCST90001646,TRUE,reported,igd
76403698,17,3669,0.08035,2.47201e-06,0.3791,ebi-a-GCST90001646,rs111661128,A,G,0.0232, || id:ebi-a-GCST90001646,TRUE,reported,igd
8581509,18,3669,0.3966,3.91498e-06,-1.834,ebi-a-GCST90001646,rs78468114,T,C,8e-04, || id:ebi-a-GCST90001646,TRUE,reported,igd
49233335,19,3669,0.02521,3.24101e-06,0.1175,ebi-a-GCST90001646,rs281407,A,G,0.3684, || id:ebi-a-GCST90001646,TRUE,reported,igd
43064030,22,3669,0.03808,3.22998e-07,-0.1949,ebi-a-GCST90001646,rs73174907,A,T,0.1066, || id:ebi-a-GCST90001646,TRUE,reported,igd
