pval.exposure,chr.exposure,beta.exposure,pos.exposure,samplesize.exposure,se.exposure,id.exposure,SNP,effect_allele.exposure,other_allele.exposure,eaf.exposure,exposure,mr_keep.exposure,pval_origin.exposure,data_source.exposure
7.63396e-06,1,0.5194,78725368,3427,0.1159,ebi-a-GCST90001562,rs149720446,A,G,0.0093, || id:ebi-a-GCST90001562,TRUE,reported,igd
9.06108e-06,1,0.1612,68487020,3427,0.03627,ebi-a-GCST90001562,rs72932690,G,A,0.1107, || id:ebi-a-GCST90001562,TRUE,reported,igd
1.003e-08,1,1.455,198524264,3427,0.2533,ebi-a-GCST90001562,rs146620586,T,G,0.0032, || id:ebi-a-GCST90001562,TRUE,reported,igd
7.96306e-06,1,-0.4365,241601336,3427,0.09758,ebi-a-GCST90001562,rs569064217,A,G,0.0127, || id:ebi-a-GCST90001562,TRUE,reported,igd
3.39e-06,1,2.695,214625781,3427,0.5791,ebi-a-GCST90001562,rs150956189,C,T,3e-04, || id:ebi-a-GCST90001562,TRUE,reported,igd
1.63606e-26,2,0.2378,38921934,3427,0.02213,ebi-a-GCST90001562,rs7583259,G,C,0.5023, || id:ebi-a-GCST90001562,TRUE,reported,igd
8.10588e-11,2,0.1592,38897781,3427,0.02442,ebi-a-GCST90001562,rs6707421,G,A,0.3011, || id:ebi-a-GCST90001562,TRUE,reported,igd
4.35502e-06,2,0.4924,39603005,3427,0.107,ebi-a-GCST90001562,rs191749866,C,T,0.0107, || id:ebi-a-GCST90001562,TRUE,reported,igd
6.50205e-06,3,-0.1749,61309584,3427,0.03872,ebi-a-GCST90001562,rs73101099,A,G,0.0889, || id:ebi-a-GCST90001562,TRUE,reported,igd
8.54594e-06,3,2.01,117384981,3427,0.4508,ebi-a-GCST90001562,rs185587352,A,G,6e-04, || id:ebi-a-GCST90001562,TRUE,reported,igd
3.82499e-06,3,0.2292,2937455,3427,0.04952,ebi-a-GCST90001562,rs181615229,C,A,0.0525, || id:ebi-a-GCST90001562,TRUE,reported,igd
9.85303e-07,4,1.051,618242,3427,0.2144,ebi-a-GCST90001562,rs77031975,G,T,0.0025, || id:ebi-a-GCST90001562,TRUE,reported,igd
2.73401e-06,4,-0.4375,135317580,3427,0.09313,ebi-a-GCST90001562,rs140811183,A,G,0.0136, || id:ebi-a-GCST90001562,TRUE,reported,igd
5.48706e-06,4,-0.1242,84074624,3427,0.02728,ebi-a-GCST90001562,rs11099574,A,T,0.7847, || id:ebi-a-GCST90001562,TRUE,reported,igd
4.18803e-07,5,14.67,34118981,3427,2.894,ebi-a-GCST90001562,rs114724825,C,T,NA, || id:ebi-a-GCST90001562,TRUE,reported,igd
1.652e-08,6,0.1499,31417540,3427,0.02649,ebi-a-GCST90001562,rs2596459,T,G,0.5099, || id:ebi-a-GCST90001562,TRUE,reported,igd
1.036e-07,6,-0.1461,31429927,3427,0.02741,ebi-a-GCST90001562,rs3094228,C,T,0.3844, || id:ebi-a-GCST90001562,TRUE,reported,igd
7.30903e-07,6,0.2816,164449966,3427,0.05676,ebi-a-GCST90001562,rs71569429,T,C,0.0403, || id:ebi-a-GCST90001562,TRUE,reported,igd
4.66402e-06,7,-0.1017,41966718,3427,0.02216,ebi-a-GCST90001562,rs6943827,A,G,0.5156, || id:ebi-a-GCST90001562,TRUE,reported,igd
2.87303e-07,8,3.594,5871144,3427,0.6989,ebi-a-GCST90001562,rs75402344,T,G,3e-04, || id:ebi-a-GCST90001562,TRUE,reported,igd
1.17601e-06,8,2.855,3996923,3427,0.5864,ebi-a-GCST90001562,rs117773023,C,T,3e-04, || id:ebi-a-GCST90001562,TRUE,reported,igd
6.79595e-06,8,-0.2601,106724711,3427,0.05772,ebi-a-GCST90001562,rs16873557,T,C,0.0378, || id:ebi-a-GCST90001562,TRUE,reported,igd
1.738e-06,8,0.1123,61151574,3427,0.02344,ebi-a-GCST90001562,rs8180936,T,C,0.6698, || id:ebi-a-GCST90001562,TRUE,reported,igd
6.52004e-06,9,-0.2825,16497683,3427,0.06256,ebi-a-GCST90001562,rs116954492,T,C,0.0318, || id:ebi-a-GCST90001562,TRUE,reported,igd
8.67002e-07,11,1.346,127735836,3427,0.2731,ebi-a-GCST90001562,rs77806002,G,A,0.0016, || id:ebi-a-GCST90001562,TRUE,reported,igd
2.21101e-06,11,3.896,83433494,3427,0.8218,ebi-a-GCST90001562,rs76552842,A,G,1e-04, || id:ebi-a-GCST90001562,TRUE,reported,igd
8.08798e-06,12,0.1244,100186724,3427,0.02784,ebi-a-GCST90001562,rs11110042,T,C,0.2037, || id:ebi-a-GCST90001562,TRUE,reported,igd
6.52604e-06,12,6.643,32935819,3427,1.471,ebi-a-GCST90001562,rs145609894,G,A,NA, || id:ebi-a-GCST90001562,TRUE,reported,igd
1.48501e-06,15,0.1585,65376824,3427,0.03288,ebi-a-GCST90001562,rs11629948,A,T,0.1358, || id:ebi-a-GCST90001562,TRUE,reported,igd
9.70689e-06,16,1.706,10650924,3427,0.3851,ebi-a-GCST90001562,rs192221507,A,G,7e-04, || id:ebi-a-GCST90001562,TRUE,reported,igd
2.065e-06,17,0.1393,43385620,3427,0.02929,ebi-a-GCST90001562,rs79039330,T,G,0.1716, || id:ebi-a-GCST90001562,TRUE,reported,igd
7.00003e-07,18,-0.7578,13390635,3427,0.1525,ebi-a-GCST90001562,rs118124576,G,T,0.0051, || id:ebi-a-GCST90001562,TRUE,reported,igd
7.15599e-06,19,2.28,38512779,3427,0.5072,ebi-a-GCST90001562,rs143018694,A,G,4e-04, || id:ebi-a-GCST90001562,TRUE,reported,igd
5.58998e-06,19,-0.104,13712956,3427,0.02286,ebi-a-GCST90001562,rs2515898,T,C,0.5899, || id:ebi-a-GCST90001562,TRUE,reported,igd
7.02506e-06,21,0.3634,19196423,3427,0.08075,ebi-a-GCST90001562,rs62212949,A,C,0.0194, || id:ebi-a-GCST90001562,TRUE,reported,igd
9.59909e-07,22,0.916,40298491,3427,0.1866,ebi-a-GCST90001562,rs116954000,A,T,0.0034, || id:ebi-a-GCST90001562,TRUE,reported,igd
