beta.exposure,chr.exposure,se.exposure,pos.exposure,pval.exposure,samplesize.exposure,id.exposure,SNP,effect_allele.exposure,other_allele.exposure,eaf.exposure,exposure,mr_keep.exposure,pval_origin.exposure,data_source.exposure
0.6523,1,0.02485,167427170,1.60325e-136,2918,ebi-a-GCST90001869,rs1214596,A,T,0.4462, || id:ebi-a-GCST90001869,TRUE,reported,igd
-0.266,1,0.05908,179457254,6.96001e-06,2918,ebi-a-GCST90001869,rs73036765,T,C,0.0569, || id:ebi-a-GCST90001869,TRUE,reported,igd
0.1538,1,0.02746,166460696,2.35001e-08,2918,ebi-a-GCST90001869,rs6658665,G,A,0.5197, || id:ebi-a-GCST90001869,TRUE,reported,igd
-0.2906,1,0.0623,208074125,3.23303e-06,2918,ebi-a-GCST90001869,rs73072986,T,C,0.0505, || id:ebi-a-GCST90001869,TRUE,reported,igd
0.3619,1,0.04392,167136405,2.58404e-16,2918,ebi-a-GCST90001869,rs61814886,A,G,0.1057, || id:ebi-a-GCST90001869,TRUE,reported,igd
-0.2306,1,0.04135,26556870,2.65901e-08,2918,ebi-a-GCST90001869,rs6668517,C,A,0.1227, || id:ebi-a-GCST90001869,TRUE,reported,igd
0.1334,1,0.02847,166828464,2.93002e-06,2918,ebi-a-GCST90001869,rs4657608,T,C,0.6265, || id:ebi-a-GCST90001869,TRUE,reported,igd
0.3463,1,0.07442,114732793,3.404e-06,2918,ebi-a-GCST90001869,rs209858,A,G,0.036, || id:ebi-a-GCST90001869,TRUE,reported,igd
0.4905,1,0.1099,116870434,8.3301e-06,2918,ebi-a-GCST90001869,rs12085166,T,C,0.0161, || id:ebi-a-GCST90001869,TRUE,reported,igd
-0.1374,1,0.03001,167532812,4.89598e-06,2918,ebi-a-GCST90001869,rs12096911,C,T,0.2947, || id:ebi-a-GCST90001869,TRUE,reported,igd
-0.7279,1,0.1101,168605042,4.56667e-11,2918,ebi-a-GCST90001869,rs12752576,G,A,0.0154, || id:ebi-a-GCST90001869,TRUE,reported,igd
0.8593,2,0.1912,218949086,7.28299e-06,2918,ebi-a-GCST90001869,rs147902311,T,C,0.0046, || id:ebi-a-GCST90001869,TRUE,reported,igd
-0.2189,2,0.04747,57424952,4.14801e-06,2918,ebi-a-GCST90001869,rs146597227,T,G,0.091, || id:ebi-a-GCST90001869,TRUE,reported,igd
0.137,2,0.03035,188151932,6.60602e-06,2918,ebi-a-GCST90001869,rs1398059,T,G,0.2836, || id:ebi-a-GCST90001869,TRUE,reported,igd
-0.1597,3,0.0345,158951696,3.83804e-06,2918,ebi-a-GCST90001869,rs2122146,C,T,0.8045, || id:ebi-a-GCST90001869,TRUE,reported,igd
-0.3115,3,0.07022,99600236,9.50889e-06,2918,ebi-a-GCST90001869,rs73136665,A,C,0.0387, || id:ebi-a-GCST90001869,TRUE,reported,igd
-0.3329,5,0.07285,178423803,5.08195e-06,2918,ebi-a-GCST90001869,rs3756564,A,G,0.036, || id:ebi-a-GCST90001869,TRUE,reported,igd
-0.1526,6,0.0342,87510647,8.36296e-06,2918,ebi-a-GCST90001869,rs4707319,G,T,0.2015, || id:ebi-a-GCST90001869,TRUE,reported,igd
0.1824,6,0.03422,90976768,1.05801e-07,2918,ebi-a-GCST90001869,rs72928038,A,G,0.1991, || id:ebi-a-GCST90001869,TRUE,reported,igd
-0.1407,6,0.0288,88822616,1.10101e-06,2918,ebi-a-GCST90001869,rs1324073,C,G,0.652, || id:ebi-a-GCST90001869,TRUE,reported,igd
-0.1302,6,0.02803,10479783,3.57503e-06,2918,ebi-a-GCST90001869,rs631487,C,T,0.4483, || id:ebi-a-GCST90001869,TRUE,reported,igd
1.017,6,0.2199,144281703,3.92699e-06,2918,ebi-a-GCST90001869,rs74863989,A,C,0.0038, || id:ebi-a-GCST90001869,TRUE,reported,igd
-0.2766,7,0.05662,52060488,1.08901e-06,2918,ebi-a-GCST90001869,rs73099996,A,G,0.068, || id:ebi-a-GCST90001869,TRUE,reported,igd
-0.1948,7,0.04213,70509663,3.92302e-06,2918,ebi-a-GCST90001869,rs79486472,G,C,0.1158, || id:ebi-a-GCST90001869,TRUE,reported,igd
-0.4024,10,0.08733,100127250,4.23399e-06,2918,ebi-a-GCST90001869,rs79844317,T,C,0.0254, || id:ebi-a-GCST90001869,TRUE,reported,igd
-1.355,11,0.247,117753136,4.462e-08,2918,ebi-a-GCST90001869,rs74620952,C,T,0.0031, || id:ebi-a-GCST90001869,TRUE,reported,igd
-1.123,11,0.2176,120364753,2.63797e-07,2918,ebi-a-GCST90001869,rs141784254,G,A,0.0038, || id:ebi-a-GCST90001869,TRUE,reported,igd
0.227,13,0.04914,67932513,4.00701e-06,2918,ebi-a-GCST90001869,rs1537547,A,G,0.0882, || id:ebi-a-GCST90001869,TRUE,reported,igd
-0.3481,15,0.07239,100531503,1.59599e-06,2918,ebi-a-GCST90001869,rs150306980,C,T,0.0375, || id:ebi-a-GCST90001869,TRUE,reported,igd
0.4514,15,0.09279,36121803,1.20501e-06,2918,ebi-a-GCST90001869,rs78042544,G,A,0.0214, || id:ebi-a-GCST90001869,TRUE,reported,igd
-0.1331,16,0.0292,90107716,5.33495e-06,2918,ebi-a-GCST90001869,rs55799444,T,C,0.5168, || id:ebi-a-GCST90001869,TRUE,reported,igd
-0.1939,16,0.04161,11511391,3.31597e-06,2918,ebi-a-GCST90001869,rs115662161,G,A,0.1405, || id:ebi-a-GCST90001869,TRUE,reported,igd
-0.1482,16,0.03125,2854907,2.23198e-06,2918,ebi-a-GCST90001869,rs2015682,T,C,0.2622, || id:ebi-a-GCST90001869,TRUE,reported,igd
0.8288,17,0.1832,3860393,6.27798e-06,2918,ebi-a-GCST90001869,rs181383275,T,C,0.005, || id:ebi-a-GCST90001869,TRUE,reported,igd
-0.2687,17,0.05846,66093841,4.46498e-06,2918,ebi-a-GCST90001869,rs62084754,T,C,0.0579, || id:ebi-a-GCST90001869,TRUE,reported,igd
-0.5056,19,0.1014,43490062,6.55194e-07,2918,ebi-a-GCST90001869,rs187281020,G,A,0.0247, || id:ebi-a-GCST90001869,TRUE,reported,igd
-0.1272,20,0.02852,40714524,8.49005e-06,2918,ebi-a-GCST90001869,rs722898,G,C,0.6705, || id:ebi-a-GCST90001869,TRUE,reported,igd
-0.2701,20,0.06022,25444618,7.58997e-06,2918,ebi-a-GCST90001869,rs59604901,C,T,0.0553, || id:ebi-a-GCST90001869,TRUE,reported,igd
0.1975,21,0.04051,43122243,1.15101e-06,2918,ebi-a-GCST90001869,rs6586224,C,T,0.8725, || id:ebi-a-GCST90001869,TRUE,reported,igd
