samplesize.exposure,pos.exposure,pval.exposure,se.exposure,beta.exposure,chr.exposure,id.exposure,SNP,effect_allele.exposure,other_allele.exposure,eaf.exposure,exposure,mr_keep.exposure,pval_origin.exposure,data_source.exposure
3658,25709104,2.88602e-06,0.02619,0.1227,1,ebi-a-GCST90001762,rs1293260,G,C,0.339, || id:ebi-a-GCST90001762,TRUE,reported,igd
3658,17595034,4.27898e-06,0.05062,0.2331,1,ebi-a-GCST90001762,rs113371046,A,G,0.0638, || id:ebi-a-GCST90001762,TRUE,reported,igd
3658,229499798,3.304e-06,0.5174,-2.41,2,ebi-a-GCST90001762,rs149360160,T,C,5e-04, || id:ebi-a-GCST90001762,TRUE,reported,igd
3658,81965038,1.006e-06,0.03357,-0.1645,2,ebi-a-GCST90001762,rs79003098,A,T,0.159, || id:ebi-a-GCST90001762,TRUE,reported,igd
3658,43987474,8.688e-06,0.09255,0.4122,4,ebi-a-GCST90001762,rs73245560,C,T,0.0182, || id:ebi-a-GCST90001762,TRUE,reported,igd
3658,162820460,1.52799e-06,0.0718,0.3457,5,ebi-a-GCST90001762,rs77612075,T,C,0.0293, || id:ebi-a-GCST90001762,TRUE,reported,igd
3658,178957291,3.55599e-06,0.07401,-0.3436,5,ebi-a-GCST90001762,rs80155794,A,G,0.0267, || id:ebi-a-GCST90001762,TRUE,reported,igd
3658,161458204,8.12905e-07,0.02521,0.1246,5,ebi-a-GCST90001762,rs3933208,A,T,0.4125, || id:ebi-a-GCST90001762,TRUE,reported,igd
3658,14091682,1.63799e-08,0.02688,0.1521,6,ebi-a-GCST90001762,rs72836542,T,C,0.3162, || id:ebi-a-GCST90001762,TRUE,reported,igd
3658,32560741,1.547e-09,0.02962,-0.1793,6,ebi-a-GCST90001762,rs9270560,C,T,0.5887, || id:ebi-a-GCST90001762,TRUE,reported,igd
3658,14806317,4.06602e-07,0.02478,-0.1258,6,ebi-a-GCST90001762,rs233495,T,C,0.5585, || id:ebi-a-GCST90001762,TRUE,reported,igd
3658,33947909,6.82307e-06,0.05412,-0.2438,6,ebi-a-GCST90001762,rs55643835,T,C,0.0567, || id:ebi-a-GCST90001762,TRUE,reported,igd
3658,32451834,2.45584e-11,0.02868,0.1921,6,ebi-a-GCST90001762,rs62405562,G,A,0.4552, || id:ebi-a-GCST90001762,TRUE,reported,igd
3658,15913304,2.32809e-12,0.03173,0.2233,6,ebi-a-GCST90001762,rs12212931,G,T,0.8197, || id:ebi-a-GCST90001762,TRUE,reported,igd
3658,40190449,1.90498e-07,0.02442,-0.1274,7,ebi-a-GCST90001762,rs388354,C,A,0.5204, || id:ebi-a-GCST90001762,TRUE,reported,igd
3658,60273642,7.89951e-16,0.02485,-0.2011,11,ebi-a-GCST90001762,rs4939384,G,A,0.6088, || id:ebi-a-GCST90001762,TRUE,reported,igd
3658,32330242,2.14501e-06,0.07384,-0.3505,12,ebi-a-GCST90001762,rs11051833,T,C,0.0286, || id:ebi-a-GCST90001762,TRUE,reported,igd
3658,128795644,2.635e-06,0.03036,0.1428,12,ebi-a-GCST90001762,rs11059642,A,G,0.2012, || id:ebi-a-GCST90001762,TRUE,reported,igd
3658,89600226,5.33998e-06,0.02937,-0.1339,15,ebi-a-GCST90001762,rs8025257,C,T,0.2285, || id:ebi-a-GCST90001762,TRUE,reported,igd
3658,86988686,1.59199e-06,0.06339,-0.3047,15,ebi-a-GCST90001762,rs6496328,T,C,0.0387, || id:ebi-a-GCST90001762,TRUE,reported,igd
3658,11007193,1.714e-06,0.03262,0.1563,16,ebi-a-GCST90001762,rs7404890,A,G,0.8208, || id:ebi-a-GCST90001762,TRUE,reported,igd
3658,49846398,1.41899e-09,0.02943,-0.1786,19,ebi-a-GCST90001762,rs30003,C,T,0.2303, || id:ebi-a-GCST90001762,TRUE,reported,igd
3658,11850850,4.99701e-06,0.06018,-0.2751,20,ebi-a-GCST90001762,rs73086355,A,C,0.0432, || id:ebi-a-GCST90001762,TRUE,reported,igd
