chr.exposure,pval.exposure,se.exposure,beta.exposure,samplesize.exposure,pos.exposure,id.exposure,SNP,effect_allele.exposure,other_allele.exposure,eaf.exposure,exposure,mr_keep.exposure,pval_origin.exposure,data_source.exposure
1,2.47098e-06,0.08536,0.4028,3427,233503332,ebi-a-GCST90001538,rs116640816,T,G,0.0219, || id:ebi-a-GCST90001538,TRUE,reported,igd
1,3.94003e-06,0.06862,0.3172,3427,27383717,ebi-a-GCST90001538,rs76756517,A,G,0.035, || id:ebi-a-GCST90001538,TRUE,reported,igd
1,2.35001e-07,0.211,-1.093,3427,197997953,ebi-a-GCST90001538,rs4497244,A,G,0.0034, || id:ebi-a-GCST90001538,TRUE,reported,igd
1,5.21795e-07,0.04135,-0.2079,3427,110998348,ebi-a-GCST90001538,rs12409155,T,C,0.1058, || id:ebi-a-GCST90001538,TRUE,reported,igd
2,3.56197e-06,0.1682,-0.7811,3427,100426114,ebi-a-GCST90001538,rs72817100,T,C,0.0054, || id:ebi-a-GCST90001538,TRUE,reported,igd
2,2.60399e-06,0.08655,0.4075,3427,160994845,ebi-a-GCST90001538,rs4473342,G,A,0.022, || id:ebi-a-GCST90001538,TRUE,reported,igd
2,4.255e-06,0.03722,0.1714,3427,39216773,ebi-a-GCST90001538,rs963730,C,T,0.8567, || id:ebi-a-GCST90001538,TRUE,reported,igd
2,4.17004e-06,0.1263,-0.5822,3427,62624970,ebi-a-GCST90001538,rs59491101,T,C,0.0104, || id:ebi-a-GCST90001538,TRUE,reported,igd
2,1.82096e-11,0.0256,-0.1726,3427,38897810,ebi-a-GCST90001538,rs6751481,C,T,0.4704, || id:ebi-a-GCST90001538,TRUE,reported,igd
3,5.63897e-06,0.03192,0.1451,3427,177085939,ebi-a-GCST90001538,rs6780334,C,T,0.1897, || id:ebi-a-GCST90001538,TRUE,reported,igd
3,4.19402e-06,0.06974,0.3214,3427,34562966,ebi-a-GCST90001538,rs186961945,A,G,0.033, || id:ebi-a-GCST90001538,TRUE,reported,igd
4,5.52395e-07,0.04115,-0.2065,3427,181498148,ebi-a-GCST90001538,rs12503846,T,G,0.1048, || id:ebi-a-GCST90001538,TRUE,reported,igd
6,8.65406e-06,0.02564,0.1142,3427,126228512,ebi-a-GCST90001538,rs10782230,A,G,0.5505, || id:ebi-a-GCST90001538,TRUE,reported,igd
6,3.474e-06,0.04354,0.2024,3427,9941223,ebi-a-GCST90001538,rs9396752,A,G,0.0909, || id:ebi-a-GCST90001538,TRUE,reported,igd
7,7.34598e-06,0.02588,0.1162,3427,21822311,ebi-a-GCST90001538,rs10245930,G,C,0.4145, || id:ebi-a-GCST90001538,TRUE,reported,igd
7,3.78103e-06,0.05711,0.2645,3427,144239162,ebi-a-GCST90001538,rs6954594,T,G,0.0486, || id:ebi-a-GCST90001538,TRUE,reported,igd
7,6.45506e-06,0.02555,0.1154,3427,130980127,ebi-a-GCST90001538,rs13233481,G,A,0.4365, || id:ebi-a-GCST90001538,TRUE,reported,igd
9,3.04698e-06,0.06021,0.2815,3427,4651962,ebi-a-GCST90001538,rs72694085,G,T,0.0474, || id:ebi-a-GCST90001538,TRUE,reported,igd
9,5.83499e-06,0.09877,0.4483,3427,79870974,ebi-a-GCST90001538,rs113269772,C,T,0.0166, || id:ebi-a-GCST90001538,TRUE,reported,igd
10,9.64406e-06,1.431,-6.344,3427,69536834,ebi-a-GCST90001538,rs143395500,T,C,1e-04, || id:ebi-a-GCST90001538,TRUE,reported,igd
12,6.95505e-06,0.08948,0.4028,3427,16811638,ebi-a-GCST90001538,rs151245760,C,T,0.0209, || id:ebi-a-GCST90001538,TRUE,reported,igd
12,7.96196e-06,0.0473,0.2116,3427,16272142,ebi-a-GCST90001538,rs12231781,C,A,0.0751, || id:ebi-a-GCST90001538,TRUE,reported,igd
13,4.94595e-06,0.1288,0.5892,3427,74308892,ebi-a-GCST90001538,rs143624012,C,T,0.0098, || id:ebi-a-GCST90001538,TRUE,reported,igd
14,3.73999e-06,0.03477,-0.1611,3427,49245824,ebi-a-GCST90001538,rs2816718,C,A,0.1574, || id:ebi-a-GCST90001538,TRUE,reported,igd
16,4.87596e-06,0.02599,0.119,3427,51479349,ebi-a-GCST90001538,rs4784296,A,G,0.3947, || id:ebi-a-GCST90001538,TRUE,reported,igd
17,3.91102e-06,0.09389,0.4341,3427,39786505,ebi-a-GCST90001538,rs117765614,T,C,0.02, || id:ebi-a-GCST90001538,TRUE,reported,igd
17,2.357e-06,0.07289,-0.3446,3427,37015917,ebi-a-GCST90001538,rs186686893,A,G,0.0303, || id:ebi-a-GCST90001538,TRUE,reported,igd
17,3.00898e-07,0.0674,0.346,3427,38869490,ebi-a-GCST90001538,rs8067124,T,A,0.0369, || id:ebi-a-GCST90001538,TRUE,reported,igd
19,3.98997e-06,0.04018,0.1856,3427,53813407,ebi-a-GCST90001538,rs56350470,T,C,0.1091, || id:ebi-a-GCST90001538,TRUE,reported,igd
19,6.47799e-06,0.2188,0.9885,3427,16505722,ebi-a-GCST90001538,rs73021131,A,T,0.0034, || id:ebi-a-GCST90001538,TRUE,reported,igd
20,5.70401e-06,0.03365,0.1529,3427,48024935,ebi-a-GCST90001538,rs13041294,T,G,0.1711, || id:ebi-a-GCST90001538,TRUE,reported,igd
22,2.168e-06,0.264,-1.253,3427,36127324,ebi-a-GCST90001538,rs74510800,A,G,0.0023, || id:ebi-a-GCST90001538,TRUE,reported,igd
