pos.exposure,chr.exposure,samplesize.exposure,beta.exposure,se.exposure,pval.exposure,id.exposure,SNP,effect_allele.exposure,other_allele.exposure,eaf.exposure,exposure,mr_keep.exposure,pval_origin.exposure,data_source.exposure
247700906,1,3656,0.1675,0.03766,8.94499e-06,ebi-a-GCST90001392,rs1919856,G,A,0.108, || id:ebi-a-GCST90001392,TRUE,reported,igd
200858159,1,3656,0.6503,0.1415,4.44396e-06,ebi-a-GCST90001392,rs116285595,T,C,0.0068, || id:ebi-a-GCST90001392,TRUE,reported,igd
214476260,1,3656,5.387,1.184,5.50503e-06,ebi-a-GCST90001392,rs116104104,T,C,4e-04, || id:ebi-a-GCST90001392,TRUE,reported,igd
99149370,1,3656,0.3487,0.07421,2.714e-06,ebi-a-GCST90001392,rs12036556,T,C,0.0265, || id:ebi-a-GCST90001392,TRUE,reported,igd
233503875,1,3656,-0.1382,0.02658,2.1e-07,ebi-a-GCST90001392,rs1294253,C,T,0.7254, || id:ebi-a-GCST90001392,TRUE,reported,igd
167027268,1,3656,1.249,0.2574,1.287e-06,ebi-a-GCST90001392,rs146959444,C,T,0.0023, || id:ebi-a-GCST90001392,TRUE,reported,igd
128428350,2,3656,-0.3262,0.07211,6.28507e-06,ebi-a-GCST90001392,rs113965271,C,G,0.0286, || id:ebi-a-GCST90001392,TRUE,reported,igd
16464227,2,3656,-0.1396,0.02714,2.85299e-07,ebi-a-GCST90001392,rs733555,T,G,0.2637, || id:ebi-a-GCST90001392,TRUE,reported,igd
155636739,2,3656,1.533,0.3206,1.80198e-06,ebi-a-GCST90001392,rs78188887,G,A,0.0014, || id:ebi-a-GCST90001392,TRUE,reported,igd
105587803,2,3656,-0.3568,0.06296,1.567e-08,ebi-a-GCST90001392,rs140380950,C,T,0.0368, || id:ebi-a-GCST90001392,TRUE,reported,igd
163801921,3,3656,0.6111,0.1307,3.02197e-06,ebi-a-GCST90001392,rs374727947,G,T,0.0098, || id:ebi-a-GCST90001392,TRUE,reported,igd
4437358,3,3656,-0.1116,0.02511,9.05899e-06,ebi-a-GCST90001392,rs794185,C,T,0.3362, || id:ebi-a-GCST90001392,TRUE,reported,igd
15915069,4,3656,-0.4579,0.08605,1.09099e-07,ebi-a-GCST90001392,rs76112278,A,G,0.0194, || id:ebi-a-GCST90001392,TRUE,reported,igd
38379833,4,3656,-0.2956,0.06254,2.36298e-06,ebi-a-GCST90001392,rs7667070,C,T,0.0361, || id:ebi-a-GCST90001392,TRUE,reported,igd
158276610,5,3656,-0.2576,0.04422,6.158e-09,ebi-a-GCST90001392,rs80330977,A,G,0.0814, || id:ebi-a-GCST90001392,TRUE,reported,igd
498773,5,3656,1.665,0.362,4.385e-06,ebi-a-GCST90001392,rs78658073,A,G,0.001, || id:ebi-a-GCST90001392,TRUE,reported,igd
18919526,5,3656,-0.1264,0.02828,8.14798e-06,ebi-a-GCST90001392,rs76660971,A,G,0.2299, || id:ebi-a-GCST90001392,TRUE,reported,igd
48791017,7,3656,-0.4238,0.09514,8.67401e-06,ebi-a-GCST90001392,rs117772462,A,T,0.0159, || id:ebi-a-GCST90001392,TRUE,reported,igd
187171,7,3656,-0.2229,0.04923,6.15106e-06,ebi-a-GCST90001392,rs10265656,G,A,0.9375, || id:ebi-a-GCST90001392,TRUE,reported,igd
12847391,7,3656,-0.4626,0.09576,1.41599e-06,ebi-a-GCST90001392,rs143397127,C,T,0.0157, || id:ebi-a-GCST90001392,TRUE,reported,igd
118255950,8,3656,-0.1256,0.02413,2.05698e-07,ebi-a-GCST90001392,rs1695681,A,C,0.5309, || id:ebi-a-GCST90001392,TRUE,reported,igd
102770464,8,3656,0.4146,0.08532,1.226e-06,ebi-a-GCST90001392,rs16868356,C,T,0.0198, || id:ebi-a-GCST90001392,TRUE,reported,igd
130617819,8,3656,-0.1279,0.02666,1.69001e-06,ebi-a-GCST90001392,rs2395904,G,T,0.2657, || id:ebi-a-GCST90001392,TRUE,reported,igd
63723909,10,3656,-0.1118,0.02511,8.81089e-06,ebi-a-GCST90001392,rs10821937,T,C,0.6458, || id:ebi-a-GCST90001392,TRUE,reported,igd
15328898,11,3656,0.1453,0.03068,2.24202e-06,ebi-a-GCST90001392,rs61878035,A,G,0.1886, || id:ebi-a-GCST90001392,TRUE,reported,igd
110228055,12,3656,0.3555,0.07815,5.55098e-06,ebi-a-GCST90001392,rs11068290,T,C,0.0231, || id:ebi-a-GCST90001392,TRUE,reported,igd
78790468,12,3656,1.518,0.3399,8.22602e-06,ebi-a-GCST90001392,rs118090735,G,T,0.0011, || id:ebi-a-GCST90001392,TRUE,reported,igd
81466662,14,3656,-0.1526,0.0323,2.399e-06,ebi-a-GCST90001392,rs11159480,T,G,0.8166, || id:ebi-a-GCST90001392,TRUE,reported,igd
56340896,15,3656,-0.2007,0.04408,5.45896e-06,ebi-a-GCST90001392,rs7169431,G,A,0.9219, || id:ebi-a-GCST90001392,TRUE,reported,igd
55450479,16,3656,0.2489,0.05423,4.56405e-06,ebi-a-GCST90001392,rs76608654,C,T,0.0494, || id:ebi-a-GCST90001392,TRUE,reported,igd
38038389,17,3656,-0.1364,0.02672,3.47496e-07,ebi-a-GCST90001392,rs12939565,T,A,0.4267, || id:ebi-a-GCST90001392,TRUE,reported,igd
