pos.exposure,pval.exposure,se.exposure,chr.exposure,samplesize.exposure,beta.exposure,id.exposure,SNP,effect_allele.exposure,other_allele.exposure,eaf.exposure,exposure,mr_keep.exposure,pval_origin.exposure,data_source.exposure
34421513,4.292e-06,0.05967,1,3660,-0.2747,ebi-a-GCST90001775,rs9425892,C,T,0.0458, || id:ebi-a-GCST90001775,TRUE,reported,igd
178116262,1.69899e-06,0.105,2,3660,0.5033,ebi-a-GCST90001775,rs72944931,G,A,0.0139, || id:ebi-a-GCST90001775,TRUE,reported,igd
15014620,2.36701e-06,0.04548,2,3660,-0.215,ebi-a-GCST90001775,rs2139146,T,C,0.0796, || id:ebi-a-GCST90001775,TRUE,reported,igd
173865326,5.39498e-06,0.1223,2,3660,-0.5571,ebi-a-GCST90001775,rs62175769,C,T,0.0093, || id:ebi-a-GCST90001775,TRUE,reported,igd
67743098,8.09692e-06,0.2426,2,3660,-1.084,ebi-a-GCST90001775,rs62157931,T,C,0.0027, || id:ebi-a-GCST90001775,TRUE,reported,igd
109505175,9.891e-06,0.03572,3,3660,0.1581,ebi-a-GCST90001775,rs1529188,G,C,0.1434, || id:ebi-a-GCST90001775,TRUE,reported,igd
174935606,8.45104e-06,0.1124,3,3660,-0.5011,ebi-a-GCST90001775,rs112043339,T,C,0.0138, || id:ebi-a-GCST90001775,TRUE,reported,igd
97611924,7.53304e-06,0.2073,5,3660,0.9294,ebi-a-GCST90001775,rs116525939,C,T,0.0036, || id:ebi-a-GCST90001775,TRUE,reported,igd
124530767,8.26799e-06,0.03828,5,3660,0.1709,ebi-a-GCST90001775,rs2119002,C,T,0.123, || id:ebi-a-GCST90001775,TRUE,reported,igd
151209997,4.495e-07,0.02536,6,3660,-0.1282,ebi-a-GCST90001775,rs4869953,G,A,0.6212, || id:ebi-a-GCST90001775,TRUE,reported,igd
144585977,8.01401e-06,0.08407,6,3660,-0.3759,ebi-a-GCST90001775,rs72997862,C,A,0.0224, || id:ebi-a-GCST90001775,TRUE,reported,igd
47871972,4.49801e-07,0.159,7,3660,-0.8039,ebi-a-GCST90001775,rs149662107,A,G,0.0061, || id:ebi-a-GCST90001775,TRUE,reported,igd
95886051,2.18902e-08,0.0295,9,3660,-0.1654,ebi-a-GCST90001775,rs3793662,T,C,0.776, || id:ebi-a-GCST90001775,TRUE,reported,igd
72118434,8.46896e-06,0.02863,9,3660,-0.1277,ebi-a-GCST90001775,rs7869376,C,T,0.2514, || id:ebi-a-GCST90001775,TRUE,reported,igd
6191376,6.11787e-12,0.06144,10,3660,0.4239,ebi-a-GCST90001775,rs147487472,A,C,0.0415, || id:ebi-a-GCST90001775,TRUE,reported,igd
6106621,1.6761e-32,0.04036,10,3660,0.4838,ebi-a-GCST90001775,rs41294937,C,T,0.1077, || id:ebi-a-GCST90001775,TRUE,reported,igd
31504316,2.91501e-06,0.02602,12,3660,-0.1219,ebi-a-GCST90001775,rs11051398,T,C,0.5325, || id:ebi-a-GCST90001775,TRUE,reported,igd
2130438,6.72295e-06,0.04021,12,3660,0.1813,ebi-a-GCST90001775,rs11615354,T,C,0.1056, || id:ebi-a-GCST90001775,TRUE,reported,igd
54938910,4.09902e-06,0.03796,13,3660,0.1751,ebi-a-GCST90001775,rs2248769,C,A,0.1247, || id:ebi-a-GCST90001775,TRUE,reported,igd
34506073,2.93603e-07,0.6767,13,3660,3.476,ebi-a-GCST90001775,rs112782756,G,A,3e-04, || id:ebi-a-GCST90001775,TRUE,reported,igd
24752225,4.78895e-06,0.02495,13,3660,0.1143,ebi-a-GCST90001775,rs11617559,C,T,0.5725, || id:ebi-a-GCST90001775,TRUE,reported,igd
46224092,8.03693e-07,0.391,13,3660,1.933,ebi-a-GCST90001775,rs557577736,G,A,0.001, || id:ebi-a-GCST90001775,TRUE,reported,igd
33466839,6.69006e-06,0.0276,15,3660,0.1245,ebi-a-GCST90001775,rs8028696,T,C,0.2829, || id:ebi-a-GCST90001775,TRUE,reported,igd
46798678,8.01401e-06,0.2674,16,3660,1.196,ebi-a-GCST90001775,rs117156856,A,C,0.0023, || id:ebi-a-GCST90001775,TRUE,reported,igd
34986043,3.79804e-06,0.09874,17,3660,-0.4571,ebi-a-GCST90001775,rs139491278,T,C,0.0153, || id:ebi-a-GCST90001775,TRUE,reported,igd
27750139,9.29694e-06,0.203,21,3660,0.9011,ebi-a-GCST90001775,rs17002085,A,C,0.0037, || id:ebi-a-GCST90001775,TRUE,reported,igd
