beta.exposure,samplesize.exposure,se.exposure,chr.exposure,pos.exposure,pval.exposure,id.exposure,SNP,effect_allele.exposure,other_allele.exposure,eaf.exposure,exposure,mr_keep.exposure,pval_origin.exposure,data_source.exposure
-0.3383,3060,0.07098,1,30362673,1.95799e-06,ebi-a-GCST90001849,rs145799392,T,C,0.0364, || id:ebi-a-GCST90001849,TRUE,reported,igd
-0.1872,3060,0.04102,1,165023848,5.21699e-06,ebi-a-GCST90001849,rs114102310,A,T,0.1237, || id:ebi-a-GCST90001849,TRUE,reported,igd
0.1242,3060,0.02722,1,165805459,5.26696e-06,ebi-a-GCST90001849,rs10753692,T,C,0.6085, || id:ebi-a-GCST90001849,TRUE,reported,igd
0.4384,3060,0.02585,1,167433420,1.01391e-61,ebi-a-GCST90001849,rs1723018,G,A,0.4556, || id:ebi-a-GCST90001849,TRUE,reported,igd
-0.2046,3060,0.03854,1,166485891,1.184e-07,ebi-a-GCST90001849,rs6684311,G,C,0.1417, || id:ebi-a-GCST90001849,TRUE,reported,igd
0.2538,3060,0.05551,2,240269751,5.00899e-06,ebi-a-GCST90001849,rs55952666,C,T,0.0623, || id:ebi-a-GCST90001849,TRUE,reported,igd
-0.2203,3060,0.04916,2,3601711,7.73606e-06,ebi-a-GCST90001849,rs10195369,A,G,0.0827, || id:ebi-a-GCST90001849,TRUE,reported,igd
0.1716,3060,0.03733,3,74263840,4.44703e-06,ebi-a-GCST90001849,rs6765892,T,C,0.1606, || id:ebi-a-GCST90001849,TRUE,reported,igd
0.1445,3060,0.03122,3,150288489,3.84698e-06,ebi-a-GCST90001849,rs13072593,G,A,0.2593, || id:ebi-a-GCST90001849,TRUE,reported,igd
0.1235,3060,0.02787,3,104667511,9.69304e-06,ebi-a-GCST90001849,rs10933796,A,G,0.5944, || id:ebi-a-GCST90001849,TRUE,reported,igd
0.1941,3060,0.03743,5,50161106,2.28402e-07,ebi-a-GCST90001849,rs27265,T,C,0.8469, || id:ebi-a-GCST90001849,TRUE,reported,igd
-0.1416,3060,0.03031,5,30950823,3.11301e-06,ebi-a-GCST90001849,rs13170201,C,T,0.7173, || id:ebi-a-GCST90001849,TRUE,reported,igd
-0.3544,3060,0.06988,5,88794820,4.16802e-07,ebi-a-GCST90001849,rs16867696,C,A,0.0373, || id:ebi-a-GCST90001849,TRUE,reported,igd
0.7877,3060,0.1751,7,25033008,7.09202e-06,ebi-a-GCST90001849,rs188731571,T,C,0.0057, || id:ebi-a-GCST90001849,TRUE,reported,igd
0.5455,3060,0.1222,8,17728096,8.35699e-06,ebi-a-GCST90001849,rs147209445,T,C,0.0124, || id:ebi-a-GCST90001849,TRUE,reported,igd
-0.2789,3060,0.05659,8,138415335,8.75407e-07,ebi-a-GCST90001849,rs75535842,A,C,0.0577, || id:ebi-a-GCST90001849,TRUE,reported,igd
0.1305,3060,0.02832,9,105794,4.23799e-06,ebi-a-GCST90001849,rs9408777,T,A,0.408, || id:ebi-a-GCST90001849,TRUE,reported,igd
0.3869,3060,0.06088,10,116394226,2.38402e-10,ebi-a-GCST90001849,rs59738549,G,C,0.0505, || id:ebi-a-GCST90001849,TRUE,reported,igd
0.1283,3060,0.02769,11,10372959,3.77798e-06,ebi-a-GCST90001849,rs11042750,T,C,0.6373, || id:ebi-a-GCST90001849,TRUE,reported,igd
-0.3015,3060,0.06557,11,124869047,4.43496e-06,ebi-a-GCST90001849,rs75771396,C,T,0.0435, || id:ebi-a-GCST90001849,TRUE,reported,igd
-1.73,3060,0.367,13,21343664,2.559e-06,ebi-a-GCST90001849,rs73167431,T,C,0.0016, || id:ebi-a-GCST90001849,TRUE,reported,igd
0.1293,3060,0.02802,16,27027966,4.11396e-06,ebi-a-GCST90001849,rs4787901,G,T,0.3993, || id:ebi-a-GCST90001849,TRUE,reported,igd
0.2699,3060,0.05969,16,89099756,6.34702e-06,ebi-a-GCST90001849,rs113710453,A,G,0.0531, || id:ebi-a-GCST90001849,TRUE,reported,igd
0.1435,3060,0.03065,16,10970476,2.979e-06,ebi-a-GCST90001849,rs12596540,G,A,0.2521, || id:ebi-a-GCST90001849,TRUE,reported,igd
0.1549,3060,0.03063,17,41439784,4.476e-07,ebi-a-GCST90001849,rs62079658,A,G,0.274, || id:ebi-a-GCST90001849,TRUE,reported,igd
0.2196,3060,0.04299,17,73735326,3.472e-07,ebi-a-GCST90001849,rs2010043,A,C,0.1075, || id:ebi-a-GCST90001849,TRUE,reported,igd
0.1752,3060,0.03551,19,55650687,8.49493e-07,ebi-a-GCST90001849,rs2742060,A,G,0.1693, || id:ebi-a-GCST90001849,TRUE,reported,igd
-0.1363,3060,0.02969,19,19793484,4.596e-06,ebi-a-GCST90001849,rs1529714,A,G,0.7069, || id:ebi-a-GCST90001849,TRUE,reported,igd
