beta.exposure,chr.exposure,pval.exposure,se.exposure,samplesize.exposure,pos.exposure,id.exposure,SNP,effect_allele.exposure,other_allele.exposure,eaf.exposure,exposure,mr_keep.exposure,pval_origin.exposure,data_source.exposure
0.2075,1,2.585e-07,0.04021,3669,82245693,ebi-a-GCST90001644,rs72941136,C,G,0.1047, || id:ebi-a-GCST90001644,TRUE,reported,igd
0.2019,1,1.51499e-06,0.04192,3669,95785786,ebi-a-GCST90001644,rs17113367,C,A,0.0984, || id:ebi-a-GCST90001644,TRUE,reported,igd
0.3174,1,4.46704e-06,0.06906,3669,235098109,ebi-a-GCST90001644,rs35911859,G,A,0.0331, || id:ebi-a-GCST90001644,TRUE,reported,igd
0.5216,1,2.97303e-06,0.1115,3669,18554670,ebi-a-GCST90001644,rs3738088,T,G,0.0114, || id:ebi-a-GCST90001644,TRUE,reported,igd
0.8405,2,4.82703e-06,0.1836,3669,25478461,ebi-a-GCST90001644,rs72810052,A,G,0.0044, || id:ebi-a-GCST90001644,TRUE,reported,igd
-0.1171,3,1.51499e-06,0.02431,3669,8845344,ebi-a-GCST90001644,rs2679580,G,A,0.5181, || id:ebi-a-GCST90001644,TRUE,reported,igd
-0.4522,3,9.94604e-06,0.1022,3669,8296294,ebi-a-GCST90001644,rs74535587,A,G,0.014, || id:ebi-a-GCST90001644,TRUE,reported,igd
0.1849,4,9.02506e-06,0.04159,3669,25699326,ebi-a-GCST90001644,rs13108273,C,T,0.0954, || id:ebi-a-GCST90001644,TRUE,reported,igd
0.3025,4,9.09704e-06,0.06807,3669,151386190,ebi-a-GCST90001644,rs112526427,T,G,0.0339, || id:ebi-a-GCST90001644,TRUE,reported,igd
-0.42,4,8.8959e-06,0.0944,3669,55012690,ebi-a-GCST90001644,rs34588768,T,C,0.017, || id:ebi-a-GCST90001644,TRUE,reported,igd
-0.4331,4,3.13798e-06,0.09277,3669,110029714,ebi-a-GCST90001644,rs191368650,T,G,0.0177, || id:ebi-a-GCST90001644,TRUE,reported,igd
0.5437,5,3.42799e-06,0.1169,3669,66793608,ebi-a-GCST90001644,rs115698234,G,A,0.0105, || id:ebi-a-GCST90001644,TRUE,reported,igd
-0.1301,6,9.46695e-07,0.02649,3669,11760807,ebi-a-GCST90001644,rs9368867,A,C,0.3104, || id:ebi-a-GCST90001644,TRUE,reported,igd
0.1705,7,1.859e-06,0.0357,3669,100536678,ebi-a-GCST90001644,rs150774187,A,G,0.1423, || id:ebi-a-GCST90001644,TRUE,reported,igd
0.1431,7,8.64192e-06,0.03213,3669,26591929,ebi-a-GCST90001644,rs1557987,G,A,0.8198, || id:ebi-a-GCST90001644,TRUE,reported,igd
-0.1413,8,3.44199e-07,0.02766,3669,130617819,ebi-a-GCST90001644,rs2395904,G,T,0.2655, || id:ebi-a-GCST90001644,TRUE,reported,igd
-0.4402,8,9.11801e-06,0.09906,3669,27753061,ebi-a-GCST90001644,rs6985401,G,A,0.0151, || id:ebi-a-GCST90001644,TRUE,reported,igd
-0.2127,8,2.103e-06,0.04478,3669,118635981,ebi-a-GCST90001644,rs77233730,T,C,0.0835, || id:ebi-a-GCST90001644,TRUE,reported,igd
0.4121,9,7.615e-07,0.08319,3669,118765180,ebi-a-GCST90001644,rs73520190,G,T,0.0233, || id:ebi-a-GCST90001644,TRUE,reported,igd
-0.1398,10,6.41106e-06,0.03093,3669,85432638,ebi-a-GCST90001644,rs1572133,A,G,0.1907, || id:ebi-a-GCST90001644,TRUE,reported,igd
0.1147,10,2.60898e-06,0.02437,3669,7177305,ebi-a-GCST90001644,rs4748742,T,C,0.494, || id:ebi-a-GCST90001644,TRUE,reported,igd
0.5353,11,1.11599e-06,0.1097,3669,14756839,ebi-a-GCST90001644,rs536579180,A,G,0.0121, || id:ebi-a-GCST90001644,TRUE,reported,igd
-1.044,11,7.51294e-08,0.1936,3669,116171120,ebi-a-GCST90001644,rs142089808,G,A,0.0038, || id:ebi-a-GCST90001644,TRUE,reported,igd
0.1453,11,6.67606e-06,0.03221,3669,32729647,ebi-a-GCST90001644,rs7483614,C,T,0.18, || id:ebi-a-GCST90001644,TRUE,reported,igd
0.1732,12,2.00101e-06,0.03637,3669,67638132,ebi-a-GCST90001644,rs58114937,G,A,0.1312, || id:ebi-a-GCST90001644,TRUE,reported,igd
-0.1288,13,1.692e-07,0.02457,3669,110384132,ebi-a-GCST90001644,rs7990182,G,T,0.4293, || id:ebi-a-GCST90001644,TRUE,reported,igd
0.2272,13,8.99498e-18,0.02633,3669,108993494,ebi-a-GCST90001644,rs12874404,G,A,0.319, || id:ebi-a-GCST90001644,TRUE,reported,igd
0.1297,13,7.21107e-06,0.02886,3669,108634581,ebi-a-GCST90001644,rs1408899,A,G,0.7602, || id:ebi-a-GCST90001644,TRUE,reported,igd
0.1266,13,4.18803e-07,0.02497,3669,109146439,ebi-a-GCST90001644,rs9520905,T,G,0.4302, || id:ebi-a-GCST90001644,TRUE,reported,igd
-0.1185,14,1.89601e-06,0.02483,3669,66304049,ebi-a-GCST90001644,rs11627066,T,C,0.4981, || id:ebi-a-GCST90001644,TRUE,reported,igd
-0.1493,17,7.62904e-10,0.02419,3669,2716327,ebi-a-GCST90001644,rs66777340,T,C,0.4842, || id:ebi-a-GCST90001644,TRUE,reported,igd
0.1346,17,2.03002e-07,0.02585,3669,38125346,ebi-a-GCST90001644,rs3894193,G,C,0.4667, || id:ebi-a-GCST90001644,TRUE,reported,igd
0.5227,18,4.70901e-06,0.114,3669,56897917,ebi-a-GCST90001644,rs144426024,T,C,0.0121, || id:ebi-a-GCST90001644,TRUE,reported,igd
0.1135,19,8.22792e-06,0.02541,3669,14873284,ebi-a-GCST90001644,rs55658072,G,A,0.6307, || id:ebi-a-GCST90001644,TRUE,reported,igd
-0.1173,20,3.69999e-06,0.0253,3669,9831513,ebi-a-GCST90001644,rs2223650,T,G,0.3532, || id:ebi-a-GCST90001644,TRUE,reported,igd
0.1356,22,1.041e-07,0.02545,3669,32991307,ebi-a-GCST90001644,rs5754162,A,T,0.3906, || id:ebi-a-GCST90001644,TRUE,reported,igd
