samplesize.exposure,beta.exposure,pval.exposure,se.exposure,chr.exposure,pos.exposure,id.exposure,SNP,effect_allele.exposure,other_allele.exposure,eaf.exposure,exposure,mr_keep.exposure,pval_origin.exposure,data_source.exposure
3629,0.7119,7.75693e-06,0.159,1,91084546,ebi-a-GCST90001587,rs111690368,T,C,0.0054, || id:ebi-a-GCST90001587,TRUE,reported,igd
3629,0.2168,5.66696e-09,0.03713,1,161561151,ebi-a-GCST90001587,rs74341264,A,G,0.1261, || id:ebi-a-GCST90001587,TRUE,reported,igd
3629,0.1155,3.684e-06,0.02492,1,161176137,ebi-a-GCST90001587,rs4656993,G,A,0.5178, || id:ebi-a-GCST90001587,TRUE,reported,igd
3629,0.1659,1.59401e-06,0.03451,1,208200737,ebi-a-GCST90001587,rs659192,G,C,0.1556, || id:ebi-a-GCST90001587,TRUE,reported,igd
3629,-0.5431,4.05976e-63,0.03176,1,161531340,ebi-a-GCST90001587,rs115383270,A,G,0.1714, || id:ebi-a-GCST90001587,TRUE,reported,igd
3629,-0.4106,9.56996e-06,0.09264,2,4795580,ebi-a-GCST90001587,rs150451378,A,C,0.0167, || id:ebi-a-GCST90001587,TRUE,reported,igd
3629,0.3715,8.67201e-06,0.0834,2,150006610,ebi-a-GCST90001587,rs115440084,T,C,0.0204, || id:ebi-a-GCST90001587,TRUE,reported,igd
3629,0.1127,3.971e-06,0.02439,2,182315630,ebi-a-GCST90001587,rs155144,A,G,0.5355, || id:ebi-a-GCST90001587,TRUE,reported,igd
3629,-0.1264,7.94493e-06,0.02825,3,188340672,ebi-a-GCST90001587,rs7613930,T,C,0.2454, || id:ebi-a-GCST90001587,TRUE,reported,igd
3629,-0.1513,6.05801e-06,0.03339,3,109439443,ebi-a-GCST90001587,rs12637779,G,A,0.1571, || id:ebi-a-GCST90001587,TRUE,reported,igd
3629,-0.1714,4.23604e-06,0.03722,5,37116496,ebi-a-GCST90001587,rs13183256,A,G,0.121, || id:ebi-a-GCST90001587,TRUE,reported,igd
3629,0.302,5.56404e-06,0.06638,5,1812272,ebi-a-GCST90001587,rs150125023,A,G,0.036, || id:ebi-a-GCST90001587,TRUE,reported,igd
3629,-0.6208,4.82803e-06,0.1356,5,26070685,ebi-a-GCST90001587,rs138743668,A,G,0.0076, || id:ebi-a-GCST90001587,TRUE,reported,igd
3629,-0.5341,3.53704e-06,0.115,7,103732660,ebi-a-GCST90001587,rs139379948,A,G,0.0116, || id:ebi-a-GCST90001587,TRUE,reported,igd
3629,-0.2421,2.678e-06,0.05148,10,17069964,ebi-a-GCST90001587,rs79562353,C,T,0.0592, || id:ebi-a-GCST90001587,TRUE,reported,igd
3629,0.2916,2.59e-06,0.06193,11,588659,ebi-a-GCST90001587,rs143356597,A,G,0.0404, || id:ebi-a-GCST90001587,TRUE,reported,igd
3629,0.1122,7.42797e-06,0.025,11,11658286,ebi-a-GCST90001587,rs10765883,T,C,0.3847, || id:ebi-a-GCST90001587,TRUE,reported,igd
3629,-1.095,6.96194e-06,0.2433,11,115147742,ebi-a-GCST90001587,rs144707945,C,G,0.0025, || id:ebi-a-GCST90001587,TRUE,reported,igd
3629,-0.1424,6.81506e-06,0.03159,12,130524797,ebi-a-GCST90001587,rs12582907,C,T,0.1779, || id:ebi-a-GCST90001587,TRUE,reported,igd
3629,-0.1632,5.21399e-08,0.02992,15,80260872,ebi-a-GCST90001587,rs67760360,A,G,0.2136, || id:ebi-a-GCST90001587,TRUE,reported,igd
3629,0.1482,2.072e-06,0.03118,16,85474706,ebi-a-GCST90001587,rs4783204,C,T,0.8207, || id:ebi-a-GCST90001587,TRUE,reported,igd
3629,-0.1248,1.64101e-06,0.026,16,8615778,ebi-a-GCST90001587,rs13330943,C,T,0.6667, || id:ebi-a-GCST90001587,TRUE,reported,igd
3629,0.1303,8.29698e-06,0.02919,18,77678240,ebi-a-GCST90001587,rs72982284,T,C,0.2138, || id:ebi-a-GCST90001587,TRUE,reported,igd
3629,0.3913,7.91006e-06,0.08745,20,50183940,ebi-a-GCST90001587,rs137976321,A,G,0.019, || id:ebi-a-GCST90001587,TRUE,reported,igd
