pval.exposure,beta.exposure,samplesize.exposure,chr.exposure,pos.exposure,se.exposure,id.exposure,SNP,effect_allele.exposure,other_allele.exposure,eaf.exposure,exposure,mr_keep.exposure,pval_origin.exposure,data_source.exposure
4.01504e-06,0.2087,3657,1,7337805,0.04521,ebi-a-GCST90001827,rs12745074,G,T,0.0805, || id:ebi-a-GCST90001827,TRUE,reported,igd
7.79202e-06,-0.1342,3657,2,180573329,0.02996,ebi-a-GCST90001827,rs62175190,T,C,0.2268, || id:ebi-a-GCST90001827,TRUE,reported,igd
6.32004e-06,0.2168,3657,4,1500753,0.04794,ebi-a-GCST90001827,rs11721614,C,T,0.0726, || id:ebi-a-GCST90001827,TRUE,reported,igd
7.60992e-06,-0.526,3657,5,141470423,0.1173,ebi-a-GCST90001827,rs149936983,A,G,0.0112, || id:ebi-a-GCST90001827,TRUE,reported,igd
8.31994e-06,-0.1407,3657,6,67018244,0.03152,ebi-a-GCST90001827,rs34312683,G,A,0.2011, || id:ebi-a-GCST90001827,TRUE,reported,igd
4.39602e-06,-0.3983,3657,6,19598450,0.08661,ebi-a-GCST90001827,rs74322648,A,G,0.0217, || id:ebi-a-GCST90001827,TRUE,reported,igd
1.302e-06,-0.3496,3657,6,29413972,0.07212,ebi-a-GCST90001827,rs79925536,C,T,0.0447, || id:ebi-a-GCST90001827,TRUE,reported,igd
5.886e-06,-0.1522,3657,6,78306504,0.03356,ebi-a-GCST90001827,rs9443423,T,G,0.1751, || id:ebi-a-GCST90001827,TRUE,reported,igd
3.94403e-07,-0.1287,3657,7,40011350,0.02533,ebi-a-GCST90001827,rs809558,T,C,0.6077, || id:ebi-a-GCST90001827,TRUE,reported,igd
7.07701e-06,-0.119,3657,8,26476721,0.02645,ebi-a-GCST90001827,rs403185,G,A,0.6392, || id:ebi-a-GCST90001827,TRUE,reported,igd
9.97907e-06,-0.112,3657,9,33148552,0.02531,ebi-a-GCST90001827,rs6476402,A,G,0.4445, || id:ebi-a-GCST90001827,TRUE,reported,igd
9.77192e-06,0.1201,3657,10,33794680,0.02712,ebi-a-GCST90001827,rs2601762,A,G,0.3194, || id:ebi-a-GCST90001827,TRUE,reported,igd
7.50205e-06,0.1524,3657,12,24400511,0.03398,ebi-a-GCST90001827,rs75459915,A,G,0.1669, || id:ebi-a-GCST90001827,TRUE,reported,igd
5.16095e-07,-0.4556,3657,13,50212885,0.09059,ebi-a-GCST90001827,rs73192651,T,C,0.0198, || id:ebi-a-GCST90001827,TRUE,reported,igd
1.20099e-07,0.3906,3657,14,106644507,0.07364,ebi-a-GCST90001827,rs28723652,A,C,0.0442, || id:ebi-a-GCST90001827,TRUE,reported,igd
5.06407e-81,-0.5948,3657,14,106306841,0.03043,ebi-a-GCST90001827,rs709589,T,C,0.4557, || id:ebi-a-GCST90001827,TRUE,reported,igd
8.36296e-08,-0.2418,3657,14,105277950,0.04504,ebi-a-GCST90001827,rs72715996,A,G,0.0863, || id:ebi-a-GCST90001827,TRUE,reported,igd
2.877e-06,0.1186,3657,15,63276177,0.02531,ebi-a-GCST90001827,rs737562,T,A,0.5655, || id:ebi-a-GCST90001827,TRUE,reported,igd
4.7076e-12,-0.1749,3657,15,40856521,0.02521,ebi-a-GCST90001827,rs28669075,T,C,0.4074, || id:ebi-a-GCST90001827,TRUE,reported,igd
2.65797e-07,-0.1296,3657,17,62015230,0.02514,ebi-a-GCST90001827,rs4968675,T,G,0.5781, || id:ebi-a-GCST90001827,TRUE,reported,igd
4.31301e-06,-0.4925,3657,18,67714307,0.107,ebi-a-GCST90001827,rs150521764,C,A,0.0135, || id:ebi-a-GCST90001827,TRUE,reported,igd
8.76496e-06,0.5063,3657,20,21561213,0.1137,ebi-a-GCST90001827,rs139534045,G,C,0.0127, || id:ebi-a-GCST90001827,TRUE,reported,igd
7.97903e-06,-0.1784,3657,21,21000598,0.0399,ebi-a-GCST90001827,rs68173597,A,G,0.1106, || id:ebi-a-GCST90001827,TRUE,reported,igd
