samplesize.exposure,pos.exposure,chr.exposure,se.exposure,pval.exposure,beta.exposure,id.exposure,SNP,effect_allele.exposure,other_allele.exposure,eaf.exposure,exposure,mr_keep.exposure,pval_origin.exposure,data_source.exposure
3395,198151688,1,0.2117,7.48704e-09,-1.226,ebi-a-GCST90001548,rs113435341,G,A,0.0032, || id:ebi-a-GCST90001548,TRUE,reported,igd
3395,221949923,2,0.2593,9.08699e-06,1.152,ebi-a-GCST90001548,rs78746216,A,T,0.0019, || id:ebi-a-GCST90001548,TRUE,reported,igd
3395,233371652,2,0.2333,2.776e-06,1.095,ebi-a-GCST90001548,rs138265071,C,A,0.0024, || id:ebi-a-GCST90001548,TRUE,reported,igd
3395,29218896,3,0.05835,4.22795e-07,-0.2957,ebi-a-GCST90001548,rs78389248,A,G,0.0421, || id:ebi-a-GCST90001548,TRUE,reported,igd
3395,152670506,3,0.04155,8.18408e-06,-0.1856,ebi-a-GCST90001548,rs116293582,C,T,0.0918, || id:ebi-a-GCST90001548,TRUE,reported,igd
3395,52037812,5,0.06085,1.84302e-06,-0.2907,ebi-a-GCST90001548,rs78805150,A,T,0.0378, || id:ebi-a-GCST90001548,TRUE,reported,igd
3395,171961688,5,0.02775,5.38704e-06,-0.1264,ebi-a-GCST90001548,rs7723922,T,C,0.2432, || id:ebi-a-GCST90001548,TRUE,reported,igd
3395,31411457,6,0.04561,6.80801e-07,-0.227,ebi-a-GCST90001548,rs80120480,A,C,0.0857, || id:ebi-a-GCST90001548,TRUE,reported,igd
3395,97286991,6,0.03035,3.15697e-06,0.1417,ebi-a-GCST90001548,rs57031530,T,C,0.1971, || id:ebi-a-GCST90001548,TRUE,reported,igd
3395,68448742,7,0.04639,7.45796e-06,0.2082,ebi-a-GCST90001548,rs59128750,A,C,0.0725, || id:ebi-a-GCST90001548,TRUE,reported,igd
3395,16682991,7,0.1099,6.19598e-06,0.4974,ebi-a-GCST90001548,rs142789041,G,A,0.0127, || id:ebi-a-GCST90001548,TRUE,reported,igd
3395,60906565,8,0.07686,2.74998e-06,0.361,ebi-a-GCST90001548,rs149060712,G,A,0.0259, || id:ebi-a-GCST90001548,TRUE,reported,igd
3395,27934690,9,0.03804,7.00003e-06,-0.1712,ebi-a-GCST90001548,rs13290078,A,G,0.1124, || id:ebi-a-GCST90001548,TRUE,reported,igd
3395,117424380,10,0.1138,5.44603e-06,-0.5185,ebi-a-GCST90001548,rs73377526,T,G,0.0102, || id:ebi-a-GCST90001548,TRUE,reported,igd
3395,69919703,11,0.04012,6.95793e-06,-0.1806,ebi-a-GCST90001548,rs71467473,A,G,0.0973, || id:ebi-a-GCST90001548,TRUE,reported,igd
3395,108304102,12,0.04873,5.73997e-06,0.2214,ebi-a-GCST90001548,rs4565951,T,C,0.0651, || id:ebi-a-GCST90001548,TRUE,reported,igd
3395,90021753,13,0.06439,6.74295e-06,0.2903,ebi-a-GCST90001548,rs118038203,T,C,0.0361, || id:ebi-a-GCST90001548,TRUE,reported,igd
3395,12222651,16,0.04148,2.848e-06,-0.1945,ebi-a-GCST90001548,rs12149562,C,T,0.09, || id:ebi-a-GCST90001548,TRUE,reported,igd
3395,4623421,16,0.05027,2.467e-07,-0.2599,ebi-a-GCST90001548,rs78160658,T,C,0.0586, || id:ebi-a-GCST90001548,TRUE,reported,igd
3395,53154832,16,0.02366,5.719e-07,-0.1186,ebi-a-GCST90001548,rs62047982,T,C,0.4717, || id:ebi-a-GCST90001548,TRUE,reported,igd
3395,7398995,16,0.04192,1.109e-06,-0.2046,ebi-a-GCST90001548,rs9924010,A,G,0.0851, || id:ebi-a-GCST90001548,TRUE,reported,igd
3395,31444517,17,0.05473,6.89303e-06,0.2465,ebi-a-GCST90001548,rs117534688,T,C,0.0482, || id:ebi-a-GCST90001548,TRUE,reported,igd
3395,70743564,17,0.02469,8.01309e-06,0.1104,ebi-a-GCST90001548,rs8079667,C,T,0.6321, || id:ebi-a-GCST90001548,TRUE,reported,igd
3395,41476397,17,0.05102,9.82404e-06,0.2259,ebi-a-GCST90001548,rs3179285,T,G,0.0601, || id:ebi-a-GCST90001548,TRUE,reported,igd
3395,4603336,18,0.06835,5.24397e-06,0.3118,ebi-a-GCST90001548,rs143819377,G,A,0.0323, || id:ebi-a-GCST90001548,TRUE,reported,igd
3395,44531878,20,0.02485,2.68999e-06,-0.1168,ebi-a-GCST90001548,rs6073949,A,G,0.6521, || id:ebi-a-GCST90001548,TRUE,reported,igd
3395,45749966,22,0.05861,1.196e-06,0.2852,ebi-a-GCST90001548,rs61735519,C,G,0.0415, || id:ebi-a-GCST90001548,TRUE,reported,igd
