beta.exposure,pval.exposure,pos.exposure,chr.exposure,se.exposure,samplesize.exposure,id.exposure,SNP,effect_allele.exposure,other_allele.exposure,eaf.exposure,exposure,mr_keep.exposure,pval_origin.exposure,data_source.exposure
-0.1221,1.66702e-06,157006976,1,0.02545,3656,ebi-a-GCST90001800,rs866069,C,T,0.5691, || id:ebi-a-GCST90001800,TRUE,reported,igd
-0.2279,1.422e-07,234426306,1,0.04322,3656,ebi-a-GCST90001800,rs481818,C,T,0.9108, || id:ebi-a-GCST90001800,TRUE,reported,igd
-0.1191,2.00101e-06,111748488,1,0.02501,3656,ebi-a-GCST90001800,rs2783440,G,A,0.474, || id:ebi-a-GCST90001800,TRUE,reported,igd
-2.154,7.05407e-06,111411515,2,0.4787,3656,ebi-a-GCST90001800,rs76385721,A,G,5e-04, || id:ebi-a-GCST90001800,TRUE,reported,igd
0.2435,1.18201e-09,32302456,3,0.03994,3656,ebi-a-GCST90001800,rs7621492,A,G,0.1136, || id:ebi-a-GCST90001800,TRUE,reported,igd
0.2378,1.646e-06,36350049,3,0.04954,3656,ebi-a-GCST90001800,rs116551266,T,C,0.0718, || id:ebi-a-GCST90001800,TRUE,reported,igd
-0.2068,8.14892e-06,409221,3,0.04629,3656,ebi-a-GCST90001800,rs12637802,G,C,0.0803, || id:ebi-a-GCST90001800,TRUE,reported,igd
0.4946,5.54243e-13,32945761,3,0.06834,3656,ebi-a-GCST90001800,rs75918255,A,G,0.035, || id:ebi-a-GCST90001800,TRUE,reported,igd
0.7463,2.34585e-43,32533246,3,0.05335,3656,ebi-a-GCST90001800,rs35574803,C,T,0.0561, || id:ebi-a-GCST90001800,TRUE,reported,igd
0.5735,5.04429e-11,31134534,3,0.08703,3656,ebi-a-GCST90001800,rs76929865,C,A,0.0223, || id:ebi-a-GCST90001800,TRUE,reported,igd
0.8455,7.99797e-06,100692569,4,0.1891,3656,ebi-a-GCST90001800,rs111825302,A,G,0.0048, || id:ebi-a-GCST90001800,TRUE,reported,igd
0.1518,5.64599e-06,56539558,4,0.03339,3656,ebi-a-GCST90001800,rs73236188,T,C,0.1718, || id:ebi-a-GCST90001800,TRUE,reported,igd
-1.24,2.15001e-06,38617277,5,0.2613,3656,ebi-a-GCST90001800,rs6881246,A,G,0.0022, || id:ebi-a-GCST90001800,TRUE,reported,igd
0.2,9.53608e-06,1056091,6,0.04512,3656,ebi-a-GCST90001800,rs73716743,T,C,0.0827, || id:ebi-a-GCST90001800,TRUE,reported,igd
-0.1142,5.97599e-06,22371990,6,0.02518,3656,ebi-a-GCST90001800,rs1100578,C,G,0.5622, || id:ebi-a-GCST90001800,TRUE,reported,igd
0.1915,1.14201e-06,70704068,7,0.03929,3656,ebi-a-GCST90001800,rs11769145,C,T,0.1175, || id:ebi-a-GCST90001800,TRUE,reported,igd
0.2187,3.33803e-06,124577287,8,0.04697,3656,ebi-a-GCST90001800,rs12541523,A,G,0.9264, || id:ebi-a-GCST90001800,TRUE,reported,igd
0.1155,5.29798e-06,128856644,10,0.02532,3656,ebi-a-GCST90001800,rs951067,C,T,0.5811, || id:ebi-a-GCST90001800,TRUE,reported,igd
0.1222,3.43503e-06,19105332,11,0.02627,3656,ebi-a-GCST90001800,rs10833056,C,T,0.3526, || id:ebi-a-GCST90001800,TRUE,reported,igd
0.186,9.65606e-07,6605299,12,0.0379,3656,ebi-a-GCST90001800,rs147714617,T,C,0.1224, || id:ebi-a-GCST90001800,TRUE,reported,igd
0.5135,2.83302e-06,109368119,12,0.1095,3656,ebi-a-GCST90001800,rs143553941,C,G,0.013, || id:ebi-a-GCST90001800,TRUE,reported,igd
-0.1925,1.14599e-08,6554628,12,0.03366,3656,ebi-a-GCST90001800,rs25680,A,G,0.167, || id:ebi-a-GCST90001800,TRUE,reported,igd
-0.1702,8.19294e-08,106306841,14,0.03166,3656,ebi-a-GCST90001800,rs709589,T,C,0.4557, || id:ebi-a-GCST90001800,TRUE,reported,igd
-0.1941,6.38499e-06,59131195,16,0.04294,3656,ebi-a-GCST90001800,rs150399795,T,C,0.0949, || id:ebi-a-GCST90001800,TRUE,reported,igd
0.4361,4.91496e-06,53317228,17,0.09532,3656,ebi-a-GCST90001800,rs75005829,T,A,0.0174, || id:ebi-a-GCST90001800,TRUE,reported,igd
-0.4972,2.97989e-83,44746982,20,0.02506,3656,ebi-a-GCST90001800,rs1883832,C,T,0.6317, || id:ebi-a-GCST90001800,TRUE,reported,igd
-0.1534,6.37001e-07,44949039,20,0.03074,3656,ebi-a-GCST90001800,rs12625834,A,G,0.2131, || id:ebi-a-GCST90001800,TRUE,reported,igd
0.486,1.51199e-06,57966338,20,0.1009,3656,ebi-a-GCST90001800,rs145656540,T,G,0.0152, || id:ebi-a-GCST90001800,TRUE,reported,igd
0.1121,9.38491e-06,48248326,20,0.02526,3656,ebi-a-GCST90001800,rs235031,C,T,0.5449, || id:ebi-a-GCST90001800,TRUE,reported,igd
0.1911,5.26999e-08,44511627,20,0.03505,3656,ebi-a-GCST90001800,rs11086984,T,C,0.1513, || id:ebi-a-GCST90001800,TRUE,reported,igd
-0.131,2.516e-07,46785499,20,0.02535,3656,ebi-a-GCST90001800,rs162076,A,G,0.555, || id:ebi-a-GCST90001800,TRUE,reported,igd
0.1109,9.57304e-06,21448500,22,0.02501,3656,ebi-a-GCST90001800,rs8139510,A,G,0.4423, || id:ebi-a-GCST90001800,TRUE,reported,igd
