chr.exposure,beta.exposure,pval.exposure,se.exposure,samplesize.exposure,pos.exposure,id.exposure,SNP,effect_allele.exposure,other_allele.exposure,eaf.exposure,exposure,mr_keep.exposure,pval_origin.exposure,data_source.exposure
1,0.1457,7.07001e-06,0.03238,2920,57351172,ebi-a-GCST90001888,rs114072022,T,C,0.2295, || id:ebi-a-GCST90001888,TRUE,reported,igd
2,0.6375,6.79e-06,0.1414,2920,3592725,ebi-a-GCST90001888,rs141663136,G,A,0.0094, || id:ebi-a-GCST90001888,TRUE,reported,igd
2,-1.204,3.24997e-06,0.2583,2920,217086534,ebi-a-GCST90001888,rs115086130,A,G,0.0026, || id:ebi-a-GCST90001888,TRUE,reported,igd
2,-0.333,1.385e-07,0.06307,2920,163595996,ebi-a-GCST90001888,rs114508332,T,C,0.0493, || id:ebi-a-GCST90001888,TRUE,reported,igd
2,0.2335,1.52616e-17,0.02722,2920,204586076,ebi-a-GCST90001888,rs3116488,C,G,0.5635, || id:ebi-a-GCST90001888,TRUE,reported,igd
2,-2.01,7.76694e-06,0.4487,2920,92074020,ebi-a-GCST90001888,rs115168681,T,A,0.0014, || id:ebi-a-GCST90001888,TRUE,reported,igd
2,-0.12,8.28095e-06,0.02687,2920,181320278,ebi-a-GCST90001888,rs10205835,A,G,0.5253, || id:ebi-a-GCST90001888,TRUE,reported,igd
3,0.5215,1.05499e-06,0.1066,2920,78828398,ebi-a-GCST90001888,rs142863502,G,T,0.0166, || id:ebi-a-GCST90001888,TRUE,reported,igd
4,0.4503,9.57789e-06,0.1015,2920,47665870,ebi-a-GCST90001888,rs17462867,C,T,0.0171, || id:ebi-a-GCST90001888,TRUE,reported,igd
6,0.1322,3.48602e-06,0.02844,2920,51264082,ebi-a-GCST90001888,rs2504703,G,A,0.6688, || id:ebi-a-GCST90001888,TRUE,reported,igd
10,0.4215,8.8308e-11,0.06475,2920,95633120,ebi-a-GCST90001888,rs12778618,C,T,0.0457, || id:ebi-a-GCST90001888,TRUE,reported,igd
10,0.2671,4.46601e-07,0.05279,2920,95281076,ebi-a-GCST90001888,rs112358299,A,G,0.0685, || id:ebi-a-GCST90001888,TRUE,reported,igd
10,0.5498,8.59093e-08,0.1024,2920,96773382,ebi-a-GCST90001888,rs117458836,A,G,0.0187, || id:ebi-a-GCST90001888,TRUE,reported,igd
10,0.4156,9.55873e-57,0.02562,2920,97601703,ebi-a-GCST90001888,rs10748649,C,A,0.4733, || id:ebi-a-GCST90001888,TRUE,reported,igd
10,-0.136,5.79802e-07,0.02715,2920,97741071,ebi-a-GCST90001888,rs10882701,C,A,0.5156, || id:ebi-a-GCST90001888,TRUE,reported,igd
12,-0.1302,1.59901e-06,0.02708,2920,15096323,ebi-a-GCST90001888,rs80340485,G,T,0.4348, || id:ebi-a-GCST90001888,TRUE,reported,igd
12,-0.1551,5.77404e-06,0.03414,2920,15687096,ebi-a-GCST90001888,rs7301227,A,G,0.8175, || id:ebi-a-GCST90001888,TRUE,reported,igd
13,0.1444,1.65901e-06,0.03008,2920,74651013,ebi-a-GCST90001888,rs9530273,C,T,0.7267, || id:ebi-a-GCST90001888,TRUE,reported,igd
15,0.9871,6.65503e-06,0.2187,2920,75137252,ebi-a-GCST90001888,rs11017,T,C,0.0036, || id:ebi-a-GCST90001888,TRUE,reported,igd
15,0.1201,9.29009e-06,0.02705,2920,91428197,ebi-a-GCST90001888,rs2071382,C,T,0.545, || id:ebi-a-GCST90001888,TRUE,reported,igd
16,-0.2668,2.03601e-06,0.05606,2920,89300425,ebi-a-GCST90001888,rs61754918,T,C,0.0622, || id:ebi-a-GCST90001888,TRUE,reported,igd
18,-0.1989,3.11997e-06,0.04257,2920,11480019,ebi-a-GCST90001888,rs72873666,G,T,0.1127, || id:ebi-a-GCST90001888,TRUE,reported,igd
19,0.1555,5.77298e-06,0.03423,2920,51363661,ebi-a-GCST90001888,rs6998,A,G,0.1817, || id:ebi-a-GCST90001888,TRUE,reported,igd
19,0.167,8.37799e-06,0.03742,2920,1907674,ebi-a-GCST90001888,rs71337061,C,T,0.1572, || id:ebi-a-GCST90001888,TRUE,reported,igd
