pos.exposure,se.exposure,chr.exposure,beta.exposure,pval.exposure,samplesize.exposure,id.exposure,SNP,effect_allele.exposure,other_allele.exposure,eaf.exposure,exposure,mr_keep.exposure,pval_origin.exposure,data_source.exposure
221000197,33.11,1,187,1.74401e-08,3408,ebi-a-GCST90001695,rs76732756,A,G,0.0016, || id:ebi-a-GCST90001695,TRUE,reported,igd
166905650,37.24,1,263.3,1.89496e-12,3408,ebi-a-GCST90001695,rs78656354,A,G,0.0013, || id:ebi-a-GCST90001695,TRUE,reported,igd
102745011,23.48,1,147.3,3.92898e-10,3408,ebi-a-GCST90001695,rs76595423,G,T,0.0035, || id:ebi-a-GCST90001695,TRUE,reported,igd
18635367,56.2,1,328.7,5.39896e-09,3408,ebi-a-GCST90001695,rs182784388,T,G,6e-04, || id:ebi-a-GCST90001695,TRUE,reported,igd
21025910,19.64,1,123.8,3.21403e-10,3408,ebi-a-GCST90001695,rs111978771,C,T,0.0043, || id:ebi-a-GCST90001695,TRUE,reported,igd
247712613,30.94,1,166.5,7.95793e-08,3408,ebi-a-GCST90001695,rs76119911,G,A,0.0018, || id:ebi-a-GCST90001695,TRUE,reported,igd
178035728,51.64,1,358.6,4.53733e-12,3408,ebi-a-GCST90001695,rs148620542,T,A,6e-04, || id:ebi-a-GCST90001695,TRUE,reported,igd
215060336,33.79,1,160.1,2.25102e-06,3408,ebi-a-GCST90001695,rs78134440,C,A,0.0015, || id:ebi-a-GCST90001695,TRUE,reported,igd
42381260,18.01,1,84.4,2.87998e-06,3408,ebi-a-GCST90001695,rs142707561,A,G,0.0059, || id:ebi-a-GCST90001695,TRUE,reported,igd
24640467,100.5,1,760.9,4.67951e-14,3408,ebi-a-GCST90001695,rs140963286,T,C,1e-04, || id:ebi-a-GCST90001695,TRUE,reported,igd
54853809,28.74,1,128.6,7.86593e-06,3408,ebi-a-GCST90001695,rs74827547,G,T,0.0021, || id:ebi-a-GCST90001695,TRUE,reported,igd
229822729,39.33,1,180.6,4.54004e-06,3408,ebi-a-GCST90001695,rs140677128,T,C,0.0012, || id:ebi-a-GCST90001695,TRUE,reported,igd
65133062,100.6,1,725.9,6.75772e-13,3408,ebi-a-GCST90001695,rs144571871,G,A,1e-04, || id:ebi-a-GCST90001695,TRUE,reported,igd
80897562,106,1,644.1,1.37401e-09,3408,ebi-a-GCST90001695,rs61772921,C,T,1e-04, || id:ebi-a-GCST90001695,TRUE,reported,igd
116035874,39.25,1,174.6,8.92606e-06,3408,ebi-a-GCST90001695,rs145224093,G,A,0.0012, || id:ebi-a-GCST90001695,TRUE,reported,igd
121273212,52.5,1,284.3,6.55707e-08,3408,ebi-a-GCST90001695,rs117708200,G,A,9e-04, || id:ebi-a-GCST90001695,TRUE,reported,igd
74493410,46.9,1,210.9,7.171e-06,3408,ebi-a-GCST90001695,rs74637079,T,C,0.001, || id:ebi-a-GCST90001695,TRUE,reported,igd
110677725,12.79,1,58.1,5.73905e-06,3408,ebi-a-GCST90001695,rs149981836,G,A,0.011, || id:ebi-a-GCST90001695,TRUE,reported,igd
34724192,91.57,1,721.2,4.49573e-15,3408,ebi-a-GCST90001695,rs55881385,T,G,1e-04, || id:ebi-a-GCST90001695,TRUE,reported,igd
41963906,77.39,1,378,1.085e-06,3408,ebi-a-GCST90001695,rs139889394,C,T,3e-04, || id:ebi-a-GCST90001695,TRUE,reported,igd
56588047,26.15,1,127.9,1.041e-06,3408,ebi-a-GCST90001695,rs115486816,A,G,0.0023, || id:ebi-a-GCST90001695,TRUE,reported,igd
28458334,16.06,1,75.56,2.63202e-06,3408,ebi-a-GCST90001695,rs113759128,T,C,0.0065, || id:ebi-a-GCST90001695,TRUE,reported,igd
17431300,37.71,1,172.5,4.90897e-06,3408,ebi-a-GCST90001695,rs12062472,T,C,0.0012, || id:ebi-a-GCST90001695,TRUE,reported,igd
21892266,29.35,1,176.7,1.91902e-09,3408,ebi-a-GCST90001695,rs114507999,A,G,0.0022, || id:ebi-a-GCST90001695,TRUE,reported,igd
83046200,58.46,1,530.8,1.80593e-19,3408,ebi-a-GCST90001695,rs150650566,C,A,4e-04, || id:ebi-a-GCST90001695,TRUE,reported,igd
108257502,8.027,1,38.01,2.27101e-06,3408,ebi-a-GCST90001695,rs150416566,T,C,0.0283, || id:ebi-a-GCST90001695,TRUE,reported,igd
158881422,285.4,1,1852,9.83332e-11,3408,ebi-a-GCST90001695,rs35535633,T,A,NA, || id:ebi-a-GCST90001695,TRUE,reported,igd
161526187,19.7,1,111,1.88899e-08,3408,ebi-a-GCST90001695,rs138010330,T,C,0.0048, || id:ebi-a-GCST90001695,TRUE,reported,igd
64420637,57.74,1,259.1,7.43498e-06,3408,ebi-a-GCST90001695,rs138480948,C,A,6e-04, || id:ebi-a-GCST90001695,TRUE,reported,igd
14539144,18.79,1,88.02,2.90898e-06,3408,ebi-a-GCST90001695,rs141289216,T,A,0.0051, || id:ebi-a-GCST90001695,TRUE,reported,igd
79094990,58.31,1,463.8,2.45697e-15,3408,ebi-a-GCST90001695,rs138829583,A,G,4e-04, || id:ebi-a-GCST90001695,TRUE,reported,igd
213124992,55.58,1,307.6,3.35097e-08,3408,ebi-a-GCST90001695,rs149124296,C,G,6e-04, || id:ebi-a-GCST90001695,TRUE,reported,igd
154796811,22.64,1,114.9,4.11898e-07,3408,ebi-a-GCST90001695,rs75097808,G,T,0.0034, || id:ebi-a-GCST90001695,TRUE,reported,igd
96560455,71.9,1,342.5,1.98098e-06,3408,ebi-a-GCST90001695,rs149737122,T,G,3e-04, || id:ebi-a-GCST90001695,TRUE,reported,igd
98055569,37.24,1,167.9,6.73597e-06,3408,ebi-a-GCST90001695,rs139859886,G,C,0.0012, || id:ebi-a-GCST90001695,TRUE,reported,igd
103246274,76.55,1,344,7.20792e-06,3408,ebi-a-GCST90001695,rs183203096,C,G,3e-04, || id:ebi-a-GCST90001695,TRUE,reported,igd
1184085,170.5,1,995.8,5.70506e-09,3408,ebi-a-GCST90001695,rs151321252,A,G,NA, || id:ebi-a-GCST90001695,TRUE,reported,igd
235943573,17.31,1,80.28,3.66699e-06,3408,ebi-a-GCST90001695,rs79656514,A,G,0.006, || id:ebi-a-GCST90001695,TRUE,reported,igd
80415786,26.88,2,185.1,6.76083e-12,3408,ebi-a-GCST90001695,rs72815709,C,T,0.0022, || id:ebi-a-GCST90001695,TRUE,reported,igd
12784208,29.95,2,148.4,7.53998e-07,3408,ebi-a-GCST90001695,rs150146567,A,T,0.0019, || id:ebi-a-GCST90001695,TRUE,reported,igd
200181613,72.98,2,485.7,3.28927e-11,3408,ebi-a-GCST90001695,rs72929459,T,C,3e-04, || id:ebi-a-GCST90001695,TRUE,reported,igd
6119988,8.481,2,40.96,1.42801e-06,3408,ebi-a-GCST90001695,rs80139012,A,G,0.0257, || id:ebi-a-GCST90001695,TRUE,reported,igd
9441279,98.43,2,791.9,1.17409e-15,3408,ebi-a-GCST90001695,rs138799468,T,C,1e-04, || id:ebi-a-GCST90001695,TRUE,reported,igd
238422350,76.59,2,444.1,7.31493e-09,3408,ebi-a-GCST90001695,rs112839187,A,G,3e-04, || id:ebi-a-GCST90001695,TRUE,reported,igd
174896997,36.73,2,213,7.23003e-09,3408,ebi-a-GCST90001695,rs115954619,A,G,0.0015, || id:ebi-a-GCST90001695,TRUE,reported,igd
191319109,163.9,2,979.6,2.51501e-09,3408,ebi-a-GCST90001695,rs114763811,A,C,1e-04, || id:ebi-a-GCST90001695,TRUE,reported,igd
142744587,39.04,2,187.5,1.63399e-06,3408,ebi-a-GCST90001695,rs79932972,A,C,0.0012, || id:ebi-a-GCST90001695,TRUE,reported,igd
145836600,74.81,2,429,1.06001e-08,3408,ebi-a-GCST90001695,rs144711723,T,C,3e-04, || id:ebi-a-GCST90001695,TRUE,reported,igd
147044386,36.98,2,183.6,7.19101e-07,3408,ebi-a-GCST90001695,rs185697137,C,T,0.0012, || id:ebi-a-GCST90001695,TRUE,reported,igd
229222112,61.74,2,405.6,5.83579e-11,3408,ebi-a-GCST90001695,rs74932477,A,G,4e-04, || id:ebi-a-GCST90001695,TRUE,reported,igd
106552757,71.33,2,521.2,3.4033e-13,3408,ebi-a-GCST90001695,rs151288286,A,T,4e-04, || id:ebi-a-GCST90001695,TRUE,reported,igd
38887964,2.814,2,20.08,1.17788e-12,3408,ebi-a-GCST90001695,rs58905133,G,A,0.3526, || id:ebi-a-GCST90001695,TRUE,reported,igd
40489896,56.22,2,270.7,1.53501e-06,3408,ebi-a-GCST90001695,rs147427289,A,G,7e-04, || id:ebi-a-GCST90001695,TRUE,reported,igd
155487782,36.66,2,174.2,2.10698e-06,3408,ebi-a-GCST90001695,rs148026776,A,C,0.0012, || id:ebi-a-GCST90001695,TRUE,reported,igd
54396879,6.871,2,35.09,3.46003e-07,3408,ebi-a-GCST90001695,rs11899522,T,C,0.0398, || id:ebi-a-GCST90001695,TRUE,reported,igd
146534594,45.06,2,259.1,9.69706e-09,3408,ebi-a-GCST90001695,rs138962348,C,T,7e-04, || id:ebi-a-GCST90001695,TRUE,reported,igd
29596767,5.37,2,24.07,7.61202e-06,3408,ebi-a-GCST90001695,rs17008005,C,G,0.0646, || id:ebi-a-GCST90001695,TRUE,reported,igd
144815972,36.88,2,164.6,8.38398e-06,3408,ebi-a-GCST90001695,rs147205787,T,C,0.0012, || id:ebi-a-GCST90001695,TRUE,reported,igd
144233823,46.74,2,283,1.554e-09,3408,ebi-a-GCST90001695,rs75828981,A,G,7e-04, || id:ebi-a-GCST90001695,TRUE,reported,igd
154028459,30.44,2,147.8,1.258e-06,3408,ebi-a-GCST90001695,rs77721642,G,A,0.0023, || id:ebi-a-GCST90001695,TRUE,reported,igd
228411157,67.08,2,641.1,2.23821e-21,3408,ebi-a-GCST90001695,rs137978465,A,G,4e-04, || id:ebi-a-GCST90001695,TRUE,reported,igd
127831527,24.44,2,115.7,2.319e-06,3408,ebi-a-GCST90001695,rs112785730,A,G,0.0026, || id:ebi-a-GCST90001695,TRUE,reported,igd
10422752,47.11,2,227.1,1.5e-06,3408,ebi-a-GCST90001695,rs192932211,G,A,7e-04, || id:ebi-a-GCST90001695,TRUE,reported,igd
176542288,34.49,2,189.7,4.08602e-08,3408,ebi-a-GCST90001695,rs12464465,A,G,0.0015, || id:ebi-a-GCST90001695,TRUE,reported,igd
237100311,21.6,2,102.4,2.20999e-06,3408,ebi-a-GCST90001695,rs77843545,T,C,0.0035, || id:ebi-a-GCST90001695,TRUE,reported,igd
211172214,59.3,2,306.9,2.41602e-07,3408,ebi-a-GCST90001695,rs72996438,C,T,4e-04, || id:ebi-a-GCST90001695,TRUE,reported,igd
99971319,62.95,3,282.4,7.47705e-06,3408,ebi-a-GCST90001695,rs184901419,A,C,4e-04, || id:ebi-a-GCST90001695,TRUE,reported,igd
126486072,70.62,3,349.4,7.86593e-07,3408,ebi-a-GCST90001695,rs115445664,G,A,3e-04, || id:ebi-a-GCST90001695,TRUE,reported,igd
3816462,15.71,3,70.05,8.56308e-06,3408,ebi-a-GCST90001695,rs79397670,T,C,0.0072, || id:ebi-a-GCST90001695,TRUE,reported,igd
59179373,21.81,3,116.5,9.78408e-08,3408,ebi-a-GCST90001695,rs148242949,T,C,0.004, || id:ebi-a-GCST90001695,TRUE,reported,igd
77069014,47.12,3,248.4,1.44301e-07,3408,ebi-a-GCST90001695,rs116779558,G,T,7e-04, || id:ebi-a-GCST90001695,TRUE,reported,igd
70804684,36.43,3,179.1,9.26403e-07,3408,ebi-a-GCST90001695,rs140517857,A,G,0.0016, || id:ebi-a-GCST90001695,TRUE,reported,igd
15790899,84.21,3,556.4,4.5144e-11,3408,ebi-a-GCST90001695,rs141023610,A,G,4e-04, || id:ebi-a-GCST90001695,TRUE,reported,igd
39505173,42.01,3,239.7,1.26101e-08,3408,ebi-a-GCST90001695,rs79489889,A,G,0.001, || id:ebi-a-GCST90001695,TRUE,reported,igd
192050467,41.21,3,208,4.69797e-07,3408,ebi-a-GCST90001695,rs77577578,A,C,9e-04, || id:ebi-a-GCST90001695,TRUE,reported,igd
29402908,26.69,3,159.7,2.41902e-09,3408,ebi-a-GCST90001695,rs11716645,G,A,0.0025, || id:ebi-a-GCST90001695,TRUE,reported,igd
141081402,62.95,3,278.7,9.84102e-06,3408,ebi-a-GCST90001695,rs112545773,A,G,4e-04, || id:ebi-a-GCST90001695,TRUE,reported,igd
42897614,13.51,3,60.86,6.89398e-06,3408,ebi-a-GCST90001695,rs142115354,T,C,0.0089, || id:ebi-a-GCST90001695,TRUE,reported,igd
153311399,100.1,3,751.4,7.82168e-14,3408,ebi-a-GCST90001695,rs148658406,T,C,1e-04, || id:ebi-a-GCST90001695,TRUE,reported,igd
110093567,13.84,3,61.26,9.909e-06,3408,ebi-a-GCST90001695,rs115945428,A,G,0.0092, || id:ebi-a-GCST90001695,TRUE,reported,igd
10035985,98.17,3,550.9,2.171e-08,3408,ebi-a-GCST90001695,rs139772031,G,T,1e-04, || id:ebi-a-GCST90001695,TRUE,reported,igd
141999791,38.41,3,184.5,1.62002e-06,3408,ebi-a-GCST90001695,rs35268412,C,T,0.0013, || id:ebi-a-GCST90001695,TRUE,reported,igd
152385976,100.6,3,760.5,5.25291e-14,3408,ebi-a-GCST90001695,rs16864501,A,G,1e-04, || id:ebi-a-GCST90001695,TRUE,reported,igd
194347376,45.23,3,281.9,5.10305e-10,3408,ebi-a-GCST90001695,rs115879183,G,A,9e-04, || id:ebi-a-GCST90001695,TRUE,reported,igd
190504703,37.91,3,203.6,8.35199e-08,3408,ebi-a-GCST90001695,rs114057146,T,A,0.0013, || id:ebi-a-GCST90001695,TRUE,reported,igd
190758619,32.54,3,155.8,1.758e-06,3408,ebi-a-GCST90001695,rs79665127,C,T,0.0018, || id:ebi-a-GCST90001695,TRUE,reported,igd
18550864,81.22,3,473.4,6.09804e-09,3408,ebi-a-GCST90001695,rs149994650,A,C,3e-04, || id:ebi-a-GCST90001695,TRUE,reported,igd
3710729,22.45,3,137.7,9.63607e-10,3408,ebi-a-GCST90001695,rs545794900,C,T,0.0035, || id:ebi-a-GCST90001695,TRUE,reported,igd
8174723,22.5,4,142.3,2.86999e-10,3408,ebi-a-GCST90001695,rs140311178,T,C,0.0037, || id:ebi-a-GCST90001695,TRUE,reported,igd
31116547,21.43,4,98.05,4.93094e-06,3408,ebi-a-GCST90001695,rs143044126,A,G,0.0037, || id:ebi-a-GCST90001695,TRUE,reported,igd
45244488,9.959,4,55.39,2.869e-08,3408,ebi-a-GCST90001695,rs148799115,C,A,0.0175, || id:ebi-a-GCST90001695,TRUE,reported,igd
106862213,98.8,4,548.7,3.00802e-08,3408,ebi-a-GCST90001695,rs55830085,T,C,4e-04, || id:ebi-a-GCST90001695,TRUE,reported,igd
93935039,50.77,4,285.1,2.10601e-08,3408,ebi-a-GCST90001695,rs77152285,G,A,6e-04, || id:ebi-a-GCST90001695,TRUE,reported,igd
171324708,56.25,4,284.6,4.41296e-07,3408,ebi-a-GCST90001695,rs183097749,G,A,6e-04, || id:ebi-a-GCST90001695,TRUE,reported,igd
157192771,36.52,4,186.7,3.36504e-07,3408,ebi-a-GCST90001695,rs192021609,A,G,0.0012, || id:ebi-a-GCST90001695,TRUE,reported,igd
171653752,37.29,4,173.4,3.45398e-06,3408,ebi-a-GCST90001695,rs1522563,T,C,0.0012, || id:ebi-a-GCST90001695,TRUE,reported,igd
116470715,130,4,1005,1.39187e-14,3408,ebi-a-GCST90001695,rs183382760,C,A,3e-04, || id:ebi-a-GCST90001695,TRUE,reported,igd
156055689,62.32,4,318.1,3.508e-07,3408,ebi-a-GCST90001695,rs115928015,C,G,4e-04, || id:ebi-a-GCST90001695,TRUE,reported,igd
71875684,50.93,4,240.1,2.52e-06,3408,ebi-a-GCST90001695,rs114619811,G,A,6e-04, || id:ebi-a-GCST90001695,TRUE,reported,igd
48119663,60.5,4,272.3,7.02603e-06,3408,ebi-a-GCST90001695,rs117905416,G,C,4e-04, || id:ebi-a-GCST90001695,TRUE,reported,igd
114347303,48.87,4,293.3,2.15501e-09,3408,ebi-a-GCST90001695,rs192553272,T,C,7e-04, || id:ebi-a-GCST90001695,TRUE,reported,igd
57059988,23.78,4,112.1,2.54501e-06,3408,ebi-a-GCST90001695,rs35046933,G,A,0.0029, || id:ebi-a-GCST90001695,TRUE,reported,igd
126220318,39.65,4,202.6,3.41499e-07,3408,ebi-a-GCST90001695,rs72673255,A,G,0.001, || id:ebi-a-GCST90001695,TRUE,reported,igd
25412773,106.6,4,610.4,1.10999e-08,3408,ebi-a-GCST90001695,rs62409210,A,G,1e-04, || id:ebi-a-GCST90001695,TRUE,reported,igd
112605741,51.66,4,276.6,9.19899e-08,3408,ebi-a-GCST90001695,rs116807650,T,C,7e-04, || id:ebi-a-GCST90001695,TRUE,reported,igd
187981624,22.53,4,154.5,8.23e-12,3408,ebi-a-GCST90001695,rs76506268,G,A,0.0032, || id:ebi-a-GCST90001695,TRUE,reported,igd
47216939,15.41,4,76.96,6.26297e-07,3408,ebi-a-GCST90001695,rs114109475,A,G,0.0075, || id:ebi-a-GCST90001695,TRUE,reported,igd
13226947,16.06,4,72.32,6.93697e-06,3408,ebi-a-GCST90001695,rs139748481,A,G,0.0072, || id:ebi-a-GCST90001695,TRUE,reported,igd
64142694,71.92,4,397.6,3.49599e-08,3408,ebi-a-GCST90001695,rs79870119,A,G,4e-04, || id:ebi-a-GCST90001695,TRUE,reported,igd
60775910,21.94,4,105.2,1.69699e-06,3408,ebi-a-GCST90001695,rs112028149,T,C,0.0035, || id:ebi-a-GCST90001695,TRUE,reported,igd
133864790,57.94,4,269.9,3.32598e-06,3408,ebi-a-GCST90001695,rs142857708,C,T,9e-04, || id:ebi-a-GCST90001695,TRUE,reported,igd
2899648,24.58,4,133.9,5.40505e-08,3408,ebi-a-GCST90001695,rs111981818,G,A,0.0028, || id:ebi-a-GCST90001695,TRUE,reported,igd
187679105,56.2,4,347.8,6.80597e-10,3408,ebi-a-GCST90001695,rs59951086,C,A,6e-04, || id:ebi-a-GCST90001695,TRUE,reported,igd
46871059,14.87,4,67.16,6.46398e-06,3408,ebi-a-GCST90001695,rs138615640,G,A,0.0079, || id:ebi-a-GCST90001695,TRUE,reported,igd
166260369,40.35,4,202.2,5.66096e-07,3408,ebi-a-GCST90001695,rs28622225,A,G,0.0012, || id:ebi-a-GCST90001695,TRUE,reported,igd
179723042,11.93,5,55.15,3.96497e-06,3408,ebi-a-GCST90001695,rs77953154,T,C,0.012, || id:ebi-a-GCST90001695,TRUE,reported,igd
3678994,14.44,5,70.99,9.30808e-07,3408,ebi-a-GCST90001695,rs80036087,T,C,0.0084, || id:ebi-a-GCST90001695,TRUE,reported,igd
134766276,35.65,5,161,6.53597e-06,3408,ebi-a-GCST90001695,rs114935210,G,A,0.0013, || id:ebi-a-GCST90001695,TRUE,reported,igd
140131486,96.85,5,591,1.16001e-09,3408,ebi-a-GCST90001695,rs114216104,T,C,1e-04, || id:ebi-a-GCST90001695,TRUE,reported,igd
159062854,58.71,5,383.2,7.72147e-11,3408,ebi-a-GCST90001695,rs115546994,T,A,4e-04, || id:ebi-a-GCST90001695,TRUE,reported,igd
39721163,30.03,5,138.5,4.11396e-06,3408,ebi-a-GCST90001695,rs138324315,A,G,0.0028, || id:ebi-a-GCST90001695,TRUE,reported,igd
29413612,58.05,5,384.3,4.1419e-11,3408,ebi-a-GCST90001695,rs116581718,C,T,6e-04, || id:ebi-a-GCST90001695,TRUE,reported,igd
175121768,7.839,5,36.01,4.51305e-06,3408,ebi-a-GCST90001695,rs111731860,T,C,0.0296, || id:ebi-a-GCST90001695,TRUE,reported,igd
179476195,9.776,5,46.66,1.88699e-06,3408,ebi-a-GCST90001695,rs78604443,A,C,0.0191, || id:ebi-a-GCST90001695,TRUE,reported,igd
97959184,42.22,5,251.6,2.78298e-09,3408,ebi-a-GCST90001695,rs62369101,A,G,0.001, || id:ebi-a-GCST90001695,TRUE,reported,igd
72679056,19.19,5,101.8,1.19201e-07,3408,ebi-a-GCST90001695,rs12656604,A,C,0.0047, || id:ebi-a-GCST90001695,TRUE,reported,igd
172300229,48.24,5,240,6.85204e-07,3408,ebi-a-GCST90001695,rs145266404,C,G,7e-04, || id:ebi-a-GCST90001695,TRUE,reported,igd
81759022,40.62,5,191.2,2.60898e-06,3408,ebi-a-GCST90001695,rs1604388,T,C,0.0012, || id:ebi-a-GCST90001695,TRUE,reported,igd
22132055,31.9,5,164.9,2.46899e-07,3408,ebi-a-GCST90001695,rs147014864,T,G,0.0018, || id:ebi-a-GCST90001695,TRUE,reported,igd
142943186,209.6,5,1142,5.47697e-08,3408,ebi-a-GCST90001695,rs144967884,T,A,NA, || id:ebi-a-GCST90001695,TRUE,reported,igd
79070021,26.12,5,116.9,7.83502e-06,3408,ebi-a-GCST90001695,rs114128029,T,C,0.0025, || id:ebi-a-GCST90001695,TRUE,reported,igd
145810889,292.2,5,1448,7.53408e-07,3408,ebi-a-GCST90001695,rs115569583,T,C,NA, || id:ebi-a-GCST90001695,TRUE,reported,igd
165460085,8.697,5,38.64,9.15503e-06,3408,ebi-a-GCST90001695,rs62383308,A,G,0.0239, || id:ebi-a-GCST90001695,TRUE,reported,igd
81353920,32.07,5,224.8,2.834e-12,3408,ebi-a-GCST90001695,rs76343453,C,T,0.0018, || id:ebi-a-GCST90001695,TRUE,reported,igd
2669980,368.5,5,1765,1.738e-06,3408,ebi-a-GCST90001695,rs114918537,A,G,NA, || id:ebi-a-GCST90001695,TRUE,reported,igd
32904601,2.819,6,-14.59,2.40398e-07,3408,ebi-a-GCST90001695,rs2071556,T,G,0.6067, || id:ebi-a-GCST90001695,TRUE,reported,igd
67374008,11.52,6,74.28,1.287e-10,3408,ebi-a-GCST90001695,rs78939697,C,A,0.0125, || id:ebi-a-GCST90001695,TRUE,reported,igd
66316172,75.02,6,436,6.72295e-09,3408,ebi-a-GCST90001695,rs114801643,A,C,3e-04, || id:ebi-a-GCST90001695,TRUE,reported,igd
118275279,21.6,6,102.9,1.96798e-06,3408,ebi-a-GCST90001695,rs77777749,G,A,0.0038, || id:ebi-a-GCST90001695,TRUE,reported,igd
146863903,10.87,6,50.22,3.96004e-06,3408,ebi-a-GCST90001695,rs141926147,C,A,0.0147, || id:ebi-a-GCST90001695,TRUE,reported,igd
382181,63.7,6,389.5,1.078e-09,3408,ebi-a-GCST90001695,rs187115825,A,G,6e-04, || id:ebi-a-GCST90001695,TRUE,reported,igd
14931262,66.75,6,314.9,2.47999e-06,3408,ebi-a-GCST90001695,rs149782409,T,C,4e-04, || id:ebi-a-GCST90001695,TRUE,reported,igd
101930392,49.52,6,242.6,1.008e-06,3408,ebi-a-GCST90001695,rs139613266,G,C,6e-04, || id:ebi-a-GCST90001695,TRUE,reported,igd
104569120,32.96,6,151.3,4.58005e-06,3408,ebi-a-GCST90001695,rs144920942,T,C,0.0016, || id:ebi-a-GCST90001695,TRUE,reported,igd
78745175,25.16,6,148.2,4.22202e-09,3408,ebi-a-GCST90001695,rs145336406,T,C,0.0026, || id:ebi-a-GCST90001695,TRUE,reported,igd
32637474,4.094,6,-22.92,2.31201e-08,3408,ebi-a-GCST90001695,rs17212021,C,T,0.2372, || id:ebi-a-GCST90001695,TRUE,reported,igd
52375282,98.95,6,913.1,4.71411e-20,3408,ebi-a-GCST90001695,rs149957527,A,G,1e-04, || id:ebi-a-GCST90001695,TRUE,reported,igd
31116210,3.563,6,22.81,1.74401e-10,3408,ebi-a-GCST90001695,rs130071,A,G,0.2188, || id:ebi-a-GCST90001695,TRUE,reported,igd
143880059,55.73,6,326.5,5.12602e-09,3408,ebi-a-GCST90001695,rs147385696,G,C,6e-04, || id:ebi-a-GCST90001695,TRUE,reported,igd
119136518,25.03,6,111.7,8.35699e-06,3408,ebi-a-GCST90001695,rs55779481,T,C,0.0026, || id:ebi-a-GCST90001695,TRUE,reported,igd
6745192,11.43,6,52.78,4.04297e-06,3408,ebi-a-GCST90001695,rs145174666,A,G,0.0129, || id:ebi-a-GCST90001695,TRUE,reported,igd
562203,252.5,6,1621,1.54899e-10,3408,ebi-a-GCST90001695,rs80347872,A,G,NA, || id:ebi-a-GCST90001695,TRUE,reported,igd
24233134,73.98,6,419.1,1.59901e-08,3408,ebi-a-GCST90001695,rs74651043,T,A,3e-04, || id:ebi-a-GCST90001695,TRUE,reported,igd
65783601,11.54,6,69.53,1.86801e-09,3408,ebi-a-GCST90001695,rs115485721,A,T,0.0139, || id:ebi-a-GCST90001695,TRUE,reported,igd
70855865,47.31,6,281.9,2.80001e-09,3408,ebi-a-GCST90001695,rs145613913,A,G,9e-04, || id:ebi-a-GCST90001695,TRUE,reported,igd
79460848,71.96,6,404.2,2.088e-08,3408,ebi-a-GCST90001695,rs58860560,A,C,3e-04, || id:ebi-a-GCST90001695,TRUE,reported,igd
69157587,5.912,6,29.71,5.28896e-07,3408,ebi-a-GCST90001695,rs541695620,G,A,0.0534, || id:ebi-a-GCST90001695,TRUE,reported,igd
83087501,51.04,6,268.7,1.494e-07,3408,ebi-a-GCST90001695,rs34961721,T,A,7e-04, || id:ebi-a-GCST90001695,TRUE,reported,igd
162968515,42.67,6,211.9,7.13707e-07,3408,ebi-a-GCST90001695,rs71567655,A,G,0.0012, || id:ebi-a-GCST90001695,TRUE,reported,igd
18617129,77.86,6,450.6,7.79202e-09,3408,ebi-a-GCST90001695,rs115379408,A,G,3e-04, || id:ebi-a-GCST90001695,TRUE,reported,igd
148462118,45.35,6,286.9,2.84302e-10,3408,ebi-a-GCST90001695,rs112857714,T,C,9e-04, || id:ebi-a-GCST90001695,TRUE,reported,igd
62268900,6.857,7,30.71,7.78108e-06,3408,ebi-a-GCST90001695,rs143986791,A,G,0.0469, || id:ebi-a-GCST90001695,TRUE,reported,igd
1084031,71.5,7,595.1,1.2249e-16,3408,ebi-a-GCST90001695,rs142522853,T,C,3e-04, || id:ebi-a-GCST90001695,TRUE,reported,igd
148905542,56.32,7,332.4,3.92004e-09,3408,ebi-a-GCST90001695,rs185778924,A,G,6e-04, || id:ebi-a-GCST90001695,TRUE,reported,igd
147207957,30.79,7,154.3,5.71597e-07,3408,ebi-a-GCST90001695,rs145137280,G,A,0.0018, || id:ebi-a-GCST90001695,TRUE,reported,igd
115835641,146,7,887.7,1.32898e-09,3408,ebi-a-GCST90001695,rs140112233,C,G,1e-04, || id:ebi-a-GCST90001695,TRUE,reported,igd
194075,82.02,7,726.8,1.25893e-18,3408,ebi-a-GCST90001695,rs138358136,T,A,3e-04, || id:ebi-a-GCST90001695,TRUE,reported,igd
79791344,20.58,7,132.8,1.238e-10,3408,ebi-a-GCST90001695,rs117469911,A,C,0.0035, || id:ebi-a-GCST90001695,TRUE,reported,igd
84434549,48.48,7,271.2,2.386e-08,3408,ebi-a-GCST90001695,rs143845801,C,G,7e-04, || id:ebi-a-GCST90001695,TRUE,reported,igd
113248370,30.1,7,152.1,4.57804e-07,3408,ebi-a-GCST90001695,rs117845490,C,T,0.0022, || id:ebi-a-GCST90001695,TRUE,reported,igd
70763152,36.41,7,177.3,1.16899e-06,3408,ebi-a-GCST90001695,rs151261173,A,G,0.0013, || id:ebi-a-GCST90001695,TRUE,reported,igd
57279055,45.57,7,256.7,1.911e-08,3408,ebi-a-GCST90001695,rs34592474,C,T,9e-04, || id:ebi-a-GCST90001695,TRUE,reported,igd
142438302,86.78,7,521.4,2.07501e-09,3408,ebi-a-GCST90001695,rs79647440,T,C,4e-04, || id:ebi-a-GCST90001695,TRUE,reported,igd
73339258,24.29,7,109.8,6.35799e-06,3408,ebi-a-GCST90001695,rs181551194,T,A,0.0031, || id:ebi-a-GCST90001695,TRUE,reported,igd
125564456,399,7,2050,2.93002e-07,3408,ebi-a-GCST90001695,rs117505371,G,T,NA, || id:ebi-a-GCST90001695,TRUE,reported,igd
151528768,29.8,7,141.3,2.20902e-06,3408,ebi-a-GCST90001695,rs77307127,T,C,0.0021, || id:ebi-a-GCST90001695,TRUE,reported,igd
21673701,61.08,7,379.6,5.75599e-10,3408,ebi-a-GCST90001695,rs77164608,A,G,6e-04, || id:ebi-a-GCST90001695,TRUE,reported,igd
30866360,42.02,7,198.9,2.306e-06,3408,ebi-a-GCST90001695,rs141112932,G,A,9e-04, || id:ebi-a-GCST90001695,TRUE,reported,igd
112881674,34.06,8,192.8,1.62701e-08,3408,ebi-a-GCST90001695,rs117271894,A,G,0.0022, || id:ebi-a-GCST90001695,TRUE,reported,igd
42077996,27.52,8,178.9,9.06985e-11,3408,ebi-a-GCST90001695,rs59236867,C,T,0.0023, || id:ebi-a-GCST90001695,TRUE,reported,igd
141472683,20.68,8,93.75,6.00399e-06,3408,ebi-a-GCST90001695,rs7011687,G,A,0.0044, || id:ebi-a-GCST90001695,TRUE,reported,igd
1549975,85.71,8,447.9,1.83899e-07,3408,ebi-a-GCST90001695,rs116960471,T,G,3e-04, || id:ebi-a-GCST90001695,TRUE,reported,igd
27058930,5.859,8,26.01,9.29694e-06,3408,ebi-a-GCST90001695,rs77654966,A,G,0.0556, || id:ebi-a-GCST90001695,TRUE,reported,igd
57100983,39.3,8,197.4,5.36599e-07,3408,ebi-a-GCST90001695,rs141515499,T,C,0.001, || id:ebi-a-GCST90001695,TRUE,reported,igd
6255718,10.58,8,48.75,4.21202e-06,3408,ebi-a-GCST90001695,rs192253149,C,T,0.0157, || id:ebi-a-GCST90001695,TRUE,reported,igd
142607179,12.99,8,75.05,8.28705e-09,3408,ebi-a-GCST90001695,rs62513410,A,G,0.0098, || id:ebi-a-GCST90001695,TRUE,reported,igd
28561116,41.16,8,251.2,1.149e-09,3408,ebi-a-GCST90001695,rs143825022,T,C,0.001, || id:ebi-a-GCST90001695,TRUE,reported,igd
104363338,4.994,8,24.38,1.10499e-06,3408,ebi-a-GCST90001695,rs3133836,C,T,0.0789, || id:ebi-a-GCST90001695,TRUE,reported,igd
7162695,84.77,8,591.6,3.55713e-12,3408,ebi-a-GCST90001695,rs62488802,T,C,3e-04, || id:ebi-a-GCST90001695,TRUE,reported,igd
3156062,12.39,8,56.51,5.25799e-06,3408,ebi-a-GCST90001695,rs111456999,A,G,0.0113, || id:ebi-a-GCST90001695,TRUE,reported,igd
53929771,28.26,8,172.7,1.118e-09,3408,ebi-a-GCST90001695,rs116959045,G,T,0.0022, || id:ebi-a-GCST90001695,TRUE,reported,igd
127054086,59.27,8,375.7,2.635e-10,3408,ebi-a-GCST90001695,rs72728362,C,T,7e-04, || id:ebi-a-GCST90001695,TRUE,reported,igd
20371089,20.76,8,-101.9,9.65006e-07,3408,ebi-a-GCST90001695,rs6586916,C,A,0.9956, || id:ebi-a-GCST90001695,TRUE,reported,igd
21084293,42.86,8,217,4.33501e-07,3408,ebi-a-GCST90001695,rs118082680,C,T,0.001, || id:ebi-a-GCST90001695,TRUE,reported,igd
144233069,102,8,557.6,4.90603e-08,3408,ebi-a-GCST90001695,rs535005711,A,G,1e-04, || id:ebi-a-GCST90001695,TRUE,reported,igd
9009338,10.85,9,50.48,3.37699e-06,3408,ebi-a-GCST90001695,rs118024980,C,T,0.0156, || id:ebi-a-GCST90001695,TRUE,reported,igd
9405003,2.596,9,-13.2,3.84397e-07,3408,ebi-a-GCST90001695,rs10759064,G,A,0.5346, || id:ebi-a-GCST90001695,TRUE,reported,igd
134320210,9.728,9,49.04,4.88596e-07,3408,ebi-a-GCST90001695,rs62582217,T,C,0.0183, || id:ebi-a-GCST90001695,TRUE,reported,igd
136915695,71.13,9,420,3.874e-09,3408,ebi-a-GCST90001695,rs34609592,A,G,3e-04, || id:ebi-a-GCST90001695,TRUE,reported,igd
98810796,30.45,9,154.6,4.02198e-07,3408,ebi-a-GCST90001695,rs72743927,G,A,0.0018, || id:ebi-a-GCST90001695,TRUE,reported,igd
134242324,19.78,9,96.8,1.04201e-06,3408,ebi-a-GCST90001695,rs78849864,T,C,0.0041, || id:ebi-a-GCST90001695,TRUE,reported,igd
14983311,27.81,9,144.2,2.28802e-07,3408,ebi-a-GCST90001695,rs75067089,T,C,0.0023, || id:ebi-a-GCST90001695,TRUE,reported,igd
83853182,32.14,9,201.5,4.10696e-10,3408,ebi-a-GCST90001695,rs117196114,A,G,0.0018, || id:ebi-a-GCST90001695,TRUE,reported,igd
25938569,95.57,9,504.2,1.40699e-07,3408,ebi-a-GCST90001695,rs75225279,T,G,1e-04, || id:ebi-a-GCST90001695,TRUE,reported,igd
124865332,15.23,9,68.16,7.82492e-06,3408,ebi-a-GCST90001695,rs113447030,A,G,0.0075, || id:ebi-a-GCST90001695,TRUE,reported,igd
96711406,60.78,9,402.2,4.24326e-11,3408,ebi-a-GCST90001695,rs151120803,A,G,4e-04, || id:ebi-a-GCST90001695,TRUE,reported,igd
28109090,70.79,10,389.2,4.144e-08,3408,ebi-a-GCST90001695,rs79407975,A,C,3e-04, || id:ebi-a-GCST90001695,TRUE,reported,igd
30823850,45.46,10,204.7,6.90605e-06,3408,ebi-a-GCST90001695,rs144431284,T,C,0.0012, || id:ebi-a-GCST90001695,TRUE,reported,igd
108143796,58.42,10,308.2,1.40501e-07,3408,ebi-a-GCST90001695,rs117006645,G,A,4e-04, || id:ebi-a-GCST90001695,TRUE,reported,igd
108259029,6.516,10,32.56,6.12999e-07,3408,ebi-a-GCST90001695,rs145744161,T,C,0.0439, || id:ebi-a-GCST90001695,TRUE,reported,igd
133431823,51.52,10,284.3,3.68604e-08,3408,ebi-a-GCST90001695,rs61864030,C,T,6e-04, || id:ebi-a-GCST90001695,TRUE,reported,igd
56884368,60.64,10,268.9,9.50889e-06,3408,ebi-a-GCST90001695,rs117739788,T,C,4e-04, || id:ebi-a-GCST90001695,TRUE,reported,igd
89153882,21.65,10,138.5,1.79999e-10,3408,ebi-a-GCST90001695,rs189683893,A,C,0.0037, || id:ebi-a-GCST90001695,TRUE,reported,igd
133817829,33.15,10,160.1,1.422e-06,3408,ebi-a-GCST90001695,rs75067680,A,G,0.0018, || id:ebi-a-GCST90001695,TRUE,reported,igd
8494842,63.85,10,302.9,2.19301e-06,3408,ebi-a-GCST90001695,rs72773345,G,A,4e-04, || id:ebi-a-GCST90001695,TRUE,reported,igd
16773515,365.6,10,1814,7.29407e-07,3408,ebi-a-GCST90001695,rs11598958,G,C,NA, || id:ebi-a-GCST90001695,TRUE,reported,igd
110752679,9.799,10,46.12,2.613e-06,3408,ebi-a-GCST90001695,rs117437702,G,A,0.0185, || id:ebi-a-GCST90001695,TRUE,reported,igd
111548575,25.62,10,118.5,3.88401e-06,3408,ebi-a-GCST90001695,rs148889514,A,G,0.0023, || id:ebi-a-GCST90001695,TRUE,reported,igd
109409332,11.67,10,61.08,1.77301e-07,3408,ebi-a-GCST90001695,rs146914701,A,C,0.0135, || id:ebi-a-GCST90001695,TRUE,reported,igd
21304171,74.65,10,416.6,2.57697e-08,3408,ebi-a-GCST90001695,rs45507192,A,G,3e-04, || id:ebi-a-GCST90001695,TRUE,reported,igd
11478633,49.16,10,244.1,7.17893e-07,3408,ebi-a-GCST90001695,rs150841550,A,G,7e-04, || id:ebi-a-GCST90001695,TRUE,reported,igd
66332109,63.49,10,295.5,3.38298e-06,3408,ebi-a-GCST90001695,rs139513469,A,G,6e-04, || id:ebi-a-GCST90001695,TRUE,reported,igd
70543706,15.92,10,80,5.25799e-07,3408,ebi-a-GCST90001695,rs143930177,A,G,0.0072, || id:ebi-a-GCST90001695,TRUE,reported,igd
18950024,388.6,11,2117,5.45896e-08,3408,ebi-a-GCST90001695,rs61886554,G,A,NA, || id:ebi-a-GCST90001695,TRUE,reported,igd
118189351,49.32,11,352.4,1.08593e-12,3408,ebi-a-GCST90001695,rs150427323,A,G,7e-04, || id:ebi-a-GCST90001695,TRUE,reported,igd
117015217,26.88,11,134.4,6.06303e-07,3408,ebi-a-GCST90001695,rs528814030,T,C,0.0025, || id:ebi-a-GCST90001695,TRUE,reported,igd
44356396,68.87,11,385.7,2.31201e-08,3408,ebi-a-GCST90001695,rs117431224,G,A,4e-04, || id:ebi-a-GCST90001695,TRUE,reported,igd
81281823,7.773,11,40.36,2.20399e-07,3408,ebi-a-GCST90001695,rs11232730,A,C,0.0283, || id:ebi-a-GCST90001695,TRUE,reported,igd
16290338,66.04,11,364.8,3.57001e-08,3408,ebi-a-GCST90001695,rs117413806,C,T,4e-04, || id:ebi-a-GCST90001695,TRUE,reported,igd
84269972,51.36,11,259.3,4.69602e-07,3408,ebi-a-GCST90001695,rs12279408,T,C,7e-04, || id:ebi-a-GCST90001695,TRUE,reported,igd
59109032,21.36,11,96.27,6.79908e-06,3408,ebi-a-GCST90001695,rs186889529,A,T,0.0035, || id:ebi-a-GCST90001695,TRUE,reported,igd
130013797,60.84,11,284.3,3.08099e-06,3408,ebi-a-GCST90001695,rs141057204,G,A,9e-04, || id:ebi-a-GCST90001695,TRUE,reported,igd
33322159,65.76,11,356.8,6.19498e-08,3408,ebi-a-GCST90001695,rs117277690,G,A,4e-04, || id:ebi-a-GCST90001695,TRUE,reported,igd
36584481,53.88,11,303.3,1.95398e-08,3408,ebi-a-GCST90001695,rs111417549,T,C,6e-04, || id:ebi-a-GCST90001695,TRUE,reported,igd
33958122,135.9,11,1076,3.26588e-15,3408,ebi-a-GCST90001695,rs200097087,C,A,NA, || id:ebi-a-GCST90001695,TRUE,reported,igd
91872187,103.6,11,754.3,4.01606e-13,3408,ebi-a-GCST90001695,rs141656121,T,A,1e-04, || id:ebi-a-GCST90001695,TRUE,reported,igd
116624918,34.66,11,157.9,5.39598e-06,3408,ebi-a-GCST90001695,rs185854402,C,T,0.0018, || id:ebi-a-GCST90001695,TRUE,reported,igd
132912552,33.3,11,180.1,6.75398e-08,3408,ebi-a-GCST90001695,rs77315801,C,G,0.0016, || id:ebi-a-GCST90001695,TRUE,reported,igd
65259911,36.18,11,216.7,2.326e-09,3408,ebi-a-GCST90001695,rs17676161,C,G,0.0013, || id:ebi-a-GCST90001695,TRUE,reported,igd
734001,49.26,12,308,4.56194e-10,3408,ebi-a-GCST90001695,rs34499829,A,G,7e-04, || id:ebi-a-GCST90001695,TRUE,reported,igd
38141078,35.71,12,189.6,1.17501e-07,3408,ebi-a-GCST90001695,rs75005340,A,C,0.0013, || id:ebi-a-GCST90001695,TRUE,reported,igd
2808166,67.38,12,370,4.28302e-08,3408,ebi-a-GCST90001695,rs61908026,C,G,4e-04, || id:ebi-a-GCST90001695,TRUE,reported,igd
21581956,42.71,12,221.6,2.25902e-07,3408,ebi-a-GCST90001695,rs139243374,A,G,9e-04, || id:ebi-a-GCST90001695,TRUE,reported,igd
31755564,231,12,1394,1.75001e-09,3408,ebi-a-GCST90001695,rs189825578,T,A,NA, || id:ebi-a-GCST90001695,TRUE,reported,igd
13243168,18.3,12,101.4,3.249e-08,3408,ebi-a-GCST90001695,rs17212998,G,A,0.0053, || id:ebi-a-GCST90001695,TRUE,reported,igd
101687266,28.54,12,133.6,2.94999e-06,3408,ebi-a-GCST90001695,rs536210128,T,A,0.0023, || id:ebi-a-GCST90001695,TRUE,reported,igd
64607264,25.83,12,122.4,2.21401e-06,3408,ebi-a-GCST90001695,rs17712916,A,G,0.0025, || id:ebi-a-GCST90001695,TRUE,reported,igd
75024017,287.4,12,1298,6.54003e-06,3408,ebi-a-GCST90001695,rs192567412,A,G,NA, || id:ebi-a-GCST90001695,TRUE,reported,igd
85026832,3.428,12,17.9,1.86299e-07,3408,ebi-a-GCST90001695,rs78788969,G,T,0.1828, || id:ebi-a-GCST90001695,TRUE,reported,igd
52408142,61.24,12,308.9,4.82303e-07,3408,ebi-a-GCST90001695,rs117975109,T,G,6e-04, || id:ebi-a-GCST90001695,TRUE,reported,igd
54827947,36.13,12,165.1,5.04998e-06,3408,ebi-a-GCST90001695,rs142611712,G,A,0.0013, || id:ebi-a-GCST90001695,TRUE,reported,igd
47679643,10.98,12,71.36,9.2406e-11,3408,ebi-a-GCST90001695,rs139457426,T,C,0.0147, || id:ebi-a-GCST90001695,TRUE,reported,igd
132283582,42.11,12,232.5,3.62602e-08,3408,ebi-a-GCST90001695,rs117785622,T,G,0.001, || id:ebi-a-GCST90001695,TRUE,reported,igd
114081812,56.32,12,320.2,1.41501e-08,3408,ebi-a-GCST90001695,rs142911819,A,G,6e-04, || id:ebi-a-GCST90001695,TRUE,reported,igd
26115369,24.76,12,115.3,3.34103e-06,3408,ebi-a-GCST90001695,rs143230107,G,A,0.0032, || id:ebi-a-GCST90001695,TRUE,reported,igd
84857033,71.93,12,341.3,2.16601e-06,3408,ebi-a-GCST90001695,rs75893788,A,T,4e-04, || id:ebi-a-GCST90001695,TRUE,reported,igd
128643151,72.6,12,379.5,1.82898e-07,3408,ebi-a-GCST90001695,rs61939536,G,A,3e-04, || id:ebi-a-GCST90001695,TRUE,reported,igd
101714936,99.63,12,591.3,3.23303e-09,3408,ebi-a-GCST90001695,rs74603821,C,A,1e-04, || id:ebi-a-GCST90001695,TRUE,reported,igd
50294296,35.54,12,165.4,3.40596e-06,3408,ebi-a-GCST90001695,rs78420941,A,G,0.0013, || id:ebi-a-GCST90001695,TRUE,reported,igd
59066617,21.68,12,123.2,1.42498e-08,3408,ebi-a-GCST90001695,rs74902462,T,C,0.004, || id:ebi-a-GCST90001695,TRUE,reported,igd
38374287,227.4,12,1279,2.02502e-08,3408,ebi-a-GCST90001695,rs144993401,A,G,NA, || id:ebi-a-GCST90001695,TRUE,reported,igd
10416728,497.5,12,2555,2.95903e-07,3408,ebi-a-GCST90001695,rs117247210,T,C,NA, || id:ebi-a-GCST90001695,TRUE,reported,igd
127715831,46.23,12,215.5,3.27401e-06,3408,ebi-a-GCST90001695,rs35078472,C,A,7e-04, || id:ebi-a-GCST90001695,TRUE,reported,igd
100586942,63.56,13,442.7,3.90301e-12,3408,ebi-a-GCST90001695,rs113819655,T,C,4e-04, || id:ebi-a-GCST90001695,TRUE,reported,igd
110903174,22.13,13,128.8,6.54395e-09,3408,ebi-a-GCST90001695,rs80142250,T,C,0.0034, || id:ebi-a-GCST90001695,TRUE,reported,igd
44264686,66.09,13,368.8,2.585e-08,3408,ebi-a-GCST90001695,rs117048727,T,C,4e-04, || id:ebi-a-GCST90001695,TRUE,reported,igd
73498369,43.23,13,259.6,2.11198e-09,3408,ebi-a-GCST90001695,rs142470414,T,C,9e-04, || id:ebi-a-GCST90001695,TRUE,reported,igd
102262527,46.65,13,229.9,8.66702e-07,3408,ebi-a-GCST90001695,rs35779961,A,G,9e-04, || id:ebi-a-GCST90001695,TRUE,reported,igd
102446635,48.41,13,230.8,1.93402e-06,3408,ebi-a-GCST90001695,rs149043871,A,G,7e-04, || id:ebi-a-GCST90001695,TRUE,reported,igd
94341740,66.09,13,368.8,2.585e-08,3408,ebi-a-GCST90001695,rs80012883,T,G,4e-04, || id:ebi-a-GCST90001695,TRUE,reported,igd
23525796,10.96,13,51.71,2.48702e-06,3408,ebi-a-GCST90001695,rs147398419,T,G,0.0157, || id:ebi-a-GCST90001695,TRUE,reported,igd
25506269,36.86,13,169,4.71303e-06,3408,ebi-a-GCST90001695,rs190474871,T,C,0.0012, || id:ebi-a-GCST90001695,TRUE,reported,igd
37118716,34.1,13,162.1,2.08598e-06,3408,ebi-a-GCST90001695,rs145022527,T,G,0.0013, || id:ebi-a-GCST90001695,TRUE,reported,igd
90525482,6.817,13,30.3,9.07403e-06,3408,ebi-a-GCST90001695,rs141018536,T,C,0.0373, || id:ebi-a-GCST90001695,TRUE,reported,igd
36209759,31.72,13,141.4,8.61708e-06,3408,ebi-a-GCST90001695,rs74444952,G,C,0.0016, || id:ebi-a-GCST90001695,TRUE,reported,igd
68253542,21.32,14,98.24,4.20397e-06,3408,ebi-a-GCST90001695,rs75686073,A,G,0.0037, || id:ebi-a-GCST90001695,TRUE,reported,igd
43977463,58.64,14,267,5.46198e-06,3408,ebi-a-GCST90001695,rs12882035,C,T,4e-04, || id:ebi-a-GCST90001695,TRUE,reported,igd
84194540,24.38,14,137.6,1.821e-08,3408,ebi-a-GCST90001695,rs111953852,G,A,0.0025, || id:ebi-a-GCST90001695,TRUE,reported,igd
29011762,52.12,14,240.2,4.18996e-06,3408,ebi-a-GCST90001695,rs190267289,C,G,7e-04, || id:ebi-a-GCST90001695,TRUE,reported,igd
62568446,52.59,14,240,5.223e-06,3408,ebi-a-GCST90001695,rs140590797,G,A,6e-04, || id:ebi-a-GCST90001695,TRUE,reported,igd
76846837,15.71,14,109,4.63767e-12,3408,ebi-a-GCST90001695,rs77243672,G,T,0.0072, || id:ebi-a-GCST90001695,TRUE,reported,igd
79042294,22.52,14,110,1.09099e-06,3408,ebi-a-GCST90001695,rs116848911,A,G,0.0029, || id:ebi-a-GCST90001695,TRUE,reported,igd
86640070,50.18,14,296.2,3.93396e-09,3408,ebi-a-GCST90001695,rs61988500,C,T,7e-04, || id:ebi-a-GCST90001695,TRUE,reported,igd
43151367,11.2,14,61.29,4.77101e-08,3408,ebi-a-GCST90001695,rs150383571,C,T,0.0141, || id:ebi-a-GCST90001695,TRUE,reported,igd
32709998,29.91,14,159.2,1.088e-07,3408,ebi-a-GCST90001695,rs117475878,T,C,0.0022, || id:ebi-a-GCST90001695,TRUE,reported,igd
22957038,6.325,14,28.39,7.38006e-06,3408,ebi-a-GCST90001695,rs116928874,G,C,0.0462, || id:ebi-a-GCST90001695,TRUE,reported,igd
88292196,47.01,14,227.3,1.393e-06,3408,ebi-a-GCST90001695,rs554483844,T,C,7e-04, || id:ebi-a-GCST90001695,TRUE,reported,igd
72797255,47.03,14,243.9,2.28202e-07,3408,ebi-a-GCST90001695,rs17180391,C,G,7e-04, || id:ebi-a-GCST90001695,TRUE,reported,igd
97572261,3.845,14,18.54,1.48399e-06,3408,ebi-a-GCST90001695,rs11160382,T,C,0.1404, || id:ebi-a-GCST90001695,TRUE,reported,igd
26109688,20.44,15,92.71,5.95703e-06,3408,ebi-a-GCST90001695,rs76881655,A,C,0.0044, || id:ebi-a-GCST90001695,TRUE,reported,igd
95776793,27.77,15,186.4,2.25996e-11,3408,ebi-a-GCST90001695,rs75884646,A,G,0.0022, || id:ebi-a-GCST90001695,TRUE,reported,igd
55067476,18.9,15,94.76,5.61203e-07,3408,ebi-a-GCST90001695,rs79716258,C,G,0.0047, || id:ebi-a-GCST90001695,TRUE,reported,igd
96888705,82.05,15,514.7,3.96899e-10,3408,ebi-a-GCST90001695,rs79888820,C,T,3e-04, || id:ebi-a-GCST90001695,TRUE,reported,igd
78554710,71.9,15,402.2,2.386e-08,3408,ebi-a-GCST90001695,rs186595909,A,G,3e-04, || id:ebi-a-GCST90001695,TRUE,reported,igd
94946993,47.21,15,285.3,1.66399e-09,3408,ebi-a-GCST90001695,rs146940094,T,G,7e-04, || id:ebi-a-GCST90001695,TRUE,reported,igd
85650544,57.73,15,267.4,3.75198e-06,3408,ebi-a-GCST90001695,rs145483124,A,G,6e-04, || id:ebi-a-GCST90001695,TRUE,reported,igd
29116366,40.13,15,216.5,7.27093e-08,3408,ebi-a-GCST90001695,rs146986354,T,C,0.0013, || id:ebi-a-GCST90001695,TRUE,reported,igd
27818525,15.24,15,87.63,9.60196e-09,3408,ebi-a-GCST90001695,rs112568609,T,C,0.0076, || id:ebi-a-GCST90001695,TRUE,reported,igd
49106401,88.9,15,465.5,1.74e-07,3408,ebi-a-GCST90001695,rs72739876,T,G,3e-04, || id:ebi-a-GCST90001695,TRUE,reported,igd
50365389,176.6,15,1065,1.78402e-09,3408,ebi-a-GCST90001695,rs62021713,T,C,1e-04, || id:ebi-a-GCST90001695,TRUE,reported,igd
73579327,24.04,16,121.8,4.26501e-07,3408,ebi-a-GCST90001695,rs75477291,A,G,0.0032, || id:ebi-a-GCST90001695,TRUE,reported,igd
17341866,24.76,16,151.8,9.75596e-10,3408,ebi-a-GCST90001695,rs140134394,C,T,0.0028, || id:ebi-a-GCST90001695,TRUE,reported,igd
17388418,35.46,16,195.7,3.68502e-08,3408,ebi-a-GCST90001695,rs62033204,A,T,0.0015, || id:ebi-a-GCST90001695,TRUE,reported,igd
68607748,26.59,16,161.7,1.32501e-09,3408,ebi-a-GCST90001695,rs140605634,T,C,0.0025, || id:ebi-a-GCST90001695,TRUE,reported,igd
32022251,94.08,16,564.5,2.17601e-09,3408,ebi-a-GCST90001695,rs147802671,T,G,3e-04, || id:ebi-a-GCST90001695,TRUE,reported,igd
51075587,21.55,16,116.2,7.51208e-08,3408,ebi-a-GCST90001695,rs151052734,A,G,0.0043, || id:ebi-a-GCST90001695,TRUE,reported,igd
78214566,43.68,16,416.3,2.82293e-21,3408,ebi-a-GCST90001695,rs151237482,C,A,9e-04, || id:ebi-a-GCST90001695,TRUE,reported,igd
26527473,53.66,16,337.2,3.73396e-10,3408,ebi-a-GCST90001695,rs150856260,T,C,7e-04, || id:ebi-a-GCST90001695,TRUE,reported,igd
61800469,33.85,16,-177.9,1.567e-07,3408,ebi-a-GCST90001695,rs8056824,C,T,0.9984, || id:ebi-a-GCST90001695,TRUE,reported,igd
70343845,114.1,16,654.7,1.05599e-08,3408,ebi-a-GCST90001695,rs188394601,G,T,3e-04, || id:ebi-a-GCST90001695,TRUE,reported,igd
50169595,58.71,16,262.2,8.24309e-06,3408,ebi-a-GCST90001695,rs117362948,A,G,4e-04, || id:ebi-a-GCST90001695,TRUE,reported,igd
3108127,48.53,16,230.6,2.09402e-06,3408,ebi-a-GCST90001695,rs117500319,A,G,7e-04, || id:ebi-a-GCST90001695,TRUE,reported,igd
5991815,39.98,16,270.5,1.5531e-11,3408,ebi-a-GCST90001695,rs117262195,T,C,0.0013, || id:ebi-a-GCST90001695,TRUE,reported,igd
79757046,30.1,16,210.2,3.44191e-12,3408,ebi-a-GCST90001695,rs116941636,A,G,0.0019, || id:ebi-a-GCST90001695,TRUE,reported,igd
80690635,25.75,16,116.2,6.56901e-06,3408,ebi-a-GCST90001695,rs145957749,A,C,0.0026, || id:ebi-a-GCST90001695,TRUE,reported,igd
75062625,16.87,16,118.8,2.26621e-12,3408,ebi-a-GCST90001695,rs149716976,G,A,0.0057, || id:ebi-a-GCST90001695,TRUE,reported,igd
5944116,391,16,2185,2.46297e-08,3408,ebi-a-GCST90001695,rs117804407,G,A,NA, || id:ebi-a-GCST90001695,TRUE,reported,igd
79245986,22.14,16,117.3,1.25401e-07,3408,ebi-a-GCST90001695,rs117863142,A,G,0.0035, || id:ebi-a-GCST90001695,TRUE,reported,igd
81462243,42.74,16,-397.5,2.39994e-20,3408,ebi-a-GCST90001695,rs2615702,T,C,0.9991, || id:ebi-a-GCST90001695,TRUE,reported,igd
85685140,43.13,16,317.4,2.33884e-13,3408,ebi-a-GCST90001695,rs192302673,T,C,9e-04, || id:ebi-a-GCST90001695,TRUE,reported,igd
29929827,28.52,17,145.9,3.33503e-07,3408,ebi-a-GCST90001695,rs146127940,A,G,0.0022, || id:ebi-a-GCST90001695,TRUE,reported,igd
56243643,152.4,17,763.1,5.79402e-07,3408,ebi-a-GCST90001695,rs117940828,C,G,NA, || id:ebi-a-GCST90001695,TRUE,reported,igd
58220407,246.4,17,1169,2.16098e-06,3408,ebi-a-GCST90001695,rs146954403,C,G,NA, || id:ebi-a-GCST90001695,TRUE,reported,igd
76005958,44.92,17,262.3,5.71202e-09,3408,ebi-a-GCST90001695,rs146164275,G,A,9e-04, || id:ebi-a-GCST90001695,TRUE,reported,igd
13877125,42.28,17,201.6,1.94899e-06,3408,ebi-a-GCST90001695,rs140871773,G,A,0.0012, || id:ebi-a-GCST90001695,TRUE,reported,igd
16446446,98.9,17,647.9,6.57052e-11,3408,ebi-a-GCST90001695,rs116876186,C,T,1e-04, || id:ebi-a-GCST90001695,TRUE,reported,igd
71902183,53.02,17,319.5,1.86999e-09,3408,ebi-a-GCST90001695,rs72847598,C,T,6e-04, || id:ebi-a-GCST90001695,TRUE,reported,igd
31695774,6.868,17,37.39,5.58895e-08,3408,ebi-a-GCST90001695,rs1007033,T,C,0.0396, || id:ebi-a-GCST90001695,TRUE,reported,igd
3267975,60.02,18,363.2,1.58599e-09,3408,ebi-a-GCST90001695,rs148362510,C,G,4e-04, || id:ebi-a-GCST90001695,TRUE,reported,igd
74630095,59,18,294.5,6.27697e-07,3408,ebi-a-GCST90001695,rs76383831,G,A,4e-04, || id:ebi-a-GCST90001695,TRUE,reported,igd
15391351,364.3,18,1686,3.84601e-06,3408,ebi-a-GCST90001695,rs566229905,T,C,NA, || id:ebi-a-GCST90001695,TRUE,reported,igd
38375388,90.65,18,613.8,1.49899e-11,3408,ebi-a-GCST90001695,rs151145927,A,G,1e-04, || id:ebi-a-GCST90001695,TRUE,reported,igd
44380586,30.24,18,136.9,6.22501e-06,3408,ebi-a-GCST90001695,rs530410832,C,T,0.0022, || id:ebi-a-GCST90001695,TRUE,reported,igd
56129994,23.6,18,113,1.75001e-06,3408,ebi-a-GCST90001695,rs148225159,T,C,0.0032, || id:ebi-a-GCST90001695,TRUE,reported,igd
6304023,24.93,18,111.4,8.10196e-06,3408,ebi-a-GCST90001695,rs578157000,C,A,0.0029, || id:ebi-a-GCST90001695,TRUE,reported,igd
3555698,18.28,18,81.67,8.19993e-06,3408,ebi-a-GCST90001695,rs147706586,T,C,0.0053, || id:ebi-a-GCST90001695,TRUE,reported,igd
7862061,15.94,18,88.88,2.65901e-08,3408,ebi-a-GCST90001695,rs75346347,T,C,0.0073, || id:ebi-a-GCST90001695,TRUE,reported,igd
60608014,50.39,18,265.7,1.42498e-07,3408,ebi-a-GCST90001695,rs139436159,G,A,7e-04, || id:ebi-a-GCST90001695,TRUE,reported,igd
71686718,47.25,18,257.3,5.52497e-08,3408,ebi-a-GCST90001695,rs7238907,C,T,7e-04, || id:ebi-a-GCST90001695,TRUE,reported,igd
26456104,33.61,18,180,9.07298e-08,3408,ebi-a-GCST90001695,rs149532201,A,G,0.0019, || id:ebi-a-GCST90001695,TRUE,reported,igd
39828718,73.99,18,538.9,4.02624e-13,3408,ebi-a-GCST90001695,rs75420474,C,T,3e-04, || id:ebi-a-GCST90001695,TRUE,reported,igd
57840862,26.31,19,135.1,2.99502e-07,3408,ebi-a-GCST90001695,rs71354045,C,T,0.0026, || id:ebi-a-GCST90001695,TRUE,reported,igd
43422957,70.2,19,472.2,2.03095e-11,3408,ebi-a-GCST90001695,rs117428784,A,C,4e-04, || id:ebi-a-GCST90001695,TRUE,reported,igd
14535355,25.31,19,120.1,2.16302e-06,3408,ebi-a-GCST90001695,rs116865617,C,A,0.0029, || id:ebi-a-GCST90001695,TRUE,reported,igd
24522507,40.8,19,278.5,1.0361e-11,3408,ebi-a-GCST90001695,rs112362737,G,T,0.0012, || id:ebi-a-GCST90001695,TRUE,reported,igd
48379346,58.23,19,351.9,1.67502e-09,3408,ebi-a-GCST90001695,rs62531041,T,C,6e-04, || id:ebi-a-GCST90001695,TRUE,reported,igd
17591476,81.55,19,371.3,5.47797e-06,3408,ebi-a-GCST90001695,rs191604848,T,C,3e-04, || id:ebi-a-GCST90001695,TRUE,reported,igd
59618023,2.646,20,11.73,9.59909e-06,3408,ebi-a-GCST90001695,rs6027989,T,C,0.5461, || id:ebi-a-GCST90001695,TRUE,reported,igd
37580670,39.59,20,285.3,7.09088e-13,3408,ebi-a-GCST90001695,rs41276984,G,C,0.0012, || id:ebi-a-GCST90001695,TRUE,reported,igd
20799344,56.41,20,358.8,2.28302e-10,3408,ebi-a-GCST90001695,rs77937827,C,T,4e-04, || id:ebi-a-GCST90001695,TRUE,reported,igd
33104122,55.65,20,304,5.05697e-08,3408,ebi-a-GCST90001695,rs137942933,T,G,6e-04, || id:ebi-a-GCST90001695,TRUE,reported,igd
36073660,304.6,20,1678,3.87802e-08,3408,ebi-a-GCST90001695,rs13044559,A,G,NA, || id:ebi-a-GCST90001695,TRUE,reported,igd
3135837,20.87,20,98.82,2.29097e-06,3408,ebi-a-GCST90001695,rs148291061,G,C,0.0041, || id:ebi-a-GCST90001695,TRUE,reported,igd
46616280,50.73,20,-294.6,6.95905e-09,3408,ebi-a-GCST90001695,rs56067013,T,A,0.9994, || id:ebi-a-GCST90001695,TRUE,reported,igd
59382138,27.91,20,150.9,6.90001e-08,3408,ebi-a-GCST90001695,rs75427771,A,C,0.0021, || id:ebi-a-GCST90001695,TRUE,reported,igd
3521072,15.32,20,84.27,4.03701e-08,3408,ebi-a-GCST90001695,rs117036387,G,A,0.0075, || id:ebi-a-GCST90001695,TRUE,reported,igd
28699078,37.14,21,166.2,7.91298e-06,3408,ebi-a-GCST90001695,rs192717771,C,G,0.0013, || id:ebi-a-GCST90001695,TRUE,reported,igd
26316207,82.97,21,462.3,2.70801e-08,3408,ebi-a-GCST90001695,rs117514047,C,A,3e-04, || id:ebi-a-GCST90001695,TRUE,reported,igd
46387655,34.67,21,174.4,5.20499e-07,3408,ebi-a-GCST90001695,rs140280232,T,C,0.0013, || id:ebi-a-GCST90001695,TRUE,reported,igd
30128360,57.03,21,345.8,1.48201e-09,3408,ebi-a-GCST90001695,rs113432575,T,C,6e-04, || id:ebi-a-GCST90001695,TRUE,reported,igd
47472186,103,21,557.7,6.60906e-08,3408,ebi-a-GCST90001695,rs142419740,T,C,3e-04, || id:ebi-a-GCST90001695,TRUE,reported,igd
41099181,17.26,21,82,2.093e-06,3408,ebi-a-GCST90001695,rs78680127,A,G,0.0057, || id:ebi-a-GCST90001695,TRUE,reported,igd
26677514,11.15,22,52.6,2.48599e-06,3408,ebi-a-GCST90001695,rs5997061,A,T,0.0144, || id:ebi-a-GCST90001695,TRUE,reported,igd
45887357,18.78,22,87.78,3.05703e-06,3408,ebi-a-GCST90001695,rs144599349,T,C,0.0051, || id:ebi-a-GCST90001695,TRUE,reported,igd
45176439,7.097,22,32.04,6.54606e-06,3408,ebi-a-GCST90001695,rs143237141,A,G,0.0367, || id:ebi-a-GCST90001695,TRUE,reported,igd
24296877,128.4,22,573.2,8.367e-06,3408,ebi-a-GCST90001695,rs147132955,T,C,1e-04, || id:ebi-a-GCST90001695,TRUE,reported,igd
41021471,53.88,22,263.2,1.088e-06,3408,ebi-a-GCST90001695,rs191357081,G,A,7e-04, || id:ebi-a-GCST90001695,TRUE,reported,igd
28672798,136,22,707.5,2.08598e-07,3408,ebi-a-GCST90001695,rs76453822,T,C,NA, || id:ebi-a-GCST90001695,TRUE,reported,igd
