samplesize.exposure,se.exposure,chr.exposure,pos.exposure,beta.exposure,pval.exposure,id.exposure,SNP,effect_allele.exposure,other_allele.exposure,eaf.exposure,exposure,mr_keep.exposure,pval_origin.exposure,data_source.exposure
3656,0.02666,1,6307255,-0.1228,4.23497e-06,ebi-a-GCST90001732,rs6577565,C,T,0.6823, || id:ebi-a-GCST90001732,TRUE,reported,igd
3656,0.1492,1,27453519,0.6675,7.89496e-06,ebi-a-GCST90001732,rs113747920,C,T,0.0067, || id:ebi-a-GCST90001732,TRUE,reported,igd
3656,0.03615,1,39551423,-0.1649,5.23094e-06,ebi-a-GCST90001732,rs59102092,C,A,0.1368, || id:ebi-a-GCST90001732,TRUE,reported,igd
3656,0.03114,2,48878727,0.1482,2.00198e-06,ebi-a-GCST90001732,rs1524155,A,T,0.8079, || id:ebi-a-GCST90001732,TRUE,reported,igd
3656,0.02711,2,53804261,0.1217,7.44492e-06,ebi-a-GCST90001732,rs10192011,T,G,0.2899, || id:ebi-a-GCST90001732,TRUE,reported,igd
3656,0.02609,2,223088415,0.1193,4.96604e-06,ebi-a-GCST90001732,rs7608595,C,T,0.6675, || id:ebi-a-GCST90001732,TRUE,reported,igd
3656,0.07346,3,1066077,0.3581,1.13799e-06,ebi-a-GCST90001732,rs34205222,A,G,0.0279, || id:ebi-a-GCST90001732,TRUE,reported,igd
3656,0.1285,3,60405606,0.6101,2.13801e-06,ebi-a-GCST90001732,rs242172,G,T,0.0093, || id:ebi-a-GCST90001732,TRUE,reported,igd
3656,0.02557,3,100795543,0.1142,8.124e-06,ebi-a-GCST90001732,rs12636323,T,G,0.3952, || id:ebi-a-GCST90001732,TRUE,reported,igd
3656,0.02486,3,124875178,-0.1133,5.36204e-06,ebi-a-GCST90001732,rs631691,T,C,0.5201, || id:ebi-a-GCST90001732,TRUE,reported,igd
3656,0.08576,4,173244216,0.414,1.43599e-06,ebi-a-GCST90001732,rs115952864,A,G,0.0208, || id:ebi-a-GCST90001732,TRUE,reported,igd
3656,0.05837,4,2746567,0.2691,4.17503e-06,ebi-a-GCST90001732,rs116412781,T,C,0.0475, || id:ebi-a-GCST90001732,TRUE,reported,igd
3656,0.05347,4,163336202,0.2567,1.639e-06,ebi-a-GCST90001732,rs144574165,T,C,0.0581, || id:ebi-a-GCST90001732,TRUE,reported,igd
3656,0.07821,5,175612761,0.3565,5.31704e-06,ebi-a-GCST90001732,rs142291539,A,G,0.0269, || id:ebi-a-GCST90001732,TRUE,reported,igd
3656,0.05119,6,19794487,-0.2277,8.95303e-06,ebi-a-GCST90001732,rs9350187,T,C,0.0607, || id:ebi-a-GCST90001732,TRUE,reported,igd
3656,0.04575,6,75109171,0.2028,9.57789e-06,ebi-a-GCST90001732,rs71555251,A,G,0.0796, || id:ebi-a-GCST90001732,TRUE,reported,igd
3656,0.02817,7,51994027,-0.1259,8.019e-06,ebi-a-GCST90001732,rs62463053,C,G,0.2629, || id:ebi-a-GCST90001732,TRUE,reported,igd
3656,0.04284,8,69895735,0.1981,3.91399e-06,ebi-a-GCST90001732,rs75663256,A,C,0.0896, || id:ebi-a-GCST90001732,TRUE,reported,igd
3656,0.02458,8,142521360,-0.1112,6.25504e-06,ebi-a-GCST90001732,rs10216993,T,C,0.4624, || id:ebi-a-GCST90001732,TRUE,reported,igd
3656,0.02466,9,95896099,-0.1158,2.73099e-06,ebi-a-GCST90001732,rs10821075,A,G,0.4393, || id:ebi-a-GCST90001732,TRUE,reported,igd
3656,0.1926,11,18601510,0.8987,3.18398e-06,ebi-a-GCST90001732,rs61884722,C,T,0.0041, || id:ebi-a-GCST90001732,TRUE,reported,igd
3656,0.09136,13,20089809,-0.4166,5.26902e-06,ebi-a-GCST90001732,rs148390689,C,T,0.0186, || id:ebi-a-GCST90001732,TRUE,reported,igd
3656,0.04525,15,45169337,-0.2039,6.80096e-06,ebi-a-GCST90001732,rs114723901,A,G,0.0873, || id:ebi-a-GCST90001732,TRUE,reported,igd
3656,0.02547,16,28973268,0.1162,5.22601e-06,ebi-a-GCST90001732,rs11643297,G,A,0.6111, || id:ebi-a-GCST90001732,TRUE,reported,igd
3656,0.2187,16,32422808,-1.105,4.53503e-07,ebi-a-GCST90001732,rs138920008,C,G,0.0041, || id:ebi-a-GCST90001732,TRUE,reported,igd
3656,0.02626,18,60850310,-0.137,1.923e-07,ebi-a-GCST90001732,rs12968867,A,G,0.6744, || id:ebi-a-GCST90001732,TRUE,reported,igd
3656,0.06279,22,43167446,-0.2905,3.84804e-06,ebi-a-GCST90001732,rs113612962,C,G,0.0402, || id:ebi-a-GCST90001732,TRUE,reported,igd
