se.exposure,pos.exposure,samplesize.exposure,beta.exposure,pval.exposure,chr.exposure,id.exposure,SNP,effect_allele.exposure,other_allele.exposure,eaf.exposure,exposure,mr_keep.exposure,pval_origin.exposure,data_source.exposure
0.04837,247286936,1857,-0.2383,9.09097e-07,1,ebi-a-GCST90001516,rs12094489,A,G,0.1373, || id:ebi-a-GCST90001516,TRUE,reported,igd
0.09656,176970247,1857,-0.5379,2.91897e-08,2,ebi-a-GCST90001516,rs72923436,A,C,0.0307, || id:ebi-a-GCST90001516,TRUE,reported,igd
0.07241,113575708,1857,-0.3737,2.72402e-07,3,ebi-a-GCST90001516,rs9829934,T,A,0.0582, || id:ebi-a-GCST90001516,TRUE,reported,igd
0.03564,179340006,1857,-0.167,2.98497e-06,5,ebi-a-GCST90001516,rs469318,C,T,0.3024, || id:ebi-a-GCST90001516,TRUE,reported,igd
0.06165,10417917,1857,0.2747,8.8589e-06,6,ebi-a-GCST90001516,rs79899973,C,T,0.074, || id:ebi-a-GCST90001516,TRUE,reported,igd
0.1863,873131,1857,-0.8503,5.35599e-06,6,ebi-a-GCST90001516,rs115076391,C,T,0.0078, || id:ebi-a-GCST90001516,TRUE,reported,igd
0.4325,141084101,1857,-1.976,5.20799e-06,7,ebi-a-GCST90001516,rs182908654,C,T,0.0019, || id:ebi-a-GCST90001516,TRUE,reported,igd
0.2377,117925703,1857,-1.066,7.76497e-06,7,ebi-a-GCST90001516,rs41928,G,T,0.9943, || id:ebi-a-GCST90001516,TRUE,reported,igd
0.09126,32093300,1857,-0.4335,2.19498e-06,9,ebi-a-GCST90001516,rs147302158,G,A,0.0369, || id:ebi-a-GCST90001516,TRUE,reported,igd
0.1217,129479345,1857,0.5458,7.808e-06,9,ebi-a-GCST90001516,rs12350919,T,C,0.0199, || id:ebi-a-GCST90001516,TRUE,reported,igd
0.2228,49759225,1857,-0.9907,9.21595e-06,10,ebi-a-GCST90001516,rs139228307,A,G,0.0059, || id:ebi-a-GCST90001516,TRUE,reported,igd
0.1007,10423376,1857,0.4464,9.86597e-06,10,ebi-a-GCST90001516,rs7907229,T,C,0.0267, || id:ebi-a-GCST90001516,TRUE,reported,igd
0.3142,117921053,1857,-1.503,1.852e-06,10,ebi-a-GCST90001516,rs2420243,T,A,0.0027, || id:ebi-a-GCST90001516,TRUE,reported,igd
0.1452,127752441,1857,-0.675,3.58699e-06,10,ebi-a-GCST90001516,rs3829176,T,C,0.0132, || id:ebi-a-GCST90001516,TRUE,reported,igd
0.03423,93613399,1857,0.1528,8.57492e-06,14,ebi-a-GCST90001516,rs12878160,T,C,0.6292, || id:ebi-a-GCST90001516,TRUE,reported,igd
0.04735,74210489,1857,-0.2101,9.67899e-06,16,ebi-a-GCST90001516,rs12443996,T,G,0.1373, || id:ebi-a-GCST90001516,TRUE,reported,igd
0.04632,8786913,1857,-0.2163,3.24601e-06,19,ebi-a-GCST90001516,rs4499342,T,C,0.1527, || id:ebi-a-GCST90001516,TRUE,reported,igd
0.04819,51476715,1857,0.2248,3.31101e-06,19,ebi-a-GCST90001516,rs1701958,G,C,0.1314, || id:ebi-a-GCST90001516,TRUE,reported,igd
0.1161,47622471,1857,0.5143,9.92499e-06,19,ebi-a-GCST90001516,rs151124788,G,C,0.0213, || id:ebi-a-GCST90001516,TRUE,reported,igd
0.03266,51728641,1857,0.2522,1.8608e-14,19,ebi-a-GCST90001516,rs2455069,G,A,0.5197, || id:ebi-a-GCST90001516,TRUE,reported,igd
0.03332,46598506,1857,-0.1594,1.85999e-06,21,ebi-a-GCST90001516,rs1537122,T,C,0.5312, || id:ebi-a-GCST90001516,TRUE,reported,igd
0.05064,47428075,1857,0.2287,6.70101e-06,21,ebi-a-GCST90001516,rs12482767,A,G,0.1206, || id:ebi-a-GCST90001516,TRUE,reported,igd
