beta.exposure,se.exposure,chr.exposure,samplesize.exposure,pos.exposure,pval.exposure,id.exposure,SNP,effect_allele.exposure,other_allele.exposure,eaf.exposure,exposure,mr_keep.exposure,pval_origin.exposure,data_source.exposure
-2.596,0.2832,1,3440,198524264,8.25848e-20,ebi-a-GCST90001692,rs146620586,T,G,0.0032, || id:ebi-a-GCST90001692,TRUE,reported,igd
-0.427,0.08607,1,3440,193505625,7.35005e-07,ebi-a-GCST90001692,rs60220946,T,C,0.0212, || id:ebi-a-GCST90001692,TRUE,reported,igd
-1.249,0.188,1,3440,199999121,3.54568e-11,ebi-a-GCST90001692,rs11579717,A,G,0.0044, || id:ebi-a-GCST90001692,TRUE,reported,igd
-1.138,0.2303,1,3440,190079170,8.11708e-07,ebi-a-GCST90001692,rs138915779,A,C,0.0035, || id:ebi-a-GCST90001692,TRUE,reported,igd
-0.205,0.04573,2,3440,46479929,7.63801e-06,ebi-a-GCST90001692,rs76557351,C,G,0.0808, || id:ebi-a-GCST90001692,TRUE,reported,igd
-0.2404,0.05231,3,3440,131340841,4.458e-06,ebi-a-GCST90001692,rs144716339,T,C,0.0624, || id:ebi-a-GCST90001692,TRUE,reported,igd
-3.123,0.6744,3,3440,84498712,3.76903e-06,ebi-a-GCST90001692,rs147285635,A,G,3e-04, || id:ebi-a-GCST90001692,TRUE,reported,igd
-3.299,0.7035,4,3440,97974344,2.83498e-06,ebi-a-GCST90001692,rs114547596,G,A,7e-04, || id:ebi-a-GCST90001692,TRUE,reported,igd
-0.1219,0.02673,4,3440,181208931,5.31998e-06,ebi-a-GCST90001692,rs6812204,C,T,0.689, || id:ebi-a-GCST90001692,TRUE,reported,igd
-0.2553,0.05455,4,3440,88757559,2.96702e-06,ebi-a-GCST90001692,rs138969403,T,A,0.0564, || id:ebi-a-GCST90001692,TRUE,reported,igd
-2.1,0.4744,4,3440,99216768,9.83694e-06,ebi-a-GCST90001692,rs12498745,A,G,6e-04, || id:ebi-a-GCST90001692,TRUE,reported,igd
0.1446,0.0259,4,3440,78946913,2.57798e-08,ebi-a-GCST90001692,rs4368632,C,G,0.623, || id:ebi-a-GCST90001692,TRUE,reported,igd
-0.1288,0.0278,4,3440,116872471,3.73396e-06,ebi-a-GCST90001692,rs28800474,C,T,0.2948, || id:ebi-a-GCST90001692,TRUE,reported,igd
-0.1287,0.02857,4,3440,55480792,6.80096e-06,ebi-a-GCST90001692,rs17230697,T,C,0.2669, || id:ebi-a-GCST90001692,TRUE,reported,igd
0.1267,0.02622,5,3440,134576018,1.422e-06,ebi-a-GCST90001692,rs9327711,C,G,0.3285, || id:ebi-a-GCST90001692,TRUE,reported,igd
0.1459,0.03188,5,3440,39623055,4.85903e-06,ebi-a-GCST90001692,rs62359129,T,A,0.2058, || id:ebi-a-GCST90001692,TRUE,reported,igd
0.2395,0.03338,6,3440,31322911,8.82064e-13,ebi-a-GCST90001692,rs1051488,T,C,0.7693, || id:ebi-a-GCST90001692,TRUE,reported,igd
-0.2338,0.03453,6,3440,32589523,1.48184e-11,ebi-a-GCST90001692,rs9271513,G,C,0.7833, || id:ebi-a-GCST90001692,TRUE,reported,igd
-3.338,0.7169,6,3440,149103548,3.33903e-06,ebi-a-GCST90001692,rs111328168,G,A,3e-04, || id:ebi-a-GCST90001692,TRUE,reported,igd
-0.2958,0.05842,6,3440,29906010,4.347e-07,ebi-a-GCST90001692,rs12663276,G,A,0.0709, || id:ebi-a-GCST90001692,TRUE,reported,igd
0.2569,0.05699,7,3440,22504488,6.77096e-06,ebi-a-GCST90001692,rs77336134,C,T,0.0516, || id:ebi-a-GCST90001692,TRUE,reported,igd
0.1197,0.02619,7,3440,134137705,5.04406e-06,ebi-a-GCST90001692,rs3896278,T,C,0.3775, || id:ebi-a-GCST90001692,TRUE,reported,igd
-0.1421,0.03153,9,3440,38410242,6.79204e-06,ebi-a-GCST90001692,rs7863844,G,T,0.1933, || id:ebi-a-GCST90001692,TRUE,reported,igd
0.1442,0.03213,11,3440,43997280,7.44303e-06,ebi-a-GCST90001692,rs7948625,A,G,0.1888, || id:ebi-a-GCST90001692,TRUE,reported,igd
0.1205,0.02564,12,3440,97559603,2.72402e-06,ebi-a-GCST90001692,rs1558728,A,T,0.4347, || id:ebi-a-GCST90001692,TRUE,reported,igd
-0.4201,0.08689,12,3440,23030395,1.393e-06,ebi-a-GCST90001692,rs12317609,G,A,0.0215, || id:ebi-a-GCST90001692,TRUE,reported,igd
-7.295,1.649,12,3440,79661771,9.97493e-06,ebi-a-GCST90001692,rs12314907,G,A,NA, || id:ebi-a-GCST90001692,TRUE,reported,igd
0.2164,0.04811,12,3440,43252206,7.07506e-06,ebi-a-GCST90001692,rs79222153,C,T,0.0807, || id:ebi-a-GCST90001692,TRUE,reported,igd
-0.1203,0.02681,13,3440,30488990,7.45298e-06,ebi-a-GCST90001692,rs2892496,G,A,0.3267, || id:ebi-a-GCST90001692,TRUE,reported,igd
-0.1678,0.03699,15,3440,65376824,5.92994e-06,ebi-a-GCST90001692,rs11629948,A,T,0.1359, || id:ebi-a-GCST90001692,TRUE,reported,igd
-0.2324,0.05219,16,3440,7862725,8.76093e-06,ebi-a-GCST90001692,rs8051285,C,T,0.058, || id:ebi-a-GCST90001692,TRUE,reported,igd
-0.3289,0.07287,20,3440,59223621,6.58506e-06,ebi-a-GCST90001692,rs1150437,T,C,0.0282, || id:ebi-a-GCST90001692,TRUE,reported,igd
1.272,0.2808,22,3440,50795620,6.1e-06,ebi-a-GCST90001692,rs79865452,G,A,0.0019, || id:ebi-a-GCST90001692,TRUE,reported,igd
