beta.exposure,se.exposure,pos.exposure,samplesize.exposure,chr.exposure,pval.exposure,id.exposure,SNP,effect_allele.exposure,other_allele.exposure,eaf.exposure,exposure,mr_keep.exposure,pval_origin.exposure,data_source.exposure
0.1259,0.02794,61404905,3440,2,6.81397e-06,ebi-a-GCST90001694,rs3821224,G,C,0.4369, || id:ebi-a-GCST90001694,TRUE,reported,igd
-0.2826,0.06188,45208257,3440,2,5.13701e-06,ebi-a-GCST90001694,rs115953192,G,A,0.0464, || id:ebi-a-GCST90001694,TRUE,reported,igd
0.2159,0.03275,87035076,3440,2,5.00495e-11,ebi-a-GCST90001694,rs6755452,G,T,0.189, || id:ebi-a-GCST90001694,TRUE,reported,igd
-0.5406,0.1168,75722749,3440,2,3.80102e-06,ebi-a-GCST90001694,rs76549873,C,T,0.0134, || id:ebi-a-GCST90001694,TRUE,reported,igd
-0.8722,0.1882,118074543,3440,3,3.70604e-06,ebi-a-GCST90001694,rs75941798,C,T,0.0051, || id:ebi-a-GCST90001694,TRUE,reported,igd
0.3042,0.06797,96715064,3440,4,7.85706e-06,ebi-a-GCST90001694,rs144346829,A,G,0.0392, || id:ebi-a-GCST90001694,TRUE,reported,igd
0.1779,0.03737,147357834,3440,4,2.00498e-06,ebi-a-GCST90001694,rs66989520,T,C,0.1456, || id:ebi-a-GCST90001694,TRUE,reported,igd
-0.2243,0.04795,83043360,3440,5,3.00497e-06,ebi-a-GCST90001694,rs1580183,G,A,0.0804, || id:ebi-a-GCST90001694,TRUE,reported,igd
0.4291,0.07557,102294761,3440,6,1.477e-08,ebi-a-GCST90001694,rs139249541,G,A,0.0312, || id:ebi-a-GCST90001694,TRUE,reported,igd
0.3371,0.06742,100526652,3440,6,6.02907e-07,ebi-a-GCST90001694,rs79086781,T,C,0.0381, || id:ebi-a-GCST90001694,TRUE,reported,igd
-1.705,0.3597,15826226,3440,6,2.21401e-06,ebi-a-GCST90001694,rs74593262,T,C,0.0012, || id:ebi-a-GCST90001694,TRUE,reported,igd
0.2727,0.06114,97889936,3440,6,8.41395e-06,ebi-a-GCST90001694,rs9488834,A,G,0.0464, || id:ebi-a-GCST90001694,TRUE,reported,igd
0.2334,0.04707,100905226,3440,6,7.39299e-07,ebi-a-GCST90001694,rs6907169,G,C,0.0824, || id:ebi-a-GCST90001694,TRUE,reported,igd
-0.1228,0.02595,103602649,3440,8,2.31201e-06,ebi-a-GCST90001694,rs2511751,T,C,0.4331, || id:ebi-a-GCST90001694,TRUE,reported,igd
-0.1255,0.02611,21784225,3440,9,1.60602e-06,ebi-a-GCST90001694,rs958219,C,T,0.4119, || id:ebi-a-GCST90001694,TRUE,reported,igd
0.1771,0.03918,138405168,3440,9,6.38896e-06,ebi-a-GCST90001694,rs73560923,A,G,0.1154, || id:ebi-a-GCST90001694,TRUE,reported,igd
-0.1431,0.03044,2967977,3440,10,2.70203e-06,ebi-a-GCST90001694,rs1875168,G,A,0.7741, || id:ebi-a-GCST90001694,TRUE,reported,igd
-0.14,0.03029,96943194,3440,10,3.92202e-06,ebi-a-GCST90001694,rs36037322,C,T,0.2654, || id:ebi-a-GCST90001694,TRUE,reported,igd
0.3088,0.06891,115625047,3440,10,7.68405e-06,ebi-a-GCST90001694,rs117477265,T,C,0.0356, || id:ebi-a-GCST90001694,TRUE,reported,igd
-0.2123,0.04619,16325844,3440,11,4.45e-06,ebi-a-GCST90001694,rs78936881,T,C,0.0887, || id:ebi-a-GCST90001694,TRUE,reported,igd
0.1863,0.04188,31103286,3440,12,8.90389e-06,ebi-a-GCST90001694,rs140444563,G,T,0.1084, || id:ebi-a-GCST90001694,TRUE,reported,igd
0.1773,0.03883,51308539,3440,14,5.15003e-06,ebi-a-GCST90001694,rs142716558,G,A,0.1294, || id:ebi-a-GCST90001694,TRUE,reported,igd
0.1485,0.03238,33280360,3440,17,4.67197e-06,ebi-a-GCST90001694,rs8077688,T,A,0.8015, || id:ebi-a-GCST90001694,TRUE,reported,igd
-0.2627,0.05866,1235562,3440,17,7.76497e-06,ebi-a-GCST90001694,rs140247402,T,C,0.049, || id:ebi-a-GCST90001694,TRUE,reported,igd
0.1701,0.02733,33794697,3440,17,5.51303e-10,ebi-a-GCST90001694,rs9896155,G,A,0.6741, || id:ebi-a-GCST90001694,TRUE,reported,igd
-0.2368,0.05213,21693075,3440,19,5.76899e-06,ebi-a-GCST90001694,rs8113259,C,T,0.0702, || id:ebi-a-GCST90001694,TRUE,reported,igd
-0.1482,0.03233,15247433,3440,21,4.69699e-06,ebi-a-GCST90001694,rs9978065,C,T,0.6388, || id:ebi-a-GCST90001694,TRUE,reported,igd
