samplesize.exposure,pval.exposure,pos.exposure,se.exposure,beta.exposure,chr.exposure,id.exposure,SNP,effect_allele.exposure,other_allele.exposure,eaf.exposure,exposure,mr_keep.exposure,pval_origin.exposure,data_source.exposure
3595,4.062e-06,33925087,0.273,-1.26,3,ebi-a-GCST90001626,rs116253486,C,T,0.0015, || id:ebi-a-GCST90001626,TRUE,reported,igd
3595,5.39697e-06,179820505,0.02261,-0.103,3,ebi-a-GCST90001626,rs1608073,T,C,0.6028, || id:ebi-a-GCST90001626,TRUE,reported,igd
3595,4.41205e-06,169629403,0.04384,0.2016,5,ebi-a-GCST90001626,rs4867947,A,C,0.0691, || id:ebi-a-GCST90001626,TRUE,reported,igd
3595,8.40408e-06,10838090,0.0228,-0.1017,5,ebi-a-GCST90001626,rs12716076,G,A,0.5775, || id:ebi-a-GCST90001626,TRUE,reported,igd
3595,1.32501e-06,32582612,0.02822,0.1367,6,ebi-a-GCST90001626,rs3104414,A,G,0.3812, || id:ebi-a-GCST90001626,TRUE,reported,igd
3595,5.24095e-06,104592705,0.1203,-0.549,8,ebi-a-GCST90001626,rs150440365,G,A,0.0088, || id:ebi-a-GCST90001626,TRUE,reported,igd
3595,8.44792e-06,26844259,0.05264,-0.2348,8,ebi-a-GCST90001626,rs112418658,C,T,0.0458, || id:ebi-a-GCST90001626,TRUE,reported,igd
3595,5.75201e-06,103550528,0.09676,-0.4395,8,ebi-a-GCST90001626,rs117868023,A,G,0.0134, || id:ebi-a-GCST90001626,TRUE,reported,igd
3595,1.392e-08,117645562,0.02345,-0.1334,9,ebi-a-GCST90001626,rs7032773,T,C,0.4182, || id:ebi-a-GCST90001626,TRUE,reported,igd
3595,6.30507e-06,3066899,0.03856,-0.1744,10,ebi-a-GCST90001626,rs7088079,A,G,0.0892, || id:ebi-a-GCST90001626,TRUE,reported,igd
3595,1.30401e-06,14354060,0.0233,0.1129,12,ebi-a-GCST90001626,rs7972178,T,G,0.6476, || id:ebi-a-GCST90001626,TRUE,reported,igd
3595,8.96809e-06,71660112,0.02427,0.1079,12,ebi-a-GCST90001626,rs7964565,A,T,0.2983, || id:ebi-a-GCST90001626,TRUE,reported,igd
3595,3.25702e-06,45842287,0.02636,0.1229,14,ebi-a-GCST90001626,rs4906573,C,T,0.2399, || id:ebi-a-GCST90001626,TRUE,reported,igd
3595,2.57899e-06,84375706,0.02709,0.1276,16,ebi-a-GCST90001626,rs7202106,T,C,0.7811, || id:ebi-a-GCST90001626,TRUE,reported,igd
3595,1.34307e-33,10970902,0.02551,-0.3114,16,ebi-a-GCST90001626,rs3087456,A,G,0.7662, || id:ebi-a-GCST90001626,TRUE,reported,igd
3595,8.19596e-06,20039728,0.04543,-0.2029,18,ebi-a-GCST90001626,rs539211,C,T,0.9363, || id:ebi-a-GCST90001626,TRUE,reported,igd
3595,1.74799e-06,39400504,0.02408,-0.1153,19,ebi-a-GCST90001626,rs12609975,G,A,0.7039, || id:ebi-a-GCST90001626,TRUE,reported,igd
3595,3.23899e-06,1671156,0.04729,-0.2205,19,ebi-a-GCST90001626,rs140410174,T,C,0.0598, || id:ebi-a-GCST90001626,TRUE,reported,igd
3595,2.39999e-06,53134203,0.02271,-0.1073,19,ebi-a-GCST90001626,rs12610775,G,A,0.4302, || id:ebi-a-GCST90001626,TRUE,reported,igd
3595,8.96396e-06,58624500,0.02292,-0.1019,20,ebi-a-GCST90001626,rs6071096,C,T,0.6328, || id:ebi-a-GCST90001626,TRUE,reported,igd
3595,4.67498e-06,48226137,0.1224,-0.5613,22,ebi-a-GCST90001626,rs149004280,T,C,0.0079, || id:ebi-a-GCST90001626,TRUE,reported,igd
3595,1.33101e-06,23690325,0.02271,-0.11,22,ebi-a-GCST90001626,rs11090233,A,G,0.611, || id:ebi-a-GCST90001626,TRUE,reported,igd
