pos.exposure,beta.exposure,samplesize.exposure,pval.exposure,chr.exposure,se.exposure,id.exposure,SNP,effect_allele.exposure,other_allele.exposure,eaf.exposure,exposure,mr_keep.exposure,pval_origin.exposure,data_source.exposure
15966713,0.142,3652,5.89794e-06,1,0.0313,ebi-a-GCST90001630,rs17448682,T,C,0.1967, || id:ebi-a-GCST90001630,TRUE,reported,igd
113838725,0.1451,3652,4.57499e-06,2,0.03161,ebi-a-GCST90001630,rs55699240,C,G,0.1933, || id:ebi-a-GCST90001630,TRUE,reported,igd
183735909,-1.538,3652,1.59801e-06,3,0.32,ebi-a-GCST90001630,rs60553229,A,G,0.0014, || id:ebi-a-GCST90001630,TRUE,reported,igd
24439455,-0.1251,3652,4.31897e-06,4,0.02718,ebi-a-GCST90001630,rs4235317,T,C,0.7134, || id:ebi-a-GCST90001630,TRUE,reported,igd
44207850,0.2065,3652,9.21298e-06,6,0.04649,ebi-a-GCST90001630,rs115889733,A,G,0.0776, || id:ebi-a-GCST90001630,TRUE,reported,igd
31382133,-0.1338,3652,2.95699e-06,6,0.02858,ebi-a-GCST90001630,rs7756993,C,T,0.5481, || id:ebi-a-GCST90001630,TRUE,reported,igd
32443266,0.1671,3652,3.31398e-08,6,0.03018,ebi-a-GCST90001630,rs9269109,C,T,0.3642, || id:ebi-a-GCST90001630,TRUE,reported,igd
132417404,0.1122,3652,7.24903e-06,7,0.02497,ebi-a-GCST90001630,rs593435,T,C,0.5344, || id:ebi-a-GCST90001630,TRUE,reported,igd
23209757,0.2742,3652,2.03002e-06,7,0.05762,ebi-a-GCST90001630,rs34575510,T,C,0.0487, || id:ebi-a-GCST90001630,TRUE,reported,igd
52580478,0.1523,3652,2.59e-06,7,0.03234,ebi-a-GCST90001630,rs2041561,C,G,0.8213, || id:ebi-a-GCST90001630,TRUE,reported,igd
145007534,0.1169,3652,2.88802e-06,8,0.02495,ebi-a-GCST90001630,rs7003580,T,C,0.5122, || id:ebi-a-GCST90001630,TRUE,reported,igd
10082863,0.3468,3652,5.35402e-06,9,0.0761,ebi-a-GCST90001630,rs78099351,C,A,0.0259, || id:ebi-a-GCST90001630,TRUE,reported,igd
73024602,0.1325,3652,1.34602e-06,9,0.02737,ebi-a-GCST90001630,rs4745010,G,A,0.3159, || id:ebi-a-GCST90001630,TRUE,reported,igd
90237398,-0.1298,3652,4.72803e-07,10,0.02573,ebi-a-GCST90001630,rs1325907,A,G,0.5795, || id:ebi-a-GCST90001630,TRUE,reported,igd
112189184,-0.3155,3652,2.30298e-06,11,0.06667,ebi-a-GCST90001630,rs12792298,T,C,0.0345, || id:ebi-a-GCST90001630,TRUE,reported,igd
112705025,-0.3964,3652,4.6505e-24,11,0.0389,ebi-a-GCST90001630,rs78268116,T,C,0.1097, || id:ebi-a-GCST90001630,TRUE,reported,igd
112914680,0.1477,3652,1.68702e-06,11,0.03079,ebi-a-GCST90001630,rs12224032,G,C,0.2088, || id:ebi-a-GCST90001630,TRUE,reported,igd
70988762,0.3176,3652,2.48897e-06,11,0.06734,ebi-a-GCST90001630,rs144156455,C,T,0.0356, || id:ebi-a-GCST90001630,TRUE,reported,igd
2325581,-0.1237,3652,6.76099e-07,11,0.02486,ebi-a-GCST90001630,rs2074023,T,C,0.4121, || id:ebi-a-GCST90001630,TRUE,reported,igd
47944164,0.34,3652,6.01395e-06,12,0.075,ebi-a-GCST90001630,rs73109444,T,C,0.0279, || id:ebi-a-GCST90001630,TRUE,reported,igd
105063882,0.1113,3652,8.02602e-06,12,0.02489,ebi-a-GCST90001630,rs12422853,A,G,0.4261, || id:ebi-a-GCST90001630,TRUE,reported,igd
27907115,-0.7438,3652,5.96197e-06,13,0.164,ebi-a-GCST90001630,rs61944019,A,G,0.0052, || id:ebi-a-GCST90001630,TRUE,reported,igd
109403845,-0.4686,3652,6.62796e-06,13,0.1039,ebi-a-GCST90001630,rs117122100,T,C,0.0141, || id:ebi-a-GCST90001630,TRUE,reported,igd
33800249,-0.2038,3652,2.84499e-07,17,0.03962,ebi-a-GCST90001630,rs11658693,G,A,0.1123, || id:ebi-a-GCST90001630,TRUE,reported,igd
74612462,0.1138,3652,4.33102e-06,17,0.02473,ebi-a-GCST90001630,rs12940345,T,C,0.5487, || id:ebi-a-GCST90001630,TRUE,reported,igd
32852145,0.1228,3652,8.19993e-06,19,0.0275,ebi-a-GCST90001630,rs1008425,G,A,0.7178, || id:ebi-a-GCST90001630,TRUE,reported,igd
59623849,0.1155,3652,6.03198e-06,20,0.02547,ebi-a-GCST90001630,rs1077381,T,C,0.3627, || id:ebi-a-GCST90001630,TRUE,reported,igd
