samplesize.exposure,chr.exposure,se.exposure,beta.exposure,pval.exposure,pos.exposure,id.exposure,SNP,effect_allele.exposure,other_allele.exposure,eaf.exposure,exposure,mr_keep.exposure,pval_origin.exposure,data_source.exposure
3657,1,0.03772,0.1723,5.07797e-06,53008441,ebi-a-GCST90001760,rs11205970,T,A,0.1373, || id:ebi-a-GCST90001760,TRUE,reported,igd
3657,2,0.07792,0.3655,2.82599e-06,178858731,ebi-a-GCST90001760,rs187188344,G,C,0.0269, || id:ebi-a-GCST90001760,TRUE,reported,igd
3657,3,0.02856,0.1311,4.581e-06,21797575,ebi-a-GCST90001760,rs9310657,G,T,0.7637, || id:ebi-a-GCST90001760,TRUE,reported,igd
3657,4,0.07765,-0.3755,1.38401e-06,23393356,ebi-a-GCST90001760,rs13133046,G,A,0.0245, || id:ebi-a-GCST90001760,TRUE,reported,igd
3657,4,0.03129,-0.1451,3.64401e-06,190508875,ebi-a-GCST90001760,rs62340965,A,T,0.2158, || id:ebi-a-GCST90001760,TRUE,reported,igd
3657,4,0.02506,0.1119,8.23607e-06,100832060,ebi-a-GCST90001760,rs2114442,T,C,0.5751, || id:ebi-a-GCST90001760,TRUE,reported,igd
3657,5,0.07161,0.3517,9.46194e-07,162820460,ebi-a-GCST90001760,rs77612075,T,C,0.0293, || id:ebi-a-GCST90001760,TRUE,reported,igd
3657,6,0.1156,0.538,3.38197e-06,149134235,ebi-a-GCST90001760,rs77330263,T,C,0.0113, || id:ebi-a-GCST90001760,TRUE,reported,igd
3657,6,0.0461,0.2604,1.74699e-08,31809504,ebi-a-GCST90001760,rs112405902,A,G,0.1069, || id:ebi-a-GCST90001760,TRUE,reported,igd
3657,6,0.04038,0.2051,3.97704e-07,29818726,ebi-a-GCST90001760,rs2523761,G,A,0.1628, || id:ebi-a-GCST90001760,TRUE,reported,igd
3657,6,0.02474,-0.1166,2.53303e-06,14806317,ebi-a-GCST90001760,rs233495,T,C,0.5585, || id:ebi-a-GCST90001760,TRUE,reported,igd
3657,6,0.09174,-0.438,1.87802e-06,32623828,ebi-a-GCST90001760,rs147717587,T,C,0.0544, || id:ebi-a-GCST90001760,TRUE,reported,igd
3657,6,0.03694,0.2282,7.24803e-10,15858996,ebi-a-GCST90001760,rs6459417,T,C,0.8737, || id:ebi-a-GCST90001760,TRUE,reported,igd
3657,6,0.04736,0.2569,6.22702e-08,31209854,ebi-a-GCST90001760,rs28572463,C,G,0.1081, || id:ebi-a-GCST90001760,TRUE,reported,igd
3657,9,0.02547,-0.1329,1.91699e-07,37002142,ebi-a-GCST90001760,rs12554596,G,A,0.3891, || id:ebi-a-GCST90001760,TRUE,reported,igd
3657,10,0.2325,1.036,8.62402e-06,132155649,ebi-a-GCST90001760,rs149312070,T,C,0.003, || id:ebi-a-GCST90001760,TRUE,reported,igd
3657,10,0.02555,0.117,4.78498e-06,26741516,ebi-a-GCST90001760,rs10047347,T,C,0.4197, || id:ebi-a-GCST90001760,TRUE,reported,igd
3657,10,0.5769,-2.625,5.54294e-06,75422693,ebi-a-GCST90001760,rs182220218,G,A,5e-04, || id:ebi-a-GCST90001760,TRUE,reported,igd
3657,11,0.04163,-0.2525,1.45301e-09,60249734,ebi-a-GCST90001760,rs4447195,T,C,0.0982, || id:ebi-a-GCST90001760,TRUE,reported,igd
3657,11,0.04012,0.1869,3.31398e-06,60288804,ebi-a-GCST90001760,rs149695230,G,T,0.1079, || id:ebi-a-GCST90001760,TRUE,reported,igd
3657,13,0.164,-0.7343,7.74694e-06,64174465,ebi-a-GCST90001760,rs149214933,G,T,0.0062, || id:ebi-a-GCST90001760,TRUE,reported,igd
3657,19,0.04191,0.1888,6.83392e-06,50953211,ebi-a-GCST90001760,rs75146873,C,G,0.0991, || id:ebi-a-GCST90001760,TRUE,reported,igd
3657,19,0.02912,-0.2404,2.09218e-16,49853881,ebi-a-GCST90001760,rs6509428,T,C,0.2323, || id:ebi-a-GCST90001760,TRUE,reported,igd
3657,19,0.05379,-0.2489,3.84902e-06,3361489,ebi-a-GCST90001760,rs12460030,C,T,0.9445, || id:ebi-a-GCST90001760,TRUE,reported,igd
3657,22,0.366,1.716,2.84197e-06,32864978,ebi-a-GCST90001760,rs78398983,A,G,0.0011, || id:ebi-a-GCST90001760,TRUE,reported,igd
