samplesize.exposure,pos.exposure,chr.exposure,beta.exposure,pval.exposure,se.exposure,id.exposure,SNP,effect_allele.exposure,other_allele.exposure,eaf.exposure,exposure,mr_keep.exposure,pval_origin.exposure,data_source.exposure
3042,169664867,1,0.3359,4.36918e-29,0.02969,ebi-a-GCST90001451,rs4987360,G,A,0.2763, || id:ebi-a-GCST90001451,TRUE,reported,igd
3042,169701466,1,-0.3294,3.93496e-07,0.06481,ebi-a-GCST90001451,rs4656708,C,A,0.0457, || id:ebi-a-GCST90001451,TRUE,reported,igd
3042,99082513,1,0.3492,9.03005e-06,0.07853,ebi-a-GCST90001451,rs141287837,C,T,0.0306, || id:ebi-a-GCST90001451,TRUE,reported,igd
3042,356029,2,0.5758,9.34609e-06,0.1297,ebi-a-GCST90001451,rs11694457,C,T,0.0113, || id:ebi-a-GCST90001451,TRUE,reported,igd
3042,174360449,3,-0.1976,5.66304e-06,0.04346,ebi-a-GCST90001451,rs9824107,A,C,0.106, || id:ebi-a-GCST90001451,TRUE,reported,igd
3042,16446085,3,0.228,6.40295e-06,0.05043,ebi-a-GCST90001451,rs62236339,A,T,0.0769, || id:ebi-a-GCST90001451,TRUE,reported,igd
3042,31661754,3,0.227,4.89204e-08,0.04151,ebi-a-GCST90001451,rs9859349,A,G,0.1205, || id:ebi-a-GCST90001451,TRUE,reported,igd
3042,32848987,4,-0.1512,2.34002e-06,0.03196,ebi-a-GCST90001451,rs36141595,G,A,0.2516, || id:ebi-a-GCST90001451,TRUE,reported,igd
3042,56771414,4,0.1467,7.76694e-07,0.02962,ebi-a-GCST90001451,rs1816932,A,G,0.2855, || id:ebi-a-GCST90001451,TRUE,reported,igd
3042,110456263,5,-0.2904,5.01695e-07,0.05766,ebi-a-GCST90001451,rs17624563,G,C,0.0569, || id:ebi-a-GCST90001451,TRUE,reported,igd
3042,177033794,5,-0.1315,6.29506e-07,0.02634,ebi-a-GCST90001451,rs11249570,A,G,0.4578, || id:ebi-a-GCST90001451,TRUE,reported,igd
3042,5737796,5,-0.1315,1.37101e-06,0.02718,ebi-a-GCST90001451,rs2399610,G,A,0.4988, || id:ebi-a-GCST90001451,TRUE,reported,igd
3042,17644035,7,0.4905,7.02005e-06,0.109,ebi-a-GCST90001451,rs76717104,T,C,0.0155, || id:ebi-a-GCST90001451,TRUE,reported,igd
3042,14032498,7,-0.3108,7.45195e-06,0.06924,ebi-a-GCST90001451,rs717824,T,C,0.0396, || id:ebi-a-GCST90001451,TRUE,reported,igd
3042,14941111,8,-0.4256,6.38602e-06,0.09413,ebi-a-GCST90001451,rs2124027,G,C,0.0212, || id:ebi-a-GCST90001451,TRUE,reported,igd
3042,135337621,9,0.1614,7.28199e-07,0.03252,ebi-a-GCST90001451,rs530377,C,T,0.2206, || id:ebi-a-GCST90001451,TRUE,reported,igd
3042,2024995,11,0.2982,9.82404e-06,0.06733,ebi-a-GCST90001451,rs117765367,T,C,0.0403, || id:ebi-a-GCST90001451,TRUE,reported,igd
3042,109976273,13,0.2947,4.96295e-08,0.0539,ebi-a-GCST90001451,rs7139370,T,C,0.0676, || id:ebi-a-GCST90001451,TRUE,reported,igd
3042,31030304,14,0.5719,2.071e-06,0.1203,ebi-a-GCST90001451,rs117309559,G,A,0.013, || id:ebi-a-GCST90001451,TRUE,reported,igd
3042,71667863,14,-0.1913,1.281e-06,0.03943,ebi-a-GCST90001451,rs4899389,A,G,0.132, || id:ebi-a-GCST90001451,TRUE,reported,igd
3042,30153119,14,0.6623,3.74498e-08,0.1201,ebi-a-GCST90001451,rs45487297,A,T,0.0135, || id:ebi-a-GCST90001451,TRUE,reported,igd
3042,58316355,14,-0.1787,9.95497e-07,0.03646,ebi-a-GCST90001451,rs7150584,T,C,0.1624, || id:ebi-a-GCST90001451,TRUE,reported,igd
3042,76108637,17,-0.2057,2.34498e-07,0.0397,ebi-a-GCST90001451,rs9807014,T,C,0.1333, || id:ebi-a-GCST90001451,TRUE,reported,igd
3042,60116421,18,0.1341,5.30897e-06,0.0294,ebi-a-GCST90001451,rs9944612,A,C,0.283, || id:ebi-a-GCST90001451,TRUE,reported,igd
3042,37139371,22,0.2127,8.93696e-06,0.04782,ebi-a-GCST90001451,rs55859756,C,G,0.0866, || id:ebi-a-GCST90001451,TRUE,reported,igd
