pos.exposure,samplesize.exposure,se.exposure,chr.exposure,beta.exposure,pval.exposure,id.exposure,SNP,effect_allele.exposure,other_allele.exposure,eaf.exposure,exposure,mr_keep.exposure,pval_origin.exposure,data_source.exposure
83046200,3425,2.735,1,13.74,5.332e-07,ebi-a-GCST90001697,rs150650566,C,A,4e-04, || id:ebi-a-GCST90001697,TRUE,reported,igd
65133062,3425,4.696,1,22.03,2.82299e-06,ebi-a-GCST90001697,rs144571871,G,A,1e-04, || id:ebi-a-GCST90001697,TRUE,reported,igd
42381260,3425,0.8431,1,4.375,2.23301e-07,ebi-a-GCST90001697,rs142707561,A,G,0.0058, || id:ebi-a-GCST90001697,TRUE,reported,igd
6329089,3425,1.291,1,6.421,6.90908e-07,ebi-a-GCST90001697,rs138754438,T,C,0.0023, || id:ebi-a-GCST90001697,TRUE,reported,igd
1184085,3425,7.926,1,36.3,4.80098e-06,ebi-a-GCST90001697,rs151321252,A,G,NA, || id:ebi-a-GCST90001697,TRUE,reported,igd
2776366,3425,3.715,1,16.8,6.34293e-06,ebi-a-GCST90001697,rs113971555,T,C,3e-04, || id:ebi-a-GCST90001697,TRUE,reported,igd
34724192,3425,4.27,1,25.81,1.66299e-09,ebi-a-GCST90001697,rs55881385,T,G,1e-04, || id:ebi-a-GCST90001697,TRUE,reported,igd
18070672,3425,0.9728,1,4.653,1.80098e-06,ebi-a-GCST90001697,rs140434581,A,G,0.0042, || id:ebi-a-GCST90001697,TRUE,reported,igd
117061778,3425,1.879,1,11.36,1.67402e-09,ebi-a-GCST90001697,rs55971473,T,C,0.001, || id:ebi-a-GCST90001697,TRUE,reported,igd
91894308,3425,1.543,1,7.798,4.55995e-07,ebi-a-GCST90001697,rs138758802,T,C,0.0016, || id:ebi-a-GCST90001697,TRUE,reported,igd
80897562,3425,4.91,1,31.35,1.94998e-10,ebi-a-GCST90001697,rs61772921,C,T,1e-04, || id:ebi-a-GCST90001697,TRUE,reported,igd
98055569,3425,1.737,1,8.253,2.11198e-06,ebi-a-GCST90001697,rs139859886,G,C,0.0012, || id:ebi-a-GCST90001697,TRUE,reported,igd
3815578,3425,1.334,1,6.026,6.45194e-06,ebi-a-GCST90001697,rs115427760,T,C,0.0025, || id:ebi-a-GCST90001697,TRUE,reported,igd
213124992,3425,2.614,1,13.39,3.176e-07,ebi-a-GCST90001697,rs149124296,C,G,6e-04, || id:ebi-a-GCST90001697,TRUE,reported,igd
21025910,3425,0.9172,1,4.735,2.573e-07,ebi-a-GCST90001697,rs111978771,C,T,0.0042, || id:ebi-a-GCST90001697,TRUE,reported,igd
158276239,3425,5.61,1,30.28,7.22803e-08,ebi-a-GCST90001697,rs142702764,T,A,1e-04, || id:ebi-a-GCST90001697,TRUE,reported,igd
158881422,3425,13.29,1,62.35,2.83198e-06,ebi-a-GCST90001697,rs35535633,T,A,NA, || id:ebi-a-GCST90001697,TRUE,reported,igd
77137266,3425,2.327,1,11.07,2.044e-06,ebi-a-GCST90001697,rs114691245,T,C,7e-04, || id:ebi-a-GCST90001697,TRUE,reported,igd
81910383,3425,3.33,1,14.77,9.46194e-06,ebi-a-GCST90001697,rs77103383,A,G,3e-04, || id:ebi-a-GCST90001697,TRUE,reported,igd
191319109,3425,7.59,2,47.98,2.92099e-10,ebi-a-GCST90001697,rs114763811,A,C,1e-04, || id:ebi-a-GCST90001697,TRUE,reported,igd
3878640,3425,1.265,2,5.7,6.87797e-06,ebi-a-GCST90001697,rs17508302,T,C,0.0023, || id:ebi-a-GCST90001697,TRUE,reported,igd
38887964,3425,0.1309,2,1.152,2.07922e-18,ebi-a-GCST90001697,rs58905133,G,A,0.3523, || id:ebi-a-GCST90001697,TRUE,reported,igd
75060287,3425,2.054,2,9.164,8.38996e-06,ebi-a-GCST90001697,rs28362959,A,G,9e-04, || id:ebi-a-GCST90001697,TRUE,reported,igd
174896997,3425,1.738,2,9.757,2.14902e-08,ebi-a-GCST90001697,rs115954619,A,G,0.0015, || id:ebi-a-GCST90001697,TRUE,reported,igd
151197759,3425,1.865,2,10.56,1.64399e-08,ebi-a-GCST90001697,rs79190516,G,T,0.0012, || id:ebi-a-GCST90001697,TRUE,reported,igd
176542288,3425,1.607,2,7.12,9.72299e-06,ebi-a-GCST90001697,rs12464465,A,G,0.0015, || id:ebi-a-GCST90001697,TRUE,reported,igd
228411157,3425,3.137,2,16.19,2.58101e-07,ebi-a-GCST90001697,rs137978465,A,G,4e-04, || id:ebi-a-GCST90001697,TRUE,reported,igd
229222112,3425,2.883,2,13.87,1.575e-06,ebi-a-GCST90001697,rs74932477,A,G,4e-04, || id:ebi-a-GCST90001697,TRUE,reported,igd
194776474,3425,1.554,2,7.62,9.89692e-07,ebi-a-GCST90001697,rs79415906,C,A,0.0013, || id:ebi-a-GCST90001697,TRUE,reported,igd
177348686,3425,1.215,2,5.448,7.53998e-06,ebi-a-GCST90001697,rs11890933,G,A,0.0025, || id:ebi-a-GCST90001697,TRUE,reported,igd
153006087,3425,3.474,2,18.09,2.02102e-07,ebi-a-GCST90001697,rs144434471,T,C,0.001, || id:ebi-a-GCST90001697,TRUE,reported,igd
242141013,3425,2.528,2,11.97,2.28302e-06,ebi-a-GCST90001697,rs151232118,G,A,6e-04, || id:ebi-a-GCST90001697,TRUE,reported,igd
8930530,3425,3.541,2,32,2.61216e-19,ebi-a-GCST90001697,rs114135956,C,T,3e-04, || id:ebi-a-GCST90001697,TRUE,reported,igd
9944052,3425,3.673,2,24.63,2.34477e-11,ebi-a-GCST90001697,rs190272290,A,G,3e-04, || id:ebi-a-GCST90001697,TRUE,reported,igd
40275338,3425,0.3403,2,1.581,3.49398e-06,ebi-a-GCST90001697,rs17024974,A,G,0.0365, || id:ebi-a-GCST90001697,TRUE,reported,igd
100757118,3425,1.615,2,7.789,1.47001e-06,ebi-a-GCST90001697,rs112774387,G,A,0.0013, || id:ebi-a-GCST90001697,TRUE,reported,igd
80415786,3425,1.257,2,6.75,8.36007e-08,ebi-a-GCST90001697,rs72815709,C,T,0.0022, || id:ebi-a-GCST90001697,TRUE,reported,igd
12784208,3425,1.394,2,8.79,3.27899e-10,ebi-a-GCST90001697,rs150146567,A,T,0.0019, || id:ebi-a-GCST90001697,TRUE,reported,igd
87376401,3425,1.381,2,6.561,2.10199e-06,ebi-a-GCST90001697,rs146323263,T,C,0.0016, || id:ebi-a-GCST90001697,TRUE,reported,igd
199992008,3425,1.473,2,6.616,7.35495e-06,ebi-a-GCST90001697,rs115749134,T,C,0.0019, || id:ebi-a-GCST90001697,TRUE,reported,igd
239863536,3425,1.833,2,8.58,2.96101e-06,ebi-a-GCST90001697,rs72995054,T,C,0.0012, || id:ebi-a-GCST90001697,TRUE,reported,igd
185463545,3425,1.614,3,8.464,1.65101e-07,ebi-a-GCST90001697,rs149604038,G,C,0.0016, || id:ebi-a-GCST90001697,TRUE,reported,igd
10035985,3425,4.516,3,21.84,1.38998e-06,ebi-a-GCST90001697,rs139772031,G,T,1e-04, || id:ebi-a-GCST90001697,TRUE,reported,igd
18550864,3425,3.766,3,22.84,1.47099e-09,ebi-a-GCST90001697,rs149994650,A,C,3e-04, || id:ebi-a-GCST90001697,TRUE,reported,igd
159714312,3425,2.827,4,13.13,3.55697e-06,ebi-a-GCST90001697,rs116802453,G,A,4e-04, || id:ebi-a-GCST90001697,TRUE,reported,igd
2899648,3425,1.149,4,5.996,1.89701e-07,ebi-a-GCST90001697,rs111981818,G,A,0.0028, || id:ebi-a-GCST90001697,TRUE,reported,igd
25412773,3425,4.936,4,29.68,2.02801e-09,ebi-a-GCST90001697,rs62409210,A,G,1e-04, || id:ebi-a-GCST90001697,TRUE,reported,igd
116470715,3425,6.136,4,30.79,5.47596e-07,ebi-a-GCST90001697,rs183382760,C,A,3e-04, || id:ebi-a-GCST90001697,TRUE,reported,igd
188764989,3425,1.007,4,4.697,3.21004e-06,ebi-a-GCST90001697,rs142507918,A,G,0.0035, || id:ebi-a-GCST90001697,TRUE,reported,igd
70805245,3425,1.951,4,8.792,6.77298e-06,ebi-a-GCST90001697,rs115618542,C,T,0.0013, || id:ebi-a-GCST90001697,TRUE,reported,igd
86157011,3425,2.32,4,10.52,6.02393e-06,ebi-a-GCST90001697,rs115336001,A,G,7e-04, || id:ebi-a-GCST90001697,TRUE,reported,igd
187981624,3425,1.049,4,6.353,1.52202e-09,ebi-a-GCST90001697,rs76506268,G,A,0.0032, || id:ebi-a-GCST90001697,TRUE,reported,igd
171668297,3425,1.446,4,7.387,3.40298e-07,ebi-a-GCST90001697,rs28722483,T,C,0.0018, || id:ebi-a-GCST90001697,TRUE,reported,igd
79070021,3425,1.218,5,6.293,2.553e-07,ebi-a-GCST90001697,rs114128029,T,C,0.0025, || id:ebi-a-GCST90001697,TRUE,reported,igd
145810889,3425,13.59,5,68.79,4.38702e-07,ebi-a-GCST90001697,rs115569583,T,C,NA, || id:ebi-a-GCST90001697,TRUE,reported,igd
116600218,3425,2.709,5,13.52,6.267e-07,ebi-a-GCST90001697,rs75196616,C,T,6e-04, || id:ebi-a-GCST90001697,TRUE,reported,igd
72679056,3425,0.8953,5,5.388,1.952e-09,ebi-a-GCST90001697,rs12656604,A,C,0.0047, || id:ebi-a-GCST90001697,TRUE,reported,igd
82672572,3425,0.7679,5,3.612,2.66201e-06,ebi-a-GCST90001697,rs115353080,G,C,0.0064, || id:ebi-a-GCST90001697,TRUE,reported,igd
139389602,3425,6.59,5,33.78,3.13098e-07,ebi-a-GCST90001697,rs115724263,T,G,1e-04, || id:ebi-a-GCST90001697,TRUE,reported,igd
159062854,3425,2.724,5,15.77,7.75604e-09,ebi-a-GCST90001697,rs115546994,T,A,4e-04, || id:ebi-a-GCST90001697,TRUE,reported,igd
28822020,3425,2.719,5,13.87,3.54503e-07,ebi-a-GCST90001697,rs76015360,A,G,6e-04, || id:ebi-a-GCST90001697,TRUE,reported,igd
23996586,3425,0.679,5,3.013,9.39291e-06,ebi-a-GCST90001697,rs151336928,C,T,0.0082, || id:ebi-a-GCST90001697,TRUE,reported,igd
179876723,3425,0.7766,5,-3.984,3.04902e-07,ebi-a-GCST90001697,rs6868378,T,C,0.9939, || id:ebi-a-GCST90001697,TRUE,reported,igd
88105461,3425,1.054,5,4.893,3.59104e-06,ebi-a-GCST90001697,rs187898623,G,T,0.0038, || id:ebi-a-GCST90001697,TRUE,reported,igd
97959184,3425,1.98,5,9.284,2.84702e-06,ebi-a-GCST90001697,rs62369101,A,G,0.001, || id:ebi-a-GCST90001697,TRUE,reported,igd
140131486,3425,4.486,5,30.16,2.08978e-11,ebi-a-GCST90001697,rs114216104,T,C,1e-04, || id:ebi-a-GCST90001697,TRUE,reported,igd
81353920,3425,1.499,5,10.98,2.97577e-13,ebi-a-GCST90001697,rs76343453,C,T,0.0018, || id:ebi-a-GCST90001697,TRUE,reported,igd
110729776,3425,0.7977,5,3.584,7.28501e-06,ebi-a-GCST90001697,rs143022760,T,C,0.0058, || id:ebi-a-GCST90001697,TRUE,reported,igd
73393170,3425,1.858,6,9.727,1.761e-07,ebi-a-GCST90001697,rs563562215,C,T,0.0012, || id:ebi-a-GCST90001697,TRUE,reported,igd
26077482,3425,2.882,6,13.93,1.38998e-06,ebi-a-GCST90001697,rs190399027,A,G,4e-04, || id:ebi-a-GCST90001697,TRUE,reported,igd
31326794,3425,0.1638,6,-0.7609,3.54397e-06,ebi-a-GCST90001697,rs1894743,T,A,0.7495, || id:ebi-a-GCST90001697,TRUE,reported,igd
32666487,3425,0.2041,6,-1.08,1.29999e-07,ebi-a-GCST90001697,rs114170505,C,T,0.1839, || id:ebi-a-GCST90001697,TRUE,reported,igd
97767591,3425,0.6378,6,2.859,7.63695e-06,ebi-a-GCST90001697,rs10499012,A,G,0.0095, || id:ebi-a-GCST90001697,TRUE,reported,igd
52903887,3425,0.4596,6,2.046,8.82308e-06,ebi-a-GCST90001697,rs7752387,A,G,0.0182, || id:ebi-a-GCST90001697,TRUE,reported,igd
31116210,3425,0.1686,6,1.086,1.37e-10,ebi-a-GCST90001697,rs130071,A,G,0.2185, || id:ebi-a-GCST90001697,TRUE,reported,igd
70855865,3425,2.24,6,11.66,2.02801e-07,ebi-a-GCST90001697,rs145613913,A,G,9e-04, || id:ebi-a-GCST90001697,TRUE,reported,igd
382181,3425,2.976,6,15.07,4.35001e-07,ebi-a-GCST90001697,rs187115825,A,G,6e-04, || id:ebi-a-GCST90001697,TRUE,reported,igd
30102241,3425,0.2291,6,-1.022,8.45104e-06,ebi-a-GCST90001697,rs116227354,G,C,0.127, || id:ebi-a-GCST90001697,TRUE,reported,igd
31473901,3425,3.324,7,18.92,1.36801e-08,ebi-a-GCST90001697,rs76938777,A,G,3e-04, || id:ebi-a-GCST90001697,TRUE,reported,igd
39125654,3425,3.135,7,16.2,2.50998e-07,ebi-a-GCST90001697,rs142647916,C,T,3e-04, || id:ebi-a-GCST90001697,TRUE,reported,igd
148905542,3425,2.632,7,12.24,3.46202e-06,ebi-a-GCST90001697,rs185778924,A,G,6e-04, || id:ebi-a-GCST90001697,TRUE,reported,igd
1084031,3425,3.35,7,17.94,9.18798e-08,ebi-a-GCST90001697,rs142522853,T,C,3e-04, || id:ebi-a-GCST90001697,TRUE,reported,igd
115835641,3425,6.761,7,43.28,1.74401e-10,ebi-a-GCST90001697,rs140112233,C,G,1e-04, || id:ebi-a-GCST90001697,TRUE,reported,igd
146509534,3425,0.1986,7,0.889,7.80603e-06,ebi-a-GCST90001697,rs138339769,T,A,0.1067, || id:ebi-a-GCST90001697,TRUE,reported,igd
135470972,3425,2.094,7,10.19,1.19001e-06,ebi-a-GCST90001697,rs11561957,A,G,9e-04, || id:ebi-a-GCST90001697,TRUE,reported,igd
20898984,3425,0.4602,7,2.257,9.88508e-07,ebi-a-GCST90001697,rs62439313,A,G,0.0191, || id:ebi-a-GCST90001697,TRUE,reported,igd
88503714,3425,1.615,8,9.254,1.08201e-08,ebi-a-GCST90001697,rs2977034,T,C,0.0015, || id:ebi-a-GCST90001697,TRUE,reported,igd
7162695,3425,3.911,8,29.98,2.31206e-14,ebi-a-GCST90001697,rs62488802,T,C,3e-04, || id:ebi-a-GCST90001697,TRUE,reported,igd
130397472,3425,2.108,8,10.43,7.76301e-07,ebi-a-GCST90001697,rs147794754,T,C,9e-04, || id:ebi-a-GCST90001697,TRUE,reported,igd
131518018,3425,2.979,8,20.95,2.45584e-12,ebi-a-GCST90001697,rs149487182,T,C,4e-04, || id:ebi-a-GCST90001697,TRUE,reported,igd
104363338,3425,0.2335,8,1.209,2.357e-07,ebi-a-GCST90001697,rs3133836,C,T,0.0791, || id:ebi-a-GCST90001697,TRUE,reported,igd
81285696,3425,1.41,8,6.916,9.749e-07,ebi-a-GCST90001697,rs181997131,A,T,0.0022, || id:ebi-a-GCST90001697,TRUE,reported,igd
61304968,3425,2.429,8,12.6,2.24802e-07,ebi-a-GCST90001697,rs117354956,T,C,6e-04, || id:ebi-a-GCST90001697,TRUE,reported,igd
28561116,3425,1.921,8,9.628,5.65705e-07,ebi-a-GCST90001697,rs143825022,T,C,0.001, || id:ebi-a-GCST90001697,TRUE,reported,igd
129448120,3425,0.2055,9,0.9898,1.523e-06,ebi-a-GCST90001697,rs10987410,C,T,0.1001, || id:ebi-a-GCST90001697,TRUE,reported,igd
93695603,3425,1.483,9,6.679,6.91194e-06,ebi-a-GCST90001697,rs111710268,A,G,0.0016, || id:ebi-a-GCST90001697,TRUE,reported,igd
9765228,3425,0.9345,9,4.342,3.49301e-06,ebi-a-GCST90001697,rs139422413,T,C,0.0042, || id:ebi-a-GCST90001697,TRUE,reported,igd
108546177,3425,10.24,9,46.35,6.21098e-06,ebi-a-GCST90001697,rs149267906,A,G,NA, || id:ebi-a-GCST90001697,TRUE,reported,igd
2716911,3425,0.4941,9,2.251,5.39995e-06,ebi-a-GCST90001697,rs116985924,A,C,0.0165, || id:ebi-a-GCST90001697,TRUE,reported,igd
109409332,3425,0.5423,10,2.78,3.125e-07,ebi-a-GCST90001697,rs146914701,A,C,0.0136, || id:ebi-a-GCST90001697,TRUE,reported,igd
8494842,3425,2.985,10,15.43,2.49201e-07,ebi-a-GCST90001697,rs72773345,G,A,4e-04, || id:ebi-a-GCST90001697,TRUE,reported,igd
71334832,3425,0.6959,10,3.108,8.21902e-06,ebi-a-GCST90001697,rs35281771,T,C,0.008, || id:ebi-a-GCST90001697,TRUE,reported,igd
37524966,3425,0.6025,10,2.799,3.51998e-06,ebi-a-GCST90001697,rs182940298,T,G,0.0108, || id:ebi-a-GCST90001697,TRUE,reported,igd
109010961,3425,1.026,10,5.278,2.82098e-07,ebi-a-GCST90001697,rs142980650,T,A,0.0035, || id:ebi-a-GCST90001697,TRUE,reported,igd
66332109,3425,2.947,10,15.24,2.46797e-07,ebi-a-GCST90001697,rs139513469,A,G,6e-04, || id:ebi-a-GCST90001697,TRUE,reported,igd
108143796,3425,2.719,10,16.44,1.61599e-09,ebi-a-GCST90001697,rs117006645,G,A,4e-04, || id:ebi-a-GCST90001697,TRUE,reported,igd
108259029,3425,0.3046,10,1.416,3.437e-06,ebi-a-GCST90001697,rs145744161,T,C,0.0438, || id:ebi-a-GCST90001697,TRUE,reported,igd
70543706,3425,0.7441,10,4.44,2.66103e-09,ebi-a-GCST90001697,rs143930177,A,G,0.0072, || id:ebi-a-GCST90001697,TRUE,reported,igd
71016160,3425,0.8065,10,3.801,2.53898e-06,ebi-a-GCST90001697,rs148384064,T,C,0.0063, || id:ebi-a-GCST90001697,TRUE,reported,igd
126353889,3425,2.717,11,14.72,6.51793e-08,ebi-a-GCST90001697,rs144159369,C,G,4e-04, || id:ebi-a-GCST90001697,TRUE,reported,igd
130013797,3425,2.845,11,13.88,1.11599e-06,ebi-a-GCST90001697,rs141057204,G,A,9e-04, || id:ebi-a-GCST90001697,TRUE,reported,igd
91872187,3425,4.832,11,22.92,2.18399e-06,ebi-a-GCST90001697,rs141656121,T,A,1e-04, || id:ebi-a-GCST90001697,TRUE,reported,igd
60213203,3425,2.825,11,15.12,9.27791e-08,ebi-a-GCST90001697,rs78722454,T,A,4e-04, || id:ebi-a-GCST90001697,TRUE,reported,igd
33958122,3425,6.286,11,30.15,1.68399e-06,ebi-a-GCST90001697,rs200097087,C,A,NA, || id:ebi-a-GCST90001697,TRUE,reported,igd
11865406,3425,0.2445,11,1.133,3.70297e-06,ebi-a-GCST90001697,rs12789925,T,C,0.0695, || id:ebi-a-GCST90001697,TRUE,reported,igd
16659699,3425,2.165,11,10.25,2.29097e-06,ebi-a-GCST90001697,rs146319541,A,G,9e-04, || id:ebi-a-GCST90001697,TRUE,reported,igd
54986405,3425,3.685,11,20.33,3.684e-08,ebi-a-GCST90001697,rs146027781,C,T,4e-04, || id:ebi-a-GCST90001697,TRUE,reported,igd
112719342,3425,0.6879,11,3.203,3.34904e-06,ebi-a-GCST90001697,rs75845707,C,T,0.0086, || id:ebi-a-GCST90001697,TRUE,reported,igd
82732689,3425,3.62,11,23.77,5.92516e-11,ebi-a-GCST90001697,rs11233425,A,G,3e-04, || id:ebi-a-GCST90001697,TRUE,reported,igd
65259911,3425,1.683,11,8.455,5.34306e-07,ebi-a-GCST90001697,rs17676161,C,G,0.0013, || id:ebi-a-GCST90001697,TRUE,reported,igd
10046307,3425,0.6132,11,2.932,1.81401e-06,ebi-a-GCST90001697,rs139018186,T,A,0.0098, || id:ebi-a-GCST90001697,TRUE,reported,igd
47679643,3425,0.5131,12,2.408,2.80602e-06,ebi-a-GCST90001697,rs139457426,T,C,0.0147, || id:ebi-a-GCST90001697,TRUE,reported,igd
34609393,3425,3.638,12,16.76,4.24502e-06,ebi-a-GCST90001697,rs186876963,A,G,3e-04, || id:ebi-a-GCST90001697,TRUE,reported,igd
2808166,3425,3.159,12,19.12,1.56401e-09,ebi-a-GCST90001697,rs61908026,C,G,4e-04, || id:ebi-a-GCST90001697,TRUE,reported,igd
31755564,3425,10.7,12,68.11,2.21401e-10,ebi-a-GCST90001697,rs189825578,T,A,NA, || id:ebi-a-GCST90001697,TRUE,reported,igd
121240098,3425,3.391,12,15.01,9.90695e-06,ebi-a-GCST90001697,rs142368429,C,T,3e-04, || id:ebi-a-GCST90001697,TRUE,reported,igd
110018408,3425,1.387,12,6.448,3.491e-06,ebi-a-GCST90001697,rs72648003,A,G,0.0022, || id:ebi-a-GCST90001697,TRUE,reported,igd
52408142,3425,2.869,12,15.84,3.64502e-08,ebi-a-GCST90001697,rs117975109,T,G,6e-04, || id:ebi-a-GCST90001697,TRUE,reported,igd
59066617,3425,1.016,12,4.694,4.02096e-06,ebi-a-GCST90001697,rs74902462,T,C,0.0039, || id:ebi-a-GCST90001697,TRUE,reported,igd
85026832,3425,0.1599,12,0.7447,3.31902e-06,ebi-a-GCST90001697,rs78788969,G,T,0.1829, || id:ebi-a-GCST90001697,TRUE,reported,igd
99748029,3425,4.669,12,25.3,6.39499e-08,ebi-a-GCST90001697,rs75446793,C,T,1e-04, || id:ebi-a-GCST90001697,TRUE,reported,igd
97040021,3425,3.333,12,20.46,9.40503e-10,ebi-a-GCST90001697,rs538264691,C,A,3e-04, || id:ebi-a-GCST90001697,TRUE,reported,igd
5924445,3425,2.24,12,-10.71,1.81001e-06,ebi-a-GCST90001697,rs2058467,C,T,0.9993, || id:ebi-a-GCST90001697,TRUE,reported,igd
28246470,3425,4.684,12,26.26,2.22101e-08,ebi-a-GCST90001697,rs111388649,A,G,1e-04, || id:ebi-a-GCST90001697,TRUE,reported,igd
93732550,3425,0.1929,13,0.8644,7.65403e-06,ebi-a-GCST90001697,rs66657257,G,T,0.1194, || id:ebi-a-GCST90001697,TRUE,reported,igd
100586942,3425,3.003,13,14.98,6.35594e-07,ebi-a-GCST90001697,rs113819655,T,C,4e-04, || id:ebi-a-GCST90001697,TRUE,reported,igd
85399806,3425,1.673,13,8.626,2.67701e-07,ebi-a-GCST90001697,rs113972785,A,T,0.0015, || id:ebi-a-GCST90001697,TRUE,reported,igd
108798780,3425,2.443,13,11.33,3.67502e-06,ebi-a-GCST90001697,rs75405648,T,C,7e-04, || id:ebi-a-GCST90001697,TRUE,reported,igd
49828243,3425,2.16,13,9.584,9.3981e-06,ebi-a-GCST90001697,rs118053428,G,A,7e-04, || id:ebi-a-GCST90001697,TRUE,reported,igd
45526169,3425,3.292,14,18.44,2.27898e-08,ebi-a-GCST90001697,rs117551202,A,G,3e-04, || id:ebi-a-GCST90001697,TRUE,reported,igd
72914708,3425,3.298,14,16.93,2.986e-07,ebi-a-GCST90001697,rs35673401,T,C,3e-04, || id:ebi-a-GCST90001697,TRUE,reported,igd
68217724,3425,1.098,14,7.048,1.57e-10,ebi-a-GCST90001697,rs742867,T,C,0.0029, || id:ebi-a-GCST90001697,TRUE,reported,igd
92658912,3425,0.6257,14,2.792,8.40698e-06,ebi-a-GCST90001697,rs117895563,T,G,0.0098, || id:ebi-a-GCST90001697,TRUE,reported,igd
32709998,3425,1.4,14,6.283,7.42096e-06,ebi-a-GCST90001697,rs117475878,T,C,0.0022, || id:ebi-a-GCST90001697,TRUE,reported,igd
22608720,3425,0.2483,14,1.114,7.52905e-06,ebi-a-GCST90001697,rs76136072,C,T,0.0654, || id:ebi-a-GCST90001697,TRUE,reported,igd
62568446,3425,2.463,14,11.92,1.366e-06,ebi-a-GCST90001697,rs140590797,G,A,6e-04, || id:ebi-a-GCST90001697,TRUE,reported,igd
69137961,3425,1.903,15,9.445,7.26307e-07,ebi-a-GCST90001697,rs62010321,C,G,0.001, || id:ebi-a-GCST90001697,TRUE,reported,igd
27818525,3425,0.7127,15,3.316,3.395e-06,ebi-a-GCST90001697,rs112568609,T,C,0.0076, || id:ebi-a-GCST90001697,TRUE,reported,igd
78644995,3425,3.318,15,19.07,9.78093e-09,ebi-a-GCST90001697,rs147264423,G,A,3e-04, || id:ebi-a-GCST90001697,TRUE,reported,igd
50365389,3425,8.178,15,52.08,2.169e-10,ebi-a-GCST90001697,rs62021713,T,C,1e-04, || id:ebi-a-GCST90001697,TRUE,reported,igd
49106401,3425,4.12,15,22.24,7.16094e-08,ebi-a-GCST90001697,rs72739876,T,G,3e-04, || id:ebi-a-GCST90001697,TRUE,reported,igd
86484743,3425,3.305,15,20.97,2.49799e-10,ebi-a-GCST90001697,rs74707627,C,T,3e-04, || id:ebi-a-GCST90001697,TRUE,reported,igd
67108460,3425,2.741,15,14.23,2.216e-07,ebi-a-GCST90001697,rs150285115,A,G,6e-04, || id:ebi-a-GCST90001697,TRUE,reported,igd
88790835,3425,2.63,15,12.27,3.19499e-06,ebi-a-GCST90001697,rs118106010,C,T,6e-04, || id:ebi-a-GCST90001697,TRUE,reported,igd
55083216,3425,0.8589,15,4.227,9.01094e-07,ebi-a-GCST90001697,rs77604796,G,C,0.0048, || id:ebi-a-GCST90001697,TRUE,reported,igd
75062625,3425,0.79,16,4.577,7.53304e-09,ebi-a-GCST90001697,rs149716976,G,A,0.0057, || id:ebi-a-GCST90001697,TRUE,reported,igd
51075587,3425,1.009,16,4.857,1.53102e-06,ebi-a-GCST90001697,rs151052734,A,G,0.0042, || id:ebi-a-GCST90001697,TRUE,reported,igd
19193363,3425,3.188,16,18.3,1.03801e-08,ebi-a-GCST90001697,rs34375694,G,A,3e-04, || id:ebi-a-GCST90001697,TRUE,reported,igd
1037963,3425,2.675,16,15.42,8.83202e-09,ebi-a-GCST90001697,rs151077900,C,G,4e-04, || id:ebi-a-GCST90001697,TRUE,reported,igd
5991815,3425,1.874,16,8.949,1.874e-06,ebi-a-GCST90001697,rs117262195,T,C,0.0013, || id:ebi-a-GCST90001697,TRUE,reported,igd
15724919,3425,0.395,16,1.889,1.80302e-06,ebi-a-GCST90001697,rs113573055,A,G,0.0239, || id:ebi-a-GCST90001697,TRUE,reported,igd
25778935,3425,2.627,16,13.59,2.41502e-07,ebi-a-GCST90001697,rs117134167,T,C,6e-04, || id:ebi-a-GCST90001697,TRUE,reported,igd
85685140,3425,2.018,16,12.63,4.39198e-10,ebi-a-GCST90001697,rs192302673,T,C,9e-04, || id:ebi-a-GCST90001697,TRUE,reported,igd
1532257,3425,1.997,16,8.956,7.57094e-06,ebi-a-GCST90001697,rs112018017,C,T,9e-04, || id:ebi-a-GCST90001697,TRUE,reported,igd
61063115,3425,2.693,16,12.74,2.34299e-06,ebi-a-GCST90001697,rs79429801,G,C,4e-04, || id:ebi-a-GCST90001697,TRUE,reported,igd
78415731,3425,0.9556,16,4.355,5.37304e-06,ebi-a-GCST90001697,rs118189345,A,G,0.0039, || id:ebi-a-GCST90001697,TRUE,reported,igd
86442575,3425,4.668,16,29.78,2.03301e-10,ebi-a-GCST90001697,rs12597262,G,C,1e-04, || id:ebi-a-GCST90001697,TRUE,reported,igd
51509601,3425,0.1234,17,-0.5485,9.09201e-06,ebi-a-GCST90001697,rs11079080,A,C,0.5428, || id:ebi-a-GCST90001697,TRUE,reported,igd
72284938,3425,1.152,17,6.053,1.58899e-07,ebi-a-GCST90001697,rs148760558,G,A,0.0026, || id:ebi-a-GCST90001697,TRUE,reported,igd
16446446,3425,4.608,17,22.19,1.523e-06,ebi-a-GCST90001697,rs116876186,C,T,1e-04, || id:ebi-a-GCST90001697,TRUE,reported,igd
72076433,3425,0.5263,17,2.358,7.67803e-06,ebi-a-GCST90001697,rs2354767,T,C,0.0134, || id:ebi-a-GCST90001697,TRUE,reported,igd
67795226,3425,2.423,17,12.78,1.42801e-07,ebi-a-GCST90001697,rs77946649,A,G,6e-04, || id:ebi-a-GCST90001697,TRUE,reported,igd
75601988,3425,5.163,18,27.16,1.52901e-07,ebi-a-GCST90001697,rs71362776,T,C,1e-04, || id:ebi-a-GCST90001697,TRUE,reported,igd
72932358,3425,0.9425,18,4.292,5.44001e-06,ebi-a-GCST90001697,rs75573571,A,T,0.0041, || id:ebi-a-GCST90001697,TRUE,reported,igd
7862061,3425,0.7488,18,3.575,1.87499e-06,ebi-a-GCST90001697,rs75346347,T,C,0.0073, || id:ebi-a-GCST90001697,TRUE,reported,igd
26456104,3425,1.576,18,7.225,4.73805e-06,ebi-a-GCST90001697,rs149532201,A,G,0.0019, || id:ebi-a-GCST90001697,TRUE,reported,igd
15391351,3425,16.91,18,81.9,1.33601e-06,ebi-a-GCST90001697,rs566229905,T,C,NA, || id:ebi-a-GCST90001697,TRUE,reported,igd
39828718,3425,3.429,18,28.44,1.56603e-16,ebi-a-GCST90001697,rs75420474,C,T,3e-04, || id:ebi-a-GCST90001697,TRUE,reported,igd
38375388,3425,4.228,18,19.35,4.88405e-06,ebi-a-GCST90001697,rs151145927,A,G,1e-04, || id:ebi-a-GCST90001697,TRUE,reported,igd
46851328,3425,1.611,19,7.137,9.67899e-06,ebi-a-GCST90001697,rs75093468,A,G,0.0015, || id:ebi-a-GCST90001697,TRUE,reported,igd
43422957,3425,3.261,19,24.71,4.53628e-14,ebi-a-GCST90001697,rs117428784,A,C,4e-04, || id:ebi-a-GCST90001697,TRUE,reported,igd
17591476,3425,3.785,19,18.46,1.12499e-06,ebi-a-GCST90001697,rs191604848,T,C,3e-04, || id:ebi-a-GCST90001697,TRUE,reported,igd
54261549,3425,1.095,19,5.101,3.30697e-06,ebi-a-GCST90001697,rs71363366,G,C,0.0032, || id:ebi-a-GCST90001697,TRUE,reported,igd
17201328,3425,6.401,20,32.49,4.07399e-07,ebi-a-GCST90001697,rs117586879,G,T,1e-04, || id:ebi-a-GCST90001697,TRUE,reported,igd
35238641,3425,1.479,20,7.394,6.07701e-07,ebi-a-GCST90001697,rs146663516,T,C,0.0018, || id:ebi-a-GCST90001697,TRUE,reported,igd
55040109,3425,0.4534,20,2.216,1.06999e-06,ebi-a-GCST90001697,rs77920451,G,A,0.0187, || id:ebi-a-GCST90001697,TRUE,reported,igd
59382138,3425,1.306,20,5.807,9.01592e-06,ebi-a-GCST90001697,rs75427771,A,C,0.002, || id:ebi-a-GCST90001697,TRUE,reported,igd
16733570,3425,1.299,21,5.853,6.87195e-06,ebi-a-GCST90001697,rs79429254,T,A,0.0023, || id:ebi-a-GCST90001697,TRUE,reported,igd
45793576,3425,0.8513,22,3.936,3.90796e-06,ebi-a-GCST90001697,rs76797120,C,T,0.0058, || id:ebi-a-GCST90001697,TRUE,reported,igd
50545634,3425,0.8876,22,4.189,2.452e-06,ebi-a-GCST90001697,rs149015425,T,G,0.0047, || id:ebi-a-GCST90001697,TRUE,reported,igd
