pval.exposure,pos.exposure,se.exposure,samplesize.exposure,beta.exposure,chr.exposure,id.exposure,SNP,effect_allele.exposure,other_allele.exposure,eaf.exposure,exposure,mr_keep.exposure,pval_origin.exposure,data_source.exposure
2.97002e-07,111320129,0.0393,2871,-0.2019,1,ebi-a-GCST90001833,rs12041883,A,C,0.1277, || id:ebi-a-GCST90001833,TRUE,reported,igd
5.50795e-07,29718191,0.05264,2871,0.2642,1,ebi-a-GCST90001833,rs742800,T,G,0.0676, || id:ebi-a-GCST90001833,TRUE,reported,igd
7.06155e-11,169572947,0.02746,2871,0.1797,1,ebi-a-GCST90001833,rs3917768,G,T,0.3642, || id:ebi-a-GCST90001833,TRUE,reported,igd
3.31902e-06,167057553,0.02617,2871,-0.1219,1,ebi-a-GCST90001833,rs12040885,A,G,0.5385, || id:ebi-a-GCST90001833,TRUE,reported,igd
5.32844e-11,169728916,0.02612,2871,0.1721,1,ebi-a-GCST90001833,rs7526645,T,C,0.4599, || id:ebi-a-GCST90001833,TRUE,reported,igd
5.78096e-06,23715189,0.02811,2871,-0.1277,2,ebi-a-GCST90001833,rs11692722,G,A,0.2912, || id:ebi-a-GCST90001833,TRUE,reported,igd
8.94499e-07,56956793,0.04232,2871,0.2084,3,ebi-a-GCST90001833,rs75943000,C,G,0.1078, || id:ebi-a-GCST90001833,TRUE,reported,igd
1.38998e-06,31286954,0.03376,2871,-0.1633,3,ebi-a-GCST90001833,rs62236308,T,G,0.1799, || id:ebi-a-GCST90001833,TRUE,reported,igd
9.23996e-06,32267533,0.07451,2871,0.331,3,ebi-a-GCST90001833,rs113947601,T,C,0.0322, || id:ebi-a-GCST90001833,TRUE,reported,igd
5.67806e-07,43926627,0.09393,2871,-0.4709,4,ebi-a-GCST90001833,rs140597204,T,C,0.0206, || id:ebi-a-GCST90001833,TRUE,reported,igd
1.78698e-06,55258914,0.2597,2871,-1.243,4,ebi-a-GCST90001833,rs112295585,T,C,0.0023, || id:ebi-a-GCST90001833,TRUE,reported,igd
3.02803e-06,42489975,0.08218,2871,0.3845,4,ebi-a-GCST90001833,rs115980202,C,G,0.0254, || id:ebi-a-GCST90001833,TRUE,reported,igd
6.74497e-06,125443474,0.02738,2871,0.1235,7,ebi-a-GCST90001833,rs4731265,A,G,0.6614, || id:ebi-a-GCST90001833,TRUE,reported,igd
1.04201e-07,50271499,0.03014,2871,-0.1607,7,ebi-a-GCST90001833,rs11773763,T,C,0.2588, || id:ebi-a-GCST90001833,TRUE,reported,igd
2.21299e-06,90196882,0.0266,2871,-0.1261,9,ebi-a-GCST90001833,rs10435954,T,C,0.3577, || id:ebi-a-GCST90001833,TRUE,reported,igd
2.21799e-07,24651970,0.05112,2871,0.2654,10,ebi-a-GCST90001833,rs2428305,G,A,0.9291, || id:ebi-a-GCST90001833,TRUE,reported,igd
3.17797e-06,108363562,0.03415,2871,0.1594,11,ebi-a-GCST90001833,rs72997833,A,G,0.1822, || id:ebi-a-GCST90001833,TRUE,reported,igd
9.60904e-06,27337967,0.07863,2871,-0.3486,11,ebi-a-GCST90001833,rs11029935,C,T,0.0277, || id:ebi-a-GCST90001833,TRUE,reported,igd
2.082e-06,104080975,0.05566,2871,0.2647,12,ebi-a-GCST90001833,rs703648,C,T,0.9444, || id:ebi-a-GCST90001833,TRUE,reported,igd
9.45105e-06,20469483,0.1159,2871,-0.5143,12,ebi-a-GCST90001833,rs35443755,C,G,0.0129, || id:ebi-a-GCST90001833,TRUE,reported,igd
8.55205e-06,26218284,0.02591,2871,0.1155,13,ebi-a-GCST90001833,rs12864970,A,C,0.4896, || id:ebi-a-GCST90001833,TRUE,reported,igd
5.54102e-06,79777547,0.07039,2871,0.3204,15,ebi-a-GCST90001833,rs58315932,A,G,0.0352, || id:ebi-a-GCST90001833,TRUE,reported,igd
5.96898e-06,48349220,0.06366,2871,-0.2888,20,ebi-a-GCST90001833,rs149982484,T,C,0.0421, || id:ebi-a-GCST90001833,TRUE,reported,igd
3.16301e-06,17824351,0.06553,2871,-0.306,20,ebi-a-GCST90001833,rs75307154,T,C,0.0423, || id:ebi-a-GCST90001833,TRUE,reported,igd
1.06001e-06,27810403,0.0837,2871,0.4093,21,ebi-a-GCST90001833,rs150038452,C,G,0.0253, || id:ebi-a-GCST90001833,TRUE,reported,igd
8.62998e-06,48708374,0.05142,2871,0.2292,22,ebi-a-GCST90001833,rs133635,C,T,0.9307, || id:ebi-a-GCST90001833,TRUE,reported,igd
