beta.exposure,pval.exposure,se.exposure,chr.exposure,samplesize.exposure,pos.exposure,id.exposure,SNP,effect_allele.exposure,other_allele.exposure,eaf.exposure,exposure,mr_keep.exposure,pval_origin.exposure,data_source.exposure
0.5373,1.695e-09,0.08896,1,3657,206855483,ebi-a-GCST90001735,rs112417310,A,G,0.0201, || id:ebi-a-GCST90001735,TRUE,reported,igd
0.3435,1.22501e-06,0.07069,1,3657,28617041,ebi-a-GCST90001735,rs145924813,T,C,0.0327, || id:ebi-a-GCST90001735,TRUE,reported,igd
-0.7482,9.443e-06,0.1687,1,3657,204227546,ebi-a-GCST90001735,rs141619127,T,C,0.0049, || id:ebi-a-GCST90001735,TRUE,reported,igd
0.4328,2.47002e-06,0.09174,1,3657,207276336,ebi-a-GCST90001735,rs113812519,G,A,0.0185, || id:ebi-a-GCST90001735,TRUE,reported,igd
0.1499,6.86199e-06,0.03329,2,3657,43810948,ebi-a-GCST90001735,rs80268044,A,G,0.1765, || id:ebi-a-GCST90001735,TRUE,reported,igd
-0.1965,9.87097e-06,0.0444,4,3657,189782918,ebi-a-GCST90001735,rs74705306,A,G,0.0812, || id:ebi-a-GCST90001735,TRUE,reported,igd
-0.7286,3.98804e-06,0.1577,4,3657,26464043,ebi-a-GCST90001735,rs7665261,T,C,0.006, || id:ebi-a-GCST90001735,TRUE,reported,igd
0.2516,1.11199e-06,0.05157,5,3657,70969845,ebi-a-GCST90001735,rs281142,A,G,0.0599, || id:ebi-a-GCST90001735,TRUE,reported,igd
0.1201,1.22501e-06,0.02471,5,3657,173972294,ebi-a-GCST90001735,rs56044553,T,C,0.4832, || id:ebi-a-GCST90001735,TRUE,reported,igd
-0.4649,4.35101e-06,0.101,5,3657,148626837,ebi-a-GCST90001735,rs73275737,G,C,0.0135, || id:ebi-a-GCST90001735,TRUE,reported,igd
0.4781,8.10308e-06,0.107,6,3657,36793516,ebi-a-GCST90001735,rs764603,C,A,0.0131, || id:ebi-a-GCST90001735,TRUE,reported,igd
0.1354,4.13704e-06,0.02936,6,3657,42130300,ebi-a-GCST90001735,rs2281460,A,G,0.2302, || id:ebi-a-GCST90001735,TRUE,reported,igd
-0.2674,1.81001e-06,0.05593,6,3657,19563666,ebi-a-GCST90001735,rs9465443,C,T,0.0483, || id:ebi-a-GCST90001735,TRUE,reported,igd
0.6636,4.07699e-06,0.1438,6,3657,32409141,ebi-a-GCST90001735,rs114369132,A,C,0.0082, || id:ebi-a-GCST90001735,TRUE,reported,igd
0.3335,6.57703e-06,0.0739,7,3657,103091403,ebi-a-GCST90001735,rs180723221,T,A,0.0342, || id:ebi-a-GCST90001735,TRUE,reported,igd
-0.1324,2.54097e-06,0.02809,7,3657,51994027,ebi-a-GCST90001735,rs62463053,C,G,0.2628, || id:ebi-a-GCST90001735,TRUE,reported,igd
0.1233,5.04905e-06,0.02699,8,3657,98632764,ebi-a-GCST90001735,rs2512433,G,A,0.3022, || id:ebi-a-GCST90001735,TRUE,reported,igd
-1.231,4.52595e-06,0.2681,10,3657,1717689,ebi-a-GCST90001735,rs560933055,A,T,0.0022, || id:ebi-a-GCST90001735,TRUE,reported,igd
0.4369,8.85401e-06,0.09817,12,3657,29271392,ebi-a-GCST90001735,rs17706571,T,C,0.0164, || id:ebi-a-GCST90001735,TRUE,reported,igd
0.1725,3.78896e-06,0.03725,12,3657,118282893,ebi-a-GCST90001735,rs2971439,G,T,0.8749, || id:ebi-a-GCST90001735,TRUE,reported,igd
-0.1117,6.80503e-06,0.02479,14,3657,92561395,ebi-a-GCST90001735,rs6575228,A,G,0.4125, || id:ebi-a-GCST90001735,TRUE,reported,igd
0.167,5.48151e-11,0.02538,16,3657,28973268,ebi-a-GCST90001735,rs11643297,G,A,0.611, || id:ebi-a-GCST90001735,TRUE,reported,igd
-1.514,2.63087e-12,0.2157,16,3657,32422808,ebi-a-GCST90001735,rs138920008,C,G,0.0041, || id:ebi-a-GCST90001735,TRUE,reported,igd
-0.1321,9.79603e-06,0.02984,16,3657,50422996,ebi-a-GCST90001735,rs6500310,T,C,0.2104, || id:ebi-a-GCST90001735,TRUE,reported,igd
0.1723,4.72498e-06,0.0376,16,3657,49673381,ebi-a-GCST90001735,rs7197237,A,G,0.1256, || id:ebi-a-GCST90001735,TRUE,reported,igd
0.145,6.047e-06,0.032,19,3657,56415502,ebi-a-GCST90001735,rs6509969,A,G,0.819, || id:ebi-a-GCST90001735,TRUE,reported,igd
0.4884,1.35101e-06,0.1009,21,3657,32136760,ebi-a-GCST90001735,rs137949497,G,T,0.0146, || id:ebi-a-GCST90001735,TRUE,reported,igd
-0.3441,3.77103e-08,0.06242,22,3657,43167446,ebi-a-GCST90001735,rs113612962,C,G,0.0402, || id:ebi-a-GCST90001735,TRUE,reported,igd
0.1405,6.887e-06,0.0312,22,3657,27530934,ebi-a-GCST90001735,rs5762000,T,C,0.1854, || id:ebi-a-GCST90001735,TRUE,reported,igd
