pos.exposure,pval.exposure,samplesize.exposure,chr.exposure,se.exposure,beta.exposure,id.exposure,SNP,effect_allele.exposure,other_allele.exposure,eaf.exposure,exposure,mr_keep.exposure,pval_origin.exposure,data_source.exposure
207276336,6.03796e-08,3657,1,0.09201,0.4995,ebi-a-GCST90001736,rs113812519,G,A,0.0185, || id:ebi-a-GCST90001736,TRUE,reported,igd
25535823,5.236e-07,3657,1,0.04252,0.2137,ebi-a-GCST90001736,rs4649079,T,C,0.0961, || id:ebi-a-GCST90001736,TRUE,reported,igd
162624504,8.077e-06,3657,1,0.02854,0.1276,ebi-a-GCST90001736,rs10917581,G,A,0.2532, || id:ebi-a-GCST90001736,TRUE,reported,igd
206855483,1.118e-08,3657,1,0.08936,0.5116,ebi-a-GCST90001736,rs112417310,A,G,0.0201, || id:ebi-a-GCST90001736,TRUE,reported,igd
205241642,5.30298e-07,3657,1,0.05138,0.2581,ebi-a-GCST90001736,rs79856590,A,G,0.0608, || id:ebi-a-GCST90001736,TRUE,reported,igd
43810948,8.8249e-06,3657,2,0.03337,0.1485,ebi-a-GCST90001736,rs80268044,A,G,0.1765, || id:ebi-a-GCST90001736,TRUE,reported,igd
61094800,4.28904e-06,3657,3,0.02463,-0.1134,ebi-a-GCST90001736,rs1439005,C,G,0.4588, || id:ebi-a-GCST90001736,TRUE,reported,igd
26464043,2.69898e-06,3657,4,0.1584,-0.7447,ebi-a-GCST90001736,rs7665261,T,C,0.006, || id:ebi-a-GCST90001736,TRUE,reported,igd
173972852,8.10401e-06,3657,5,0.02483,0.111,ebi-a-GCST90001736,rs7718237,A,G,0.4837, || id:ebi-a-GCST90001736,TRUE,reported,igd
33567104,1.646e-06,3657,6,0.03616,-0.1736,ebi-a-GCST90001736,rs576166,G,T,0.1421, || id:ebi-a-GCST90001736,TRUE,reported,igd
37497511,5.68604e-06,3657,6,0.07734,-0.3515,ebi-a-GCST90001736,rs184318978,G,A,0.0272, || id:ebi-a-GCST90001736,TRUE,reported,igd
19794487,2.34401e-06,3657,6,0.05126,-0.2424,ebi-a-GCST90001736,rs9350187,T,C,0.0607, || id:ebi-a-GCST90001736,TRUE,reported,igd
43485898,6.74093e-06,3657,7,0.0342,-0.1542,ebi-a-GCST90001736,rs767666,G,A,0.8441, || id:ebi-a-GCST90001736,TRUE,reported,igd
90292336,3.87704e-06,3657,7,0.03492,0.1615,ebi-a-GCST90001736,rs73393708,G,T,0.1512, || id:ebi-a-GCST90001736,TRUE,reported,igd
133189482,8.82592e-06,3657,8,0.04554,-0.2027,ebi-a-GCST90001736,rs78007482,A,T,0.082, || id:ebi-a-GCST90001736,TRUE,reported,igd
36949205,1.80601e-06,3657,9,0.1891,-0.9043,ebi-a-GCST90001736,rs75904904,A,C,0.0044, || id:ebi-a-GCST90001736,TRUE,reported,igd
1717689,7.39503e-07,3657,10,0.2699,-1.338,ebi-a-GCST90001736,rs560933055,A,T,0.0022, || id:ebi-a-GCST90001736,TRUE,reported,igd
125702232,5.74196e-06,3657,10,0.02468,0.1121,ebi-a-GCST90001736,rs7900621,G,A,0.5041, || id:ebi-a-GCST90001736,TRUE,reported,igd
29271392,6.95505e-06,3657,12,0.09858,0.4437,ebi-a-GCST90001736,rs17706571,T,C,0.0164, || id:ebi-a-GCST90001736,TRUE,reported,igd
50290056,9.32502e-06,3657,12,0.1014,-0.4502,ebi-a-GCST90001736,rs766977,A,G,0.015, || id:ebi-a-GCST90001736,TRUE,reported,igd
70990398,8.52491e-06,3657,14,0.1099,0.4901,ebi-a-GCST90001736,rs10162314,A,G,0.0127, || id:ebi-a-GCST90001736,TRUE,reported,igd
28973268,7.88806e-09,3657,16,0.02551,0.1475,ebi-a-GCST90001736,rs11643297,G,A,0.611, || id:ebi-a-GCST90001736,TRUE,reported,igd
32422808,4.84697e-09,3657,16,0.2176,-1.277,ebi-a-GCST90001736,rs138920008,C,G,0.0041, || id:ebi-a-GCST90001736,TRUE,reported,igd
7114038,3.71604e-06,3657,19,0.0369,0.171,ebi-a-GCST90001736,rs72988602,G,A,0.1348, || id:ebi-a-GCST90001736,TRUE,reported,igd
56408295,2.79898e-06,3657,19,0.03887,-0.1824,ebi-a-GCST90001736,rs2903728,C,T,0.1147, || id:ebi-a-GCST90001736,TRUE,reported,igd
39369842,9.15904e-06,3657,22,0.2517,-1.118,ebi-a-GCST90001736,rs138273613,T,G,0.0023, || id:ebi-a-GCST90001736,TRUE,reported,igd
27530934,8.07607e-07,3657,22,0.03135,0.1549,ebi-a-GCST90001736,rs5762000,T,C,0.1854, || id:ebi-a-GCST90001736,TRUE,reported,igd
43167446,6.53296e-07,3657,22,0.0628,-0.313,ebi-a-GCST90001736,rs113612962,C,G,0.0402, || id:ebi-a-GCST90001736,TRUE,reported,igd
