samplesize.exposure,se.exposure,chr.exposure,pval.exposure,pos.exposure,beta.exposure,id.exposure,SNP,effect_allele.exposure,other_allele.exposure,eaf.exposure,exposure,mr_keep.exposure,pval_origin.exposure,data_source.exposure
3440,0.1918,1,5.92107e-10,194010208,1.191,ebi-a-GCST90001665,rs116794175,C,T,0.0042, || id:ebi-a-GCST90001665,TRUE,reported,igd
3440,0.1297,1,1.18299e-07,195875605,0.6883,ebi-a-GCST90001665,rs34645541,A,C,0.0094, || id:ebi-a-GCST90001665,TRUE,reported,igd
3440,0.1858,1,2.37411e-12,199999121,1.307,ebi-a-GCST90001665,rs11579717,A,G,0.0044, || id:ebi-a-GCST90001665,TRUE,reported,igd
3440,0.2546,1,1.95794e-23,198283058,2.559,ebi-a-GCST90001665,rs541367304,A,G,0.0032, || id:ebi-a-GCST90001665,TRUE,reported,igd
3440,0.03367,1,1.95398e-06,247539505,0.1605,ebi-a-GCST90001665,rs72771954,T,C,0.1565, || id:ebi-a-GCST90001665,TRUE,reported,igd
3440,0.02544,1,8.82592e-06,14788274,-0.1133,ebi-a-GCST90001665,rs17401833,C,T,0.3699, || id:ebi-a-GCST90001665,TRUE,reported,igd
3440,0.02881,2,2.84603e-09,87009742,0.1716,ebi-a-GCST90001665,rs2367376,C,T,0.2464, || id:ebi-a-GCST90001665,TRUE,reported,igd
3440,0.02479,2,2.60916e-12,38921934,0.1741,ebi-a-GCST90001665,rs7583259,G,C,0.502, || id:ebi-a-GCST90001665,TRUE,reported,igd
3440,0.1296,2,4.96695e-06,18033652,0.5926,ebi-a-GCST90001665,rs116478736,G,C,0.0094, || id:ebi-a-GCST90001665,TRUE,reported,igd
3440,0.02726,2,3.79603e-09,38897249,0.1611,ebi-a-GCST90001665,rs12712610,G,A,0.2977, || id:ebi-a-GCST90001665,TRUE,reported,igd
3440,0.02859,2,5.57995e-06,240573745,-0.13,ebi-a-GCST90001665,rs13001936,T,C,0.2419, || id:ebi-a-GCST90001665,TRUE,reported,igd
3440,0.04781,2,4.61403e-06,38431267,-0.2194,ebi-a-GCST90001665,rs79827501,T,G,0.0731, || id:ebi-a-GCST90001665,TRUE,reported,igd
3440,0.6694,3,6.92197e-06,84481659,3.014,ebi-a-GCST90001665,rs78181865,A,G,3e-04, || id:ebi-a-GCST90001665,TRUE,reported,igd
3440,0.1337,3,3.63396e-06,59914042,0.62,ebi-a-GCST90001665,rs76313555,T,C,0.0083, || id:ebi-a-GCST90001665,TRUE,reported,igd
3440,0.04969,3,2.02102e-06,47546791,0.2365,ebi-a-GCST90001665,rs116760504,A,C,0.0696, || id:ebi-a-GCST90001665,TRUE,reported,igd
3440,0.1644,3,3.64796e-07,189014593,0.8378,ebi-a-GCST90001665,rs73184461,A,T,0.0057, || id:ebi-a-GCST90001665,TRUE,reported,igd
3440,0.03757,3,1.36e-06,174486633,-0.1818,ebi-a-GCST90001665,rs555202,A,G,0.8792, || id:ebi-a-GCST90001665,TRUE,reported,igd
3440,0.8267,4,4.80596e-06,86967620,3.787,ebi-a-GCST90001665,rs114437347,C,G,3e-04, || id:ebi-a-GCST90001665,TRUE,reported,igd
3440,0.03388,6,9.01198e-07,30932606,0.1667,ebi-a-GCST90001665,rs34767257,A,G,0.3343, || id:ebi-a-GCST90001665,TRUE,reported,igd
3440,0.7408,6,5.51696e-06,149157641,3.372,ebi-a-GCST90001665,rs113888828,T,C,3e-04, || id:ebi-a-GCST90001665,TRUE,reported,igd
3440,0.03627,6,1.281e-06,32637817,-0.1759,ebi-a-GCST90001665,rs9274730,A,G,0.3456, || id:ebi-a-GCST90001665,TRUE,reported,igd
3440,0.02507,9,9.54597e-06,14963519,-0.1112,ebi-a-GCST90001665,rs12378196,A,G,0.5038, || id:ebi-a-GCST90001665,TRUE,reported,igd
3440,0.05206,10,3.304e-06,54508949,-0.2425,ebi-a-GCST90001665,rs145682498,A,T,0.0593, || id:ebi-a-GCST90001665,TRUE,reported,igd
3440,0.0692,12,2.48199e-06,19926432,0.3265,ebi-a-GCST90001665,rs67486389,T,A,0.0339, || id:ebi-a-GCST90001665,TRUE,reported,igd
3440,0.02446,15,6.47098e-07,94882509,0.122,ebi-a-GCST90001665,rs4984382,T,C,0.49, || id:ebi-a-GCST90001665,TRUE,reported,igd
3440,0.02953,15,2.57899e-06,66417100,-0.1391,ebi-a-GCST90001665,rs74021626,G,A,0.2328, || id:ebi-a-GCST90001665,TRUE,reported,igd
3440,0.07162,16,5.274e-06,83875573,-0.3267,ebi-a-GCST90001665,rs34854932,G,A,0.0336, || id:ebi-a-GCST90001665,TRUE,reported,igd
3440,0.03361,21,3.234e-06,43529642,-0.1567,ebi-a-GCST90001665,rs8127300,C,A,0.1564, || id:ebi-a-GCST90001665,TRUE,reported,igd
3440,0.03526,22,4.55995e-06,38681644,0.1619,ebi-a-GCST90001665,rs6001084,T,C,0.148, || id:ebi-a-GCST90001665,TRUE,reported,igd
