chr.exposure,se.exposure,pval.exposure,pos.exposure,beta.exposure,samplesize.exposure,id.exposure,SNP,effect_allele.exposure,other_allele.exposure,eaf.exposure,exposure,mr_keep.exposure,pval_origin.exposure,data_source.exposure
1,0.08232,9.04191e-07,61251434,0.405,3656,ebi-a-GCST90001438,rs77848220,T,C,0.0219, || id:ebi-a-GCST90001438,TRUE,reported,igd
2,0.03035,4.08602e-06,238554657,0.14,3656,ebi-a-GCST90001438,rs7595246,C,T,0.1893, || id:ebi-a-GCST90001438,TRUE,reported,igd
2,0.07271,3.29102e-06,36720835,0.3388,3656,ebi-a-GCST90001438,rs115414430,G,C,0.0286, || id:ebi-a-GCST90001438,TRUE,reported,igd
2,0.02892,1.12499e-06,136934125,0.141,3656,ebi-a-GCST90001438,rs1519524,A,T,0.2246, || id:ebi-a-GCST90001438,TRUE,reported,igd
3,0.07671,1.95501e-06,8492010,0.3656,3656,ebi-a-GCST90001438,rs141352577,T,C,0.0235, || id:ebi-a-GCST90001438,TRUE,reported,igd
3,0.0387,9.56093e-06,186485863,0.1715,3656,ebi-a-GCST90001438,rs73185679,C,T,0.1041, || id:ebi-a-GCST90001438,TRUE,reported,igd
8,0.02425,1.85498e-07,144984956,-0.1267,3656,ebi-a-GCST90001438,rs7840395,G,A,0.5715, || id:ebi-a-GCST90001438,TRUE,reported,igd
10,0.02698,1.556e-06,53772842,-0.1298,3656,ebi-a-GCST90001438,rs16925715,C,T,0.2824, || id:ebi-a-GCST90001438,TRUE,reported,igd
11,0.03413,3.83804e-06,67523715,-0.1579,3656,ebi-a-GCST90001438,rs149006488,G,C,0.1496, || id:ebi-a-GCST90001438,TRUE,reported,igd
11,0.07014,1.79498e-06,130557122,0.3355,3656,ebi-a-GCST90001438,rs61910510,T,C,0.0295, || id:ebi-a-GCST90001438,TRUE,reported,igd
11,0.07134,3.62602e-06,130360402,0.3309,3656,ebi-a-GCST90001438,rs4936106,G,C,0.0289, || id:ebi-a-GCST90001438,TRUE,reported,igd
13,0.04286,7.15303e-06,109119262,-0.1927,3656,ebi-a-GCST90001438,rs79407211,T,C,0.0886, || id:ebi-a-GCST90001438,TRUE,reported,igd
13,0.03258,1.23501e-06,47809629,0.1583,3656,ebi-a-GCST90001438,rs73178168,T,C,0.1703, || id:ebi-a-GCST90001438,TRUE,reported,igd
13,0.1563,5.91698e-08,42337460,0.8492,3656,ebi-a-GCST90001438,rs192544457,A,G,0.006, || id:ebi-a-GCST90001438,TRUE,reported,igd
13,0.02394,3.14398e-06,108957063,0.1117,3656,ebi-a-GCST90001438,rs9520836,G,A,0.5044, || id:ebi-a-GCST90001438,TRUE,reported,igd
15,0.02849,7.63801e-06,69123222,0.1277,3656,ebi-a-GCST90001438,rs60035843,G,A,0.2382, || id:ebi-a-GCST90001438,TRUE,reported,igd
17,0.02405,3.28897e-06,2716535,-0.1121,3656,ebi-a-GCST90001438,rs11653761,T,G,0.592, || id:ebi-a-GCST90001438,TRUE,reported,igd
18,0.1987,7.486e-06,46442174,0.8913,3656,ebi-a-GCST90001438,rs117605782,A,G,0.0034, || id:ebi-a-GCST90001438,TRUE,reported,igd
19,0.02614,5.45306e-06,16411841,-0.119,3656,ebi-a-GCST90001438,rs533086,G,A,0.7021, || id:ebi-a-GCST90001438,TRUE,reported,igd
20,0.1321,3.47696e-06,36100011,0.6139,3656,ebi-a-GCST90001438,rs78893742,A,G,0.0081, || id:ebi-a-GCST90001438,TRUE,reported,igd
