samplesize.exposure,pos.exposure,se.exposure,chr.exposure,beta.exposure,pval.exposure,id.exposure,SNP,effect_allele.exposure,other_allele.exposure,eaf.exposure,exposure,mr_keep.exposure,pval_origin.exposure,data_source.exposure
3440,4634084,0.03576,1,0.163,5.32402e-06,ebi-a-GCST90001671,rs241207,G,T,0.858, || id:ebi-a-GCST90001671,TRUE,reported,igd
3440,82648490,0.04226,4,0.211,6.26297e-07,ebi-a-GCST90001671,rs7677831,G,A,0.0983, || id:ebi-a-GCST90001671,TRUE,reported,igd
3440,53758992,0.3087,4,-1.4,5.95703e-06,ebi-a-GCST90001671,rs73814898,T,C,0.0016, || id:ebi-a-GCST90001671,TRUE,reported,igd
3440,43984994,0.02988,5,-0.1332,8.51805e-06,ebi-a-GCST90001671,rs58895686,A,G,0.2516, || id:ebi-a-GCST90001671,TRUE,reported,igd
3440,124323593,0.4278,8,1.893,9.93802e-06,ebi-a-GCST90001671,rs142712866,A,G,9e-04, || id:ebi-a-GCST90001671,TRUE,reported,igd
3440,113175429,0.03636,8,-0.1634,7.28199e-06,ebi-a-GCST90001671,rs34664008,C,A,0.1426, || id:ebi-a-GCST90001671,TRUE,reported,igd
3440,93272233,0.0876,10,-0.4,5.15703e-06,ebi-a-GCST90001671,rs140079267,G,T,0.023, || id:ebi-a-GCST90001671,TRUE,reported,igd
3440,93057020,0.04981,10,0.2297,4.15403e-06,ebi-a-GCST90001671,rs2631687,A,C,0.0731, || id:ebi-a-GCST90001671,TRUE,reported,igd
3440,95845989,0.05887,10,0.6238,7.75354e-26,ebi-a-GCST90001671,rs72812685,A,G,0.0483, || id:ebi-a-GCST90001671,TRUE,reported,igd
3440,99903526,0.09298,10,0.4475,1.555e-06,ebi-a-GCST90001671,rs72826245,T,C,0.0202, || id:ebi-a-GCST90001671,TRUE,reported,igd
3440,97472570,0.02058,10,-0.9043,1e-200,ebi-a-GCST90001671,rs4918960,A,T,0.4863, || id:ebi-a-GCST90001671,TRUE,reported,igd
3440,95633120,0.06103,10,0.8186,5.06524e-40,ebi-a-GCST90001671,rs12778618,C,T,0.0462, || id:ebi-a-GCST90001671,TRUE,reported,igd
3440,96998591,0.02662,10,0.2205,1.73301e-16,ebi-a-GCST90001671,rs2901833,A,G,0.383, || id:ebi-a-GCST90001671,TRUE,reported,igd
3440,98139264,0.06467,10,0.7675,7.27445e-32,ebi-a-GCST90001671,rs111534725,T,G,0.041, || id:ebi-a-GCST90001671,TRUE,reported,igd
3440,99452494,0.05314,10,-0.3008,1.639e-08,ebi-a-GCST90001671,rs146426185,C,A,0.0635, || id:ebi-a-GCST90001671,TRUE,reported,igd
3440,97881031,0.05184,10,0.6402,2.58881e-34,ebi-a-GCST90001671,rs17111341,C,T,0.0667, || id:ebi-a-GCST90001671,TRUE,reported,igd
3440,97972294,0.07403,10,0.6977,7.7464e-21,ebi-a-GCST90001671,rs11818051,T,C,0.0317, || id:ebi-a-GCST90001671,TRUE,reported,igd
3440,70317419,0.03519,10,0.1651,2.82098e-06,ebi-a-GCST90001671,rs111899271,G,T,0.161, || id:ebi-a-GCST90001671,TRUE,reported,igd
3440,134726590,0.0254,11,-0.1159,5.27594e-06,ebi-a-GCST90001671,rs1995763,A,G,0.439, || id:ebi-a-GCST90001671,TRUE,reported,igd
3440,34074087,0.1815,13,0.8524,2.74897e-06,ebi-a-GCST90001671,rs76225630,T,C,0.0041, || id:ebi-a-GCST90001671,TRUE,reported,igd
3440,77106508,0.03769,13,0.1678,8.75709e-06,ebi-a-GCST90001671,rs1332595,G,T,0.1269, || id:ebi-a-GCST90001671,TRUE,reported,igd
3440,71595627,0.04552,17,0.2028,8.63098e-06,ebi-a-GCST90001671,rs9899828,G,T,0.0802, || id:ebi-a-GCST90001671,TRUE,reported,igd
