pos.exposure,pval.exposure,se.exposure,beta.exposure,chr.exposure,samplesize.exposure,id.exposure,SNP,effect_allele.exposure,other_allele.exposure,eaf.exposure,exposure,mr_keep.exposure,pval_origin.exposure,data_source.exposure
206855483,3.38197e-08,0.0895,0.4952,1,3657,ebi-a-GCST90001740,rs112417310,A,G,0.0201, || id:ebi-a-GCST90001740,TRUE,reported,igd
204227546,5.74698e-06,0.1695,-0.7701,1,3657,ebi-a-GCST90001740,rs141619127,T,C,0.0049, || id:ebi-a-GCST90001740,TRUE,reported,igd
28617041,4.15403e-06,0.07109,0.3277,1,3657,ebi-a-GCST90001740,rs145924813,T,C,0.0327, || id:ebi-a-GCST90001740,TRUE,reported,igd
207276336,3.15602e-06,0.09223,0.4305,1,3657,ebi-a-GCST90001740,rs113812519,G,A,0.0185, || id:ebi-a-GCST90001740,TRUE,reported,igd
43810948,9.93711e-06,0.03347,0.1481,2,3657,ebi-a-GCST90001740,rs80268044,A,G,0.1765, || id:ebi-a-GCST90001740,TRUE,reported,igd
61094800,1.601e-06,0.02464,-0.1184,3,3657,ebi-a-GCST90001740,rs1439005,C,G,0.4588, || id:ebi-a-GCST90001740,TRUE,reported,igd
26464043,4.92697e-06,0.1586,-0.7255,4,3657,ebi-a-GCST90001740,rs7665261,T,C,0.006, || id:ebi-a-GCST90001740,TRUE,reported,igd
70969845,7.54692e-06,0.05187,0.2326,5,3657,ebi-a-GCST90001740,rs281142,A,G,0.0599, || id:ebi-a-GCST90001740,TRUE,reported,igd
173972294,1.36899e-06,0.02484,0.1202,5,3657,ebi-a-GCST90001740,rs56044553,T,C,0.4832, || id:ebi-a-GCST90001740,TRUE,reported,igd
148626837,8.56308e-06,0.1016,-0.4528,5,3657,ebi-a-GCST90001740,rs73275737,G,C,0.0135, || id:ebi-a-GCST90001740,TRUE,reported,igd
36809211,4.79899e-07,0.1052,0.5306,6,3657,ebi-a-GCST90001740,rs116364947,T,A,0.0134, || id:ebi-a-GCST90001740,TRUE,reported,igd
42130300,3.298e-06,0.02951,0.1375,6,3657,ebi-a-GCST90001740,rs2281460,A,G,0.2302, || id:ebi-a-GCST90001740,TRUE,reported,igd
19564461,3.15798e-06,0.05433,-0.2536,6,3657,ebi-a-GCST90001740,rs9460382,G,A,0.0509, || id:ebi-a-GCST90001740,TRUE,reported,igd
32173757,7.49998e-06,0.09754,0.4375,6,3657,ebi-a-GCST90001740,rs112126052,A,T,0.0175, || id:ebi-a-GCST90001740,TRUE,reported,igd
120164685,2.22802e-06,0.02555,-0.1211,6,3657,ebi-a-GCST90001740,rs2357754,T,C,0.5934, || id:ebi-a-GCST90001740,TRUE,reported,igd
19798682,8.56998e-07,0.05001,-0.2466,6,3657,ebi-a-GCST90001740,rs9368123,A,G,0.0645, || id:ebi-a-GCST90001740,TRUE,reported,igd
129964873,6.11505e-06,0.03205,0.1452,8,3657,ebi-a-GCST90001740,rs17242358,A,G,0.181, || id:ebi-a-GCST90001740,TRUE,reported,igd
36981822,5.86597e-06,0.02506,-0.1137,9,3657,ebi-a-GCST90001740,rs12554848,C,T,0.4634, || id:ebi-a-GCST90001740,TRUE,reported,igd
1717689,1.32599e-06,0.2695,-1.305,10,3657,ebi-a-GCST90001740,rs560933055,A,T,0.0022, || id:ebi-a-GCST90001740,TRUE,reported,igd
29271392,8.93799e-06,0.0987,0.439,12,3657,ebi-a-GCST90001740,rs17706571,T,C,0.0164, || id:ebi-a-GCST90001740,TRUE,reported,igd
77004600,4.948e-06,0.02606,0.1192,15,3657,ebi-a-GCST90001740,rs4343243,A,G,0.3644, || id:ebi-a-GCST90001740,TRUE,reported,igd
35271879,8.92298e-06,0.03345,0.1488,16,3657,ebi-a-GCST90001740,rs62059362,T,C,0.1683, || id:ebi-a-GCST90001740,TRUE,reported,igd
48885048,4.56804e-06,0.07074,0.3247,16,3657,ebi-a-GCST90001740,rs77162145,C,T,0.0302, || id:ebi-a-GCST90001740,TRUE,reported,igd
28913787,2.9792e-11,0.02504,0.167,16,3657,ebi-a-GCST90001740,rs7189927,C,T,0.5982, || id:ebi-a-GCST90001740,TRUE,reported,igd
58304032,3.51099e-06,0.03966,0.1843,18,3657,ebi-a-GCST90001740,rs13382005,G,A,0.1065, || id:ebi-a-GCST90001740,TRUE,reported,igd
7079452,2.36401e-06,0.02927,0.1384,19,3657,ebi-a-GCST90001740,rs62124467,T,C,0.2401, || id:ebi-a-GCST90001740,TRUE,reported,igd
47459855,6.95697e-06,0.05104,0.2298,20,3657,ebi-a-GCST90001740,rs78614237,C,G,0.0618, || id:ebi-a-GCST90001740,TRUE,reported,igd
32136760,7.71294e-07,0.1014,0.5022,21,3657,ebi-a-GCST90001740,rs137949497,G,T,0.0146, || id:ebi-a-GCST90001740,TRUE,reported,igd
27530934,5.47003e-06,0.03136,0.1428,22,3657,ebi-a-GCST90001740,rs5762000,T,C,0.1854, || id:ebi-a-GCST90001740,TRUE,reported,igd
43167446,5.12802e-08,0.06276,-0.3426,22,3657,ebi-a-GCST90001740,rs113612962,C,G,0.0402, || id:ebi-a-GCST90001740,TRUE,reported,igd
