chr.exposure,beta.exposure,pval.exposure,se.exposure,pos.exposure,samplesize.exposure,id.exposure,SNP,effect_allele.exposure,other_allele.exposure,eaf.exposure,exposure,mr_keep.exposure,pval_origin.exposure,data_source.exposure
1,-0.1539,4.27898e-06,0.03343,18660295,3650,ebi-a-GCST90001615,rs558986,G,A,0.8447, || id:ebi-a-GCST90001615,TRUE,reported,igd
1,-0.1373,1.77198e-06,0.02868,245716969,3650,ebi-a-GCST90001615,rs947107,C,T,0.2236, || id:ebi-a-GCST90001615,TRUE,reported,igd
2,0.154,8.192e-06,0.03447,197856673,3650,ebi-a-GCST90001615,rs11897347,C,T,0.1526, || id:ebi-a-GCST90001615,TRUE,reported,igd
4,-0.3381,7.63097e-06,0.07544,111341950,3650,ebi-a-GCST90001615,rs149000203,A,G,0.0267, || id:ebi-a-GCST90001615,TRUE,reported,igd
5,-1.257,5.59603e-06,0.2764,100863142,3650,ebi-a-GCST90001615,rs139500218,A,T,0.0019, || id:ebi-a-GCST90001615,TRUE,reported,igd
6,-0.1947,3.16199e-08,0.03512,32627042,3650,ebi-a-GCST90001615,rs9273390,C,G,0.1942, || id:ebi-a-GCST90001615,TRUE,reported,igd
6,0.3066,1.90414e-11,0.04553,32501347,3650,ebi-a-GCST90001615,rs67851010,A,G,0.7905, || id:ebi-a-GCST90001615,TRUE,reported,igd
6,-0.3512,7.23303e-07,0.07076,79117697,3650,ebi-a-GCST90001615,rs139311612,C,T,0.0329, || id:ebi-a-GCST90001615,TRUE,reported,igd
7,-0.2867,2.06201e-06,0.0603,38336965,3650,ebi-a-GCST90001615,rs73353488,A,G,0.0437, || id:ebi-a-GCST90001615,TRUE,reported,igd
8,0.1504,9.7481e-07,0.03066,19266727,3650,ebi-a-GCST90001615,rs3802329,A,C,0.1959, || id:ebi-a-GCST90001615,TRUE,reported,igd
9,-0.8984,6.44703e-07,0.1802,24238234,3650,ebi-a-GCST90001615,rs77743715,G,A,0.0048, || id:ebi-a-GCST90001615,TRUE,reported,igd
12,-0.1129,3.15399e-06,0.02418,109499490,3650,ebi-a-GCST90001615,rs10850589,T,C,0.5141, || id:ebi-a-GCST90001615,TRUE,reported,igd
13,0.2763,9.6859e-06,0.06238,110758617,3650,ebi-a-GCST90001615,rs117810965,A,G,0.0395, || id:ebi-a-GCST90001615,TRUE,reported,igd
16,-0.1323,7.85507e-06,0.02955,16869754,3650,ebi-a-GCST90001615,rs7192379,C,T,0.2168, || id:ebi-a-GCST90001615,TRUE,reported,igd
16,-0.1303,2.85299e-06,0.02779,60665097,3650,ebi-a-GCST90001615,rs7194802,A,C,0.747, || id:ebi-a-GCST90001615,TRUE,reported,igd
17,0.109,8.77506e-06,0.0245,33805730,3650,ebi-a-GCST90001615,rs9912354,T,C,0.5271, || id:ebi-a-GCST90001615,TRUE,reported,igd
17,0.2848,1.20099e-06,0.05856,72943434,3650,ebi-a-GCST90001615,rs35702634,A,G,0.0449, || id:ebi-a-GCST90001615,TRUE,reported,igd
17,-0.2623,4.84395e-06,0.0573,35269469,3650,ebi-a-GCST90001615,rs8079417,G,T,0.0493, || id:ebi-a-GCST90001615,TRUE,reported,igd
18,0.2644,2.88602e-06,0.05643,51354134,3650,ebi-a-GCST90001615,rs142067182,T,C,0.0508, || id:ebi-a-GCST90001615,TRUE,reported,igd
20,0.3857,4.34901e-06,0.08384,6008247,3650,ebi-a-GCST90001615,rs148395664,A,G,0.0215, || id:ebi-a-GCST90001615,TRUE,reported,igd
21,0.4148,5.39796e-06,0.09106,27926021,3650,ebi-a-GCST90001615,rs9974788,A,G,0.0181, || id:ebi-a-GCST90001615,TRUE,reported,igd
