pval.exposure,pos.exposure,chr.exposure,beta.exposure,samplesize.exposure,se.exposure,id.exposure,SNP,effect_allele.exposure,other_allele.exposure,eaf.exposure,exposure,mr_keep.exposure,pval_origin.exposure,data_source.exposure
3.3512e-17,199999121,1,-1.573,3437,0.1855,ebi-a-GCST90001503,rs11579717,A,G,0.0044, || id:ebi-a-GCST90001503,TRUE,reported,igd
5.09202e-06,182579163,1,-2.494,3437,0.5458,ebi-a-GCST90001503,rs146512168,C,T,6e-04, || id:ebi-a-GCST90001503,TRUE,reported,igd
4.76903e-07,239767145,1,-0.1944,3437,0.03852,ebi-a-GCST90001503,rs10925924,G,T,0.8829, || id:ebi-a-GCST90001503,TRUE,reported,igd
8.8871e-06,103543193,1,-2.089,3437,0.4694,ebi-a-GCST90001503,rs143290109,T,C,7e-04, || id:ebi-a-GCST90001503,TRUE,reported,igd
6.75461e-12,190079170,1,-1.565,3437,0.2272,ebi-a-GCST90001503,rs138915779,A,C,0.0035, || id:ebi-a-GCST90001503,TRUE,reported,igd
1.30707e-21,198151688,1,-2.11,3437,0.2195,ebi-a-GCST90001503,rs113435341,G,A,0.0032, || id:ebi-a-GCST90001503,TRUE,reported,igd
2.717e-07,205001095,1,-0.5302,3437,0.1029,ebi-a-GCST90001503,rs35378667,C,T,0.0141, || id:ebi-a-GCST90001503,TRUE,reported,igd
1.20601e-08,38897249,2,-0.1572,3437,0.02752,ebi-a-GCST90001503,rs12712610,G,A,0.2975, || id:ebi-a-GCST90001503,TRUE,reported,igd
3.77103e-06,149610852,3,-0.7413,3437,0.1601,ebi-a-GCST90001503,rs73155096,G,C,0.0063, || id:ebi-a-GCST90001503,TRUE,reported,igd
7.84892e-06,4602572,3,-0.11,3437,0.02458,ebi-a-GCST90001503,rs4685759,G,C,0.4693, || id:ebi-a-GCST90001503,TRUE,reported,igd
1.232e-06,116384674,3,-0.1805,3437,0.03716,ebi-a-GCST90001503,rs6438325,C,A,0.8749, || id:ebi-a-GCST90001503,TRUE,reported,igd
4.23097e-06,86967620,4,-3.73,3437,0.8097,ebi-a-GCST90001503,rs114437347,C,G,3e-04, || id:ebi-a-GCST90001503,TRUE,reported,igd
4.75094e-06,1589324,4,-2.136,3437,0.466,ebi-a-GCST90001503,rs186715000,G,A,6e-04, || id:ebi-a-GCST90001503,TRUE,reported,igd
3.093e-06,54555201,4,-0.131,3437,0.02803,ebi-a-GCST90001503,rs2668533,T,C,0.7284, || id:ebi-a-GCST90001503,TRUE,reported,igd
5.13098e-09,123422719,4,-2.923,3437,0.4989,ebi-a-GCST90001503,rs138960714,C,A,6e-04, || id:ebi-a-GCST90001503,TRUE,reported,igd
9.941e-06,57549528,4,-0.1149,3437,0.02598,ebi-a-GCST90001503,rs12642085,T,C,0.342, || id:ebi-a-GCST90001503,TRUE,reported,igd
7.65403e-06,103491045,6,-2.446,3437,0.5459,ebi-a-GCST90001503,rs117947776,C,G,6e-04, || id:ebi-a-GCST90001503,TRUE,reported,igd
3.87097e-08,37427289,7,0.1992,3437,0.03616,ebi-a-GCST90001503,rs74830391,T,C,0.1525, || id:ebi-a-GCST90001503,TRUE,reported,igd
1.93798e-06,19426186,8,0.1207,3437,0.02532,ebi-a-GCST90001503,rs2958568,C,A,0.4751, || id:ebi-a-GCST90001503,TRUE,reported,igd
1.38007e-13,6094697,10,0.4097,3437,0.05516,ebi-a-GCST90001503,rs61839660,T,C,0.0543, || id:ebi-a-GCST90001503,TRUE,reported,igd
2.64101e-09,6185310,10,-0.1567,3437,0.02626,ebi-a-GCST90001503,rs11256966,G,C,0.3848, || id:ebi-a-GCST90001503,TRUE,reported,igd
3.004e-06,66788802,11,-9.179,3437,1.962,ebi-a-GCST90001503,rs138514398,G,T,NA, || id:ebi-a-GCST90001503,TRUE,reported,igd
1.84999e-06,67333370,11,-2.841,3437,0.5947,ebi-a-GCST90001503,rs149375589,G,T,4e-04, || id:ebi-a-GCST90001503,TRUE,reported,igd
6.53296e-06,129253988,11,-0.1382,3437,0.0306,ebi-a-GCST90001503,rs11221698,T,C,0.2104, || id:ebi-a-GCST90001503,TRUE,reported,igd
2.80899e-06,23612754,12,-0.1728,3437,0.03682,ebi-a-GCST90001503,rs17465223,A,G,0.1318, || id:ebi-a-GCST90001503,TRUE,reported,igd
1.82802e-06,103258906,14,-1.986,3437,0.4154,ebi-a-GCST90001503,rs145444215,A,G,9e-04, || id:ebi-a-GCST90001503,TRUE,reported,igd
1.894e-06,38241882,14,-2.838,3437,0.5947,ebi-a-GCST90001503,rs4901222,T,C,4e-04, || id:ebi-a-GCST90001503,TRUE,reported,igd
7.42899e-06,39046198,15,-0.1198,3437,0.0267,ebi-a-GCST90001503,rs1465510,A,G,0.6891, || id:ebi-a-GCST90001503,TRUE,reported,igd
5.58702e-06,88710635,16,-2.484,3437,0.5461,ebi-a-GCST90001503,rs149703905,G,A,6e-04, || id:ebi-a-GCST90001503,TRUE,reported,igd
8.12793e-06,28651774,16,0.2033,3437,0.04548,ebi-a-GCST90001503,rs140078626,G,C,0.0845, || id:ebi-a-GCST90001503,TRUE,reported,igd
8.34795e-06,2761413,17,0.2327,3437,0.05214,ebi-a-GCST90001503,rs11655776,G,A,0.0602, || id:ebi-a-GCST90001503,TRUE,reported,igd
5.14505e-06,43502925,19,1.332,3437,0.2918,ebi-a-GCST90001503,rs143166038,A,G,0.0016, || id:ebi-a-GCST90001503,TRUE,reported,igd
4.427e-06,39567774,20,0.1447,3437,0.03148,ebi-a-GCST90001503,rs6065288,T,C,0.2026, || id:ebi-a-GCST90001503,TRUE,reported,igd
2.68398e-08,47814108,22,-2.662,3437,0.4776,ebi-a-GCST90001503,rs147838148,G,T,6e-04, || id:ebi-a-GCST90001503,TRUE,reported,igd
