pval.exposure,pos.exposure,samplesize.exposure,se.exposure,chr.exposure,beta.exposure,id.exposure,SNP,effect_allele.exposure,other_allele.exposure,eaf.exposure,exposure,mr_keep.exposure,pval_origin.exposure,data_source.exposure
7.86394e-06,19203961,3657,0.05976,1,-0.2675,ebi-a-GCST90001819,rs41310410,T,C,0.0446, || id:ebi-a-GCST90001819,TRUE,reported,igd
9.60506e-06,99413231,3657,0.1235,1,0.5476,ebi-a-GCST90001819,rs140192272,G,A,0.0101, || id:ebi-a-GCST90001819,TRUE,reported,igd
1.34701e-08,112267500,3657,0.02931,1,0.1669,ebi-a-GCST90001819,rs197429,T,C,0.233, || id:ebi-a-GCST90001819,TRUE,reported,igd
1.19001e-06,181635654,3657,0.03069,2,0.1493,ebi-a-GCST90001819,rs57408613,C,G,0.2077, || id:ebi-a-GCST90001819,TRUE,reported,igd
3.76201e-06,170932700,3657,0.06941,2,0.3215,ebi-a-GCST90001819,rs78282820,G,A,0.0345, || id:ebi-a-GCST90001819,TRUE,reported,igd
2.45301e-07,184801494,3657,0.03121,3,-0.1614,ebi-a-GCST90001819,rs9845482,A,G,0.8018, || id:ebi-a-GCST90001819,TRUE,reported,igd
5.93499e-06,31815483,3657,0.0528,3,0.2394,ebi-a-GCST90001819,rs113248969,A,G,0.0587, || id:ebi-a-GCST90001819,TRUE,reported,igd
4.82503e-06,37526985,3657,0.041,3,-0.1877,ebi-a-GCST90001819,rs2070478,T,C,0.1046, || id:ebi-a-GCST90001819,TRUE,reported,igd
1.68694e-14,15956227,3657,0.1184,4,-0.912,ebi-a-GCST90001819,rs115062208,G,A,0.0115, || id:ebi-a-GCST90001819,TRUE,reported,igd
6.27047e-32,15915069,3657,0.08813,4,-1.046,ebi-a-GCST90001819,rs76112278,A,G,0.0194, || id:ebi-a-GCST90001819,TRUE,reported,igd
2.98003e-06,24413705,3657,0.09163,4,-0.4288,ebi-a-GCST90001819,rs140447118,T,A,0.018, || id:ebi-a-GCST90001819,TRUE,reported,igd
5.23504e-10,14029370,3657,0.07246,4,-0.4513,ebi-a-GCST90001819,rs572542,T,C,0.0288, || id:ebi-a-GCST90001819,TRUE,reported,igd
9.69393e-15,15044338,3657,0.06859,4,-0.5334,ebi-a-GCST90001819,rs149852991,T,G,0.0321, || id:ebi-a-GCST90001819,TRUE,reported,igd
3.08603e-06,27458351,3657,0.2416,5,-1.129,ebi-a-GCST90001819,rs138612228,T,G,0.0027, || id:ebi-a-GCST90001819,TRUE,reported,igd
4.37996e-06,87562189,3657,0.1014,5,0.4666,ebi-a-GCST90001819,rs140554292,A,G,0.0145, || id:ebi-a-GCST90001819,TRUE,reported,igd
6.422e-07,144509395,3657,0.02699,7,0.1346,ebi-a-GCST90001819,rs10231147,T,G,0.7066, || id:ebi-a-GCST90001819,TRUE,reported,igd
8.8589e-07,59422142,3657,0.1226,10,-0.6037,ebi-a-GCST90001819,rs11005889,A,T,0.9902, || id:ebi-a-GCST90001819,TRUE,reported,igd
7.98509e-06,113745608,3657,0.07682,11,0.3435,ebi-a-GCST90001819,rs4288784,G,C,0.0254, || id:ebi-a-GCST90001819,TRUE,reported,igd
8.051e-06,105086574,3657,0.1022,14,0.4567,ebi-a-GCST90001819,rs75796463,C,T,0.0157, || id:ebi-a-GCST90001819,TRUE,reported,igd
5.44703e-07,32004133,3657,0.03305,15,0.1659,ebi-a-GCST90001819,rs62002679,A,G,0.175, || id:ebi-a-GCST90001819,TRUE,reported,igd
7.39503e-06,6279415,3657,0.09017,17,-0.4047,ebi-a-GCST90001819,rs62063474,T,C,0.0182, || id:ebi-a-GCST90001819,TRUE,reported,igd
5.72598e-06,54232162,3657,0.05149,18,-0.2339,ebi-a-GCST90001819,rs34379433,A,G,0.0622, || id:ebi-a-GCST90001819,TRUE,reported,igd
6.92405e-06,47317539,3657,0.05368,19,-0.2417,ebi-a-GCST90001819,rs2311849,C,T,0.0558, || id:ebi-a-GCST90001819,TRUE,reported,igd
2.94999e-06,1021725,3657,0.02551,19,-0.1194,ebi-a-GCST90001819,rs7251792,A,C,0.3805, || id:ebi-a-GCST90001819,TRUE,reported,igd
