beta.exposure,samplesize.exposure,pval.exposure,pos.exposure,chr.exposure,se.exposure,id.exposure,SNP,effect_allele.exposure,other_allele.exposure,eaf.exposure,exposure,mr_keep.exposure,pval_origin.exposure,data_source.exposure
0.3053,1247,2.41602e-07,170559626,1,0.05879,ebi-a-GCST90001882,rs61826205,G,T,0.1319, || id:ebi-a-GCST90001882,TRUE,reported,igd
0.2812,1247,3.13603e-06,3153237,1,0.06005,ebi-a-GCST90001882,rs11807062,C,A,0.1239, || id:ebi-a-GCST90001882,TRUE,reported,igd
0.3092,1247,2.10378e-15,2488608,1,0.03847,ebi-a-GCST90001882,rs1886730,C,T,0.5778, || id:ebi-a-GCST90001882,TRUE,reported,igd
-0.1921,1247,1.646e-06,91231232,1,0.03989,ebi-a-GCST90001882,rs4593803,G,A,0.437, || id:ebi-a-GCST90001882,TRUE,reported,igd
-0.3855,1247,1.54099e-06,5859854,2,0.07983,ebi-a-GCST90001882,rs58461262,A,G,0.0698, || id:ebi-a-GCST90001882,TRUE,reported,igd
-0.3268,1247,6.12604e-06,2053929,3,0.07196,ebi-a-GCST90001882,rs62246799,C,T,0.0858, || id:ebi-a-GCST90001882,TRUE,reported,igd
-0.288,1247,1.93901e-06,116099168,5,0.06021,ebi-a-GCST90001882,rs2937054,T,G,0.1303, || id:ebi-a-GCST90001882,TRUE,reported,igd
0.2499,1247,7.93305e-06,23965983,6,0.05571,ebi-a-GCST90001882,rs536853,G,A,0.1568, || id:ebi-a-GCST90001882,TRUE,reported,igd
-0.3376,1247,4.31599e-07,98060503,6,0.06644,ebi-a-GCST90001882,rs72923012,T,C,0.1047, || id:ebi-a-GCST90001882,TRUE,reported,igd
0.1995,1247,3.094e-06,31326131,6,0.04258,ebi-a-GCST90001882,rs73390208,T,C,0.4739, || id:ebi-a-GCST90001882,TRUE,reported,igd
0.2974,1247,1.185e-06,154798440,7,0.06091,ebi-a-GCST90001882,rs62471910,G,C,0.1215, || id:ebi-a-GCST90001882,TRUE,reported,igd
0.4384,1247,5.43e-06,89243591,8,0.096,ebi-a-GCST90001882,rs28904611,G,A,0.0481, || id:ebi-a-GCST90001882,TRUE,reported,igd
0.2083,1247,5.19003e-06,11621450,8,0.04551,ebi-a-GCST90001882,rs2740433,A,G,0.7257, || id:ebi-a-GCST90001882,TRUE,reported,igd
-0.3387,1247,1.789e-06,21156118,9,0.07058,ebi-a-GCST90001882,rs4977976,A,C,0.9126, || id:ebi-a-GCST90001882,TRUE,reported,igd
-1.148,1247,4.21105e-06,107670625,11,0.2484,ebi-a-GCST90001882,rs524655,G,T,0.0064, || id:ebi-a-GCST90001882,TRUE,reported,igd
-1.249,1247,8.75306e-06,77477036,11,0.2797,ebi-a-GCST90001882,rs113260310,A,G,0.0048, || id:ebi-a-GCST90001882,TRUE,reported,igd
-0.7462,1247,8.81394e-06,19256068,13,0.1672,ebi-a-GCST90001882,rs9509382,G,A,0.0209, || id:ebi-a-GCST90001882,TRUE,reported,igd
0.1855,1247,9.98298e-06,57498691,15,0.04182,ebi-a-GCST90001882,rs2733310,G,T,0.6403, || id:ebi-a-GCST90001882,TRUE,reported,igd
-0.3113,1247,8.50805e-06,49283494,19,0.06963,ebi-a-GCST90001882,rs837640,C,T,0.0914, || id:ebi-a-GCST90001882,TRUE,reported,igd
