beta.exposure,samplesize.exposure,se.exposure,pos.exposure,pval.exposure,chr.exposure,id.exposure,SNP,effect_allele.exposure,other_allele.exposure,eaf.exposure,exposure,mr_keep.exposure,pval_origin.exposure,data_source.exposure
0.2323,3395,0.05137,245039866,6.30406e-06,1,ebi-a-GCST90001572,rs9660907,C,T,0.0632, || id:ebi-a-GCST90001572,TRUE,reported,igd
0.9668,3395,0.2104,197997953,4.492e-06,1,ebi-a-GCST90001572,rs4497244,A,G,0.0034, || id:ebi-a-GCST90001572,TRUE,reported,igd
0.1224,3395,0.02543,190077813,1.539e-06,1,ebi-a-GCST90001572,rs1891587,T,C,0.458, || id:ebi-a-GCST90001572,TRUE,reported,igd
0.1405,3395,0.03141,15874207,7.92301e-06,2,ebi-a-GCST90001572,rs6431734,A,C,0.7922, || id:ebi-a-GCST90001572,TRUE,reported,igd
0.115,3395,0.02551,38897810,6.71599e-06,2,ebi-a-GCST90001572,rs6751481,C,T,0.4694, || id:ebi-a-GCST90001572,TRUE,reported,igd
0.1948,3395,0.026,38920621,8.39267e-14,2,ebi-a-GCST90001572,rs6729180,T,C,0.3848, || id:ebi-a-GCST90001572,TRUE,reported,igd
0.1651,3395,0.03214,87035076,2.939e-07,2,ebi-a-GCST90001572,rs6755452,G,T,0.1895, || id:ebi-a-GCST90001572,TRUE,reported,igd
0.1218,3395,0.0255,78637361,1.86698e-06,3,ebi-a-GCST90001572,rs36060603,G,A,0.5203, || id:ebi-a-GCST90001572,TRUE,reported,igd
0.1291,3395,0.0263,172937884,9.59003e-07,4,ebi-a-GCST90001572,rs10003087,G,T,0.3766, || id:ebi-a-GCST90001572,TRUE,reported,igd
-0.2948,3395,0.06653,147400930,9.62897e-06,4,ebi-a-GCST90001572,rs72731805,A,T,0.0368, || id:ebi-a-GCST90001572,TRUE,reported,igd
0.3812,3395,0.08052,146490228,2.28102e-06,5,ebi-a-GCST90001572,rs114588192,T,C,0.0249, || id:ebi-a-GCST90001572,TRUE,reported,igd
0.3442,3395,0.07624,98468131,6.57597e-06,5,ebi-a-GCST90001572,rs78513507,T,C,0.0286, || id:ebi-a-GCST90001572,TRUE,reported,igd
-0.1651,3395,0.03098,31320277,1.05099e-07,6,ebi-a-GCST90001572,rs2442720,T,A,0.3775, || id:ebi-a-GCST90001572,TRUE,reported,igd
-0.2244,3395,0.04937,31207763,5.696e-06,6,ebi-a-GCST90001572,rs9461666,G,T,0.1133, || id:ebi-a-GCST90001572,TRUE,reported,igd
0.1133,3395,0.02501,11109693,6.11998e-06,6,ebi-a-GCST90001572,rs7744522,G,A,0.5859, || id:ebi-a-GCST90001572,TRUE,reported,igd
-0.2671,3395,0.03751,32586382,1.30497e-12,6,ebi-a-GCST90001572,rs61126090,G,A,0.1973, || id:ebi-a-GCST90001572,TRUE,reported,igd
-1.143,3395,0.2566,27625612,8.77304e-06,7,ebi-a-GCST90001572,rs75865132,C,T,0.0024, || id:ebi-a-GCST90001572,TRUE,reported,igd
8.277,3395,1.773,2243789,3.17198e-06,7,ebi-a-GCST90001572,rs141942432,T,C,NA, || id:ebi-a-GCST90001572,TRUE,reported,igd
0.2618,3395,0.05771,120880964,5.91003e-06,8,ebi-a-GCST90001572,rs117257206,A,G,0.0513, || id:ebi-a-GCST90001572,TRUE,reported,igd
0.3859,3395,0.08091,38160865,1.92101e-06,12,ebi-a-GCST90001572,rs191991810,C,G,0.0424, || id:ebi-a-GCST90001572,TRUE,reported,igd
0.37,3395,0.08249,130856799,7.51e-06,12,ebi-a-GCST90001572,rs142576649,C,T,0.024, || id:ebi-a-GCST90001572,TRUE,reported,igd
0.1223,3395,0.0258,26221619,2.19498e-06,16,ebi-a-GCST90001572,rs17775026,A,G,0.3866, || id:ebi-a-GCST90001572,TRUE,reported,igd
-0.2674,3395,0.05724,34245629,3.111e-06,17,ebi-a-GCST90001572,rs2242597,G,T,0.0505, || id:ebi-a-GCST90001572,TRUE,reported,igd
0.1742,3395,0.03839,30096708,5.91494e-06,19,ebi-a-GCST90001572,rs10422969,A,G,0.1237, || id:ebi-a-GCST90001572,TRUE,reported,igd
