pval.exposure,samplesize.exposure,chr.exposure,beta.exposure,se.exposure,pos.exposure,id.exposure,SNP,effect_allele.exposure,other_allele.exposure,eaf.exposure,exposure,mr_keep.exposure,pval_origin.exposure,data_source.exposure
5.91003e-06,3657,1,-0.56,0.1234,83678678,ebi-a-GCST90001417,rs145208372,A,G,0.0097, || id:ebi-a-GCST90001417,TRUE,reported,igd
3.41099e-07,3657,1,-0.1301,0.02547,150860471,ebi-a-GCST90001417,rs7412746,T,C,0.5153, || id:ebi-a-GCST90001417,TRUE,reported,igd
3.67401e-06,3657,1,-0.2365,0.05101,207087053,ebi-a-GCST90001417,rs72758947,G,A,0.0641, || id:ebi-a-GCST90001417,TRUE,reported,igd
1.009e-06,3657,1,-0.1269,0.02592,89814066,ebi-a-GCST90001417,rs4658141,C,T,0.3805, || id:ebi-a-GCST90001417,TRUE,reported,igd
2.04899e-08,3657,1,-0.4865,0.08656,8009985,ebi-a-GCST90001417,rs75766272,T,C,0.0201, || id:ebi-a-GCST90001417,TRUE,reported,igd
9.91791e-06,3657,2,0.4657,0.1052,178116262,ebi-a-GCST90001417,rs72944931,G,A,0.0138, || id:ebi-a-GCST90001417,TRUE,reported,igd
1.71002e-08,3657,2,0.3527,0.0624,73679013,ebi-a-GCST90001417,rs45608038,G,A,0.0421, || id:ebi-a-GCST90001417,TRUE,reported,igd
1.826e-06,3657,2,0.2066,0.04322,138420154,ebi-a-GCST90001417,rs72844588,A,G,0.0913, || id:ebi-a-GCST90001417,TRUE,reported,igd
7.48101e-06,3657,3,-0.737,0.1643,7831627,ebi-a-GCST90001417,rs62233948,T,C,0.006, || id:ebi-a-GCST90001417,TRUE,reported,igd
1.15001e-06,3657,3,-0.2083,0.04276,186702869,ebi-a-GCST90001417,rs145442262,A,G,0.0906, || id:ebi-a-GCST90001417,TRUE,reported,igd
6.70595e-06,3657,3,-0.1708,0.03788,16416145,ebi-a-GCST90001417,rs55710170,A,G,0.1181, || id:ebi-a-GCST90001417,TRUE,reported,igd
8.17504e-07,3657,4,-0.293,0.05931,11590243,ebi-a-GCST90001417,rs35698683,G,A,0.0447, || id:ebi-a-GCST90001417,TRUE,reported,igd
3.925e-06,3657,5,0.9325,0.2017,119742816,ebi-a-GCST90001417,rs115405874,G,A,0.0037, || id:ebi-a-GCST90001417,TRUE,reported,igd
3.52298e-06,3657,5,0.9614,0.207,140636323,ebi-a-GCST90001417,rs681014,C,T,0.9966, || id:ebi-a-GCST90001417,TRUE,reported,igd
9.27705e-06,3657,6,0.2715,0.06115,129409652,ebi-a-GCST90001417,rs9492229,C,T,0.9556, || id:ebi-a-GCST90001417,TRUE,reported,igd
7.59906e-06,3657,6,0.9264,0.2067,100574892,ebi-a-GCST90001417,rs148702078,C,G,0.0034, || id:ebi-a-GCST90001417,TRUE,reported,igd
6.15205e-06,3657,7,0.3676,0.08119,56242182,ebi-a-GCST90001417,rs62459310,C,G,0.022, || id:ebi-a-GCST90001417,TRUE,reported,igd
9.38102e-06,3657,8,-0.1852,0.04175,124662104,ebi-a-GCST90001417,rs10505439,T,C,0.0941, || id:ebi-a-GCST90001417,TRUE,reported,igd
2.20699e-06,3657,11,-0.1205,0.02541,11033950,ebi-a-GCST90001417,rs10743163,A,G,0.4035, || id:ebi-a-GCST90001417,TRUE,reported,igd
9.29608e-06,3657,12,0.1143,0.02575,130112732,ebi-a-GCST90001417,rs265612,T,C,0.3411, || id:ebi-a-GCST90001417,TRUE,reported,igd
7.44098e-06,3657,12,1.249,0.2784,123744082,ebi-a-GCST90001417,rs112294465,A,C,0.0021, || id:ebi-a-GCST90001417,TRUE,reported,igd
3.02803e-08,3657,13,0.4892,0.08811,50147180,ebi-a-GCST90001417,rs76477280,G,A,0.0206, || id:ebi-a-GCST90001417,TRUE,reported,igd
8.56091e-06,3657,14,0.4553,0.1022,97702226,ebi-a-GCST90001417,rs117004076,G,A,0.0146, || id:ebi-a-GCST90001417,TRUE,reported,igd
4.59896e-06,3657,14,0.2675,0.05828,96205838,ebi-a-GCST90001417,rs77762131,C,G,0.045, || id:ebi-a-GCST90001417,TRUE,reported,igd
1.064e-06,3657,14,0.2482,0.05078,65713895,ebi-a-GCST90001417,rs116844769,A,G,0.0662, || id:ebi-a-GCST90001417,TRUE,reported,igd
4.29903e-06,3657,17,-0.1563,0.03395,76979729,ebi-a-GCST90001417,rs7221794,A,G,0.1574, || id:ebi-a-GCST90001417,TRUE,reported,igd
