pval.exposure,beta.exposure,pos.exposure,chr.exposure,se.exposure,samplesize.exposure,id.exposure,SNP,effect_allele.exposure,other_allele.exposure,eaf.exposure,exposure,mr_keep.exposure,pval_origin.exposure,data_source.exposure
7.01294e-06,-0.1472,9586393,1,0.03271,3395,ebi-a-GCST90001557,rs113702891,A,G,0.1931, || id:ebi-a-GCST90001557,TRUE,reported,igd
8.88792e-06,1.017,196321168,1,0.2285,3395,ebi-a-GCST90001557,rs191753228,T,C,0.0041, || id:ebi-a-GCST90001557,TRUE,reported,igd
5.72598e-06,0.3087,36822684,2,0.06794,3395,ebi-a-GCST90001557,rs78397636,T,C,0.0362, || id:ebi-a-GCST90001557,TRUE,reported,igd
8.63774e-28,0.2816,38921934,2,0.02555,3395,ebi-a-GCST90001557,rs7583259,G,C,0.5024, || id:ebi-a-GCST90001557,TRUE,reported,igd
1.4471e-11,0.1912,38897781,2,0.02822,3395,ebi-a-GCST90001557,rs6707421,G,A,0.3009, || id:ebi-a-GCST90001557,TRUE,reported,igd
5.62406e-06,0.4153,37444327,4,0.09133,3395,ebi-a-GCST90001557,rs79293829,G,A,0.0214, || id:ebi-a-GCST90001557,TRUE,reported,igd
4.719e-06,0.2215,136465712,4,0.04832,3395,ebi-a-GCST90001557,rs56669682,A,C,0.0756, || id:ebi-a-GCST90001557,TRUE,reported,igd
8.06901e-06,0.2936,27430294,5,0.06568,3395,ebi-a-GCST90001557,rs114799586,T,C,0.0396, || id:ebi-a-GCST90001557,TRUE,reported,igd
2.67997e-06,-0.1397,31377851,6,0.02971,3395,ebi-a-GCST90001557,rs6915999,A,G,0.5399, || id:ebi-a-GCST90001557,TRUE,reported,igd
6.51899e-06,-0.6831,67448185,7,0.1513,3395,ebi-a-GCST90001557,rs78245997,G,T,0.0077, || id:ebi-a-GCST90001557,TRUE,reported,igd
2.42399e-06,-0.3715,133271663,9,0.07868,3395,ebi-a-GCST90001557,rs12352819,T,C,0.0277, || id:ebi-a-GCST90001557,TRUE,reported,igd
8.79103e-06,0.2185,118142847,10,0.04908,3395,ebi-a-GCST90001557,rs4593919,C,T,0.0747, || id:ebi-a-GCST90001557,TRUE,reported,igd
6.25201e-07,0.1928,68624972,10,0.03862,3395,ebi-a-GCST90001557,rs561315248,A,G,0.1311, || id:ebi-a-GCST90001557,TRUE,reported,igd
6.93202e-06,0.118,18999976,10,0.0262,3395,ebi-a-GCST90001557,rs10829262,G,T,0.6189, || id:ebi-a-GCST90001557,TRUE,reported,igd
6.78094e-06,0.383,129206876,10,0.08496,3395,ebi-a-GCST90001557,rs138437119,T,A,0.0239, || id:ebi-a-GCST90001557,TRUE,reported,igd
3.20701e-06,-0.2482,96304050,13,0.0532,3395,ebi-a-GCST90001557,rs7989683,T,C,0.9393, || id:ebi-a-GCST90001557,TRUE,reported,igd
8.26304e-06,-0.1751,34077214,14,0.03923,3395,ebi-a-GCST90001557,rs1958553,A,G,0.1183, || id:ebi-a-GCST90001557,TRUE,reported,igd
4.44396e-06,-0.1756,33814758,17,0.03821,3395,ebi-a-GCST90001557,rs4796089,C,T,0.134, || id:ebi-a-GCST90001557,TRUE,reported,igd
2.76701e-06,0.2286,42191862,21,0.04869,3395,ebi-a-GCST90001557,rs2837838,G,A,0.9264, || id:ebi-a-GCST90001557,TRUE,reported,igd
4.68803e-06,0.3408,17079538,21,0.07431,3395,ebi-a-GCST90001557,rs118009051,G,C,0.0311, || id:ebi-a-GCST90001557,TRUE,reported,igd
