chr.exposure,pos.exposure,beta.exposure,pval.exposure,se.exposure,samplesize.exposure,id.exposure,SNP,effect_allele.exposure,other_allele.exposure,eaf.exposure,exposure,mr_keep.exposure,pval_origin.exposure,data_source.exposure
1,101526164,-0.4079,1.49101e-06,0.08462,3427,ebi-a-GCST90001544,rs114825362,C,G,0.0201, || id:ebi-a-GCST90001544,TRUE,reported,igd
1,198524264,-1.711,1.02301e-10,0.2639,3427,ebi-a-GCST90001544,rs146620586,T,G,0.0032, || id:ebi-a-GCST90001544,TRUE,reported,igd
1,199999121,-0.8849,4.33102e-07,0.1748,3427,ebi-a-GCST90001544,rs11579717,A,G,0.0044, || id:ebi-a-GCST90001544,TRUE,reported,igd
2,46131295,0.2599,1.86999e-06,0.05442,3427,ebi-a-GCST90001544,rs80060305,A,G,0.0499, || id:ebi-a-GCST90001544,TRUE,reported,igd
2,38887964,0.1158,3.79402e-06,0.025,3427,ebi-a-GCST90001544,rs58905133,G,A,0.3528, || id:ebi-a-GCST90001544,TRUE,reported,igd
6,32585071,0.2134,8.18898e-09,0.03693,3427,ebi-a-GCST90001544,rs113243185,C,G,0.1996, || id:ebi-a-GCST90001544,TRUE,reported,igd
6,31505724,0.2376,1.547e-08,0.0419,3427,ebi-a-GCST90001544,rs9267484,T,A,0.1729, || id:ebi-a-GCST90001544,TRUE,reported,igd
6,100662893,-0.2505,9.3901e-06,0.05645,3427,ebi-a-GCST90001544,rs113642164,T,C,0.0451, || id:ebi-a-GCST90001544,TRUE,reported,igd
6,32589978,-0.2368,2.95393e-12,0.0338,3427,ebi-a-GCST90001544,rs9271536,T,A,0.7798, || id:ebi-a-GCST90001544,TRUE,reported,igd
6,31116627,-0.1537,3.75604e-06,0.03319,3427,ebi-a-GCST90001544,rs3131014,A,G,0.2101, || id:ebi-a-GCST90001544,TRUE,reported,igd
6,149287703,-0.1158,7.22703e-06,0.02576,3427,ebi-a-GCST90001544,rs2500513,G,A,0.7151, || id:ebi-a-GCST90001544,TRUE,reported,igd
7,70906148,-0.6696,1.80701e-06,0.14,3427,ebi-a-GCST90001544,rs11770479,C,T,0.007, || id:ebi-a-GCST90001544,TRUE,reported,igd
8,144768532,-0.3674,1.617e-06,0.07647,3427,ebi-a-GCST90001544,rs7464374,A,G,0.0231, || id:ebi-a-GCST90001544,TRUE,reported,igd
8,68568308,0.1688,1.21599e-07,0.03184,3427,ebi-a-GCST90001544,rs387663,A,G,0.1681, || id:ebi-a-GCST90001544,TRUE,reported,igd
11,14128767,-0.3023,4.32803e-06,0.06568,3427,ebi-a-GCST90001544,rs72858657,C,T,0.034, || id:ebi-a-GCST90001544,TRUE,reported,igd
12,10583297,-0.1686,1.25701e-08,0.02956,3427,ebi-a-GCST90001544,rs2981595,A,G,0.8064, || id:ebi-a-GCST90001544,TRUE,reported,igd
12,108927798,-0.1726,2.91702e-06,0.03685,3427,ebi-a-GCST90001544,rs73189225,A,G,0.1103, || id:ebi-a-GCST90001544,TRUE,reported,igd
12,12168131,0.1787,3.125e-06,0.03826,3427,ebi-a-GCST90001544,rs73060045,G,A,0.1023, || id:ebi-a-GCST90001544,TRUE,reported,igd
15,88060366,-0.1206,9.22593e-07,0.02453,3427,ebi-a-GCST90001544,rs2606175,T,A,0.3513, || id:ebi-a-GCST90001544,TRUE,reported,igd
15,43260378,0.2964,3.15697e-06,0.06349,3427,ebi-a-GCST90001544,rs17776339,A,T,0.0382, || id:ebi-a-GCST90001544,TRUE,reported,igd
17,51049212,-0.7539,6.22802e-07,0.151,3427,ebi-a-GCST90001544,rs183743052,T,C,0.0057, || id:ebi-a-GCST90001544,TRUE,reported,igd
18,65226341,0.2933,7.56502e-06,0.06541,3427,ebi-a-GCST90001544,rs12607959,G,C,0.0341, || id:ebi-a-GCST90001544,TRUE,reported,igd
20,299759,-0.1114,5.021e-06,0.02438,3427,ebi-a-GCST90001544,rs6132693,T,G,0.3594, || id:ebi-a-GCST90001544,TRUE,reported,igd
