chr.exposure,beta.exposure,se.exposure,samplesize.exposure,pval.exposure,pos.exposure,id.exposure,SNP,effect_allele.exposure,other_allele.exposure,eaf.exposure,exposure,mr_keep.exposure,pval_origin.exposure,data_source.exposure
1,-1.396,0.2116,3437,4.85736e-11,197997953,ebi-a-GCST90001512,rs4497244,A,G,0.0033, || id:ebi-a-GCST90001512,TRUE,reported,igd
1,-0.9442,0.197,3437,1.72302e-06,194010208,ebi-a-GCST90001512,rs116794175,C,T,0.0042, || id:ebi-a-GCST90001512,TRUE,reported,igd
1,-0.5412,0.1204,3437,7.19399e-06,149047683,ebi-a-GCST90001512,rs115815681,A,C,0.0132, || id:ebi-a-GCST90001512,TRUE,reported,igd
1,-0.4562,0.1013,3437,6.97397e-06,149148053,ebi-a-GCST90001512,rs78193200,A,G,0.0172, || id:ebi-a-GCST90001512,TRUE,reported,igd
1,-1.078,0.1911,3437,1.83202e-08,199999121,ebi-a-GCST90001512,rs11579717,A,G,0.0044, || id:ebi-a-GCST90001512,TRUE,reported,igd
1,0.212,0.04507,3437,2.65797e-06,159187530,ebi-a-GCST90001512,rs17666424,A,G,0.0912, || id:ebi-a-GCST90001512,TRUE,reported,igd
2,-0.3506,0.07797,3437,7.14694e-06,171484062,ebi-a-GCST90001512,rs151238138,A,G,0.0301, || id:ebi-a-GCST90001512,TRUE,reported,igd
3,-0.119,0.02542,3437,2.94897e-06,14769598,ebi-a-GCST90001512,rs6771179,G,C,0.5601, || id:ebi-a-GCST90001512,TRUE,reported,igd
3,-1.731,0.3896,3437,9.11108e-06,144158111,ebi-a-GCST90001512,rs79327855,T,C,9e-04, || id:ebi-a-GCST90001512,TRUE,reported,igd
4,-0.2433,0.05164,3437,2.56201e-06,69570859,ebi-a-GCST90001512,rs139048853,C,T,0.0646, || id:ebi-a-GCST90001512,TRUE,reported,igd
4,-0.1391,0.02923,3437,2.037e-06,55482148,ebi-a-GCST90001512,rs1558501,C,G,0.2518, || id:ebi-a-GCST90001512,TRUE,reported,igd
5,-0.1371,0.02955,3437,3.61002e-06,102089442,ebi-a-GCST90001512,rs419099,G,A,0.2912, || id:ebi-a-GCST90001512,TRUE,reported,igd
6,-0.1651,0.03674,3437,7.27093e-06,100229605,ebi-a-GCST90001512,rs12374668,C,T,0.1373, || id:ebi-a-GCST90001512,TRUE,reported,igd
6,-0.1352,0.0303,3437,8.40098e-06,11130482,ebi-a-GCST90001512,rs6926235,G,A,0.2205, || id:ebi-a-GCST90001512,TRUE,reported,igd
6,-0.1789,0.03881,3437,4.17503e-06,22960927,ebi-a-GCST90001512,rs6912413,G,C,0.1263, || id:ebi-a-GCST90001512,TRUE,reported,igd
7,0.1125,0.02498,3437,6.90399e-06,147873501,ebi-a-GCST90001512,rs4726924,T,C,0.4594, || id:ebi-a-GCST90001512,TRUE,reported,igd
8,-0.8361,0.1835,3437,5.38295e-06,90678452,ebi-a-GCST90001512,rs183422804,G,A,0.0049, || id:ebi-a-GCST90001512,TRUE,reported,igd
8,0.1194,0.02605,3437,4.74504e-06,128467754,ebi-a-GCST90001512,rs7017671,G,C,0.3883, || id:ebi-a-GCST90001512,TRUE,reported,igd
9,0.1253,0.02686,3437,3.19198e-06,37391292,ebi-a-GCST90001512,rs2004605,T,C,0.35, || id:ebi-a-GCST90001512,TRUE,reported,igd
9,0.183,0.03935,3437,3.422e-06,20160505,ebi-a-GCST90001512,rs12006014,A,G,0.1158, || id:ebi-a-GCST90001512,TRUE,reported,igd
10,0.5758,0.05532,3437,5.32353e-25,6094697,ebi-a-GCST90001512,rs61839660,T,C,0.0543, || id:ebi-a-GCST90001512,TRUE,reported,igd
11,-0.2908,0.06523,3437,8.531e-06,32030595,ebi-a-GCST90001512,rs116928928,C,T,0.0407, || id:ebi-a-GCST90001512,TRUE,reported,igd
13,-0.2579,0.05719,3437,6.73302e-06,101206935,ebi-a-GCST90001512,rs149406003,A,G,0.0499, || id:ebi-a-GCST90001512,TRUE,reported,igd
15,-2.27,0.4951,3437,4.701e-06,94643151,ebi-a-GCST90001512,rs143283244,A,G,6e-04, || id:ebi-a-GCST90001512,TRUE,reported,igd
15,0.3552,0.07836,3437,6.01298e-06,90197310,ebi-a-GCST90001512,rs76694846,G,C,0.0276, || id:ebi-a-GCST90001512,TRUE,reported,igd
16,0.4724,0.1047,3437,6.57295e-06,84053417,ebi-a-GCST90001512,rs12325554,C,G,0.0147, || id:ebi-a-GCST90001512,TRUE,reported,igd
16,-0.2786,0.06176,3437,6.67606e-06,24473291,ebi-a-GCST90001512,rs12926701,T,G,0.0454, || id:ebi-a-GCST90001512,TRUE,reported,igd
17,0.6334,0.1416,3437,7.92392e-06,63857170,ebi-a-GCST90001512,rs117614870,T,C,0.0084, || id:ebi-a-GCST90001512,TRUE,reported,igd
18,0.4275,0.09269,3437,4.12601e-06,35307820,ebi-a-GCST90001512,rs12458491,T,A,0.0188, || id:ebi-a-GCST90001512,TRUE,reported,igd
18,-0.2771,0.05782,3437,1.72302e-06,71659838,ebi-a-GCST90001512,rs2702579,T,C,0.049, || id:ebi-a-GCST90001512,TRUE,reported,igd
20,0.3269,0.07002,3437,3.14702e-06,15546558,ebi-a-GCST90001512,rs148871284,T,C,0.0343, || id:ebi-a-GCST90001512,TRUE,reported,igd
20,-0.329,0.07435,3437,9.9211e-06,15742230,ebi-a-GCST90001512,rs6131700,C,G,0.031, || id:ebi-a-GCST90001512,TRUE,reported,igd
20,-0.165,0.03686,3437,7.89605e-06,52169857,ebi-a-GCST90001512,rs67691565,A,G,0.134, || id:ebi-a-GCST90001512,TRUE,reported,igd
22,-2.169,0.4881,3437,9.0849e-06,47814108,ebi-a-GCST90001512,rs147838148,G,T,6e-04, || id:ebi-a-GCST90001512,TRUE,reported,igd
