chr.exposure,se.exposure,samplesize.exposure,pos.exposure,pval.exposure,beta.exposure,id.exposure,SNP,effect_allele.exposure,other_allele.exposure,eaf.exposure,exposure,mr_keep.exposure,pval_origin.exposure,data_source.exposure
1,0.02465,3130,217982930,2.03002e-06,0.1173,ebi-a-GCST90001678,rs2377708,C,A,0.6099, || id:ebi-a-GCST90001678,TRUE,reported,igd
1,0.2569,3130,181205200,2.13098e-06,1.22,ebi-a-GCST90001678,rs116011991,C,A,0.0021, || id:ebi-a-GCST90001678,TRUE,reported,igd
2,0.1535,3130,66305842,1.28201e-06,0.7448,ebi-a-GCST90001678,rs79660525,G,A,0.0061, || id:ebi-a-GCST90001678,TRUE,reported,igd
2,0.063,3130,148331978,8.86401e-06,-0.2804,ebi-a-GCST90001678,rs114664351,C,T,0.0358, || id:ebi-a-GCST90001678,TRUE,reported,igd
2,0.6331,3130,200181613,6.186e-06,2.867,ebi-a-GCST90001678,rs72929459,T,C,3e-04, || id:ebi-a-GCST90001678,TRUE,reported,igd
2,0.05873,3130,122691344,8.788e-07,0.2893,ebi-a-GCST90001678,rs62166861,A,G,0.0428, || id:ebi-a-GCST90001678,TRUE,reported,igd
2,0.03728,3130,218638794,9.47894e-06,0.1654,ebi-a-GCST90001678,rs58227542,A,T,0.116, || id:ebi-a-GCST90001678,TRUE,reported,igd
3,0.1481,3130,62204684,9.07904e-06,-0.6583,ebi-a-GCST90001678,rs78643468,A,G,0.0064, || id:ebi-a-GCST90001678,TRUE,reported,igd
3,0.1291,3130,60344346,6.187e-07,-0.6449,ebi-a-GCST90001678,rs115134707,C,T,0.0088, || id:ebi-a-GCST90001678,TRUE,reported,igd
3,0.02693,3130,76705353,1.61399e-06,-0.1294,ebi-a-GCST90001678,rs1839051,C,A,0.7407, || id:ebi-a-GCST90001678,TRUE,reported,igd
4,0.03638,3130,161897744,1.649e-06,0.1747,ebi-a-GCST90001678,rs75596593,G,C,0.1217, || id:ebi-a-GCST90001678,TRUE,reported,igd
6,0.03822,3130,46867717,8.72891e-06,0.1702,ebi-a-GCST90001678,rs220702,T,C,0.8885, || id:ebi-a-GCST90001678,TRUE,reported,igd
6,0.02782,3130,32443266,1.035e-08,0.1597,ebi-a-GCST90001678,rs9269109,C,T,0.3593, || id:ebi-a-GCST90001678,TRUE,reported,igd
6,0.0272,3130,31307885,4.81704e-06,-0.1246,ebi-a-GCST90001678,rs1634734,A,G,0.5722, || id:ebi-a-GCST90001678,TRUE,reported,igd
7,0.07052,3130,137053814,5.25303e-06,-0.3217,ebi-a-GCST90001678,rs78414417,A,G,0.0291, || id:ebi-a-GCST90001678,TRUE,reported,igd
9,0.1676,3130,128841396,2.45002e-06,-0.7914,ebi-a-GCST90001678,rs142133440,T,C,0.0053, || id:ebi-a-GCST90001678,TRUE,reported,igd
10,0.06661,3130,112991635,8.17297e-06,-0.2976,ebi-a-GCST90001678,rs74969013,C,G,0.0326, || id:ebi-a-GCST90001678,TRUE,reported,igd
13,0.03014,3130,24865057,5.74804e-06,-0.1369,ebi-a-GCST90001678,rs12430530,G,A,0.1957, || id:ebi-a-GCST90001678,TRUE,reported,igd
14,0.04252,3130,67938855,9.34803e-06,-0.1887,ebi-a-GCST90001678,rs45446506,C,G,0.0856, || id:ebi-a-GCST90001678,TRUE,reported,igd
16,0.07679,3130,86074353,3.09999e-06,0.3588,ebi-a-GCST90001678,rs66790175,G,T,0.0241, || id:ebi-a-GCST90001678,TRUE,reported,igd
17,0.04809,3130,29871886,1.67001e-07,0.2522,ebi-a-GCST90001678,rs62063923,G,C,0.0642, || id:ebi-a-GCST90001678,TRUE,reported,igd
19,0.07834,3130,58836339,8.62998e-06,0.3491,ebi-a-GCST90001678,rs3848525,T,C,0.9772, || id:ebi-a-GCST90001678,TRUE,reported,igd
19,0.02398,3130,13114434,1.281e-06,0.1164,ebi-a-GCST90001678,rs10413329,G,A,0.5032, || id:ebi-a-GCST90001678,TRUE,reported,igd
20,0.04048,3130,40528509,7.88007e-06,-0.1812,ebi-a-GCST90001678,rs7262847,G,C,0.0968, || id:ebi-a-GCST90001678,TRUE,reported,igd
21,0.0781,3130,41072897,4.81105e-06,0.3578,ebi-a-GCST90001678,rs79172657,T,C,0.024, || id:ebi-a-GCST90001678,TRUE,reported,igd
