se.exposure,chr.exposure,beta.exposure,pval.exposure,pos.exposure,samplesize.exposure,id.exposure,SNP,effect_allele.exposure,other_allele.exposure,eaf.exposure,exposure,mr_keep.exposure,pval_origin.exposure,data_source.exposure
0.1747,1,-0.9923,1.45301e-08,189981116,3440,ebi-a-GCST90001667,rs116759767,A,G,0.0049, || id:ebi-a-GCST90001667,TRUE,reported,igd
0.1771,1,-1.201,1.41906e-11,199999121,3440,ebi-a-GCST90001667,rs11579717,A,G,0.0044, || id:ebi-a-GCST90001667,TRUE,reported,igd
0.1871,1,0.8535,5.25497e-06,68567192,3440,ebi-a-GCST90001667,rs17130468,A,G,0.0038, || id:ebi-a-GCST90001667,TRUE,reported,igd
0.8553,1,4.119,1.52799e-06,201600103,3440,ebi-a-GCST90001667,rs147612560,A,G,1e-04, || id:ebi-a-GCST90001667,TRUE,reported,igd
0.2427,1,-2.266,1.735e-20,198283058,3440,ebi-a-GCST90001667,rs541367304,A,G,0.0032, || id:ebi-a-GCST90001667,TRUE,reported,igd
0.1118,2,0.4979,8.76395e-06,129145907,3440,ebi-a-GCST90001667,rs17216040,A,G,0.0112, || id:ebi-a-GCST90001667,TRUE,reported,igd
0.02751,2,-0.1245,6.21198e-06,86923183,3440,ebi-a-GCST90001667,rs1400032,T,C,0.7462, || id:ebi-a-GCST90001667,TRUE,reported,igd
0.03493,2,-0.1636,2.94802e-06,133470672,3440,ebi-a-GCST90001667,rs34973688,A,C,0.1243, || id:ebi-a-GCST90001667,TRUE,reported,igd
0.02586,2,0.1151,8.73897e-06,45109063,3440,ebi-a-GCST90001667,rs1975288,G,A,0.2985, || id:ebi-a-GCST90001667,TRUE,reported,igd
0.6074,4,-2.756,5.87503e-06,40701822,3440,ebi-a-GCST90001667,rs138232290,A,G,3e-04, || id:ebi-a-GCST90001667,TRUE,reported,igd
0.2853,4,1.355,2.10698e-06,92620279,3440,ebi-a-GCST90001667,rs115370355,T,G,0.0016, || id:ebi-a-GCST90001667,TRUE,reported,igd
0.02605,5,0.1351,2.25902e-07,51967646,3440,ebi-a-GCST90001667,rs62358725,G,A,0.7048, || id:ebi-a-GCST90001667,TRUE,reported,igd
0.03641,5,0.1623,8.59607e-06,25574181,3440,ebi-a-GCST90001667,rs74463547,A,C,0.1185, || id:ebi-a-GCST90001667,TRUE,reported,igd
0.03162,6,0.1474,3.26798e-06,32666960,3440,ebi-a-GCST90001667,rs114968045,C,T,0.2999, || id:ebi-a-GCST90001667,TRUE,reported,igd
0.02403,6,-0.1123,3.09599e-06,22061048,3440,ebi-a-GCST90001667,rs10456250,C,T,0.5653, || id:ebi-a-GCST90001667,TRUE,reported,igd
0.1099,8,-0.5022,5.09495e-06,123605760,3440,ebi-a-GCST90001667,rs2177324,A,G,0.0118, || id:ebi-a-GCST90001667,TRUE,reported,igd
0.05548,8,-0.2652,1.81999e-06,1968214,3440,ebi-a-GCST90001667,rs73184766,G,A,0.0471, || id:ebi-a-GCST90001667,TRUE,reported,igd
0.02645,9,0.1346,3.78704e-07,23394831,3440,ebi-a-GCST90001667,rs12235775,C,T,0.2773, || id:ebi-a-GCST90001667,TRUE,reported,igd
0.6341,10,-2.955,3.26896e-06,68754597,3440,ebi-a-GCST90001667,rs76359108,A,G,3e-04, || id:ebi-a-GCST90001667,TRUE,reported,igd
0.2602,13,1.176,6.36708e-06,42211264,3440,ebi-a-GCST90001667,rs185416365,T,C,0.0028, || id:ebi-a-GCST90001667,TRUE,reported,igd
0.02835,14,-0.1268,7.98197e-06,34455424,3440,ebi-a-GCST90001667,rs10134215,T,C,0.2273, || id:ebi-a-GCST90001667,TRUE,reported,igd
0.0648,14,0.293,6.35507e-06,37895643,3440,ebi-a-GCST90001667,rs138678985,A,G,0.0347, || id:ebi-a-GCST90001667,TRUE,reported,igd
0.02355,15,0.1202,3.51998e-07,26221496,3440,ebi-a-GCST90001667,rs12914989,T,C,0.4352, || id:ebi-a-GCST90001667,TRUE,reported,igd
0.8607,15,3.821,9.29309e-06,90520252,3440,ebi-a-GCST90001667,rs117455482,A,G,1e-04, || id:ebi-a-GCST90001667,TRUE,reported,igd
0.04296,17,0.196,5.22204e-06,14307085,3440,ebi-a-GCST90001667,rs9912771,T,C,0.0813, || id:ebi-a-GCST90001667,TRUE,reported,igd
0.06628,17,0.3121,2.58797e-06,74163759,3440,ebi-a-GCST90001667,rs61744818,A,G,0.0318, || id:ebi-a-GCST90001667,TRUE,reported,igd
0.09716,17,-0.5062,1.99701e-07,65576640,3440,ebi-a-GCST90001667,rs72848176,G,A,0.0148, || id:ebi-a-GCST90001667,TRUE,reported,igd
0.1988,19,-0.8811,9.63696e-06,52441118,3440,ebi-a-GCST90001667,rs139641355,A,G,0.0032, || id:ebi-a-GCST90001667,TRUE,reported,igd
0.05787,22,-0.2776,1.67699e-06,20172901,3440,ebi-a-GCST90001667,rs687264,C,T,0.9586, || id:ebi-a-GCST90001667,TRUE,reported,igd
