pval.exposure,beta.exposure,chr.exposure,pos.exposure,se.exposure,samplesize.exposure,id.exposure,SNP,effect_allele.exposure,other_allele.exposure,eaf.exposure,exposure,mr_keep.exposure,pval_origin.exposure,data_source.exposure
7.871e-06,0.2918,1,86007429,0.06521,3658,ebi-a-GCST90001719,rs6666916,T,C,0.0387, || id:ebi-a-GCST90001719,TRUE,reported,igd
7.25605e-06,-0.4033,1,30372026,0.08976,3658,ebi-a-GCST90001719,rs72658947,C,G,0.0187, || id:ebi-a-GCST90001719,TRUE,reported,igd
3.94903e-06,0.1408,1,164083691,0.03048,3658,ebi-a-GCST90001719,rs6680891,T,A,0.2121, || id:ebi-a-GCST90001719,TRUE,reported,igd
3.642e-10,-0.1694,1,161479745,0.02694,3658,ebi-a-GCST90001719,rs1801274,G,A,0.325, || id:ebi-a-GCST90001719,TRUE,reported,igd
7.68299e-06,-0.5034,2,164755835,0.1124,3658,ebi-a-GCST90001719,rs114318843,C,T,0.0122, || id:ebi-a-GCST90001719,TRUE,reported,igd
5.89902e-06,-0.5443,2,142280835,0.12,3658,ebi-a-GCST90001719,rs149153670,C,T,0.0118, || id:ebi-a-GCST90001719,TRUE,reported,igd
3.03298e-06,-0.1312,3,101658926,0.02806,3658,ebi-a-GCST90001719,rs2925323,T,C,0.2922, || id:ebi-a-GCST90001719,TRUE,reported,igd
6.05703e-06,1.488,4,24492147,0.3285,3658,ebi-a-GCST90001719,rs116470335,A,G,0.0016, || id:ebi-a-GCST90001719,TRUE,reported,igd
2.81799e-06,0.149,11,37670518,0.03176,3658,ebi-a-GCST90001719,rs1563991,T,G,0.8063, || id:ebi-a-GCST90001719,TRUE,reported,igd
2.03301e-06,-1.176,13,29908421,0.2473,3658,ebi-a-GCST90001719,rs143106266,A,C,0.0025, || id:ebi-a-GCST90001719,TRUE,reported,igd
5.12495e-06,0.1138,14,33787438,0.02492,3658,ebi-a-GCST90001719,rs1609762,T,C,0.493, || id:ebi-a-GCST90001719,TRUE,reported,igd
7.65103e-06,-0.1447,14,55233098,0.0323,3658,ebi-a-GCST90001719,rs1885397,C,A,0.1903, || id:ebi-a-GCST90001719,TRUE,reported,igd
9.91197e-06,-0.1127,15,51655048,0.02548,3658,ebi-a-GCST90001719,rs35754161,T,G,0.4647, || id:ebi-a-GCST90001719,TRUE,reported,igd
5.06897e-06,0.3914,17,48145906,0.08568,3658,ebi-a-GCST90001719,rs148563640,T,C,0.0219, || id:ebi-a-GCST90001719,TRUE,reported,igd
1.10994e-19,-0.7095,22,40246055,0.07772,3658,ebi-a-GCST90001719,rs76146864,T,C,0.0264, || id:ebi-a-GCST90001719,TRUE,reported,igd
5.51061e-17,0.218,22,39843409,0.0259,3658,ebi-a-GCST90001719,rs5757678,T,C,0.6419, || id:ebi-a-GCST90001719,TRUE,reported,igd
1e-200,-1.508,22,42315371,0.03368,3658,ebi-a-GCST90001719,rs73165129,T,C,0.099, || id:ebi-a-GCST90001719,TRUE,reported,igd
1.86509e-24,-0.5248,22,40629980,0.05105,3658,ebi-a-GCST90001719,rs1894588,T,C,0.0622, || id:ebi-a-GCST90001719,TRUE,reported,igd
5.91834e-30,-0.5131,22,42525756,0.04473,3658,ebi-a-GCST90001719,rs1081003,A,G,0.0875, || id:ebi-a-GCST90001719,TRUE,reported,igd
3.47616e-30,-0.7498,22,41957510,0.06509,3658,ebi-a-GCST90001719,rs117705111,A,G,0.0365, || id:ebi-a-GCST90001719,TRUE,reported,igd
1.82701e-08,0.3144,22,41998660,0.05574,3658,ebi-a-GCST90001719,rs117430146,C,G,0.056, || id:ebi-a-GCST90001719,TRUE,reported,igd
1.40896e-20,-0.5364,22,40774205,0.05734,3658,ebi-a-GCST90001719,rs149806587,G,A,0.0526, || id:ebi-a-GCST90001719,TRUE,reported,igd
3.06126e-33,-0.4367,22,43393437,0.036,3658,ebi-a-GCST90001719,rs5759079,A,G,0.1407, || id:ebi-a-GCST90001719,TRUE,reported,igd
5.03802e-06,-1.094,22,23924845,0.2394,3658,ebi-a-GCST90001719,rs149398740,T,C,0.0027, || id:ebi-a-GCST90001719,TRUE,reported,igd
