pval.exposure,pos.exposure,beta.exposure,chr.exposure,samplesize.exposure,se.exposure,id.exposure,SNP,effect_allele.exposure,other_allele.exposure,eaf.exposure,exposure,mr_keep.exposure,pval_origin.exposure,data_source.exposure
8.35199e-07,159420307,0.3966,1,3653,0.08035,ebi-a-GCST90001651,rs11265198,A,G,0.9759, || id:ebi-a-GCST90001651,TRUE,reported,igd
4.61095e-07,159175494,-0.3362,1,3653,0.06657,ebi-a-GCST90001651,rs34599082,T,C,0.0357, || id:ebi-a-GCST90001651,TRUE,reported,igd
5.34306e-07,1874340,-0.2653,2,3653,0.05281,ebi-a-GCST90001651,rs12618511,C,T,0.0594, || id:ebi-a-GCST90001651,TRUE,reported,igd
3.62201e-06,66830010,0.3326,2,3653,0.07169,ebi-a-GCST90001651,rs6757897,C,T,0.0319, || id:ebi-a-GCST90001651,TRUE,reported,igd
9.10794e-06,70824249,-0.3358,2,3653,0.07558,ebi-a-GCST90001651,rs13383581,G,A,0.0279, || id:ebi-a-GCST90001651,TRUE,reported,igd
7.58805e-06,50925528,-0.1133,2,3653,0.02528,ebi-a-GCST90001651,rs1914722,G,C,0.4592, || id:ebi-a-GCST90001651,TRUE,reported,igd
5.85599e-06,143886418,-0.6398,3,3653,0.141,ebi-a-GCST90001651,rs9851753,T,C,0.0081, || id:ebi-a-GCST90001651,TRUE,reported,igd
1.046e-06,23767055,0.1222,3,3653,0.02498,ebi-a-GCST90001651,rs9852120,T,C,0.4094, || id:ebi-a-GCST90001651,TRUE,reported,igd
4.68296e-06,97763960,-0.1142,5,3653,0.0249,ebi-a-GCST90001651,rs1563320,C,T,0.4454, || id:ebi-a-GCST90001651,TRUE,reported,igd
4.87102e-06,43904012,-0.3375,5,3653,0.07374,ebi-a-GCST90001651,rs72762395,T,C,0.029, || id:ebi-a-GCST90001651,TRUE,reported,igd
9.9731e-06,2768935,-0.1104,7,3653,0.02497,ebi-a-GCST90001651,rs7805092,T,G,0.5125, || id:ebi-a-GCST90001651,TRUE,reported,igd
2.89001e-06,144276224,0.1403,8,3653,0.02995,ebi-a-GCST90001651,rs4074900,G,T,0.785, || id:ebi-a-GCST90001651,TRUE,reported,igd
4.19604e-06,35679591,0.1203,9,3653,0.0261,ebi-a-GCST90001651,rs1890595,T,C,0.3804, || id:ebi-a-GCST90001651,TRUE,reported,igd
7.52004e-06,11312276,-0.7378,10,3653,0.1645,ebi-a-GCST90001651,rs75350000,A,G,0.0057, || id:ebi-a-GCST90001651,TRUE,reported,igd
7.808e-06,134188542,0.1104,11,3653,0.02465,ebi-a-GCST90001651,rs481252,C,T,0.4511, || id:ebi-a-GCST90001651,TRUE,reported,igd
1.562e-06,117952387,-0.1888,11,3653,0.03924,ebi-a-GCST90001651,rs671160,T,C,0.1173, || id:ebi-a-GCST90001651,TRUE,reported,igd
7.08304e-06,5229028,0.1811,11,3653,0.04026,ebi-a-GCST90001651,rs78270456,A,C,0.1129, || id:ebi-a-GCST90001651,TRUE,reported,igd
5.66396e-06,3152264,-0.251,12,3653,0.05521,ebi-a-GCST90001651,rs77799904,C,T,0.0541, || id:ebi-a-GCST90001651,TRUE,reported,igd
7.16094e-06,59282769,-0.1644,14,3653,0.03658,ebi-a-GCST90001651,rs11158220,A,G,0.1377, || id:ebi-a-GCST90001651,TRUE,reported,igd
9.34997e-06,38144116,-0.1161,17,3653,0.02615,ebi-a-GCST90001651,rs12450800,T,C,0.4885, || id:ebi-a-GCST90001651,TRUE,reported,igd
2.23501e-06,12394263,0.1262,18,3653,0.02662,ebi-a-GCST90001651,rs77650974,A,G,0.3221, || id:ebi-a-GCST90001651,TRUE,reported,igd
6.05202e-06,4951885,-1.782,19,3653,0.3933,ebi-a-GCST90001651,rs17879224,A,G,0.001, || id:ebi-a-GCST90001651,TRUE,reported,igd
3.21803e-06,50754898,0.2719,19,3653,0.05831,ebi-a-GCST90001651,rs150954312,C,G,0.0483, || id:ebi-a-GCST90001651,TRUE,reported,igd
1.83e-06,60651297,-0.1259,20,3653,0.02634,ebi-a-GCST90001651,rs35566998,A,G,0.3408, || id:ebi-a-GCST90001651,TRUE,reported,igd
2.74897e-06,48187302,-0.8628,20,3653,0.1837,ebi-a-GCST90001651,rs185512917,T,C,0.0048, || id:ebi-a-GCST90001651,TRUE,reported,igd
