beta.exposure,pos.exposure,pval.exposure,se.exposure,samplesize.exposure,chr.exposure,id.exposure,SNP,effect_allele.exposure,other_allele.exposure,eaf.exposure,exposure,mr_keep.exposure,pval_origin.exposure,data_source.exposure
-0.1385,161479745,3.24997e-07,0.02706,3655,1,ebi-a-GCST90001720,rs1801274,G,A,0.3246, || id:ebi-a-GCST90001720,TRUE,reported,igd
-0.5407,164755835,1.639e-06,0.1126,3655,2,ebi-a-GCST90001720,rs114318843,C,T,0.0122, || id:ebi-a-GCST90001720,TRUE,reported,igd
-0.3436,101706582,1.36201e-07,0.06507,3655,3,ebi-a-GCST90001720,rs141130967,G,T,0.0417, || id:ebi-a-GCST90001720,TRUE,reported,igd
-0.7362,18858102,2.45997e-06,0.156,3655,4,ebi-a-GCST90001720,rs116023377,C,G,0.0066, || id:ebi-a-GCST90001720,TRUE,reported,igd
0.1172,77500796,6.88399e-06,0.02602,3655,4,ebi-a-GCST90001720,rs57756059,G,A,0.6057, || id:ebi-a-GCST90001720,TRUE,reported,igd
-0.1875,142622714,9.10794e-06,0.0422,3655,7,ebi-a-GCST90001720,rs4252435,A,G,0.0989, || id:ebi-a-GCST90001720,TRUE,reported,igd
0.1135,152779596,7.59294e-06,0.02532,3655,7,ebi-a-GCST90001720,rs11761810,A,C,0.5269, || id:ebi-a-GCST90001720,TRUE,reported,igd
-0.9403,45957318,2.22802e-06,0.1984,3655,7,ebi-a-GCST90001720,rs34006338,A,G,0.0037, || id:ebi-a-GCST90001720,TRUE,reported,igd
0.1784,127759740,5.61798e-06,0.03924,3655,8,ebi-a-GCST90001720,rs6998646,G,T,0.1189, || id:ebi-a-GCST90001720,TRUE,reported,igd
-1.264,14893495,5.41901e-06,0.2774,3655,10,ebi-a-GCST90001720,rs77803489,A,G,0.0022, || id:ebi-a-GCST90001720,TRUE,reported,igd
0.1557,37670518,1.01899e-06,0.03181,3655,11,ebi-a-GCST90001720,rs1563991,T,G,0.8062, || id:ebi-a-GCST90001720,TRUE,reported,igd
-1.171,29908421,2.52703e-06,0.2485,3655,13,ebi-a-GCST90001720,rs143106266,A,C,0.0025, || id:ebi-a-GCST90001720,TRUE,reported,igd
0.1848,22597739,6.49202e-06,0.04092,3655,14,ebi-a-GCST90001720,rs56172578,A,G,0.1096, || id:ebi-a-GCST90001720,TRUE,reported,igd
0.12,33954227,8.64291e-06,0.02693,3655,15,ebi-a-GCST90001720,rs16957279,G,A,0.3224, || id:ebi-a-GCST90001720,TRUE,reported,igd
0.4066,48145906,2.32798e-06,0.08597,3655,17,ebi-a-GCST90001720,rs148563640,T,C,0.0219, || id:ebi-a-GCST90001720,TRUE,reported,igd
0.2459,4343023,1.04501e-06,0.05026,3655,18,ebi-a-GCST90001720,rs117499379,C,T,0.0683, || id:ebi-a-GCST90001720,TRUE,reported,igd
-0.4717,42525756,1.85994e-25,0.0449,3655,22,ebi-a-GCST90001720,rs1081003,A,G,0.0873, || id:ebi-a-GCST90001720,TRUE,reported,igd
-0.4046,43393437,1.32404e-28,0.03616,3655,22,ebi-a-GCST90001720,rs5759079,A,G,0.1406, || id:ebi-a-GCST90001720,TRUE,reported,igd
-0.4832,40629980,7.94511e-21,0.05131,3655,22,ebi-a-GCST90001720,rs1894588,T,C,0.0622, || id:ebi-a-GCST90001720,TRUE,reported,igd
-0.6734,41957510,2.03704e-24,0.06556,3655,22,ebi-a-GCST90001720,rs117705111,A,G,0.0365, || id:ebi-a-GCST90001720,TRUE,reported,igd
-0.6664,40246055,1.93821e-17,0.07803,3655,22,ebi-a-GCST90001720,rs76146864,T,C,0.0264, || id:ebi-a-GCST90001720,TRUE,reported,igd
0.2113,39843409,5.84386e-16,0.026,3655,22,ebi-a-GCST90001720,rs5757678,T,C,0.6419, || id:ebi-a-GCST90001720,TRUE,reported,igd
0.2856,41998660,3.44501e-07,0.05592,3655,22,ebi-a-GCST90001720,rs117430146,C,G,0.0561, || id:ebi-a-GCST90001720,TRUE,reported,igd
-0.4771,40774205,1.72584e-16,0.05763,3655,22,ebi-a-GCST90001720,rs149806587,G,A,0.0525, || id:ebi-a-GCST90001720,TRUE,reported,igd
-1.385,42315371,1e-200,0.03524,3655,22,ebi-a-GCST90001720,rs73165129,T,C,0.099, || id:ebi-a-GCST90001720,TRUE,reported,igd
