samplesize.exposure,beta.exposure,se.exposure,pval.exposure,pos.exposure,chr.exposure,id.exposure,SNP,effect_allele.exposure,other_allele.exposure,eaf.exposure,exposure,mr_keep.exposure,pval_origin.exposure,data_source.exposure
3427,0.1376,0.02629,1.74598e-07,226705690,1,ebi-a-GCST90001570,rs2126332,G,A,0.3737, || id:ebi-a-GCST90001570,TRUE,reported,igd
3427,-0.6664,0.1343,7.31493e-07,195875605,1,ebi-a-GCST90001570,rs34645541,A,C,0.0093, || id:ebi-a-GCST90001570,TRUE,reported,igd
3427,0.5134,0.09207,2.64899e-08,157954450,1,ebi-a-GCST90001570,rs111902980,A,G,0.0193, || id:ebi-a-GCST90001570,TRUE,reported,igd
3427,-0.6924,0.1535,6.718e-06,40193589,1,ebi-a-GCST90001570,rs61779793,T,C,0.0067, || id:ebi-a-GCST90001570,TRUE,reported,igd
3427,0.4531,0.08354,6.25302e-08,195825276,1,ebi-a-GCST90001570,rs7530076,A,G,0.9748, || id:ebi-a-GCST90001570,TRUE,reported,igd
3427,-2.131,0.2634,8.22243e-16,198283058,1,ebi-a-GCST90001570,rs541367304,A,G,0.0032, || id:ebi-a-GCST90001570,TRUE,reported,igd
3427,0.1204,0.02569,2.90402e-06,82322706,1,ebi-a-GCST90001570,rs1976208,C,A,0.4672, || id:ebi-a-GCST90001570,TRUE,reported,igd
3427,-0.1294,0.02597,6.57204e-07,206796165,1,ebi-a-GCST90001570,rs6659397,C,T,0.4692, || id:ebi-a-GCST90001570,TRUE,reported,igd
3427,-0.6622,0.1302,3.83902e-07,195430336,1,ebi-a-GCST90001570,rs12133465,G,A,0.0096, || id:ebi-a-GCST90001570,TRUE,reported,igd
3427,-0.1206,0.02574,2.93002e-06,38897810,2,ebi-a-GCST90001570,rs6751481,C,T,0.4704, || id:ebi-a-GCST90001570,TRUE,reported,igd
3427,-0.2034,0.0262,1.08993e-14,38920621,2,ebi-a-GCST90001570,rs6729180,T,C,0.3844, || id:ebi-a-GCST90001570,TRUE,reported,igd
3427,0.1485,0.02891,2.95298e-07,24484006,3,ebi-a-GCST90001570,rs6782825,A,G,0.7509, || id:ebi-a-GCST90001570,TRUE,reported,igd
3427,-0.1546,0.03451,7.74694e-06,101417133,6,ebi-a-GCST90001570,rs1093425,G,C,0.1637, || id:ebi-a-GCST90001570,TRUE,reported,igd
3427,-0.1623,0.03476,3.15297e-06,31288202,6,ebi-a-GCST90001570,rs9265144,C,T,0.3442, || id:ebi-a-GCST90001570,TRUE,reported,igd
3427,-0.1217,0.02542,1.766e-06,151026312,6,ebi-a-GCST90001570,rs6935399,T,A,0.5179, || id:ebi-a-GCST90001570,TRUE,reported,igd
3427,0.1731,0.03687,2.78503e-06,32637298,6,ebi-a-GCST90001570,rs9274712,T,C,0.3324, || id:ebi-a-GCST90001570,TRUE,reported,igd
3427,-0.1337,0.02772,1.47001e-06,55145382,7,ebi-a-GCST90001570,rs7809394,T,C,0.2988, || id:ebi-a-GCST90001570,TRUE,reported,igd
3427,-0.445,0.09722,4.87697e-06,23599680,7,ebi-a-GCST90001570,rs112361235,T,C,0.0162, || id:ebi-a-GCST90001570,TRUE,reported,igd
3427,-8.344,1.804,3.89798e-06,2243789,7,ebi-a-GCST90001570,rs141942432,T,C,NA, || id:ebi-a-GCST90001570,TRUE,reported,igd
3427,0.1349,0.03008,7.59696e-06,152739128,7,ebi-a-GCST90001570,rs6954002,T,A,0.2276, || id:ebi-a-GCST90001570,TRUE,reported,igd
3427,0.3815,0.08598,9.40503e-06,116338265,8,ebi-a-GCST90001570,rs117099260,C,T,0.0241, || id:ebi-a-GCST90001570,TRUE,reported,igd
3427,0.2343,0.04232,3.31597e-08,135490341,8,ebi-a-GCST90001570,rs116877116,A,G,0.1008, || id:ebi-a-GCST90001570,TRUE,reported,igd
3427,0.1319,0.02911,6.05006e-06,19929781,8,ebi-a-GCST90001570,rs12115038,C,T,0.2804, || id:ebi-a-GCST90001570,TRUE,reported,igd
3427,0.1263,0.02644,1.84701e-06,121144851,8,ebi-a-GCST90001570,rs4871042,G,C,0.6269, || id:ebi-a-GCST90001570,TRUE,reported,igd
3427,0.1842,0.04104,7.41208e-06,16436647,9,ebi-a-GCST90001570,rs117470554,C,T,0.1062, || id:ebi-a-GCST90001570,TRUE,reported,igd
3427,-0.256,0.05529,3.77303e-06,21616211,10,ebi-a-GCST90001570,rs74120911,C,T,0.0591, || id:ebi-a-GCST90001570,TRUE,reported,igd
3427,0.1705,0.03744,5.465e-06,72674619,10,ebi-a-GCST90001570,rs827338,A,G,0.1297, || id:ebi-a-GCST90001570,TRUE,reported,igd
3427,-0.182,0.03969,4.65897e-06,44090370,11,ebi-a-GCST90001570,rs75679242,A,C,0.1148, || id:ebi-a-GCST90001570,TRUE,reported,igd
3427,-1.506,0.3353,7.32403e-06,14032701,11,ebi-a-GCST90001570,rs77924860,T,G,0.0015, || id:ebi-a-GCST90001570,TRUE,reported,igd
3427,-0.7787,0.173,6.97397e-06,46761853,14,ebi-a-GCST90001570,rs117301997,T,C,0.0054, || id:ebi-a-GCST90001570,TRUE,reported,igd
3427,-0.4117,0.0928,9.46303e-06,38885512,17,ebi-a-GCST90001570,rs141687469,C,T,0.0194, || id:ebi-a-GCST90001570,TRUE,reported,igd
3427,0.1362,0.02616,2.054e-07,38570219,22,ebi-a-GCST90001570,rs5756946,C,T,0.4215, || id:ebi-a-GCST90001570,TRUE,reported,igd
