pos.exposure,pval.exposure,se.exposure,beta.exposure,chr.exposure,samplesize.exposure,id.exposure,SNP,effect_allele.exposure,other_allele.exposure,eaf.exposure,exposure,mr_keep.exposure,pval_origin.exposure,data_source.exposure
161479745,7.07457e-17,0.02632,-0.2208,1,3657,ebi-a-GCST90001798,rs1801274,G,A,0.325, || id:ebi-a-GCST90001798,TRUE,reported,igd
31211894,1.45001e-08,0.07925,-0.4501,1,3657,ebi-a-GCST90001798,rs34101571,A,G,0.0239, || id:ebi-a-GCST90001798,TRUE,reported,igd
4112823,9.41694e-06,0.06303,0.2796,2,3657,ebi-a-GCST90001798,rs113382987,A,T,0.0392, || id:ebi-a-GCST90001798,TRUE,reported,igd
31134534,7.88098e-08,0.08601,0.4628,3,3657,ebi-a-GCST90001798,rs76929865,C,A,0.0223, || id:ebi-a-GCST90001798,TRUE,reported,igd
34933016,5.11505e-06,0.06887,0.3145,3,3657,ebi-a-GCST90001798,rs142111770,C,T,0.0366, || id:ebi-a-GCST90001798,TRUE,reported,igd
46865159,5.66905e-06,0.04311,0.1959,3,3657,ebi-a-GCST90001798,rs114401515,C,G,0.0893, || id:ebi-a-GCST90001798,TRUE,reported,igd
36349691,7.50896e-08,0.04883,0.2632,3,3657,ebi-a-GCST90001798,rs144642376,G,A,0.0718, || id:ebi-a-GCST90001798,TRUE,reported,igd
36625286,2.18701e-06,0.06225,0.2952,3,3657,ebi-a-GCST90001798,rs116522219,A,G,0.0407, || id:ebi-a-GCST90001798,TRUE,reported,igd
32302456,2.66803e-08,0.03939,0.2196,3,3657,ebi-a-GCST90001798,rs7621492,A,G,0.1136, || id:ebi-a-GCST90001798,TRUE,reported,igd
32945761,1.07103e-13,0.06717,0.5011,3,3657,ebi-a-GCST90001798,rs75918255,A,G,0.035, || id:ebi-a-GCST90001798,TRUE,reported,igd
400357,9.93505e-06,0.03013,0.1333,3,3657,ebi-a-GCST90001798,rs9823348,G,C,0.7961, || id:ebi-a-GCST90001798,TRUE,reported,igd
32533246,3.63413e-46,0.05246,0.7589,3,3657,ebi-a-GCST90001798,rs35574803,C,T,0.0562, || id:ebi-a-GCST90001798,TRUE,reported,igd
153842791,3.96497e-06,0.04317,-0.1994,4,3657,ebi-a-GCST90001798,rs78083636,G,T,0.089, || id:ebi-a-GCST90001798,TRUE,reported,igd
178897725,2.334e-06,0.243,-1.149,5,3657,ebi-a-GCST90001798,rs4700827,G,A,0.0022, || id:ebi-a-GCST90001798,TRUE,reported,igd
131696266,6.81899e-06,0.4464,-2.011,5,3657,ebi-a-GCST90001798,rs148536836,A,T,8e-04, || id:ebi-a-GCST90001798,TRUE,reported,igd
11538463,2.31398e-06,0.103,0.4874,5,3657,ebi-a-GCST90001798,rs79871977,A,C,0.0137, || id:ebi-a-GCST90001798,TRUE,reported,igd
36713399,2.44101e-06,0.07588,0.3582,5,3657,ebi-a-GCST90001798,rs245668,A,G,0.0271, || id:ebi-a-GCST90001798,TRUE,reported,igd
143890569,4.44898e-06,0.1137,0.5228,6,3657,ebi-a-GCST90001798,rs12664485,C,T,0.012, || id:ebi-a-GCST90001798,TRUE,reported,igd
94241794,8.99891e-06,0.1645,0.7312,9,3657,ebi-a-GCST90001798,rs141876897,A,T,0.0053, || id:ebi-a-GCST90001798,TRUE,reported,igd
28945318,7.84603e-06,0.05034,0.2253,10,3657,ebi-a-GCST90001798,rs143164248,A,G,0.0632, || id:ebi-a-GCST90001798,TRUE,reported,igd
77881098,8.95695e-06,0.142,0.6315,11,3657,ebi-a-GCST90001798,rs230665,A,G,0.0075, || id:ebi-a-GCST90001798,TRUE,reported,igd
6554628,2.86484e-15,0.03299,-0.2616,12,3657,ebi-a-GCST90001798,rs25680,A,G,0.1671, || id:ebi-a-GCST90001798,TRUE,reported,igd
6605299,5.22516e-12,0.03725,0.2579,12,3657,ebi-a-GCST90001798,rs147714617,T,C,0.1224, || id:ebi-a-GCST90001798,TRUE,reported,igd
74212885,6.71506e-06,0.07164,0.323,18,3657,ebi-a-GCST90001798,rs185264204,T,C,0.0282, || id:ebi-a-GCST90001798,TRUE,reported,igd
46785499,6.19598e-09,0.02494,-0.1453,20,3657,ebi-a-GCST90001798,rs162076,A,G,0.555, || id:ebi-a-GCST90001798,TRUE,reported,igd
44836231,4.53398e-07,0.0498,0.2517,20,3657,ebi-a-GCST90001798,rs8116311,T,C,0.0673, || id:ebi-a-GCST90001798,TRUE,reported,igd
44511627,1.30197e-13,0.03444,0.256,20,3657,ebi-a-GCST90001798,rs11086984,T,C,0.1514, || id:ebi-a-GCST90001798,TRUE,reported,igd
44954283,2.64698e-06,0.02969,-0.1397,20,3657,ebi-a-GCST90001798,rs4810496,A,G,0.2246, || id:ebi-a-GCST90001798,TRUE,reported,igd
44746982,8.47227e-120,0.02417,-0.5841,20,3657,ebi-a-GCST90001798,rs1883832,C,T,0.6318, || id:ebi-a-GCST90001798,TRUE,reported,igd
46242688,5.27303e-06,0.043,-0.1961,20,3657,ebi-a-GCST90001798,rs72645230,G,C,0.0943, || id:ebi-a-GCST90001798,TRUE,reported,igd
42019380,7.01698e-09,0.02627,0.1525,20,3657,ebi-a-GCST90001798,rs9989924,C,T,0.6669, || id:ebi-a-GCST90001798,TRUE,reported,igd
