beta.exposure,chr.exposure,pval.exposure,samplesize.exposure,pos.exposure,se.exposure,id.exposure,SNP,effect_allele.exposure,other_allele.exposure,eaf.exposure,exposure,mr_keep.exposure,pval_origin.exposure,data_source.exposure
0.1212,1,3.55099e-06,3656,93130268,0.02609,ebi-a-GCST90001824,rs7530780,T,C,0.549, || id:ebi-a-GCST90001824,TRUE,reported,igd
0.2035,3,1.20601e-07,3656,23750521,0.03838,ebi-a-GCST90001824,rs1037633,G,T,0.124, || id:ebi-a-GCST90001824,TRUE,reported,igd
0.1594,4,5.76103e-06,3656,93132438,0.03511,ebi-a-GCST90001824,rs1227420,G,A,0.8543, || id:ebi-a-GCST90001824,TRUE,reported,igd
-0.3119,4,9.09599e-06,3656,169621111,0.07018,ebi-a-GCST90001824,rs139488523,G,T,0.031, || id:ebi-a-GCST90001824,TRUE,reported,igd
0.193,5,5.75997e-06,3656,67542189,0.04249,ebi-a-GCST90001824,rs72757668,A,G,0.0914, || id:ebi-a-GCST90001824,TRUE,reported,igd
-0.3014,6,4.75401e-06,3656,29410258,0.06578,ebi-a-GCST90001824,rs73398969,A,C,0.0446, || id:ebi-a-GCST90001824,TRUE,reported,igd
-0.179,6,2.91803e-09,3656,27757855,0.03009,ebi-a-GCST90001824,rs200468,G,C,0.3113, || id:ebi-a-GCST90001824,TRUE,reported,igd
-0.1359,6,6.60298e-06,3656,24196925,0.03011,ebi-a-GCST90001824,rs793853,C,T,0.7646, || id:ebi-a-GCST90001824,TRUE,reported,igd
0.2603,7,6.79516e-21,3656,2352594,0.0276,ebi-a-GCST90001824,rs62442539,C,G,0.2802, || id:ebi-a-GCST90001824,TRUE,reported,igd
-0.3889,9,2.123e-06,3656,615904,0.08189,ebi-a-GCST90001824,rs7853163,T,G,0.0241, || id:ebi-a-GCST90001824,TRUE,reported,igd
0.1551,9,3.69598e-06,3656,130880041,0.03346,ebi-a-GCST90001824,rs76714110,A,G,0.1677, || id:ebi-a-GCST90001824,TRUE,reported,igd
-0.1239,11,1.69399e-06,3656,8833800,0.02585,ebi-a-GCST90001824,rs3915868,G,A,0.3982, || id:ebi-a-GCST90001824,TRUE,reported,igd
-0.2014,11,1.65101e-06,3656,57851179,0.04195,ebi-a-GCST90001824,rs12788641,A,G,0.1059, || id:ebi-a-GCST90001824,TRUE,reported,igd
0.4212,11,6.60998e-06,3656,88104460,0.09335,ebi-a-GCST90001824,rs149919568,A,G,0.0172, || id:ebi-a-GCST90001824,TRUE,reported,igd
-0.3915,14,5.626e-07,3656,104674020,0.07811,ebi-a-GCST90001824,rs118089299,T,C,0.0261, || id:ebi-a-GCST90001824,TRUE,reported,igd
-0.7004,14,2.04644e-117,3656,106306841,0.0293,ebi-a-GCST90001824,rs709589,T,C,0.4557, || id:ebi-a-GCST90001824,TRUE,reported,igd
-0.2711,14,4.68598e-13,3656,105695446,0.03734,ebi-a-GCST90001824,rs2018404,T,C,0.1325, || id:ebi-a-GCST90001824,TRUE,reported,igd
0.2501,14,1.09401e-07,3656,106407257,0.04699,ebi-a-GCST90001824,rs12436535,A,G,0.1358, || id:ebi-a-GCST90001824,TRUE,reported,igd
0.3485,14,7.86502e-09,3656,106671275,0.06024,ebi-a-GCST90001824,rs2338377,A,G,0.0747, || id:ebi-a-GCST90001824,TRUE,reported,igd
0.1771,14,8.41298e-07,3656,107056278,0.03589,ebi-a-GCST90001824,rs56658995,A,G,0.1627, || id:ebi-a-GCST90001824,TRUE,reported,igd
-0.1665,15,2.44006e-11,3656,40856521,0.02485,ebi-a-GCST90001824,rs28669075,T,C,0.4074, || id:ebi-a-GCST90001824,TRUE,reported,igd
-0.4254,15,7.90096e-06,3656,87727196,0.09508,ebi-a-GCST90001824,rs72764109,A,G,0.0174, || id:ebi-a-GCST90001824,TRUE,reported,igd
-0.1319,16,5.92202e-06,3656,63997246,0.02907,ebi-a-GCST90001824,rs73569760,A,G,0.2302, || id:ebi-a-GCST90001824,TRUE,reported,igd
0.1458,16,9.93894e-06,3656,48816092,0.03294,ebi-a-GCST90001824,rs74017080,A,G,0.1671, || id:ebi-a-GCST90001824,TRUE,reported,igd
0.1112,22,9.06505e-06,3656,44568078,0.02503,ebi-a-GCST90001824,rs9614208,A,G,0.4799, || id:ebi-a-GCST90001824,TRUE,reported,igd
