pos.exposure,samplesize.exposure,beta.exposure,chr.exposure,se.exposure,pval.exposure,id.exposure,SNP,effect_allele.exposure,other_allele.exposure,eaf.exposure,exposure,mr_keep.exposure,pval_origin.exposure,data_source.exposure
24204073,3657,-0.1247,1,0.02465,4.44396e-07,ebi-a-GCST90001755,rs3123557,T,C,0.5191, || id:ebi-a-GCST90001755,TRUE,reported,igd
166021518,3657,0.1647,1,0.03617,5.47205e-06,ebi-a-GCST90001755,rs140120241,A,G,0.1328, || id:ebi-a-GCST90001755,TRUE,reported,igd
206552726,3657,0.3227,2,0.06129,1.48898e-07,ebi-a-GCST90001755,rs849532,G,A,0.9579, || id:ebi-a-GCST90001755,TRUE,reported,igd
178858731,3657,0.3695,2,0.07795,2.21998e-06,ebi-a-GCST90001755,rs187188344,G,C,0.0269, || id:ebi-a-GCST90001755,TRUE,reported,igd
207417460,3657,0.2192,2,0.04834,5.97806e-06,ebi-a-GCST90001755,rs62194499,A,G,0.0714, || id:ebi-a-GCST90001755,TRUE,reported,igd
223088415,3657,0.1231,2,0.0261,2.474e-06,ebi-a-GCST90001755,rs7608595,C,T,0.6675, || id:ebi-a-GCST90001755,TRUE,reported,igd
119244593,3657,-0.158,3,0.03108,3.90598e-07,ebi-a-GCST90001755,rs57271503,A,G,0.2129, || id:ebi-a-GCST90001755,TRUE,reported,igd
184221260,3657,0.1459,3,0.03288,9.41499e-06,ebi-a-GCST90001755,rs9842470,T,C,0.8292, || id:ebi-a-GCST90001755,TRUE,reported,igd
30424736,3657,-0.1616,6,0.03075,1.557e-07,ebi-a-GCST90001755,rs2524184,T,A,0.7278, || id:ebi-a-GCST90001755,TRUE,reported,igd
170846603,3657,-0.7166,6,0.1417,4.48497e-07,ebi-a-GCST90001755,rs12200643,A,G,0.0083, || id:ebi-a-GCST90001755,TRUE,reported,igd
31753526,3657,0.1995,6,0.03634,4.31797e-08,ebi-a-GCST90001755,rs11751198,A,G,0.1839, || id:ebi-a-GCST90001755,TRUE,reported,igd
32921104,3657,0.2072,6,0.04629,7.84404e-06,ebi-a-GCST90001755,rs111369841,T,C,0.0967, || id:ebi-a-GCST90001755,TRUE,reported,igd
40648455,3657,-0.4991,6,0.1106,6.65105e-06,ebi-a-GCST90001755,rs75915436,T,C,0.0131, || id:ebi-a-GCST90001755,TRUE,reported,igd
15898371,3657,0.1717,6,0.03209,9.31794e-08,ebi-a-GCST90001755,rs4716010,A,G,0.8194, || id:ebi-a-GCST90001755,TRUE,reported,igd
32577282,3657,-0.1507,6,0.03017,6.12393e-07,ebi-a-GCST90001755,rs9271146,C,A,0.7067, || id:ebi-a-GCST90001755,TRUE,reported,igd
75589903,3657,0.1152,7,0.02499,4.142e-06,ebi-a-GCST90001755,rs2868177,G,A,0.4193, || id:ebi-a-GCST90001755,TRUE,reported,igd
92858976,3657,0.1167,8,0.02541,4.517e-06,ebi-a-GCST90001755,rs1838178,G,A,0.4009, || id:ebi-a-GCST90001755,TRUE,reported,igd
75768836,3657,0.2659,9,0.05907,6.97702e-06,ebi-a-GCST90001755,rs75071948,G,T,0.0453, || id:ebi-a-GCST90001755,TRUE,reported,igd
19984329,3657,0.3921,11,0.08806,8.75306e-06,ebi-a-GCST90001755,rs78368496,G,A,0.02, || id:ebi-a-GCST90001755,TRUE,reported,igd
60164527,3657,-0.255,11,0.04098,5.40605e-10,ebi-a-GCST90001755,rs10501383,T,C,0.0971, || id:ebi-a-GCST90001755,TRUE,reported,igd
18870317,3657,0.6844,11,0.1508,5.84198e-06,ebi-a-GCST90001755,rs61886501,T,C,0.0071, || id:ebi-a-GCST90001755,TRUE,reported,igd
4101401,3657,-0.1169,12,0.02589,6.51193e-06,ebi-a-GCST90001755,rs2578469,A,G,0.3246, || id:ebi-a-GCST90001755,TRUE,reported,igd
48074625,3657,-0.2018,12,0.04345,3.51998e-06,ebi-a-GCST90001755,rs185205613,A,T,0.0909, || id:ebi-a-GCST90001755,TRUE,reported,igd
57128500,3657,-0.118,13,0.02633,7.69095e-06,ebi-a-GCST90001755,rs9537439,T,A,0.6478, || id:ebi-a-GCST90001755,TRUE,reported,igd
31811797,3657,-0.2259,15,0.04792,2.51698e-06,ebi-a-GCST90001755,rs7179991,G,A,0.0684, || id:ebi-a-GCST90001755,TRUE,reported,igd
50866572,3657,-0.1258,16,0.02769,5.66696e-06,ebi-a-GCST90001755,rs16948899,G,C,0.72, || id:ebi-a-GCST90001755,TRUE,reported,igd
19303610,3657,-0.2276,16,0.04734,1.58701e-06,ebi-a-GCST90001755,rs179206,T,C,0.0737, || id:ebi-a-GCST90001755,TRUE,reported,igd
72589044,3657,-0.8397,18,0.1773,2.26501e-06,ebi-a-GCST90001755,rs183569210,A,G,0.0052, || id:ebi-a-GCST90001755,TRUE,reported,igd
50940778,3657,0.2328,19,0.04226,3.857e-08,ebi-a-GCST90001755,rs61731791,T,C,0.0972, || id:ebi-a-GCST90001755,TRUE,reported,igd
49872521,3657,-0.2424,19,0.02879,5.43751e-17,ebi-a-GCST90001755,rs55809481,C,T,0.2425, || id:ebi-a-GCST90001755,TRUE,reported,igd
32451693,3657,-0.1201,20,0.02578,3.29397e-06,ebi-a-GCST90001755,rs6120395,G,A,0.6518, || id:ebi-a-GCST90001755,TRUE,reported,igd
