samplesize.exposure,chr.exposure,pval.exposure,pos.exposure,se.exposure,beta.exposure,id.exposure,SNP,effect_allele.exposure,other_allele.exposure,eaf.exposure,exposure,mr_keep.exposure,pval_origin.exposure,data_source.exposure
3410,1,5.78496e-07,160972255,0.1286,0.6438,ebi-a-GCST90001459,rs143140559,T,C,0.0094, || id:ebi-a-GCST90001459,TRUE,reported,igd
3410,1,9.21998e-07,161937774,0.05138,0.2526,ebi-a-GCST90001459,rs71639910,A,G,0.0688, || id:ebi-a-GCST90001459,TRUE,reported,igd
3410,1,8.46058e-99,161526397,0.0287,0.6258,ebi-a-GCST90001459,rs71632979,G,A,0.2447, || id:ebi-a-GCST90001459,TRUE,reported,igd
3410,1,7.62255e-11,161561151,0.0396,-0.2585,ebi-a-GCST90001459,rs74341264,A,G,0.1218, || id:ebi-a-GCST90001459,TRUE,reported,igd
3410,2,3.478e-06,65193712,0.04634,-0.2154,ebi-a-GCST90001459,rs66730637,T,C,0.0839, || id:ebi-a-GCST90001459,TRUE,reported,igd
3410,2,8.07402e-06,40026310,0.1648,0.7369,ebi-a-GCST90001459,rs142472859,C,T,0.006, || id:ebi-a-GCST90001459,TRUE,reported,igd
3410,2,2.14699e-06,111876763,0.02584,-0.1227,ebi-a-GCST90001459,rs7577824,A,G,0.4757, || id:ebi-a-GCST90001459,TRUE,reported,igd
3410,2,5.89902e-06,211051993,0.05602,-0.2542,ebi-a-GCST90001459,rs141267173,T,C,0.0531, || id:ebi-a-GCST90001459,TRUE,reported,igd
3410,3,4.99505e-06,384169,0.03678,-0.1682,ebi-a-GCST90001459,rs11715127,C,G,0.1276, || id:ebi-a-GCST90001459,TRUE,reported,igd
3410,3,7.26708e-07,151963160,0.05987,0.2972,ebi-a-GCST90001459,rs62272723,T,G,0.0501, || id:ebi-a-GCST90001459,TRUE,reported,igd
3410,6,2.93299e-06,36323614,0.07639,0.3577,ebi-a-GCST90001459,rs114586806,T,C,0.0292, || id:ebi-a-GCST90001459,TRUE,reported,igd
3410,6,9.16495e-06,22056131,0.02668,0.1185,ebi-a-GCST90001459,rs196051,G,A,0.3971, || id:ebi-a-GCST90001459,TRUE,reported,igd
3410,7,2.44399e-06,14195723,0.1305,-0.6159,ebi-a-GCST90001459,rs78726632,C,G,0.0097, || id:ebi-a-GCST90001459,TRUE,reported,igd
3410,7,9.42193e-08,50307710,0.02961,0.1584,ebi-a-GCST90001459,rs876036,C,T,0.2645, || id:ebi-a-GCST90001459,TRUE,reported,igd
3410,8,2.39398e-06,17810983,0.07035,-0.3324,ebi-a-GCST90001459,rs4921823,T,C,0.0362, || id:ebi-a-GCST90001459,TRUE,reported,igd
3410,8,9.67297e-07,130647985,0.02808,-0.1378,ebi-a-GCST90001459,rs34547718,G,T,0.2875, || id:ebi-a-GCST90001459,TRUE,reported,igd
3410,8,5.08698e-06,71747316,0.2622,1.198,ebi-a-GCST90001459,rs17767335,C,T,0.0023, || id:ebi-a-GCST90001459,TRUE,reported,igd
3410,9,8.53002e-06,135295345,0.04568,-0.2037,ebi-a-GCST90001459,rs1571857,T,C,0.0855, || id:ebi-a-GCST90001459,TRUE,reported,igd
3410,9,4.39805e-06,31374800,0.07932,-0.3648,ebi-a-GCST90001459,rs145330472,A,G,0.0265, || id:ebi-a-GCST90001459,TRUE,reported,igd
3410,9,4.35101e-06,110467582,0.02592,0.1193,ebi-a-GCST90001459,rs1330145,G,T,0.5802, || id:ebi-a-GCST90001459,TRUE,reported,igd
3410,10,1.034e-06,122700529,0.02587,0.1266,ebi-a-GCST90001459,rs4752481,T,G,0.4535, || id:ebi-a-GCST90001459,TRUE,reported,igd
3410,12,5.313e-06,108726677,0.02991,-0.1364,ebi-a-GCST90001459,rs10735429,G,A,0.7411, || id:ebi-a-GCST90001459,TRUE,reported,igd
3410,13,6.223e-06,44765322,0.04675,0.2116,ebi-a-GCST90001459,rs73180904,T,C,0.0842, || id:ebi-a-GCST90001459,TRUE,reported,igd
3410,16,5.62898e-06,111247,0.04904,-0.223,ebi-a-GCST90001459,rs79691782,T,C,0.0783, || id:ebi-a-GCST90001459,TRUE,reported,igd
3410,17,7.71099e-06,12078483,0.1141,0.5111,ebi-a-GCST90001459,rs79631949,T,C,0.0136, || id:ebi-a-GCST90001459,TRUE,reported,igd
3410,19,6.58097e-06,58148090,0.05971,-0.2695,ebi-a-GCST90001459,rs73064521,T,A,0.0466, || id:ebi-a-GCST90001459,TRUE,reported,igd
3410,20,4.43803e-06,15407093,0.1102,-0.5066,ebi-a-GCST90001459,rs6079813,A,G,0.0136, || id:ebi-a-GCST90001459,TRUE,reported,igd
3410,22,3.34996e-06,27665142,0.03597,-0.1675,ebi-a-GCST90001459,rs12628370,T,C,0.1474, || id:ebi-a-GCST90001459,TRUE,reported,igd
