pos.exposure,se.exposure,pval.exposure,beta.exposure,chr.exposure,samplesize.exposure,id.exposure,SNP,effect_allele.exposure,other_allele.exposure,eaf.exposure,exposure,mr_keep.exposure,pval_origin.exposure,data_source.exposure
116770372,0.03105,2.683e-06,-0.146,1,3654,ebi-a-GCST90001813,rs10737766,T,A,0.1966, || id:ebi-a-GCST90001813,TRUE,reported,igd
181677633,0.03376,4.255e-06,0.1555,1,3654,ebi-a-GCST90001813,rs16858021,A,G,0.1587, || id:ebi-a-GCST90001813,TRUE,reported,igd
36764904,0.04128,1.834e-06,0.1973,1,3654,ebi-a-GCST90001813,rs151139674,T,G,0.1067, || id:ebi-a-GCST90001813,TRUE,reported,igd
5755140,0.09575,5.93895e-06,0.4342,2,3654,ebi-a-GCST90001813,rs140874823,C,A,0.0171, || id:ebi-a-GCST90001813,TRUE,reported,igd
211744617,0.02733,6.84101e-06,-0.1231,2,3654,ebi-a-GCST90001813,rs55770731,G,A,0.3157, || id:ebi-a-GCST90001813,TRUE,reported,igd
181050023,0.118,2.33201e-06,-0.5581,2,3654,ebi-a-GCST90001813,rs16867231,A,G,0.0108, || id:ebi-a-GCST90001813,TRUE,reported,igd
15956227,0.1213,1.7108e-13,-0.8972,4,3654,ebi-a-GCST90001813,rs115062208,G,A,0.0115, || id:ebi-a-GCST90001813,TRUE,reported,igd
15915069,0.08937,3.62994e-32,-1.065,4,3654,ebi-a-GCST90001813,rs76112278,A,G,0.0194, || id:ebi-a-GCST90001813,TRUE,reported,igd
9452383,0.1358,5.58496e-06,-0.6178,4,3654,ebi-a-GCST90001813,rs115636025,T,A,0.009, || id:ebi-a-GCST90001813,TRUE,reported,igd
15037408,0.06983,7.84332e-13,-0.502,4,3654,ebi-a-GCST90001813,rs76354299,A,G,0.0322, || id:ebi-a-GCST90001813,TRUE,reported,igd
55880433,0.04882,4.76903e-06,-0.2237,4,3654,ebi-a-GCST90001813,rs78416268,A,G,0.0701, || id:ebi-a-GCST90001813,TRUE,reported,igd
14029370,0.07316,1.54099e-10,-0.4696,4,3654,ebi-a-GCST90001813,rs572542,T,C,0.0289, || id:ebi-a-GCST90001813,TRUE,reported,igd
26233819,0.1015,2.88503e-06,0.4756,4,3654,ebi-a-GCST90001813,rs4235009,A,G,0.9841, || id:ebi-a-GCST90001813,TRUE,reported,igd
91499761,0.04449,6.83392e-06,-0.2004,5,3654,ebi-a-GCST90001813,rs76551277,C,A,0.0854, || id:ebi-a-GCST90001813,TRUE,reported,igd
32451834,0.02886,1.35201e-06,-0.1397,6,3654,ebi-a-GCST90001813,rs62405562,G,A,0.4551, || id:ebi-a-GCST90001813,TRUE,reported,igd
169449285,0.08415,6.67698e-06,0.3795,6,3654,ebi-a-GCST90001813,rs117455593,A,G,0.0229, || id:ebi-a-GCST90001813,TRUE,reported,igd
130342978,0.03057,4.49801e-06,0.1404,7,3654,ebi-a-GCST90001813,rs11763462,G,A,0.2196, || id:ebi-a-GCST90001813,TRUE,reported,igd
90861273,0.1143,9.03504e-06,-0.5082,8,3654,ebi-a-GCST90001813,rs79340798,A,G,0.0116, || id:ebi-a-GCST90001813,TRUE,reported,igd
69890943,0.03179,9.19793e-07,0.1563,10,3654,ebi-a-GCST90001813,rs12764658,T,C,0.1944, || id:ebi-a-GCST90001813,TRUE,reported,igd
20181876,0.1694,7.90497e-06,0.7578,11,3654,ebi-a-GCST90001813,rs79411094,A,G,0.0052, || id:ebi-a-GCST90001813,TRUE,reported,igd
18290606,0.05,7.00697e-07,-0.2485,12,3654,ebi-a-GCST90001813,rs138459438,A,G,0.0666, || id:ebi-a-GCST90001813,TRUE,reported,igd
72776004,0.2725,3.223e-06,-1.271,13,3654,ebi-a-GCST90001813,rs80148042,A,C,0.0021, || id:ebi-a-GCST90001813,TRUE,reported,igd
72672465,0.02988,3.77998e-06,-0.1383,13,3654,ebi-a-GCST90001813,rs1409571,A,C,0.7778, || id:ebi-a-GCST90001813,TRUE,reported,igd
89292965,0.128,6.83801e-06,0.5768,15,3654,ebi-a-GCST90001813,rs75416382,C,T,0.0096, || id:ebi-a-GCST90001813,TRUE,reported,igd
