chr.exposure,se.exposure,pos.exposure,beta.exposure,pval.exposure,samplesize.exposure,id.exposure,SNP,effect_allele.exposure,other_allele.exposure,eaf.exposure,exposure,mr_keep.exposure,pval_origin.exposure,data_source.exposure
1,0.03756,161561151,0.2465,5.97998e-11,3629,ebi-a-GCST90001580,rs74341264,A,G,0.1261, || id:ebi-a-GCST90001580,TRUE,reported,igd
1,0.2738,110012633,-1.259,4.39501e-06,3629,ebi-a-GCST90001580,rs115451299,C,T,0.0018, || id:ebi-a-GCST90001580,TRUE,reported,igd
1,0.1269,161031616,-0.5671,8.127e-06,3629,ebi-a-GCST90001580,rs185631377,A,G,0.0095, || id:ebi-a-GCST90001580,TRUE,reported,igd
1,0.02726,161526397,-0.6399,1.55597e-113,3629,ebi-a-GCST90001580,rs71632979,G,A,0.2479, || id:ebi-a-GCST90001580,TRUE,reported,igd
1,0.05876,92842367,0.3162,7.85398e-08,3629,ebi-a-GCST90001580,rs139795227,C,A,0.0514, || id:ebi-a-GCST90001580,TRUE,reported,igd
1,0.04812,161937774,-0.3061,2.24698e-10,3629,ebi-a-GCST90001580,rs71639910,A,G,0.0704, || id:ebi-a-GCST90001580,TRUE,reported,igd
1,0.02672,161194400,0.1649,7.587e-10,3629,ebi-a-GCST90001580,rs3829793,G,C,0.3147, || id:ebi-a-GCST90001580,TRUE,reported,igd
3,0.09615,167152276,0.4261,9.64895e-06,3629,ebi-a-GCST90001580,rs147218533,C,T,0.0164, || id:ebi-a-GCST90001580,TRUE,reported,igd
4,0.06287,182944203,0.2999,1.91501e-06,3629,ebi-a-GCST90001580,rs112831211,G,T,0.0415, || id:ebi-a-GCST90001580,TRUE,reported,igd
4,0.1357,33430567,-0.6138,6.33505e-06,3629,ebi-a-GCST90001580,rs78723624,G,A,0.0087, || id:ebi-a-GCST90001580,TRUE,reported,igd
5,0.02447,172669254,0.1089,8.83202e-06,3629,ebi-a-GCST90001580,rs9313620,T,C,0.5433, || id:ebi-a-GCST90001580,TRUE,reported,igd
5,0.05202,38258302,0.2327,7.93908e-06,3629,ebi-a-GCST90001580,rs144601865,T,G,0.0626, || id:ebi-a-GCST90001580,TRUE,reported,igd
8,0.02899,19431500,-0.1335,4.24405e-06,3629,ebi-a-GCST90001580,rs13260841,T,C,0.2451, || id:ebi-a-GCST90001580,TRUE,reported,igd
8,0.06912,30170640,0.321,3.52899e-06,3629,ebi-a-GCST90001580,rs77305308,C,T,0.0324, || id:ebi-a-GCST90001580,TRUE,reported,igd
8,0.06709,51887026,0.3006,7.69201e-06,3629,ebi-a-GCST90001580,rs72649637,C,T,0.0343, || id:ebi-a-GCST90001580,TRUE,reported,igd
9,0.02492,113895745,-0.1205,1.385e-06,3629,ebi-a-GCST90001580,rs877544,T,A,0.5477, || id:ebi-a-GCST90001580,TRUE,reported,igd
9,0.1212,31933307,-0.5822,1.63501e-06,3629,ebi-a-GCST90001580,rs10970605,C,G,0.0107, || id:ebi-a-GCST90001580,TRUE,reported,igd
11,0.2348,17377369,-1.045,8.72308e-06,3629,ebi-a-GCST90001580,rs142005394,A,G,0.0025, || id:ebi-a-GCST90001580,TRUE,reported,igd
12,0.0266,112151742,-0.1389,1.874e-07,3629,ebi-a-GCST90001580,rs847888,A,C,0.4964, || id:ebi-a-GCST90001580,TRUE,reported,igd
13,0.08185,80448111,-0.373,5.35106e-06,3629,ebi-a-GCST90001580,rs71436541,T,G,0.0241, || id:ebi-a-GCST90001580,TRUE,reported,igd
15,0.02604,24443663,-0.1219,2.93197e-06,3629,ebi-a-GCST90001580,rs11856889,T,C,0.318, || id:ebi-a-GCST90001580,TRUE,reported,igd
20,0.02595,48955424,-0.1223,2.54302e-06,3629,ebi-a-GCST90001580,rs913678,C,T,0.3387, || id:ebi-a-GCST90001580,TRUE,reported,igd
