pos.exposure,beta.exposure,chr.exposure,se.exposure,pval.exposure,samplesize.exposure,id.exposure,SNP,effect_allele.exposure,other_allele.exposure,eaf.exposure,exposure,mr_keep.exposure,pval_origin.exposure,data_source.exposure
14588462,-0.7959,1,0.1729,4.29705e-06,3440,ebi-a-GCST90001653,rs78686313,T,C,0.0052, || id:ebi-a-GCST90001653,TRUE,reported,igd
208712244,-0.8439,1,0.1827,4.01504e-06,3440,ebi-a-GCST90001653,rs17187533,A,G,0.0044, || id:ebi-a-GCST90001653,TRUE,reported,igd
106914029,0.115,2,0.02569,7.83105e-06,3440,ebi-a-GCST90001653,rs6734907,T,C,0.433, || id:ebi-a-GCST90001653,TRUE,reported,igd
7659940,-0.1507,2,0.028,7.75408e-08,3440,ebi-a-GCST90001653,rs10174322,G,A,0.2719, || id:ebi-a-GCST90001653,TRUE,reported,igd
72391950,-0.117,3,0.02521,3.58204e-06,3440,ebi-a-GCST90001653,rs11128263,T,G,0.524, || id:ebi-a-GCST90001653,TRUE,reported,igd
147357834,0.1749,4,0.03644,1.65501e-06,3440,ebi-a-GCST90001653,rs66989520,T,C,0.1456, || id:ebi-a-GCST90001653,TRUE,reported,igd
169595404,-0.1344,4,0.02812,1.834e-06,3440,ebi-a-GCST90001653,rs11930576,C,T,0.2746, || id:ebi-a-GCST90001653,TRUE,reported,igd
83073780,-0.293,5,0.06073,1.46501e-06,3440,ebi-a-GCST90001653,rs143066848,G,A,0.0448, || id:ebi-a-GCST90001653,TRUE,reported,igd
32666487,-0.1978,6,0.04098,1.439e-06,3440,ebi-a-GCST90001653,rs114170505,C,T,0.1839, || id:ebi-a-GCST90001653,TRUE,reported,igd
97889936,0.2703,6,0.05977,6.33403e-06,3440,ebi-a-GCST90001653,rs9488834,A,G,0.0464, || id:ebi-a-GCST90001653,TRUE,reported,igd
15826226,-1.711,6,0.3553,1.53402e-06,3440,ebi-a-GCST90001653,rs74593262,T,C,0.0012, || id:ebi-a-GCST90001653,TRUE,reported,igd
143153812,-0.4428,7,0.09912,8.192e-06,3440,ebi-a-GCST90001653,rs79967252,A,G,0.0163, || id:ebi-a-GCST90001653,TRUE,reported,igd
132484052,0.249,7,0.05127,1.243e-06,3440,ebi-a-GCST90001653,rs56009006,T,C,0.0667, || id:ebi-a-GCST90001653,TRUE,reported,igd
138405739,0.171,9,0.03804,7.18704e-06,3440,ebi-a-GCST90001653,rs79012126,T,C,0.1186, || id:ebi-a-GCST90001653,TRUE,reported,igd
71650333,0.2423,9,0.05342,5.92598e-06,3440,ebi-a-GCST90001653,rs141291061,A,T,0.0606, || id:ebi-a-GCST90001653,TRUE,reported,igd
94905724,0.1939,9,0.04275,5.91303e-06,3440,ebi-a-GCST90001653,rs4391487,C,T,0.0922, || id:ebi-a-GCST90001653,TRUE,reported,igd
2967899,-0.151,10,0.02983,4.37905e-07,3440,ebi-a-GCST90001653,rs1875167,C,T,0.7741, || id:ebi-a-GCST90001653,TRUE,reported,igd
132175707,-0.2774,10,0.0608,5.21003e-06,3440,ebi-a-GCST90001653,rs12770129,T,C,0.0432, || id:ebi-a-GCST90001653,TRUE,reported,igd
277365,-0.1292,11,0.02879,7.44492e-06,3440,ebi-a-GCST90001653,rs35409720,A,G,0.2651, || id:ebi-a-GCST90001653,TRUE,reported,igd
99376355,-0.1613,11,0.03532,5.13795e-06,3440,ebi-a-GCST90001653,rs61894112,A,C,0.1461, || id:ebi-a-GCST90001653,TRUE,reported,igd
73854918,0.3233,12,0.07177,6.84195e-06,3440,ebi-a-GCST90001653,rs7134223,G,T,0.0312, || id:ebi-a-GCST90001653,TRUE,reported,igd
67161374,-0.2463,14,0.0544,6.15999e-06,3440,ebi-a-GCST90001653,rs78409217,G,A,0.0596, || id:ebi-a-GCST90001653,TRUE,reported,igd
22497057,0.2422,14,0.05429,8.40408e-06,3440,ebi-a-GCST90001653,rs75187775,T,C,0.0587, || id:ebi-a-GCST90001653,TRUE,reported,igd
25870244,0.4529,14,0.1018,8.95901e-06,3440,ebi-a-GCST90001653,rs149302210,G,A,0.015, || id:ebi-a-GCST90001653,TRUE,reported,igd
33814758,-0.2435,17,0.0371,6.12915e-11,3440,ebi-a-GCST90001653,rs4796089,C,T,0.1343, || id:ebi-a-GCST90001653,TRUE,reported,igd
80624957,-0.1505,17,0.03264,4.11898e-06,3440,ebi-a-GCST90001653,rs9914549,G,A,0.1759, || id:ebi-a-GCST90001653,TRUE,reported,igd
80030971,-0.2028,17,0.04254,1.95398e-06,3440,ebi-a-GCST90001653,rs59211785,T,C,0.0985, || id:ebi-a-GCST90001653,TRUE,reported,igd
3668971,-0.1144,18,0.0252,5.77404e-06,3440,ebi-a-GCST90001653,rs1675243,G,A,0.4555, || id:ebi-a-GCST90001653,TRUE,reported,igd
