se.exposure,beta.exposure,pos.exposure,pval.exposure,chr.exposure,samplesize.exposure,id.exposure,SNP,effect_allele.exposure,other_allele.exposure,eaf.exposure,exposure,mr_keep.exposure,pval_origin.exposure,data_source.exposure
0.8204,-3.635,835092,9.68211e-06,1,3408,ebi-a-GCST90001669,rs72631887,G,T,1e-04, || id:ebi-a-GCST90001669,TRUE,reported,igd
0.8146,4.289,201600103,1.49101e-07,1,3408,ebi-a-GCST90001669,rs147612560,A,G,1e-04, || id:ebi-a-GCST90001669,TRUE,reported,igd
0.2078,-1.228,190079170,3.73697e-09,1,3408,ebi-a-GCST90001669,rs138915779,A,C,0.0034, || id:ebi-a-GCST90001669,TRUE,reported,igd
0.231,-2.319,198283058,2.1752e-23,1,3408,ebi-a-GCST90001669,rs541367304,A,G,0.0032, || id:ebi-a-GCST90001669,TRUE,reported,igd
0.1181,-0.5342,195875605,6.31103e-06,1,3408,ebi-a-GCST90001669,rs34645541,A,C,0.0095, || id:ebi-a-GCST90001669,TRUE,reported,igd
0.02528,-0.1161,241904201,4.52595e-06,1,3408,ebi-a-GCST90001669,rs4129441,C,T,0.2701, || id:ebi-a-GCST90001669,TRUE,reported,igd
0.169,-1.125,199999121,3.1798e-11,1,3408,ebi-a-GCST90001669,rs11579717,A,G,0.0044, || id:ebi-a-GCST90001669,TRUE,reported,igd
0.4331,-1.975,175728032,5.29505e-06,1,3408,ebi-a-GCST90001669,rs111432170,A,G,7e-04, || id:ebi-a-GCST90001669,TRUE,reported,igd
0.02643,-0.1214,86948835,4.54297e-06,2,3408,ebi-a-GCST90001669,rs28527279,A,G,0.7504, || id:ebi-a-GCST90001669,TRUE,reported,igd
0.058,0.2626,61511035,6.18002e-06,3,3408,ebi-a-GCST90001669,rs61269136,T,C,0.0387, || id:ebi-a-GCST90001669,TRUE,reported,igd
0.0272,-0.1279,9087967,2.65601e-06,3,3408,ebi-a-GCST90001669,rs2670003,C,T,0.7729, || id:ebi-a-GCST90001669,TRUE,reported,igd
0.05644,-0.2541,46276078,6.96803e-06,3,3408,ebi-a-GCST90001669,rs35035328,C,T,0.059, || id:ebi-a-GCST90001669,TRUE,reported,igd
0.7465,-3.37,174826726,6.553e-06,4,3408,ebi-a-GCST90001669,rs74732038,C,T,1e-04, || id:ebi-a-GCST90001669,TRUE,reported,igd
0.5787,-2.743,40701822,2.22998e-06,4,3408,ebi-a-GCST90001669,rs138232290,A,G,3e-04, || id:ebi-a-GCST90001669,TRUE,reported,igd
0.02512,0.1131,51919136,6.96899e-06,5,3408,ebi-a-GCST90001669,rs1450949,A,G,0.7085, || id:ebi-a-GCST90001669,TRUE,reported,igd
0.07107,0.3244,149101822,5.19398e-06,6,3408,ebi-a-GCST90001669,rs35222020,G,A,0.0251, || id:ebi-a-GCST90001669,TRUE,reported,igd
0.09073,-0.4138,28364598,5.28603e-06,7,3408,ebi-a-GCST90001669,rs13231184,G,C,0.0166, || id:ebi-a-GCST90001669,TRUE,reported,igd
0.8481,-3.829,142351498,6.54802e-06,7,3408,ebi-a-GCST90001669,rs11770198,G,A,1e-04, || id:ebi-a-GCST90001669,TRUE,reported,igd
0.9301,-4.138,86261382,8.89303e-06,7,3408,ebi-a-GCST90001669,rs78971171,G,A,1e-04, || id:ebi-a-GCST90001669,TRUE,reported,igd
1.713,-8.147,4637341,2.06101e-06,8,3408,ebi-a-GCST90001669,rs79527194,G,A,NA, || id:ebi-a-GCST90001669,TRUE,reported,igd
0.05229,0.235,28528105,7.23003e-06,8,3408,ebi-a-GCST90001669,rs116499679,T,C,0.0489, || id:ebi-a-GCST90001669,TRUE,reported,igd
1.046,-4.689,36903125,7.61097e-06,8,3408,ebi-a-GCST90001669,rs62488624,T,C,1e-04, || id:ebi-a-GCST90001669,TRUE,reported,igd
0.09651,-0.4332,6788445,7.41105e-06,8,3408,ebi-a-GCST90001669,rs138728019,T,C,0.0145, || id:ebi-a-GCST90001669,TRUE,reported,igd
0.02537,0.1255,23394831,7.91298e-07,9,3408,ebi-a-GCST90001669,rs12235775,C,T,0.2764, || id:ebi-a-GCST90001669,TRUE,reported,igd
0.5191,-2.362,131423918,5.56698e-06,10,3408,ebi-a-GCST90001669,rs117626397,G,A,4e-04, || id:ebi-a-GCST90001669,TRUE,reported,igd
0.03398,0.1788,77173517,1.501e-07,11,3408,ebi-a-GCST90001669,rs116884829,G,A,0.132, || id:ebi-a-GCST90001669,TRUE,reported,igd
1.141,-5.264,9143785,4.06902e-06,11,3408,ebi-a-GCST90001669,rs77547518,T,C,1e-04, || id:ebi-a-GCST90001669,TRUE,reported,igd
1.11,-5.054,115711814,5.423e-06,11,3408,ebi-a-GCST90001669,rs143559470,A,G,1e-04, || id:ebi-a-GCST90001669,TRUE,reported,igd
0.2421,-1.191,1631566,9.1241e-07,12,3408,ebi-a-GCST90001669,rs181777922,T,C,0.0022, || id:ebi-a-GCST90001669,TRUE,reported,igd
0.7645,-3.741,107306559,1.035e-06,13,3408,ebi-a-GCST90001669,rs78228882,T,G,1e-04, || id:ebi-a-GCST90001669,TRUE,reported,igd
0.06184,0.2897,37895643,2.91998e-06,14,3408,ebi-a-GCST90001669,rs138678985,A,G,0.0349, || id:ebi-a-GCST90001669,TRUE,reported,igd
0.02251,0.1021,26227349,5.95498e-06,15,3408,ebi-a-GCST90001669,rs34487669,T,A,0.4349, || id:ebi-a-GCST90001669,TRUE,reported,igd
0.424,-1.907,54788402,7.14003e-06,17,3408,ebi-a-GCST90001669,rs76098298,T,C,7e-04, || id:ebi-a-GCST90001669,TRUE,reported,igd
0.06454,0.2989,74135619,3.77598e-06,17,3408,ebi-a-GCST90001669,rs2585739,A,G,0.0305, || id:ebi-a-GCST90001669,TRUE,reported,igd
0.02285,-0.1068,7837186,3.08099e-06,19,3408,ebi-a-GCST90001669,rs565801,G,T,0.3922, || id:ebi-a-GCST90001669,TRUE,reported,igd
0.4452,-2.041,18683695,4.71498e-06,19,3408,ebi-a-GCST90001669,rs117586381,A,G,7e-04, || id:ebi-a-GCST90001669,TRUE,reported,igd
0.05546,-0.2594,20172901,3.02901e-06,22,3408,ebi-a-GCST90001669,rs687264,C,T,0.9586, || id:ebi-a-GCST90001669,TRUE,reported,igd
0.119,0.5343,44578288,7.32099e-06,22,3408,ebi-a-GCST90001669,rs139127,T,G,0.0089, || id:ebi-a-GCST90001669,TRUE,reported,igd
