pos.exposure,beta.exposure,samplesize.exposure,chr.exposure,pval.exposure,se.exposure,id.exposure,SNP,effect_allele.exposure,other_allele.exposure,eaf.exposure,exposure,mr_keep.exposure,pval_origin.exposure,data_source.exposure
198151688,-2.18,3437,1,9.94489e-23,0.2206,ebi-a-GCST90001494,rs113435341,G,A,0.0032, || id:ebi-a-GCST90001494,TRUE,reported,igd
103543193,-2.172,3437,1,4.345e-06,0.472,ebi-a-GCST90001494,rs143290109,T,C,7e-04, || id:ebi-a-GCST90001494,TRUE,reported,igd
239767145,-0.1919,3437,1,7.73108e-07,0.03875,ebi-a-GCST90001494,rs10925924,G,T,0.8829, || id:ebi-a-GCST90001494,TRUE,reported,igd
205001095,-0.5212,3437,1,5.03501e-07,0.1035,ebi-a-GCST90001494,rs35378667,C,T,0.0141, || id:ebi-a-GCST90001494,TRUE,reported,igd
199999121,-1.625,3437,1,4.48642e-18,0.1865,ebi-a-GCST90001494,rs11579717,A,G,0.0044, || id:ebi-a-GCST90001494,TRUE,reported,igd
190079170,-1.514,3437,1,4.10677e-11,0.2286,ebi-a-GCST90001494,rs138915779,A,C,0.0035, || id:ebi-a-GCST90001494,TRUE,reported,igd
38897249,-0.1818,3437,2,5.43e-11,0.02763,ebi-a-GCST90001494,rs12712610,G,A,0.2975, || id:ebi-a-GCST90001494,TRUE,reported,igd
39112166,0.1191,3437,2,4.79104e-06,0.026,ebi-a-GCST90001494,rs11124653,A,C,0.5911, || id:ebi-a-GCST90001494,TRUE,reported,igd
149610852,-0.7233,3437,3,7.26892e-06,0.161,ebi-a-GCST90001494,rs73155096,G,C,0.0063, || id:ebi-a-GCST90001494,TRUE,reported,igd
116384674,-0.1809,3437,3,1.354e-06,0.03737,ebi-a-GCST90001494,rs6438325,C,A,0.8749, || id:ebi-a-GCST90001494,TRUE,reported,igd
55349822,-0.1137,3437,3,9.09892e-06,0.02558,ebi-a-GCST90001494,rs358809,A,G,0.5422, || id:ebi-a-GCST90001494,TRUE,reported,igd
126747367,0.1279,3437,3,2.44298e-06,0.0271,ebi-a-GCST90001494,rs9838548,C,T,0.3134, || id:ebi-a-GCST90001494,TRUE,reported,igd
4597367,-0.1153,3437,3,3.597e-06,0.02483,ebi-a-GCST90001494,rs7651919,T,G,0.4529, || id:ebi-a-GCST90001494,TRUE,reported,igd
1589324,-2.133,3437,4,5.52103e-06,0.4687,ebi-a-GCST90001494,rs186715000,G,A,6e-04, || id:ebi-a-GCST90001494,TRUE,reported,igd
54555201,-0.1342,3437,4,1.996e-06,0.02819,ebi-a-GCST90001494,rs2668533,T,C,0.7284, || id:ebi-a-GCST90001494,TRUE,reported,igd
86967620,-3.842,3437,4,2.46099e-06,0.8142,ebi-a-GCST90001494,rs114437347,C,G,3e-04, || id:ebi-a-GCST90001494,TRUE,reported,igd
57549528,-0.1178,3437,4,6.71506e-06,0.02612,ebi-a-GCST90001494,rs12642085,T,C,0.342, || id:ebi-a-GCST90001494,TRUE,reported,igd
123422719,-2.942,3437,4,4.97096e-09,0.5018,ebi-a-GCST90001494,rs138960714,C,A,6e-04, || id:ebi-a-GCST90001494,TRUE,reported,igd
162101178,-0.1407,3437,6,9.88599e-06,0.03179,ebi-a-GCST90001494,rs9689649,C,A,0.1834, || id:ebi-a-GCST90001494,TRUE,reported,igd
128186610,0.3405,3437,7,7.94603e-06,0.07612,ebi-a-GCST90001494,rs185363826,T,G,0.0308, || id:ebi-a-GCST90001494,TRUE,reported,igd
37427289,0.1999,3437,7,4.14e-08,0.03637,ebi-a-GCST90001494,rs74830391,T,C,0.1525, || id:ebi-a-GCST90001494,TRUE,reported,igd
6078079,0.2126,3437,10,5.28397e-08,0.03897,ebi-a-GCST90001494,rs6602392,A,C,0.1155, || id:ebi-a-GCST90001494,TRUE,reported,igd
6111075,0.2816,3437,10,1.3671e-15,0.03509,ebi-a-GCST90001494,rs7893324,C,T,0.1562, || id:ebi-a-GCST90001494,TRUE,reported,igd
6177083,0.1904,3437,10,3.54601e-07,0.03733,ebi-a-GCST90001494,rs10905879,T,C,0.1286, || id:ebi-a-GCST90001494,TRUE,reported,igd
67333370,-2.824,3437,11,2.452e-06,0.5982,ebi-a-GCST90001494,rs149375589,G,T,4e-04, || id:ebi-a-GCST90001494,TRUE,reported,igd
66788802,-9.098,3437,11,4.17004e-06,1.973,ebi-a-GCST90001494,rs138514398,G,T,NA, || id:ebi-a-GCST90001494,TRUE,reported,igd
16263287,0.2115,3437,12,5.90595e-06,0.04661,ebi-a-GCST90001494,rs10772894,G,A,0.0751, || id:ebi-a-GCST90001494,TRUE,reported,igd
