samplesize.exposure,pval.exposure,chr.exposure,pos.exposure,beta.exposure,se.exposure,id.exposure,SNP,effect_allele.exposure,other_allele.exposure,eaf.exposure,exposure,mr_keep.exposure,pval_origin.exposure,data_source.exposure
3410,3.85798e-06,1,181160955,-0.2262,0.04889,ebi-a-GCST90001474,rs10910893,T,G,0.0707, || id:ebi-a-GCST90001474,TRUE,reported,igd
3410,5.11105e-08,1,160353789,-0.3966,0.07264,ebi-a-GCST90001474,rs143032729,G,A,0.0326, || id:ebi-a-GCST90001474,TRUE,reported,igd
3410,1.12001e-10,1,161561151,0.2502,0.03866,ebi-a-GCST90001474,rs74341264,A,G,0.1218, || id:ebi-a-GCST90001474,TRUE,reported,igd
3410,1.96517e-92,1,161520931,-0.5887,0.02799,ebi-a-GCST90001474,rs56199187,T,C,0.2441, || id:ebi-a-GCST90001474,TRUE,reported,igd
3410,2.52e-07,2,111876941,0.1305,0.02526,ebi-a-GCST90001474,rs7593638,C,A,0.4749, || id:ebi-a-GCST90001474,TRUE,reported,igd
3410,8.76193e-06,2,136580287,0.1236,0.02777,ebi-a-GCST90001474,rs2164210,C,T,0.3238, || id:ebi-a-GCST90001474,TRUE,reported,igd
3410,3.77703e-06,3,20754619,0.2108,0.04552,ebi-a-GCST90001474,rs62234997,G,A,0.085, || id:ebi-a-GCST90001474,TRUE,reported,igd
3410,2.21202e-06,3,151963160,-0.2775,0.05854,ebi-a-GCST90001474,rs62272723,T,G,0.0501, || id:ebi-a-GCST90001474,TRUE,reported,igd
3410,4.48198e-06,3,384169,0.1657,0.03607,ebi-a-GCST90001474,rs11715127,C,G,0.1276, || id:ebi-a-GCST90001474,TRUE,reported,igd
3410,9.99701e-06,5,179156449,0.184,0.04158,ebi-a-GCST90001474,rs7566,C,T,0.9029, || id:ebi-a-GCST90001474,TRUE,reported,igd
3410,2.90503e-06,6,22056131,-0.1221,0.02607,ebi-a-GCST90001474,rs196051,G,A,0.3971, || id:ebi-a-GCST90001474,TRUE,reported,igd
3410,2.25201e-10,7,50307710,-0.1835,0.02885,ebi-a-GCST90001474,rs876036,C,T,0.2645, || id:ebi-a-GCST90001474,TRUE,reported,igd
3410,1.14101e-06,7,14195723,0.6212,0.1274,ebi-a-GCST90001474,rs78726632,C,G,0.0097, || id:ebi-a-GCST90001474,TRUE,reported,igd
3410,4.65897e-06,9,110238601,-0.2853,0.06219,ebi-a-GCST90001474,rs4398989,A,G,0.0422, || id:ebi-a-GCST90001474,TRUE,reported,igd
3410,9.85099e-06,9,99462625,-0.2618,0.05913,ebi-a-GCST90001474,rs10759202,A,G,0.0477, || id:ebi-a-GCST90001474,TRUE,reported,igd
3410,6.93107e-07,10,122700529,-0.1258,0.0253,ebi-a-GCST90001474,rs4752481,T,G,0.4535, || id:ebi-a-GCST90001474,TRUE,reported,igd
3410,3.264e-06,10,133341271,-1.939,0.4161,ebi-a-GCST90001474,rs79053113,T,C,9e-04, || id:ebi-a-GCST90001474,TRUE,reported,igd
3410,5.31496e-06,11,107542351,-0.868,0.1904,ebi-a-GCST90001474,rs607867,C,G,0.0048, || id:ebi-a-GCST90001474,TRUE,reported,igd
3410,7.04596e-06,11,108509865,0.679,0.1509,ebi-a-GCST90001474,rs75812106,T,C,0.007, || id:ebi-a-GCST90001474,TRUE,reported,igd
3410,8.31802e-06,12,61698548,0.1222,0.02739,ebi-a-GCST90001474,rs28595889,T,A,0.677, || id:ebi-a-GCST90001474,TRUE,reported,igd
3410,4.91802e-06,12,108726677,0.1338,0.02924,ebi-a-GCST90001474,rs10735429,G,A,0.7411, || id:ebi-a-GCST90001474,TRUE,reported,igd
3410,5.99501e-06,13,44765322,-0.2075,0.04577,ebi-a-GCST90001474,rs73180904,T,C,0.0842, || id:ebi-a-GCST90001474,TRUE,reported,igd
3410,6.77798e-06,15,50067248,0.3577,0.07936,ebi-a-GCST90001474,rs690924,T,C,0.0264, || id:ebi-a-GCST90001474,TRUE,reported,igd
3410,7.24303e-06,17,77544550,0.2104,0.04683,ebi-a-GCST90001474,rs12951038,T,C,0.0745, || id:ebi-a-GCST90001474,TRUE,reported,igd
3410,1.23501e-06,20,56242563,-0.1217,0.02505,ebi-a-GCST90001474,rs203393,A,G,0.5792, || id:ebi-a-GCST90001474,TRUE,reported,igd
