samplesize.exposure,se.exposure,pos.exposure,beta.exposure,chr.exposure,pval.exposure,id.exposure,SNP,effect_allele.exposure,other_allele.exposure,eaf.exposure,exposure,mr_keep.exposure,pval_origin.exposure,data_source.exposure
2919,0.02507,167424924,0.6324,1,3.45144e-127,ebi-a-GCST90001857,rs2949661,T,C,0.4466, || id:ebi-a-GCST90001857,TRUE,reported,igd
2919,0.0385,166464476,-0.2836,1,2.27824e-13,ebi-a-GCST90001857,rs12138291,A,G,0.1482, || id:ebi-a-GCST90001857,TRUE,reported,igd
2919,0.02747,26527699,-0.1272,1,3.78896e-06,ebi-a-GCST90001857,rs869139,C,T,0.5111, || id:ebi-a-GCST90001857,TRUE,reported,igd
2919,0.07691,165314063,-0.4665,1,1.47901e-09,ebi-a-GCST90001857,rs35055340,T,C,0.0324, || id:ebi-a-GCST90001857,TRUE,reported,igd
2919,0.03778,163328756,0.1701,1,6.98393e-06,ebi-a-GCST90001857,rs12401936,G,A,0.1554, || id:ebi-a-GCST90001857,TRUE,reported,igd
2919,0.03055,168700134,-0.1534,1,5.47596e-07,ebi-a-GCST90001857,rs552999,A,C,0.7211, || id:ebi-a-GCST90001857,TRUE,reported,igd
2919,0.02752,118266529,-0.127,1,4.10204e-06,ebi-a-GCST90001857,rs4396110,A,G,0.4239, || id:ebi-a-GCST90001857,TRUE,reported,igd
2919,0.1049,168306279,-0.6462,1,8.18597e-10,ebi-a-GCST90001857,rs114672530,A,G,0.0173, || id:ebi-a-GCST90001857,TRUE,reported,igd
2919,0.1545,31829907,0.6848,3,9.67899e-06,ebi-a-GCST90001857,rs142394936,G,T,0.0075, || id:ebi-a-GCST90001857,TRUE,reported,igd
2919,0.08041,127163016,0.3776,3,2.77901e-06,ebi-a-GCST90001857,rs57844740,A,G,0.03, || id:ebi-a-GCST90001857,TRUE,reported,igd
2919,0.0345,158937938,-0.1539,3,8.43102e-06,ebi-a-GCST90001857,rs2595260,C,T,0.8013, || id:ebi-a-GCST90001857,TRUE,reported,igd
2919,0.09988,156067251,-0.458,7,4.71498e-06,ebi-a-GCST90001857,rs78694250,A,G,0.0204, || id:ebi-a-GCST90001857,TRUE,reported,igd
2919,0.06869,28514040,0.3254,9,2.26898e-06,ebi-a-GCST90001857,rs148303369,C,T,0.0408, || id:ebi-a-GCST90001857,TRUE,reported,igd
2919,0.2796,30021259,1.26,11,6.92596e-06,ebi-a-GCST90001857,rs79041458,A,G,0.0021, || id:ebi-a-GCST90001857,TRUE,reported,igd
2919,0.248,117753136,-1.104,11,8.86401e-06,ebi-a-GCST90001857,rs74620952,C,T,0.0031, || id:ebi-a-GCST90001857,TRUE,reported,igd
2919,0.02969,86146234,0.1424,14,1.706e-06,ebi-a-GCST90001857,rs59684757,G,T,0.3282, || id:ebi-a-GCST90001857,TRUE,reported,igd
2919,0.02777,97334659,-0.1317,15,2.18801e-06,ebi-a-GCST90001857,rs8024202,A,G,0.3678, || id:ebi-a-GCST90001857,TRUE,reported,igd
2919,0.06997,36111764,0.3319,15,2.19902e-06,ebi-a-GCST90001857,rs78043002,G,T,0.0397, || id:ebi-a-GCST90001857,TRUE,reported,igd
2919,0.1997,52834997,-0.9401,16,2.63998e-06,ebi-a-GCST90001857,rs77724325,T,C,0.0045, || id:ebi-a-GCST90001857,TRUE,reported,igd
2919,0.08138,17996315,0.3689,16,6.05899e-06,ebi-a-GCST90001857,rs59302791,T,C,0.0291, || id:ebi-a-GCST90001857,TRUE,reported,igd
2919,0.02925,90107716,-0.1309,16,7.95793e-06,ebi-a-GCST90001857,rs55799444,T,C,0.5166, || id:ebi-a-GCST90001857,TRUE,reported,igd
2919,0.06617,21944338,-0.2984,17,6.75803e-06,ebi-a-GCST90001857,rs138786273,A,G,0.0452, || id:ebi-a-GCST90001857,TRUE,reported,igd
