chr.exposure,pos.exposure,se.exposure,samplesize.exposure,pval.exposure,beta.exposure,id.exposure,SNP,effect_allele.exposure,other_allele.exposure,eaf.exposure,exposure,mr_keep.exposure,pval_origin.exposure,data_source.exposure
1,238096255,0.1072,3437,5.938e-07,-0.5364,ebi-a-GCST90001482,rs147958143,T,A,0.0111, || id:ebi-a-GCST90001482,TRUE,reported,igd
1,195825276,0.07667,3437,6.27697e-07,-0.3827,ebi-a-GCST90001482,rs7530076,A,G,0.9748, || id:ebi-a-GCST90001482,TRUE,reported,igd
1,195919849,0.129,3437,3.36403e-07,0.6595,ebi-a-GCST90001482,rs146899923,C,T,0.0089, || id:ebi-a-GCST90001482,TRUE,reported,igd
1,189081342,0.1213,3437,4.72705e-07,0.6122,ebi-a-GCST90001482,rs12141656,G,T,0.0092, || id:ebi-a-GCST90001482,TRUE,reported,igd
1,191648600,0.1849,3437,1.40001e-09,1.123,ebi-a-GCST90001482,rs147071297,A,G,0.0039, || id:ebi-a-GCST90001482,TRUE,reported,igd
1,214625781,0.5951,3437,1.17999e-06,2.897,ebi-a-GCST90001482,rs150956189,C,T,3e-04, || id:ebi-a-GCST90001482,TRUE,reported,igd
1,195430336,0.1191,3437,7.59801e-08,0.6418,ebi-a-GCST90001482,rs12133465,G,A,0.0096, || id:ebi-a-GCST90001482,TRUE,reported,igd
1,197924770,0.2094,3437,8.26228e-28,2.309,ebi-a-GCST90001482,rs17583875,A,G,0.0029, || id:ebi-a-GCST90001482,TRUE,reported,igd
1,203497175,0.05317,3437,6.28001e-06,0.2405,ebi-a-GCST90001482,rs28401504,T,G,0.0524, || id:ebi-a-GCST90001482,TRUE,reported,igd
1,190079170,0.2131,3437,1.72108e-11,1.439,ebi-a-GCST90001482,rs138915779,A,C,0.0035, || id:ebi-a-GCST90001482,TRUE,reported,igd
2,39367533,0.0517,3437,8.37202e-07,0.2552,ebi-a-GCST90001482,rs115383271,A,C,0.0541, || id:ebi-a-GCST90001482,TRUE,reported,igd
2,41884212,0.03805,3437,1.64399e-07,0.1996,ebi-a-GCST90001482,rs17607399,T,C,0.1084, || id:ebi-a-GCST90001482,TRUE,reported,igd
2,38897810,0.0232,3437,4.7841e-32,0.2762,ebi-a-GCST90001482,rs6751481,C,T,0.4709, || id:ebi-a-GCST90001482,TRUE,reported,igd
2,39177320,0.03044,3437,4.21988e-18,-0.2655,ebi-a-GCST90001482,rs408686,A,C,0.8142, || id:ebi-a-GCST90001482,TRUE,reported,igd
2,38077329,0.06287,3437,4.72596e-06,0.2882,ebi-a-GCST90001482,rs112553628,G,A,0.0352, || id:ebi-a-GCST90001482,TRUE,reported,igd
5,142990496,0.06183,3437,2.69501e-06,-0.2906,ebi-a-GCST90001482,rs247636,A,G,0.0361, || id:ebi-a-GCST90001482,TRUE,reported,igd
6,125213827,0.03375,3437,4.81804e-06,-0.1546,ebi-a-GCST90001482,rs1084331,G,A,0.8586, || id:ebi-a-GCST90001482,TRUE,reported,igd
6,31297833,0.03155,3437,3.11903e-06,-0.1474,ebi-a-GCST90001482,rs4959016,T,C,0.5928, || id:ebi-a-GCST90001482,TRUE,reported,igd
6,32451834,0.02965,3437,1.834e-07,-0.155,ebi-a-GCST90001482,rs62405562,G,A,0.4537, || id:ebi-a-GCST90001482,TRUE,reported,igd
7,51393519,0.02387,3437,7.87499e-06,-0.1068,ebi-a-GCST90001482,rs56090633,T,A,0.4773, || id:ebi-a-GCST90001482,TRUE,reported,igd
7,131301614,0.04141,3437,5.11505e-06,-0.1891,ebi-a-GCST90001482,rs17165751,G,A,0.0841, || id:ebi-a-GCST90001482,TRUE,reported,igd
8,49024059,0.04598,3437,8.13299e-06,0.2055,ebi-a-GCST90001482,rs73579441,C,T,0.0716, || id:ebi-a-GCST90001482,TRUE,reported,igd
11,13923816,0.3266,3437,2.53799e-06,1.539,ebi-a-GCST90001482,rs192123974,T,C,0.0016, || id:ebi-a-GCST90001482,TRUE,reported,igd
11,79167993,0.04122,3437,3.61002e-06,-0.1913,ebi-a-GCST90001482,rs79505492,G,A,0.09, || id:ebi-a-GCST90001482,TRUE,reported,igd
11,128694040,0.03691,3437,7.34108e-06,-0.1657,ebi-a-GCST90001482,rs3016770,G,T,0.8897, || id:ebi-a-GCST90001482,TRUE,reported,igd
12,41804479,0.05849,3437,2.11602e-06,0.2778,ebi-a-GCST90001482,rs145833948,A,C,0.0425, || id:ebi-a-GCST90001482,TRUE,reported,igd
12,15365872,0.0807,3437,4.617e-06,0.3703,ebi-a-GCST90001482,rs76384362,T,C,0.0212, || id:ebi-a-GCST90001482,TRUE,reported,igd
13,110095055,0.04663,3437,5.47104e-06,-0.2123,ebi-a-GCST90001482,rs148054039,T,G,0.0653, || id:ebi-a-GCST90001482,TRUE,reported,igd
14,69803533,0.07024,3437,5.90595e-06,-0.3187,ebi-a-GCST90001482,rs147345848,T,C,0.0273, || id:ebi-a-GCST90001482,TRUE,reported,igd
15,81518947,0.03278,3437,4.93503e-06,-0.1499,ebi-a-GCST90001482,rs72744142,A,G,0.1507, || id:ebi-a-GCST90001482,TRUE,reported,igd
16,75514711,0.07267,3437,5.153e-06,0.3318,ebi-a-GCST90001482,rs113376235,A,C,0.0278, || id:ebi-a-GCST90001482,TRUE,reported,igd
17,13652401,0.117,3437,4.91496e-06,0.5355,ebi-a-GCST90001482,rs117680001,A,C,0.0105, || id:ebi-a-GCST90001482,TRUE,reported,igd
19,777304,0.4421,3437,5.21399e-06,2.017,ebi-a-GCST90001482,rs188418491,G,A,6e-04, || id:ebi-a-GCST90001482,TRUE,reported,igd
19,40973561,0.03202,3437,3.86296e-06,0.1481,ebi-a-GCST90001482,rs79524476,G,C,0.1477, || id:ebi-a-GCST90001482,TRUE,reported,igd
22,49440757,0.03172,3437,5.40406e-06,-0.1445,ebi-a-GCST90001482,rs34441774,A,G,0.1621, || id:ebi-a-GCST90001482,TRUE,reported,igd
