pval.exposure,samplesize.exposure,beta.exposure,se.exposure,chr.exposure,pos.exposure,id.exposure,SNP,effect_allele.exposure,other_allele.exposure,eaf.exposure,exposure,mr_keep.exposure,pval_origin.exposure,data_source.exposure
3.63496e-06,1858,0.316,0.06803,1,237056710,ebi-a-GCST90001527,rs72762130,G,A,0.0568, || id:ebi-a-GCST90001527,TRUE,reported,igd
1.40301e-07,1858,-0.1792,0.0339,1,161479745,ebi-a-GCST90001527,rs1801274,G,A,0.3334, || id:ebi-a-GCST90001527,TRUE,reported,igd
6.79297e-06,1858,-1.386,0.3072,1,184082076,ebi-a-GCST90001527,rs116772525,T,C,0.0024, || id:ebi-a-GCST90001527,TRUE,reported,igd
9.52511e-06,1858,-1.045,0.2353,1,7584588,ebi-a-GCST90001527,rs116600349,A,C,0.0046, || id:ebi-a-GCST90001527,TRUE,reported,igd
3.82798e-06,1858,0.1488,0.0321,1,150680115,ebi-a-GCST90001527,rs72702556,T,C,0.4088, || id:ebi-a-GCST90001527,TRUE,reported,igd
3.21603e-06,1858,0.1587,0.03399,1,193500034,ebi-a-GCST90001527,rs10921381,T,C,0.6709, || id:ebi-a-GCST90001527,TRUE,reported,igd
8.22602e-06,1858,-0.4484,0.1003,2,154682039,ebi-a-GCST90001527,rs62172936,T,C,0.0248, || id:ebi-a-GCST90001527,TRUE,reported,igd
6.68898e-06,1858,-0.2554,0.05655,2,82739796,ebi-a-GCST90001527,rs1427642,G,A,0.0918, || id:ebi-a-GCST90001527,TRUE,reported,igd
4.50796e-06,1858,-0.1531,0.03329,2,117657692,ebi-a-GCST90001527,rs77839823,C,T,0.3886, || id:ebi-a-GCST90001527,TRUE,reported,igd
7.34903e-06,1858,-0.1468,0.03265,2,19918761,ebi-a-GCST90001527,rs1377398,A,G,0.644, || id:ebi-a-GCST90001527,TRUE,reported,igd
3.37699e-06,1858,-0.7808,0.1675,2,178319837,ebi-a-GCST90001527,rs115342053,C,G,0.0089, || id:ebi-a-GCST90001527,TRUE,reported,igd
3.18302e-06,1858,-0.3125,0.06687,2,99513380,ebi-a-GCST90001527,rs79141836,G,T,0.0603, || id:ebi-a-GCST90001527,TRUE,reported,igd
2.45601e-06,1858,0.5178,0.1095,3,2089038,ebi-a-GCST90001527,rs113181189,G,T,0.021, || id:ebi-a-GCST90001527,TRUE,reported,igd
4.50205e-06,1858,-0.1483,0.03223,4,115266184,ebi-a-GCST90001527,rs4467644,T,C,0.588, || id:ebi-a-GCST90001527,TRUE,reported,igd
1.86999e-06,1858,0.702,0.1468,5,99798403,ebi-a-GCST90001527,rs139262012,C,A,0.0124, || id:ebi-a-GCST90001527,TRUE,reported,igd
6.982e-06,1858,-0.1545,0.03427,7,144809718,ebi-a-GCST90001527,rs34228085,T,C,0.3025, || id:ebi-a-GCST90001527,TRUE,reported,igd
8.80501e-06,1858,2.823,0.6334,7,86296884,ebi-a-GCST90001527,rs76259509,T,G,5e-04, || id:ebi-a-GCST90001527,TRUE,reported,igd
9.2619e-06,1858,-0.1474,0.03315,7,18953422,ebi-a-GCST90001527,rs34574947,T,C,0.3356, || id:ebi-a-GCST90001527,TRUE,reported,igd
3.82904e-08,1858,-0.6561,0.1188,9,107953420,ebi-a-GCST90001527,rs185048341,A,G,0.0175, || id:ebi-a-GCST90001527,TRUE,reported,igd
6.63697e-06,1858,-0.9278,0.2054,10,74886544,ebi-a-GCST90001527,rs17658872,G,A,0.0059, || id:ebi-a-GCST90001527,TRUE,reported,igd
8.769e-06,1858,0.2683,0.06017,13,70565458,ebi-a-GCST90001527,rs80075776,C,G,0.0692, || id:ebi-a-GCST90001527,TRUE,reported,igd
9.07403e-06,1858,0.186,0.04179,13,102675461,ebi-a-GCST90001527,rs11616439,A,C,0.1685, || id:ebi-a-GCST90001527,TRUE,reported,igd
2.05698e-06,1858,-0.5979,0.1255,14,37002449,ebi-a-GCST90001527,rs34476866,T,A,0.0153, || id:ebi-a-GCST90001527,TRUE,reported,igd
2.86801e-06,1858,-0.2949,0.06282,14,54058233,ebi-a-GCST90001527,rs61987643,A,G,0.0659, || id:ebi-a-GCST90001527,TRUE,reported,igd
2.20191e-19,1858,-0.3414,0.0375,15,80260872,ebi-a-GCST90001527,rs67760360,A,G,0.2209, || id:ebi-a-GCST90001527,TRUE,reported,igd
8.27199e-06,1858,0.732,0.1637,17,62996369,ebi-a-GCST90001527,rs184208453,C,T,0.0091, || id:ebi-a-GCST90001527,TRUE,reported,igd
5.72005e-06,1858,-0.7235,0.159,18,49061830,ebi-a-GCST90001527,rs12965906,C,G,0.0102, || id:ebi-a-GCST90001527,TRUE,reported,igd
1.61102e-06,1858,3.054,0.6345,18,36935582,ebi-a-GCST90001527,rs112332228,T,C,5e-04, || id:ebi-a-GCST90001527,TRUE,reported,igd
5.88098e-07,1858,-0.1576,0.03144,20,59282409,ebi-a-GCST90001527,rs1201943,T,C,0.5054, || id:ebi-a-GCST90001527,TRUE,reported,igd
