chr.exposure,samplesize.exposure,pos.exposure,se.exposure,pval.exposure,beta.exposure,id.exposure,SNP,effect_allele.exposure,other_allele.exposure,eaf.exposure,exposure,mr_keep.exposure,pval_origin.exposure,data_source.exposure
1,3405,149148053,0.1045,4.84295e-06,-0.4785,ebi-a-GCST90001510,rs78193200,A,G,0.0167, || id:ebi-a-GCST90001510,TRUE,reported,igd
1,3405,199999121,0.1939,8.77102e-08,-1.039,ebi-a-GCST90001510,rs11579717,A,G,0.0044, || id:ebi-a-GCST90001510,TRUE,reported,igd
1,3405,113666355,0.04152,5.47104e-06,-0.189,ebi-a-GCST90001510,rs61817905,T,G,0.1154, || id:ebi-a-GCST90001510,TRUE,reported,igd
1,3405,198151688,0.2295,3.0311e-13,-1.681,ebi-a-GCST90001510,rs113435341,G,A,0.0032, || id:ebi-a-GCST90001510,TRUE,reported,igd
1,3405,190079170,0.2379,1.309e-06,-1.153,ebi-a-GCST90001510,rs138915779,A,C,0.0034, || id:ebi-a-GCST90001510,TRUE,reported,igd
2,3405,21238984,0.1387,4.21105e-06,0.6392,ebi-a-GCST90001510,rs150956240,G,A,0.0091, || id:ebi-a-GCST90001510,TRUE,reported,igd
2,3405,38573789,0.1208,3.01599e-06,-0.5649,ebi-a-GCST90001510,rs115575166,A,G,0.0113, || id:ebi-a-GCST90001510,TRUE,reported,igd
4,3405,32957041,0.06374,1.58599e-06,0.3065,ebi-a-GCST90001510,rs60349936,A,T,0.043, || id:ebi-a-GCST90001510,TRUE,reported,igd
6,3405,168197693,0.2737,9.98091e-06,1.211,ebi-a-GCST90001510,rs139310498,A,G,0.0023, || id:ebi-a-GCST90001510,TRUE,reported,igd
7,3405,156112045,0.5234,8.11802e-06,2.339,ebi-a-GCST90001510,rs73176863,T,G,7e-04, || id:ebi-a-GCST90001510,TRUE,reported,igd
8,3405,76660230,0.03079,2.67399e-06,-0.1448,ebi-a-GCST90001510,rs2596120,A,G,0.2401, || id:ebi-a-GCST90001510,TRUE,reported,igd
10,3405,6094697,0.05665,2.40326e-22,0.5547,ebi-a-GCST90001510,rs61839660,T,C,0.0542, || id:ebi-a-GCST90001510,TRUE,reported,igd
11,3405,130770585,0.2132,4.96101e-06,-0.9749,ebi-a-GCST90001510,rs137903114,C,T,0.0035, || id:ebi-a-GCST90001510,TRUE,reported,igd
12,3405,47505424,0.04274,7.87698e-06,-0.1913,ebi-a-GCST90001510,rs61045067,A,G,0.1004, || id:ebi-a-GCST90001510,TRUE,reported,igd
13,3405,38859265,0.345,4.98597e-06,1.578,ebi-a-GCST90001510,rs79596262,A,G,0.0016, || id:ebi-a-GCST90001510,TRUE,reported,igd
15,3405,33593233,0.198,2.231e-06,0.9382,ebi-a-GCST90001510,rs144999003,T,C,0.004, || id:ebi-a-GCST90001510,TRUE,reported,igd
15,3405,94643151,0.5001,1.58599e-06,-2.405,ebi-a-GCST90001510,rs143283244,A,G,6e-04, || id:ebi-a-GCST90001510,TRUE,reported,igd
16,3405,77778611,0.1013,1.006e-06,0.4965,ebi-a-GCST90001510,rs142289362,A,G,0.016, || id:ebi-a-GCST90001510,TRUE,reported,igd
17,3405,63857170,0.144,9.3981e-07,0.7075,ebi-a-GCST90001510,rs117614870,T,C,0.0085, || id:ebi-a-GCST90001510,TRUE,reported,igd
18,3405,55275584,0.03153,3.00601e-06,0.1475,ebi-a-GCST90001510,rs72942206,A,G,0.2085, || id:ebi-a-GCST90001510,TRUE,reported,igd
19,3405,34592058,0.1922,4.87203e-06,0.88,ebi-a-GCST90001510,rs187133679,T,A,0.0047, || id:ebi-a-GCST90001510,TRUE,reported,igd
20,3405,43093014,0.03802,4.05602e-06,0.1755,ebi-a-GCST90001510,rs11697981,C,T,0.132, || id:ebi-a-GCST90001510,TRUE,reported,igd
20,3405,15742230,0.07555,5.431e-07,-0.3793,ebi-a-GCST90001510,rs6131700,C,G,0.0311, || id:ebi-a-GCST90001510,TRUE,reported,igd
