chr.exposure,se.exposure,beta.exposure,pval.exposure,pos.exposure,samplesize.exposure,id.exposure,SNP,effect_allele.exposure,other_allele.exposure,eaf.exposure,exposure,mr_keep.exposure,pval_origin.exposure,data_source.exposure
1,0.2311,-1.737,7.08272e-14,197924770,3437,ebi-a-GCST90001511,rs17583875,A,G,0.0029, || id:ebi-a-GCST90001511,TRUE,reported,igd
1,0.1969,-1.101,2.45901e-08,194010208,3437,ebi-a-GCST90001511,rs116794175,C,T,0.0042, || id:ebi-a-GCST90001511,TRUE,reported,igd
1,0.04511,0.1997,9.84895e-06,159187530,3437,ebi-a-GCST90001511,rs17666424,A,G,0.0912, || id:ebi-a-GCST90001511,TRUE,reported,igd
2,0.07802,-0.3462,9.41109e-06,171484062,3437,ebi-a-GCST90001511,rs151238138,A,G,0.0301, || id:ebi-a-GCST90001511,TRUE,reported,igd
2,0.1185,-0.5247,9.82494e-06,38573789,3437,ebi-a-GCST90001511,rs115575166,A,G,0.0113, || id:ebi-a-GCST90001511,TRUE,reported,igd
3,0.05295,0.2379,7.284e-06,169654216,3437,ebi-a-GCST90001511,rs9836170,A,G,0.0602, || id:ebi-a-GCST90001511,TRUE,reported,igd
3,0.02581,-0.1201,3.42003e-06,32259389,3437,ebi-a-GCST90001511,rs4955262,A,G,0.5921, || id:ebi-a-GCST90001511,TRUE,reported,igd
4,0.05168,-0.233,6.75196e-06,69570859,3437,ebi-a-GCST90001511,rs139048853,C,T,0.0646, || id:ebi-a-GCST90001511,TRUE,reported,igd
5,0.06174,-0.2794,6.24899e-06,180045604,3437,ebi-a-GCST90001511,rs72818906,T,C,0.0441, || id:ebi-a-GCST90001511,TRUE,reported,igd
6,0.03307,-0.1554,2.74303e-06,32421073,3437,ebi-a-GCST90001511,rs9268791,C,T,0.7472, || id:ebi-a-GCST90001511,TRUE,reported,igd
8,0.0695,-0.3221,3.70297e-06,24588282,3437,ebi-a-GCST90001511,rs76420648,A,G,0.0364, || id:ebi-a-GCST90001511,TRUE,reported,igd
8,0.07329,-0.3386,3.99098e-06,138341531,3437,ebi-a-GCST90001511,rs62518962,A,G,0.0298, || id:ebi-a-GCST90001511,TRUE,reported,igd
9,0.03901,0.1893,1.268e-06,20167602,3437,ebi-a-GCST90001511,rs35825512,T,C,0.1189, || id:ebi-a-GCST90001511,TRUE,reported,igd
10,0.05523,0.6146,2.77588e-28,6094697,3437,ebi-a-GCST90001511,rs61839660,T,C,0.0543, || id:ebi-a-GCST90001511,TRUE,reported,igd
11,0.06526,-0.2998,4.517e-06,32030595,3437,ebi-a-GCST90001511,rs116928928,C,T,0.0407, || id:ebi-a-GCST90001511,TRUE,reported,igd
11,0.04992,-0.2286,4.81604e-06,122746450,3437,ebi-a-GCST90001511,rs7105186,A,G,0.0662, || id:ebi-a-GCST90001511,TRUE,reported,igd
12,0.02734,-0.1309,1.749e-06,43312063,3437,ebi-a-GCST90001511,rs10785396,A,G,0.6852, || id:ebi-a-GCST90001511,TRUE,reported,igd
13,0.05719,-0.2876,5.17798e-07,101206935,3437,ebi-a-GCST90001511,rs149406003,A,G,0.0499, || id:ebi-a-GCST90001511,TRUE,reported,igd
15,0.4952,-2.405,1.243e-06,94643151,3437,ebi-a-GCST90001511,rs143283244,A,G,6e-04, || id:ebi-a-GCST90001511,TRUE,reported,igd
16,0.02653,0.118,8.94108e-06,88788934,3437,ebi-a-GCST90001511,rs4238686,G,A,0.6539, || id:ebi-a-GCST90001511,TRUE,reported,igd
17,0.1416,0.6387,6.72605e-06,63857170,3437,ebi-a-GCST90001511,rs117614870,T,C,0.0084, || id:ebi-a-GCST90001511,TRUE,reported,igd
18,0.09263,0.5009,6.82905e-08,35307820,3437,ebi-a-GCST90001511,rs12458491,T,A,0.0188, || id:ebi-a-GCST90001511,TRUE,reported,igd
20,0.06647,0.3191,1.64999e-06,52010540,3437,ebi-a-GCST90001511,rs80266752,C,G,0.0368, || id:ebi-a-GCST90001511,TRUE,reported,igd
20,0.07003,0.3478,7.13099e-07,15546558,3437,ebi-a-GCST90001511,rs148871284,T,C,0.0343, || id:ebi-a-GCST90001511,TRUE,reported,igd
