samplesize.exposure,chr.exposure,pos.exposure,se.exposure,beta.exposure,pval.exposure,id.exposure,SNP,effect_allele.exposure,other_allele.exposure,eaf.exposure,exposure,mr_keep.exposure,pval_origin.exposure,data_source.exposure
1247,1,28831071,0.124,0.5661,5.44804e-06,ebi-a-GCST90001872,rs28422844,G,A,0.0257, || id:ebi-a-GCST90001872,TRUE,reported,igd
1247,1,2491205,0.03896,0.2305,4.24502e-09,ebi-a-GCST90001872,rs2234161,T,C,0.593, || id:ebi-a-GCST90001872,TRUE,reported,igd
1247,1,95096608,0.2652,1.213,5.28701e-06,ebi-a-GCST90001872,rs142774716,A,T,0.0052, || id:ebi-a-GCST90001872,TRUE,reported,igd
1247,2,184183623,0.1957,0.8901,5.90799e-06,ebi-a-GCST90001872,rs12476985,C,T,0.0112, || id:ebi-a-GCST90001872,TRUE,reported,igd
1247,2,153797688,0.04515,0.2037,7.05505e-06,ebi-a-GCST90001872,rs13013216,A,G,0.2702, || id:ebi-a-GCST90001872,TRUE,reported,igd
1247,4,117567589,0.1309,0.5851,8.51491e-06,ebi-a-GCST90001872,rs73851787,G,A,0.0237, || id:ebi-a-GCST90001872,TRUE,reported,igd
1247,5,116104935,0.05954,-0.29,1.26e-06,ebi-a-GCST90001872,rs2964678,T,C,0.1379, || id:ebi-a-GCST90001872,TRUE,reported,igd
1247,6,31327334,0.04267,0.2311,7.34801e-08,ebi-a-GCST90001872,rs2523589,T,G,0.4743, || id:ebi-a-GCST90001872,TRUE,reported,igd
1247,6,168203927,0.04187,-0.1931,4.40697e-06,ebi-a-GCST90001872,rs561768,G,A,0.6383, || id:ebi-a-GCST90001872,TRUE,reported,igd
1247,6,31258393,0.04325,-0.276,2.44202e-10,ebi-a-GCST90001872,rs2844594,A,G,0.3841, || id:ebi-a-GCST90001872,TRUE,reported,igd
1247,6,28205826,0.05362,-0.2471,4.47003e-06,ebi-a-GCST90001872,rs112421400,T,C,0.1997, || id:ebi-a-GCST90001872,TRUE,reported,igd
1247,7,121741943,0.2937,1.399,2.13998e-06,ebi-a-GCST90001872,rs17532418,A,C,0.0044, || id:ebi-a-GCST90001872,TRUE,reported,igd
1247,7,154686456,0.04387,-0.2026,4.27602e-06,ebi-a-GCST90001872,rs11981290,A,G,0.2983, || id:ebi-a-GCST90001872,TRUE,reported,igd
1247,8,89243591,0.09597,0.4581,2.031e-06,ebi-a-GCST90001872,rs28904611,G,A,0.0481, || id:ebi-a-GCST90001872,TRUE,reported,igd
1247,8,138502532,0.09669,0.4464,4.292e-06,ebi-a-GCST90001872,rs118151702,T,C,0.0421, || id:ebi-a-GCST90001872,TRUE,reported,igd
1247,8,136809038,0.04018,-0.1865,3.81804e-06,ebi-a-GCST90001872,rs10090960,G,A,0.4499, || id:ebi-a-GCST90001872,TRUE,reported,igd
1247,11,107670625,0.2462,-1.245,4.93401e-07,ebi-a-GCST90001872,rs524655,G,T,0.0064, || id:ebi-a-GCST90001872,TRUE,reported,igd
1247,11,106267999,0.09893,-0.4536,4.98104e-06,ebi-a-GCST90001872,rs17105684,A,G,0.0405, || id:ebi-a-GCST90001872,TRUE,reported,igd
1247,12,50223579,0.04006,-0.1882,2.92698e-06,ebi-a-GCST90001872,rs4898532,C,T,0.4487, || id:ebi-a-GCST90001872,TRUE,reported,igd
1247,12,17510433,0.08324,-0.3769,6.50894e-06,ebi-a-GCST90001872,rs1353750,C,T,0.9395, || id:ebi-a-GCST90001872,TRUE,reported,igd
1247,13,109533726,0.6024,-2.807,3.50598e-06,ebi-a-GCST90001872,rs144299393,A,G,0.0012, || id:ebi-a-GCST90001872,TRUE,reported,igd
1247,17,32509256,0.04379,0.1964,7.98399e-06,ebi-a-GCST90001872,rs17614093,G,C,0.2915, || id:ebi-a-GCST90001872,TRUE,reported,igd
