beta.exposure,pval.exposure,se.exposure,samplesize.exposure,pos.exposure,chr.exposure,id.exposure,SNP,effect_allele.exposure,other_allele.exposure,eaf.exposure,exposure,mr_keep.exposure,pval_origin.exposure,data_source.exposure
0.1445,2.30102e-06,0.03052,3657,164083691,1,ebi-a-GCST90001716,rs6680891,T,A,0.2122, || id:ebi-a-GCST90001716,TRUE,reported,igd
-0.1866,5.2517e-12,0.02696,3657,161479745,1,ebi-a-GCST90001716,rs1801274,G,A,0.325, || id:ebi-a-GCST90001716,TRUE,reported,igd
-0.412,4.69905e-06,0.08987,3657,30372026,1,ebi-a-GCST90001716,rs72658947,C,G,0.0187, || id:ebi-a-GCST90001716,TRUE,reported,igd
-0.539,7.40491e-06,0.1201,3657,142280835,2,ebi-a-GCST90001716,rs149153670,C,T,0.0118, || id:ebi-a-GCST90001716,TRUE,reported,igd
-0.1289,4.76299e-06,0.02812,3657,101658926,3,ebi-a-GCST90001716,rs2925323,T,C,0.2923, || id:ebi-a-GCST90001716,TRUE,reported,igd
1.5,5.44102e-06,0.3294,3657,24492147,4,ebi-a-GCST90001716,rs116470335,A,G,0.0016, || id:ebi-a-GCST90001716,TRUE,reported,igd
0.1188,6.54606e-06,0.02631,3657,1751206,6,ebi-a-GCST90001716,rs12529650,T,G,0.3253, || id:ebi-a-GCST90001716,TRUE,reported,igd
-0.2331,9.29994e-06,0.05252,3657,72391681,10,ebi-a-GCST90001716,rs56020760,T,C,0.0607, || id:ebi-a-GCST90001716,TRUE,reported,igd
0.1507,2.23702e-06,0.03181,3657,37670518,11,ebi-a-GCST90001716,rs1563991,T,G,0.8063, || id:ebi-a-GCST90001716,TRUE,reported,igd
-1.196,1.39499e-06,0.2474,3657,29908421,13,ebi-a-GCST90001716,rs143106266,A,C,0.0025, || id:ebi-a-GCST90001716,TRUE,reported,igd
0.509,9.4591e-06,0.1148,3657,33787067,14,ebi-a-GCST90001716,rs35226928,A,C,0.0129, || id:ebi-a-GCST90001716,TRUE,reported,igd
0.3942,4.45102e-06,0.08577,3657,48145906,17,ebi-a-GCST90001716,rs148563640,T,C,0.0219, || id:ebi-a-GCST90001716,TRUE,reported,igd
0.2548,7.41105e-06,0.05676,3657,33884065,19,ebi-a-GCST90001716,rs116674320,A,G,0.0509, || id:ebi-a-GCST90001716,TRUE,reported,igd
-1.111,3.743e-06,0.2398,3657,23924845,22,ebi-a-GCST90001716,rs149398740,T,C,0.0027, || id:ebi-a-GCST90001716,TRUE,reported,igd
-0.5029,1.2249e-28,0.04491,3657,42525756,22,ebi-a-GCST90001716,rs1081003,A,G,0.0874, || id:ebi-a-GCST90001716,TRUE,reported,igd
-0.7259,1.77787e-20,0.0778,3657,40246055,22,ebi-a-GCST90001716,rs76146864,T,C,0.0264, || id:ebi-a-GCST90001716,TRUE,reported,igd
-0.5235,2.83531e-24,0.05113,3657,40629980,22,ebi-a-GCST90001716,rs1894588,T,C,0.0622, || id:ebi-a-GCST90001716,TRUE,reported,igd
0.3056,4.72803e-08,0.05584,3657,41998660,22,ebi-a-GCST90001716,rs117430146,C,G,0.0561, || id:ebi-a-GCST90001716,TRUE,reported,igd
-0.5248,1.09295e-19,0.05747,3657,40774205,22,ebi-a-GCST90001716,rs149806587,G,A,0.0526, || id:ebi-a-GCST90001716,TRUE,reported,igd
-0.7531,2.26986e-30,0.06516,3657,41957510,22,ebi-a-GCST90001716,rs117705111,A,G,0.0365, || id:ebi-a-GCST90001716,TRUE,reported,igd
-0.4336,1.21899e-32,0.03609,3657,43393437,22,ebi-a-GCST90001716,rs5759079,A,G,0.1406, || id:ebi-a-GCST90001716,TRUE,reported,igd
0.2161,1.16305e-16,0.02596,3657,39843409,22,ebi-a-GCST90001716,rs5757678,T,C,0.6418, || id:ebi-a-GCST90001716,TRUE,reported,igd
-1.5,1e-200,0.03386,3657,42315371,22,ebi-a-GCST90001716,rs73165129,T,C,0.099, || id:ebi-a-GCST90001716,TRUE,reported,igd
