beta.exposure,pval.exposure,chr.exposure,se.exposure,pos.exposure,samplesize.exposure,id.exposure,SNP,effect_allele.exposure,other_allele.exposure,eaf.exposure,exposure,mr_keep.exposure,pval_origin.exposure,data_source.exposure
-0.1168,3.92202e-06,1,0.02526,95906877,3580,ebi-a-GCST90001618,rs4949963,A,T,0.3627, || id:ebi-a-GCST90001618,TRUE,reported,igd
0.2208,2.59502e-06,1,0.04689,120406847,3580,ebi-a-GCST90001618,rs6686155,A,C,0.0739, || id:ebi-a-GCST90001618,TRUE,reported,igd
-0.1261,4.048e-06,1,0.02732,16147854,3580,ebi-a-GCST90001618,rs7538103,A,G,0.2811, || id:ebi-a-GCST90001618,TRUE,reported,igd
-0.1856,7.19698e-06,2,0.04129,158890790,3580,ebi-a-GCST90001618,rs6758681,C,G,0.092, || id:ebi-a-GCST90001618,TRUE,reported,igd
0.1944,6.02296e-06,3,0.04289,29043472,3580,ebi-a-GCST90001618,rs57068864,A,G,0.0852, || id:ebi-a-GCST90001618,TRUE,reported,igd
-0.945,7.801e-06,3,0.2111,10881996,3580,ebi-a-GCST90001618,rs113649280,G,A,0.0032, || id:ebi-a-GCST90001618,TRUE,reported,igd
-0.4346,7.97701e-06,3,0.09717,158900756,3580,ebi-a-GCST90001618,rs71312261,G,A,0.0156, || id:ebi-a-GCST90001618,TRUE,reported,igd
-0.6975,8.65207e-06,4,0.1566,137447868,3580,ebi-a-GCST90001618,rs147577369,G,A,0.0063, || id:ebi-a-GCST90001618,TRUE,reported,igd
0.3263,6.52529e-13,6,0.04522,32503204,3580,ebi-a-GCST90001618,rs68174286,T,C,0.2803, || id:ebi-a-GCST90001618,TRUE,reported,igd
0.219,5.813e-06,6,0.04824,31320145,3580,ebi-a-GCST90001618,rs9391848,T,C,0.0774, || id:ebi-a-GCST90001618,TRUE,reported,igd
-0.1621,1.02e-06,6,0.03311,50683009,3580,ebi-a-GCST90001618,rs78648104,C,T,0.1709, || id:ebi-a-GCST90001618,TRUE,reported,igd
0.4445,3.81303e-06,6,0.09604,142661594,3580,ebi-a-GCST90001618,rs79684162,T,C,0.0169, || id:ebi-a-GCST90001618,TRUE,reported,igd
-0.4158,3.83698e-06,7,0.08985,115451309,3580,ebi-a-GCST90001618,rs76997602,G,A,0.0176, || id:ebi-a-GCST90001618,TRUE,reported,igd
-0.8376,4.462e-07,8,0.1656,11831788,3580,ebi-a-GCST90001618,rs117419608,A,G,0.0053, || id:ebi-a-GCST90001618,TRUE,reported,igd
-0.1628,2.585e-10,9,0.02568,117649136,3580,ebi-a-GCST90001618,rs2181036,C,T,0.4168, || id:ebi-a-GCST90001618,TRUE,reported,igd
0.1218,2.33099e-06,10,0.02574,32045932,3580,ebi-a-GCST90001618,rs2808067,C,T,0.6642, || id:ebi-a-GCST90001618,TRUE,reported,igd
-0.2226,2.70801e-07,10,0.04321,118188503,3580,ebi-a-GCST90001618,rs1549827,A,T,0.9154, || id:ebi-a-GCST90001618,TRUE,reported,igd
-0.1373,9.26403e-06,12,0.03092,85022716,3580,ebi-a-GCST90001618,rs7308816,T,G,0.8108, || id:ebi-a-GCST90001618,TRUE,reported,igd
0.2962,8.64908e-06,12,0.06649,12457054,3580,ebi-a-GCST90001618,rs11054779,T,G,0.0332, || id:ebi-a-GCST90001618,TRUE,reported,igd
1.194,2.298e-06,13,0.2523,50104582,3580,ebi-a-GCST90001618,rs75799568,T,C,0.0021, || id:ebi-a-GCST90001618,TRUE,reported,igd
-0.4072,2.711e-06,13,0.08666,110882752,3580,ebi-a-GCST90001618,rs506151,T,C,0.0201, || id:ebi-a-GCST90001618,TRUE,reported,igd
0.1302,1.91699e-06,14,0.0273,96082974,3580,ebi-a-GCST90001618,rs59231583,T,G,0.7331, || id:ebi-a-GCST90001618,TRUE,reported,igd
-0.2209,1.05e-06,16,0.04518,11544197,3580,ebi-a-GCST90001618,rs111481219,T,C,0.0775, || id:ebi-a-GCST90001618,TRUE,reported,igd
-0.2015,6.46205e-10,16,0.03253,10569039,3580,ebi-a-GCST90001618,rs72779785,G,A,0.1635, || id:ebi-a-GCST90001618,TRUE,reported,igd
-0.4355,3.6166e-55,16,0.02736,10970902,3580,ebi-a-GCST90001618,rs3087456,A,G,0.7659, || id:ebi-a-GCST90001618,TRUE,reported,igd
0.4026,4.64804e-07,16,0.07972,10651993,3580,ebi-a-GCST90001618,rs62029480,T,C,0.0237, || id:ebi-a-GCST90001618,TRUE,reported,igd
-0.1472,3.323e-09,16,0.02482,10825434,3580,ebi-a-GCST90001618,rs1084559,A,G,0.602, || id:ebi-a-GCST90001618,TRUE,reported,igd
0.2303,2.10902e-06,17,0.04847,77801131,3580,ebi-a-GCST90001618,rs71387949,C,T,0.0649, || id:ebi-a-GCST90001618,TRUE,reported,igd
-0.1073,8.58203e-06,18,0.02408,70065436,3580,ebi-a-GCST90001618,rs7504737,G,A,0.5177, || id:ebi-a-GCST90001618,TRUE,reported,igd
1.498,4.735e-06,18,0.3269,55985546,3580,ebi-a-GCST90001618,rs138213638,C,T,0.0014, || id:ebi-a-GCST90001618,TRUE,reported,igd
-0.1301,9.57106e-06,19,0.02935,787806,3580,ebi-a-GCST90001618,rs116844973,C,T,0.2124, || id:ebi-a-GCST90001618,TRUE,reported,igd
0.3836,1.26701e-06,21,0.07904,21249973,3580,ebi-a-GCST90001618,rs12627305,A,G,0.0225, || id:ebi-a-GCST90001618,TRUE,reported,igd
-0.1428,2.36597e-06,22,0.03021,26382004,3580,ebi-a-GCST90001618,rs9613063,T,C,0.1912, || id:ebi-a-GCST90001618,TRUE,reported,igd
