samplesize.exposure,se.exposure,chr.exposure,pos.exposure,beta.exposure,pval.exposure,id.exposure,SNP,effect_allele.exposure,other_allele.exposure,eaf.exposure,exposure,mr_keep.exposure,pval_origin.exposure,data_source.exposure
3669,0.06741,2,153816776,-0.3059,5.868e-06,ebi-a-GCST90001622,rs112565020,T,C,0.0354, || id:ebi-a-GCST90001622,TRUE,reported,igd
3669,0.04499,2,137558728,-0.2072,4.25402e-06,ebi-a-GCST90001622,rs77846504,A,G,0.0867, || id:ebi-a-GCST90001622,TRUE,reported,igd
3669,0.1066,2,208244512,-0.5038,2.36799e-06,ebi-a-GCST90001622,rs186023757,T,C,0.0134, || id:ebi-a-GCST90001622,TRUE,reported,igd
3669,0.09924,2,242038726,0.4435,8.10905e-06,ebi-a-GCST90001622,rs149977848,A,G,0.0151, || id:ebi-a-GCST90001622,TRUE,reported,igd
3669,0.03067,3,20997419,-0.143,3.22701e-06,ebi-a-GCST90001622,rs2886726,G,A,0.7822, || id:ebi-a-GCST90001622,TRUE,reported,igd
3669,0.05512,6,101417409,0.3253,3.90904e-09,ebi-a-GCST90001622,rs115536607,T,C,0.0545, || id:ebi-a-GCST90001622,TRUE,reported,igd
3669,0.04674,6,44207850,0.2073,9.47109e-06,ebi-a-GCST90001622,rs115889733,A,G,0.0777, || id:ebi-a-GCST90001622,TRUE,reported,igd
3669,0.05085,6,98118004,0.2587,3.80303e-07,ebi-a-GCST90001622,rs201024668,T,A,0.071, || id:ebi-a-GCST90001622,TRUE,reported,igd
3669,0.07722,6,101980039,0.6063,5.36661e-15,ebi-a-GCST90001622,rs117147408,G,A,0.0275, || id:ebi-a-GCST90001622,TRUE,reported,igd
3669,0.06614,6,100468602,0.4184,2.828e-10,ebi-a-GCST90001622,rs79251210,A,G,0.0377, || id:ebi-a-GCST90001622,TRUE,reported,igd
3669,0.05934,6,97889936,0.3723,3.91399e-10,ebi-a-GCST90001622,rs9488834,A,G,0.0465, || id:ebi-a-GCST90001622,TRUE,reported,igd
3669,0.03269,7,52580478,0.1585,1.299e-06,ebi-a-GCST90001622,rs2041561,C,G,0.8213, || id:ebi-a-GCST90001622,TRUE,reported,igd
3669,0.03456,7,35204550,0.1595,4.05201e-06,ebi-a-GCST90001622,rs17158356,A,G,0.156, || id:ebi-a-GCST90001622,TRUE,reported,igd
3669,0.02495,8,144992862,0.148,3.24997e-09,ebi-a-GCST90001622,rs7819099,G,A,0.5112, || id:ebi-a-GCST90001622,TRUE,reported,igd
3669,0.02511,9,134699760,-0.119,2.22198e-06,ebi-a-GCST90001622,rs3012770,A,G,0.5221, || id:ebi-a-GCST90001622,TRUE,reported,igd
3669,0.03467,10,109648240,0.156,7.05895e-06,ebi-a-GCST90001622,rs4918328,A,G,0.1536, || id:ebi-a-GCST90001622,TRUE,reported,igd
3669,0.02515,11,2306683,-0.1174,3.145e-06,ebi-a-GCST90001622,rs10765907,C,T,0.5677, || id:ebi-a-GCST90001622,TRUE,reported,igd
3669,0.03955,11,112751407,-0.435,1.03992e-27,ebi-a-GCST90001622,rs77738700,A,G,0.1067, || id:ebi-a-GCST90001622,TRUE,reported,igd
3669,0.03097,11,112914680,0.1713,3.41499e-08,ebi-a-GCST90001622,rs12224032,G,C,0.2086, || id:ebi-a-GCST90001622,TRUE,reported,igd
3669,0.0268,11,131463916,0.1233,4.36104e-06,ebi-a-GCST90001622,rs10750486,A,G,0.6732, || id:ebi-a-GCST90001622,TRUE,reported,igd
3669,0.0667,11,112189184,-0.3574,8.93696e-08,ebi-a-GCST90001622,rs12792298,T,C,0.0345, || id:ebi-a-GCST90001622,TRUE,reported,igd
3669,0.1603,12,61383255,0.7886,9.078e-07,ebi-a-GCST90001622,rs73122728,T,A,0.0059, || id:ebi-a-GCST90001622,TRUE,reported,igd
3669,0.07539,12,47944164,0.3393,6.96594e-06,ebi-a-GCST90001622,rs73109444,T,C,0.0278, || id:ebi-a-GCST90001622,TRUE,reported,igd
3669,0.3215,12,89421923,-1.449,6.75896e-06,ebi-a-GCST90001622,rs74426495,C,T,0.0012, || id:ebi-a-GCST90001622,TRUE,reported,igd
3669,0.07471,13,109580017,-0.3311,9.59909e-06,ebi-a-GCST90001622,rs79649529,A,G,0.0271, || id:ebi-a-GCST90001622,TRUE,reported,igd
3669,0.1023,13,101667739,-0.4917,1.61002e-06,ebi-a-GCST90001622,rs16958131,C,G,0.0147, || id:ebi-a-GCST90001622,TRUE,reported,igd
3669,0.03921,14,99822918,-0.1885,1.588e-06,ebi-a-GCST90001622,rs906930,T,G,0.1108, || id:ebi-a-GCST90001622,TRUE,reported,igd
3669,0.1481,15,33137651,0.6822,4.23302e-06,ebi-a-GCST90001622,rs72717679,G,T,0.0068, || id:ebi-a-GCST90001622,TRUE,reported,igd
3669,0.02583,17,7861810,-0.1202,3.40001e-06,ebi-a-GCST90001622,rs7225505,G,A,0.3863, || id:ebi-a-GCST90001622,TRUE,reported,igd
3669,0.03371,17,33773022,-0.1591,2.43899e-06,ebi-a-GCST90001622,rs7218011,G,A,0.1634, || id:ebi-a-GCST90001622,TRUE,reported,igd
3669,0.02494,17,33805730,0.121,1.27201e-06,ebi-a-GCST90001622,rs9912354,T,C,0.5271, || id:ebi-a-GCST90001622,TRUE,reported,igd
3669,0.0296,18,23907745,0.14,2.33502e-06,ebi-a-GCST90001622,rs75659919,T,C,0.2258, || id:ebi-a-GCST90001622,TRUE,reported,igd
3669,0.1127,20,31448648,0.5042,7.96801e-06,ebi-a-GCST90001622,rs6141832,G,A,0.012, || id:ebi-a-GCST90001622,TRUE,reported,igd
3669,0.02921,20,52558849,-0.1333,5.18394e-06,ebi-a-GCST90001622,rs2286306,G,A,0.2247, || id:ebi-a-GCST90001622,TRUE,reported,igd
3669,0.09157,21,29982668,-0.4349,2.12398e-06,ebi-a-GCST90001622,rs9983338,T,C,0.0189, || id:ebi-a-GCST90001622,TRUE,reported,igd
