se.exposure,pval.exposure,beta.exposure,samplesize.exposure,pos.exposure,chr.exposure,id.exposure,SNP,effect_allele.exposure,other_allele.exposure,eaf.exposure,exposure,mr_keep.exposure,pval_origin.exposure,data_source.exposure
0.02459,7.26708e-07,-0.122,3595,18905298,1,ebi-a-GCST90001722,rs6658147,G,C,0.543, || id:ebi-a-GCST90001722,TRUE,reported,igd
0.02439,4.95701e-06,-0.1116,3595,86021169,1,ebi-a-GCST90001722,rs11161637,G,A,0.5694, || id:ebi-a-GCST90001722,TRUE,reported,igd
0.09531,5.48201e-06,0.4339,3595,36335349,1,ebi-a-GCST90001722,rs41267263,G,T,0.0171, || id:ebi-a-GCST90001722,TRUE,reported,igd
0.04714,1.96002e-06,0.2246,3595,180409011,2,ebi-a-GCST90001722,rs13391592,A,C,0.0708, || id:ebi-a-GCST90001722,TRUE,reported,igd
0.03586,8.59093e-06,0.1598,3595,201721041,2,ebi-a-GCST90001722,rs113045391,T,C,0.1346, || id:ebi-a-GCST90001722,TRUE,reported,igd
0.0688,1.477e-06,0.3318,3595,189064197,3,ebi-a-GCST90001722,rs78401267,C,T,0.0339, || id:ebi-a-GCST90001722,TRUE,reported,igd
0.05179,7.09594e-06,-0.2329,3595,5132403,4,ebi-a-GCST90001722,rs62290470,C,G,0.0583, || id:ebi-a-GCST90001722,TRUE,reported,igd
0.203,4.31797e-06,0.9343,3595,49652991,6,ebi-a-GCST90001722,rs62413604,T,C,0.0035, || id:ebi-a-GCST90001722,TRUE,reported,igd
0.06072,8.99705e-06,-0.27,3595,129929521,6,ebi-a-GCST90001722,rs9402148,T,C,0.0419, || id:ebi-a-GCST90001722,TRUE,reported,igd
0.08302,4.97199e-06,-0.3796,3595,112145789,6,ebi-a-GCST90001722,rs116862171,G,A,0.0218, || id:ebi-a-GCST90001722,TRUE,reported,igd
0.02425,8.50002e-06,-0.1081,3595,145783861,7,ebi-a-GCST90001722,rs17480133,C,G,0.4975, || id:ebi-a-GCST90001722,TRUE,reported,igd
0.1255,6.49397e-06,-0.5667,3595,92727041,13,ebi-a-GCST90001722,rs150625190,G,T,0.0095, || id:ebi-a-GCST90001722,TRUE,reported,igd
0.02777,5.64898e-06,-0.1263,3595,32638300,14,ebi-a-GCST90001722,rs72664677,T,C,0.2576, || id:ebi-a-GCST90001722,TRUE,reported,igd
0.09002,5.03802e-06,-0.4114,3595,96941966,15,ebi-a-GCST90001722,rs75455523,T,C,0.0197, || id:ebi-a-GCST90001722,TRUE,reported,igd
0.03416,2.05802e-06,0.1624,3595,39819219,15,ebi-a-GCST90001722,rs12438058,C,T,0.1439, || id:ebi-a-GCST90001722,TRUE,reported,igd
0.0409,1.32801e-06,-0.1981,3595,72108055,17,ebi-a-GCST90001722,rs1966917,A,G,0.1021, || id:ebi-a-GCST90001722,TRUE,reported,igd
0.1425,2.27798e-06,0.6748,3595,3127438,18,ebi-a-GCST90001722,rs113932257,C,T,0.0078, || id:ebi-a-GCST90001722,TRUE,reported,igd
0.02816,1.585e-06,0.1354,3595,71598971,18,ebi-a-GCST90001722,rs67130681,G,A,0.2465, || id:ebi-a-GCST90001722,TRUE,reported,igd
0.02491,2.50599e-08,-0.1391,3595,49907690,19,ebi-a-GCST90001722,rs10426452,A,G,0.3815, || id:ebi-a-GCST90001722,TRUE,reported,igd
0.06882,1.21599e-06,-0.3345,3595,41565479,21,ebi-a-GCST90001722,rs7280618,C,T,0.0334, || id:ebi-a-GCST90001722,TRUE,reported,igd
0.0303,1.42498e-06,-0.1463,3595,27751176,21,ebi-a-GCST90001722,rs219712,T,C,0.1974, || id:ebi-a-GCST90001722,TRUE,reported,igd
0.04611,3.09999e-06,-0.2154,3595,18923443,22,ebi-a-GCST90001722,rs113004536,A,G,0.072, || id:ebi-a-GCST90001722,TRUE,reported,igd
