chr.exposure,pos.exposure,beta.exposure,se.exposure,samplesize.exposure,pval.exposure,id.exposure,SNP,effect_allele.exposure,other_allele.exposure,eaf.exposure,exposure,mr_keep.exposure,pval_origin.exposure,data_source.exposure
1,8009985,-0.468,0.08646,3657,6.601e-08,ebi-a-GCST90001406,rs75766272,T,C,0.0201, || id:ebi-a-GCST90001406,TRUE,reported,igd
1,89814066,-0.1354,0.02587,3657,1.73201e-07,ebi-a-GCST90001406,rs4658141,C,T,0.3805, || id:ebi-a-GCST90001406,TRUE,reported,igd
1,16668240,-1.002,0.224,3657,7.993e-06,ebi-a-GCST90001406,rs149876490,T,C,0.0027, || id:ebi-a-GCST90001406,TRUE,reported,igd
1,150860471,-0.138,0.02542,3657,6.03295e-08,ebi-a-GCST90001406,rs7412746,T,C,0.5153, || id:ebi-a-GCST90001406,TRUE,reported,igd
2,73868977,0.3572,0.06109,3657,5.44703e-09,ebi-a-GCST90001406,rs72635970,G,T,0.0444, || id:ebi-a-GCST90001406,TRUE,reported,igd
2,183843344,0.426,0.09616,3657,9.69393e-06,ebi-a-GCST90001406,rs116391651,A,G,0.0161, || id:ebi-a-GCST90001406,TRUE,reported,igd
2,138420154,0.2178,0.04314,3657,4.671e-07,ebi-a-GCST90001406,rs72844588,A,G,0.0913, || id:ebi-a-GCST90001406,TRUE,reported,igd
3,16416145,-0.1745,0.03783,3657,4.11604e-06,ebi-a-GCST90001406,rs55710170,A,G,0.1181, || id:ebi-a-GCST90001406,TRUE,reported,igd
4,47914545,0.1306,0.02887,3657,6.30304e-06,ebi-a-GCST90001406,rs60515154,T,C,0.7517, || id:ebi-a-GCST90001406,TRUE,reported,igd
4,11590243,-0.2768,0.05925,3657,3.09899e-06,ebi-a-GCST90001406,rs35698683,G,A,0.0447, || id:ebi-a-GCST90001406,TRUE,reported,igd
4,36385921,-0.6233,0.1256,3657,7.26993e-07,ebi-a-GCST90001406,rs77312528,G,T,0.0107, || id:ebi-a-GCST90001406,TRUE,reported,igd
5,58050530,-0.1351,0.02599,3657,2.13e-07,ebi-a-GCST90001406,rs895377,A,G,0.3683, || id:ebi-a-GCST90001406,TRUE,reported,igd
5,40183220,0.1701,0.03602,3657,2.43703e-06,ebi-a-GCST90001406,rs690488,A,C,0.8588, || id:ebi-a-GCST90001406,TRUE,reported,igd
5,119742816,0.9926,0.2014,3657,8.60994e-07,ebi-a-GCST90001406,rs115405874,G,A,0.0037, || id:ebi-a-GCST90001406,TRUE,reported,igd
6,37585447,0.1256,0.0259,3657,1.28301e-06,ebi-a-GCST90001406,rs62398379,C,T,0.4032, || id:ebi-a-GCST90001406,TRUE,reported,igd
6,32560667,-0.1488,0.03249,3657,4.79899e-06,ebi-a-GCST90001406,rs9270558,A,G,0.5249, || id:ebi-a-GCST90001406,TRUE,reported,igd
6,129409652,0.3141,0.06101,3657,2.74998e-07,ebi-a-GCST90001406,rs9492229,C,T,0.9556, || id:ebi-a-GCST90001406,TRUE,reported,igd
8,12933368,0.115,0.02571,3657,7.96196e-06,ebi-a-GCST90001406,rs633090,T,A,0.3414, || id:ebi-a-GCST90001406,TRUE,reported,igd
9,2570753,-0.4176,0.09392,3657,8.96396e-06,ebi-a-GCST90001406,rs140191306,T,C,0.0179, || id:ebi-a-GCST90001406,TRUE,reported,igd
10,26959594,-1.082,0.2244,3657,1.48898e-06,ebi-a-GCST90001406,rs145123647,T,C,0.003, || id:ebi-a-GCST90001406,TRUE,reported,igd
11,132156175,-0.1775,0.03942,3657,6.93202e-06,ebi-a-GCST90001406,rs10750504,A,C,0.1135, || id:ebi-a-GCST90001406,TRUE,reported,igd
11,111318165,0.1294,0.0287,3657,6.71506e-06,ebi-a-GCST90001406,rs61896866,A,G,0.2428, || id:ebi-a-GCST90001406,TRUE,reported,igd
12,2866164,-0.4739,0.1022,3657,3.63203e-06,ebi-a-GCST90001406,rs112570989,T,C,0.0149, || id:ebi-a-GCST90001406,TRUE,reported,igd
13,98901269,0.3691,0.07708,3657,1.754e-06,ebi-a-GCST90001406,rs9584780,C,T,0.0257, || id:ebi-a-GCST90001406,TRUE,reported,igd
13,50147180,0.4292,0.08807,3657,1.14301e-06,ebi-a-GCST90001406,rs76477280,G,A,0.0206, || id:ebi-a-GCST90001406,TRUE,reported,igd
14,65713895,0.2839,0.05066,3657,2.26199e-08,ebi-a-GCST90001406,rs116844769,A,G,0.0662, || id:ebi-a-GCST90001406,TRUE,reported,igd
14,96205838,0.2733,0.05819,3657,2.73401e-06,ebi-a-GCST90001406,rs77762131,C,G,0.045, || id:ebi-a-GCST90001406,TRUE,reported,igd
18,54422995,0.4209,0.09317,3657,6.44896e-06,ebi-a-GCST90001406,rs72914692,A,G,0.018, || id:ebi-a-GCST90001406,TRUE,reported,igd
19,53070617,0.1104,0.02479,3657,8.72509e-06,ebi-a-GCST90001406,rs329966,G,A,0.5425, || id:ebi-a-GCST90001406,TRUE,reported,igd
