samplesize.exposure,beta.exposure,pos.exposure,chr.exposure,se.exposure,pval.exposure,id.exposure,SNP,effect_allele.exposure,other_allele.exposure,eaf.exposure,exposure,mr_keep.exposure,pval_origin.exposure,data_source.exposure
3658,0.5195,206855483,1,0.08901,5.79095e-09,ebi-a-GCST90001741,rs112417310,A,G,0.0201, || id:ebi-a-GCST90001741,TRUE,reported,igd
3658,-1.964,149815561,1,0.3894,4.77002e-07,ebi-a-GCST90001741,rs142109788,G,A,0.001, || id:ebi-a-GCST90001741,TRUE,reported,igd
3658,0.2733,205241642,1,0.05119,9.94604e-08,ebi-a-GCST90001741,rs79856590,A,G,0.0608, || id:ebi-a-GCST90001741,TRUE,reported,igd
3658,-0.29,7149639,1,0.06156,2.56301e-06,ebi-a-GCST90001741,rs11120838,G,C,0.0433, || id:ebi-a-GCST90001741,TRUE,reported,igd
3658,0.5095,207276336,1,0.09165,2.90998e-08,ebi-a-GCST90001741,rs113812519,G,A,0.0185, || id:ebi-a-GCST90001741,TRUE,reported,igd
3658,-0.1395,16800618,2,0.03097,6.85094e-06,ebi-a-GCST90001741,rs1862061,T,C,0.1877, || id:ebi-a-GCST90001741,TRUE,reported,igd
3658,0.1247,100703124,3,0.02709,4.33002e-06,ebi-a-GCST90001741,rs1449311,A,G,0.3074, || id:ebi-a-GCST90001741,TRUE,reported,igd
3658,0.1956,67702525,4,0.04356,7.31897e-06,ebi-a-GCST90001741,rs10518007,T,A,0.0883, || id:ebi-a-GCST90001741,TRUE,reported,igd
3658,-0.4057,13123693,4,0.09157,9.66496e-06,ebi-a-GCST90001741,rs79550250,A,G,0.0183, || id:ebi-a-GCST90001741,TRUE,reported,igd
3658,-1.231,170699036,4,0.266,3.83204e-06,ebi-a-GCST90001741,rs115727814,A,G,0.0021, || id:ebi-a-GCST90001741,TRUE,reported,igd
3658,-1.031,68486690,6,0.2293,7.12902e-06,ebi-a-GCST90001741,rs76162621,G,A,0.0027, || id:ebi-a-GCST90001741,TRUE,reported,igd
3658,0.4837,36809211,6,0.1051,4.342e-06,ebi-a-GCST90001741,rs116364947,T,A,0.0134, || id:ebi-a-GCST90001741,TRUE,reported,igd
3658,0.1688,78097255,7,0.03772,7.85109e-06,ebi-a-GCST90001741,rs17433679,G,A,0.1227, || id:ebi-a-GCST90001741,TRUE,reported,igd
3658,0.2695,56291533,7,0.05355,5.05697e-07,ebi-a-GCST90001741,rs12216684,A,G,0.0544, || id:ebi-a-GCST90001741,TRUE,reported,igd
3658,-0.2514,141772905,8,0.05379,3.06203e-06,ebi-a-GCST90001741,rs80273434,C,G,0.0534, || id:ebi-a-GCST90001741,TRUE,reported,igd
3658,0.3461,9079951,8,0.07768,8.59805e-06,ebi-a-GCST90001741,rs557939103,A,G,0.0284, || id:ebi-a-GCST90001741,TRUE,reported,igd
3658,-3.126,133354402,9,0.6769,4.00996e-06,ebi-a-GCST90001741,rs75912463,C,T,3e-04, || id:ebi-a-GCST90001741,TRUE,reported,igd
3658,-0.2013,71647692,10,0.04491,7.64205e-06,ebi-a-GCST90001741,rs34798965,A,C,0.0789, || id:ebi-a-GCST90001741,TRUE,reported,igd
3658,-0.1971,132222058,11,0.03986,7.99908e-07,ebi-a-GCST90001741,rs10894538,A,T,0.1059, || id:ebi-a-GCST90001741,TRUE,reported,igd
3658,0.4855,97702226,14,0.1014,1.75198e-06,ebi-a-GCST90001741,rs117004076,G,A,0.0146, || id:ebi-a-GCST90001741,TRUE,reported,igd
3658,-1.092,32422808,16,0.2174,5.40505e-07,ebi-a-GCST90001741,rs138920008,C,G,0.0041, || id:ebi-a-GCST90001741,TRUE,reported,igd
3658,0.3991,21168467,16,0.08984,9.13798e-06,ebi-a-GCST90001741,rs78044532,T,C,0.0187, || id:ebi-a-GCST90001741,TRUE,reported,igd
3658,-0.1891,17323672,16,0.03878,1.13399e-06,ebi-a-GCST90001741,rs754067,C,T,0.1143, || id:ebi-a-GCST90001741,TRUE,reported,igd
3658,0.1139,77948063,17,0.02449,3.42602e-06,ebi-a-GCST90001741,rs1290397,A,G,0.5101, || id:ebi-a-GCST90001741,TRUE,reported,igd
3658,-0.2879,63085557,17,0.05601,2.90102e-07,ebi-a-GCST90001741,rs148381451,T,C,0.0496, || id:ebi-a-GCST90001741,TRUE,reported,igd
3658,0.1128,710050,19,0.02483,5.77604e-06,ebi-a-GCST90001741,rs8109226,G,T,0.437, || id:ebi-a-GCST90001741,TRUE,reported,igd
3658,-0.1762,56408295,19,0.03874,5.62497e-06,ebi-a-GCST90001741,rs2903728,C,T,0.1147, || id:ebi-a-GCST90001741,TRUE,reported,igd
3658,0.1143,50761130,19,0.02583,9.87006e-06,ebi-a-GCST90001741,rs34589185,T,G,0.3477, || id:ebi-a-GCST90001741,TRUE,reported,igd
3658,-0.2348,33029820,22,0.05183,6.06806e-06,ebi-a-GCST90001741,rs144392728,T,A,0.0586, || id:ebi-a-GCST90001741,TRUE,reported,igd
