beta.exposure,pval.exposure,chr.exposure,samplesize.exposure,se.exposure,pos.exposure,id.exposure,SNP,effect_allele.exposure,other_allele.exposure,eaf.exposure,exposure,mr_keep.exposure,pval_origin.exposure,data_source.exposure
2.421,9.84306e-09,1,1857,0.4204,185852065,ebi-a-GCST90001532,rs114590598,T,C,0.0016, || id:ebi-a-GCST90001532,TRUE,reported,igd
-0.48,9.47305e-06,3,1857,0.1081,89320290,ebi-a-GCST90001532,rs138503959,A,C,0.0253, || id:ebi-a-GCST90001532,TRUE,reported,igd
-0.1968,3.125e-07,3,1857,0.03833,128441690,ebi-a-GCST90001532,rs9842941,G,T,0.2488, || id:ebi-a-GCST90001532,TRUE,reported,igd
-0.1465,8.39905e-06,4,1857,0.0328,4257901,ebi-a-GCST90001532,rs6446560,T,C,0.441, || id:ebi-a-GCST90001532,TRUE,reported,igd
2.755,1.639e-06,5,1857,0.5729,110463783,ebi-a-GCST90001532,rs116166244,C,G,8e-04, || id:ebi-a-GCST90001532,TRUE,reported,igd
2.771,1.65101e-06,5,1857,0.5763,95242577,ebi-a-GCST90001532,rs74831462,G,A,8e-04, || id:ebi-a-GCST90001532,TRUE,reported,igd
-0.1558,9.77597e-06,8,1857,0.03513,83786650,ebi-a-GCST90001532,rs3897098,G,A,0.6319, || id:ebi-a-GCST90001532,TRUE,reported,igd
0.1788,3.75396e-07,8,1857,0.03506,132011279,ebi-a-GCST90001532,rs9297816,A,G,0.3659, || id:ebi-a-GCST90001532,TRUE,reported,igd
0.1906,1.15101e-06,8,1857,0.03905,144555482,ebi-a-GCST90001532,rs403939,C,T,0.7369, || id:ebi-a-GCST90001532,TRUE,reported,igd
-0.164,4.897e-06,8,1857,0.03579,130634816,ebi-a-GCST90001532,rs35406957,A,G,0.3045, || id:ebi-a-GCST90001532,TRUE,reported,igd
0.1573,3.04201e-06,8,1857,0.0336,15256015,ebi-a-GCST90001532,rs11203701,A,G,0.4631, || id:ebi-a-GCST90001532,TRUE,reported,igd
3.266,4.06902e-06,10,1857,0.7067,18406409,ebi-a-GCST90001532,rs78915471,G,A,5e-04, || id:ebi-a-GCST90001532,TRUE,reported,igd
2.432,8.99001e-07,10,1857,0.4935,11630331,ebi-a-GCST90001532,rs78338533,G,A,0.0011, || id:ebi-a-GCST90001532,TRUE,reported,igd
-0.5318,5.44503e-07,11,1857,0.1058,105062174,ebi-a-GCST90001532,rs117780942,A,C,0.0269, || id:ebi-a-GCST90001532,TRUE,reported,igd
-0.5889,1.588e-07,11,1857,0.1119,104445613,ebi-a-GCST90001532,rs142419042,T,C,0.025, || id:ebi-a-GCST90001532,TRUE,reported,igd
2.14,7.05505e-06,14,1857,0.4751,90893228,ebi-a-GCST90001532,rs117197348,A,G,0.0016, || id:ebi-a-GCST90001532,TRUE,reported,igd
-0.4855,7.50931e-35,19,1857,0.03861,51727962,ebi-a-GCST90001532,rs3865444,A,C,0.2132, || id:ebi-a-GCST90001532,TRUE,reported,igd
-0.2977,1.37499e-07,19,1857,0.05629,34133960,ebi-a-GCST90001532,rs77388515,G,A,0.0975, || id:ebi-a-GCST90001532,TRUE,reported,igd
-0.2897,2.76599e-06,19,1857,0.06162,51742145,ebi-a-GCST90001532,rs75773078,A,G,0.0765, || id:ebi-a-GCST90001532,TRUE,reported,igd
-0.5045,9.45584e-14,19,1857,0.06722,33754548,ebi-a-GCST90001532,rs78744187,T,C,0.0673, || id:ebi-a-GCST90001532,TRUE,reported,igd
-0.1881,6.70193e-07,19,1857,0.03771,51574038,ebi-a-GCST90001532,rs7351079,G,A,0.2722, || id:ebi-a-GCST90001532,TRUE,reported,igd
0.1818,2.86999e-06,20,1857,0.03872,58069558,ebi-a-GCST90001532,rs55678760,C,T,0.2493, || id:ebi-a-GCST90001532,TRUE,reported,igd
-0.1591,1.72401e-06,22,1857,0.03316,39271617,ebi-a-GCST90001532,rs2013837,A,G,0.4698, || id:ebi-a-GCST90001532,TRUE,reported,igd
0.496,6.13395e-06,22,1857,0.1094,25145753,ebi-a-GCST90001532,rs1475853,A,G,0.0218, || id:ebi-a-GCST90001532,TRUE,reported,igd
