pos.exposure,samplesize.exposure,pval.exposure,chr.exposure,se.exposure,beta.exposure,id.exposure,SNP,effect_allele.exposure,other_allele.exposure,eaf.exposure,exposure,mr_keep.exposure,pval_origin.exposure,data_source.exposure
152830901,3657,7.03493e-06,2,0.122,-0.5491,ebi-a-GCST90001787,rs883170,C,T,0.0093, || id:ebi-a-GCST90001787,TRUE,reported,igd
11175178,3657,4.40099e-06,2,0.02623,0.1206,ebi-a-GCST90001787,rs11694298,A,G,0.6849, || id:ebi-a-GCST90001787,TRUE,reported,igd
14883839,3657,2.49701e-06,2,0.08077,-0.3809,ebi-a-GCST90001787,rs74911560,G,C,0.0237, || id:ebi-a-GCST90001787,TRUE,reported,igd
30043619,3657,3.98703e-06,2,0.025,-0.1155,ebi-a-GCST90001787,rs4073186,A,G,0.4007, || id:ebi-a-GCST90001787,TRUE,reported,igd
127810569,3657,8.75205e-06,3,0.05745,0.2558,ebi-a-GCST90001787,rs115945675,C,T,0.0524, || id:ebi-a-GCST90001787,TRUE,reported,igd
164317117,3657,8.19804e-06,6,0.02464,0.11,ebi-a-GCST90001787,rs2180045,C,T,0.4893, || id:ebi-a-GCST90001787,TRUE,reported,igd
113488026,3657,3.92898e-06,6,0.3563,1.647,ebi-a-GCST90001787,rs78038432,T,C,0.0012, || id:ebi-a-GCST90001787,TRUE,reported,igd
139664271,3657,8.87401e-06,8,0.1005,0.4471,ebi-a-GCST90001787,rs117534066,T,C,0.0145, || id:ebi-a-GCST90001787,TRUE,reported,igd
4327960,3657,2.246e-08,9,0.02956,-0.1657,ebi-a-GCST90001787,rs12342539,T,C,0.2216, || id:ebi-a-GCST90001787,TRUE,reported,igd
126182752,3657,6.39205e-06,10,0.03564,0.1611,ebi-a-GCST90001787,rs11245200,T,C,0.1303, || id:ebi-a-GCST90001787,TRUE,reported,igd
6076076,3657,3.60662e-21,10,0.04714,0.4479,ebi-a-GCST90001787,rs12722531,A,G,0.074, || id:ebi-a-GCST90001787,TRUE,reported,igd
6098824,3657,6.63743e-31,10,0.02511,-0.293,ebi-a-GCST90001787,rs706779,C,T,0.6084, || id:ebi-a-GCST90001787,TRUE,reported,igd
67809980,3657,3.02698e-06,11,0.3614,-1.69,ebi-a-GCST90001787,rs187593378,T,C,0.001, || id:ebi-a-GCST90001787,TRUE,reported,igd
41231092,3657,2.37001e-06,11,0.03012,-0.1424,ebi-a-GCST90001787,rs11036291,G,A,0.2101, || id:ebi-a-GCST90001787,TRUE,reported,igd
115771425,3657,4.12895e-06,11,0.1223,0.5641,ebi-a-GCST90001787,rs77750506,G,A,0.0097, || id:ebi-a-GCST90001787,TRUE,reported,igd
43406556,3657,5.29005e-06,13,0.02483,0.1132,ebi-a-GCST90001787,rs1570675,C,T,0.4594, || id:ebi-a-GCST90001787,TRUE,reported,igd
46897868,3657,7.52298e-06,15,0.03202,0.1436,ebi-a-GCST90001787,rs16957211,G,C,0.1843, || id:ebi-a-GCST90001787,TRUE,reported,igd
4513432,3657,6.13607e-06,18,0.07563,-0.3425,ebi-a-GCST90001787,rs73374860,C,T,0.0267, || id:ebi-a-GCST90001787,TRUE,reported,igd
28337909,3657,1.96902e-06,18,0.04222,0.2012,ebi-a-GCST90001787,rs80243585,G,A,0.0926, || id:ebi-a-GCST90001787,TRUE,reported,igd
17987864,3657,9.44909e-07,19,0.1646,-0.8085,ebi-a-GCST90001787,rs10401190,T,G,0.0062, || id:ebi-a-GCST90001787,TRUE,reported,igd
23113704,3657,2.246e-06,21,0.08772,-0.4156,ebi-a-GCST90001787,rs144182927,T,G,0.0191, || id:ebi-a-GCST90001787,TRUE,reported,igd
46164098,3657,9.70398e-06,22,0.2012,0.8914,ebi-a-GCST90001787,rs73173391,T,G,0.0037, || id:ebi-a-GCST90001787,TRUE,reported,igd
