samplesize.exposure,se.exposure,pos.exposure,pval.exposure,beta.exposure,chr.exposure,id.exposure,SNP,effect_allele.exposure,other_allele.exposure,eaf.exposure,exposure,mr_keep.exposure,pval_origin.exposure,data_source.exposure
3656,0.03069,116770372,5.64898e-06,-0.1395,1,ebi-a-GCST90001816,rs10737766,T,A,0.1968, || id:ebi-a-GCST90001816,TRUE,reported,igd
3656,0.03259,194997589,1.40301e-07,-0.1719,1,ebi-a-GCST90001816,rs12032479,T,C,0.1797, || id:ebi-a-GCST90001816,TRUE,reported,igd
3656,0.06185,36938218,9.13798e-06,0.2748,2,ebi-a-GCST90001816,rs7579256,T,C,0.0413, || id:ebi-a-GCST90001816,TRUE,reported,igd
3656,0.1407,28422630,9.46695e-06,0.6239,2,ebi-a-GCST90001816,rs139476939,C,T,0.0072, || id:ebi-a-GCST90001816,TRUE,reported,igd
3656,0.06918,15037408,1.65901e-09,-0.4181,4,ebi-a-GCST90001816,rs76354299,A,G,0.0321, || id:ebi-a-GCST90001816,TRUE,reported,igd
3656,0.1197,15956227,5.47898e-11,-0.7874,4,ebi-a-GCST90001816,rs115062208,G,A,0.0115, || id:ebi-a-GCST90001816,TRUE,reported,igd
3656,0.1208,26202275,7.67697e-06,-0.5411,4,ebi-a-GCST90001816,rs13118578,G,T,0.0108, || id:ebi-a-GCST90001816,TRUE,reported,igd
3656,0.08908,15915069,1.75792e-22,-0.8747,4,ebi-a-GCST90001816,rs76112278,A,G,0.0194, || id:ebi-a-GCST90001816,TRUE,reported,igd
3656,0.07274,14029370,5.30396e-08,-0.3966,4,ebi-a-GCST90001816,rs572542,T,C,0.0289, || id:ebi-a-GCST90001816,TRUE,reported,igd
3656,0.03469,91363908,1.71799e-06,-0.1662,5,ebi-a-GCST90001816,rs6895789,T,C,0.1533, || id:ebi-a-GCST90001816,TRUE,reported,igd
3656,0.0304,67123177,9.14808e-06,-0.135,5,ebi-a-GCST90001816,rs34893127,G,A,0.2103, || id:ebi-a-GCST90001816,TRUE,reported,igd
3656,0.02551,77504427,2.223e-06,-0.1209,5,ebi-a-GCST90001816,rs10073475,C,T,0.5953, || id:ebi-a-GCST90001816,TRUE,reported,igd
3656,0.031,30074310,3.95503e-06,-0.1433,6,ebi-a-GCST90001816,rs78026509,G,C,0.2493, || id:ebi-a-GCST90001816,TRUE,reported,igd
3656,0.04198,158951296,6.07505e-06,0.1902,6,ebi-a-GCST90001816,rs73012119,G,T,0.1028, || id:ebi-a-GCST90001816,TRUE,reported,igd
3656,0.08961,170583341,6.72806e-06,0.404,6,ebi-a-GCST90001816,rs753875,C,T,0.0205, || id:ebi-a-GCST90001816,TRUE,reported,igd
3656,0.04772,1277613,9.84306e-06,-0.2112,8,ebi-a-GCST90001816,rs76209777,G,A,0.0726, || id:ebi-a-GCST90001816,TRUE,reported,igd
3656,0.1081,15034791,6.71305e-06,-0.4876,9,ebi-a-GCST90001816,rs72715691,T,A,0.0131, || id:ebi-a-GCST90001816,TRUE,reported,igd
3656,0.05285,34935516,1.892e-06,-0.2522,9,ebi-a-GCST90001816,rs146407097,A,G,0.0613, || id:ebi-a-GCST90001816,TRUE,reported,igd
3656,0.02507,8825966,1.27101e-06,0.1217,11,ebi-a-GCST90001816,rs11042077,A,G,0.4943, || id:ebi-a-GCST90001816,TRUE,reported,igd
3656,0.02527,59808190,2.01201e-06,0.1203,13,ebi-a-GCST90001816,rs12428439,G,T,0.407, || id:ebi-a-GCST90001816,TRUE,reported,igd
3656,0.02955,72594895,3.13899e-06,0.1379,13,ebi-a-GCST90001816,rs9599916,G,A,0.2291, || id:ebi-a-GCST90001816,TRUE,reported,igd
3656,0.4382,94914513,1.702e-06,2.101,13,ebi-a-GCST90001816,rs77636066,T,G,7e-04, || id:ebi-a-GCST90001816,TRUE,reported,igd
3656,0.0254,38169407,6.76597e-06,0.1145,14,ebi-a-GCST90001816,rs12435334,A,C,0.4428, || id:ebi-a-GCST90001816,TRUE,reported,igd
3656,0.03716,24189756,5.81902e-06,0.1687,15,ebi-a-GCST90001816,rs11853686,A,T,0.875, || id:ebi-a-GCST90001816,TRUE,reported,igd
3656,0.03072,51428440,2.42003e-07,0.1589,18,ebi-a-GCST90001816,rs112236163,G,A,0.2246, || id:ebi-a-GCST90001816,TRUE,reported,igd
3656,0.161,12142943,4.517e-06,-0.7397,20,ebi-a-GCST90001816,rs78111008,C,T,0.0063, || id:ebi-a-GCST90001816,TRUE,reported,igd
