pval.exposure,chr.exposure,beta.exposure,pos.exposure,samplesize.exposure,se.exposure,id.exposure,SNP,effect_allele.exposure,other_allele.exposure,eaf.exposure,exposure,mr_keep.exposure,pval_origin.exposure,data_source.exposure
8.57808e-06,1,-0.3814,8009985,3656,0.08558,ebi-a-GCST90001398,rs75766272,T,C,0.0201, || id:ebi-a-GCST90001398,TRUE,reported,igd
7.42506e-06,4,-0.2347,55923201,3656,0.05231,ebi-a-GCST90001398,rs11737576,T,C,0.0584, || id:ebi-a-GCST90001398,TRUE,reported,igd
8.29392e-06,6,0.3026,40981212,3656,0.06778,ebi-a-GCST90001398,rs79831025,G,C,0.0334, || id:ebi-a-GCST90001398,TRUE,reported,igd
9.72904e-07,6,-0.1331,167859623,3656,0.02714,ebi-a-GCST90001398,rs4076316,A,T,0.3005, || id:ebi-a-GCST90001398,TRUE,reported,igd
8.69901e-06,7,0.5999,7871676,3656,0.1347,ebi-a-GCST90001398,rs144625305,T,C,0.0086, || id:ebi-a-GCST90001398,TRUE,reported,igd
6.40693e-06,8,0.2056,103767171,3656,0.04549,ebi-a-GCST90001398,rs2436878,G,A,0.077, || id:ebi-a-GCST90001398,TRUE,reported,igd
4.00101e-06,8,-0.2912,89432719,3656,0.06306,ebi-a-GCST90001398,rs118092259,G,T,0.0414, || id:ebi-a-GCST90001398,TRUE,reported,igd
5.41701e-06,9,0.1114,808529,3656,0.02446,ebi-a-GCST90001398,rs11794578,G,T,0.4521, || id:ebi-a-GCST90001398,TRUE,reported,igd
2.18902e-06,12,-0.1468,119727983,3656,0.03096,ebi-a-GCST90001398,rs112839090,A,G,0.1972, || id:ebi-a-GCST90001398,TRUE,reported,igd
8.62303e-09,13,0.1523,108993494,3656,0.02639,ebi-a-GCST90001398,rs12874404,G,A,0.3256, || id:ebi-a-GCST90001398,TRUE,reported,igd
6.08793e-07,13,1.924,46224092,3656,0.3849,ebi-a-GCST90001398,rs557577736,G,A,0.001, || id:ebi-a-GCST90001398,TRUE,reported,igd
3.42997e-06,13,0.4126,70325772,3656,0.08871,ebi-a-GCST90001398,rs145371905,T,G,0.0194, || id:ebi-a-GCST90001398,TRUE,reported,igd
2.09402e-08,13,0.4968,50212885,3656,0.08845,ebi-a-GCST90001398,rs73192651,T,C,0.02, || id:ebi-a-GCST90001398,TRUE,reported,igd
8.86605e-08,14,0.3067,96205838,3656,0.05723,ebi-a-GCST90001398,rs77762131,C,G,0.045, || id:ebi-a-GCST90001398,TRUE,reported,igd
2.711e-06,14,0.268,77579227,3656,0.05703,ebi-a-GCST90001398,rs143666202,A,G,0.0502, || id:ebi-a-GCST90001398,TRUE,reported,igd
6.71104e-07,14,-0.123,94936964,3656,0.02471,ebi-a-GCST90001398,rs8014978,C,T,0.5737, || id:ebi-a-GCST90001398,TRUE,reported,igd
6.62995e-06,16,-0.1813,8963504,3656,0.04019,ebi-a-GCST90001398,rs880311,T,C,0.1034, || id:ebi-a-GCST90001398,TRUE,reported,igd
4.20998e-06,17,-0.1112,2714118,3656,0.02412,ebi-a-GCST90001398,rs11657118,C,T,0.475, || id:ebi-a-GCST90001398,TRUE,reported,igd
2.94802e-06,19,0.1184,14885525,3656,0.02528,ebi-a-GCST90001398,rs12461001,A,G,0.6291, || id:ebi-a-GCST90001398,TRUE,reported,igd
7.42506e-06,19,-0.2602,14993354,3656,0.05799,ebi-a-GCST90001398,rs7254039,A,G,0.0435, || id:ebi-a-GCST90001398,TRUE,reported,igd
3.65797e-07,20,-0.1345,44730245,3656,0.02641,ebi-a-GCST90001398,rs6032660,A,G,0.6359, || id:ebi-a-GCST90001398,TRUE,reported,igd
5.75798e-06,22,0.214,22613458,3656,0.04712,ebi-a-GCST90001398,rs55712190,T,C,0.074, || id:ebi-a-GCST90001398,TRUE,reported,igd
