chr.exposure,samplesize.exposure,se.exposure,beta.exposure,pval.exposure,pos.exposure,id.exposure,SNP,effect_allele.exposure,other_allele.exposure,eaf.exposure,exposure,mr_keep.exposure,pval_origin.exposure,data_source.exposure
1,3374,0.127,0.6722,1.276e-07,160940671,ebi-a-GCST90001461,rs191217950,A,G,0.0096, || id:ebi-a-GCST90001461,TRUE,reported,igd
1,3374,0.02567,0.1199,3.08901e-06,160145298,ebi-a-GCST90001461,rs911228,A,G,0.5697, || id:ebi-a-GCST90001461,TRUE,reported,igd
1,3374,0.02846,0.5889,1.19812e-89,161515326,ebi-a-GCST90001461,rs55971447,T,C,0.2358, || id:ebi-a-GCST90001461,TRUE,reported,igd
1,3374,0.05681,0.3483,9.7389e-10,161058351,ebi-a-GCST90001461,rs75072970,C,T,0.0532, || id:ebi-a-GCST90001461,TRUE,reported,igd
1,3374,0.03557,0.1591,8.00295e-06,120123990,ebi-a-GCST90001461,rs12144062,T,C,0.1464, || id:ebi-a-GCST90001461,TRUE,reported,igd
1,3374,0.04369,0.1983,5.87706e-06,162920561,ebi-a-GCST90001461,rs17438107,T,A,0.0917, || id:ebi-a-GCST90001461,TRUE,reported,igd
2,3374,0.02779,0.1262,5.77205e-06,136557319,ebi-a-GCST90001461,rs2322660,T,C,0.3254, || id:ebi-a-GCST90001461,TRUE,reported,igd
2,3374,0.04252,-0.195,4.68296e-06,112435483,ebi-a-GCST90001461,rs17017403,C,T,0.098, || id:ebi-a-GCST90001461,TRUE,reported,igd
2,3374,0.0251,0.1158,4.08498e-06,47496463,ebi-a-GCST90001461,rs7355664,C,G,0.4502, || id:ebi-a-GCST90001461,TRUE,reported,igd
3,3374,0.04063,0.1846,5.74103e-06,31185662,ebi-a-GCST90001461,rs6782857,A,G,0.1101, || id:ebi-a-GCST90001461,TRUE,reported,igd
3,3374,0.08174,-0.3782,3.843e-06,41531792,ebi-a-GCST90001461,rs115751481,A,T,0.0258, || id:ebi-a-GCST90001461,TRUE,reported,igd
5,3374,0.06744,0.3124,3.75396e-06,30878060,ebi-a-GCST90001461,rs11748731,T,C,0.0362, || id:ebi-a-GCST90001461,TRUE,reported,igd
5,3374,0.1248,0.5945,1.98299e-06,112543958,ebi-a-GCST90001461,rs79275634,A,G,0.0107, || id:ebi-a-GCST90001461,TRUE,reported,igd
6,3374,0.02893,0.1328,4.60596e-06,3870889,ebi-a-GCST90001461,rs2490034,A,G,0.7432, || id:ebi-a-GCST90001461,TRUE,reported,igd
7,3374,0.1796,-0.7956,9.74002e-06,4372544,ebi-a-GCST90001461,rs76168011,G,C,0.0049, || id:ebi-a-GCST90001461,TRUE,reported,igd
7,3374,0.07248,-0.3287,5.94895e-06,46017435,ebi-a-GCST90001461,rs35802809,T,G,0.0313, || id:ebi-a-GCST90001461,TRUE,reported,igd
8,3374,0.02716,0.1282,2.452e-06,73320315,ebi-a-GCST90001461,rs28854187,A,G,0.2964, || id:ebi-a-GCST90001461,TRUE,reported,igd
8,3374,0.02491,0.125,5.47797e-07,38806068,ebi-a-GCST90001461,rs62504404,A,G,0.4843, || id:ebi-a-GCST90001461,TRUE,reported,igd
9,3374,0.0336,0.1545,4.39805e-06,88411604,ebi-a-GCST90001461,rs138192280,T,C,0.1679, || id:ebi-a-GCST90001461,TRUE,reported,igd
12,3374,0.03214,-0.1534,1.894e-06,133840072,ebi-a-GCST90001461,rs142917473,C,G,0.3072, || id:ebi-a-GCST90001461,TRUE,reported,igd
13,3374,0.02728,-0.1209,9.57789e-06,32877696,ebi-a-GCST90001461,rs9590896,A,G,0.3103, || id:ebi-a-GCST90001461,TRUE,reported,igd
17,3374,0.05419,-0.252,3.434e-06,35251042,ebi-a-GCST90001461,rs115102594,G,C,0.0603, || id:ebi-a-GCST90001461,TRUE,reported,igd
20,3374,0.2001,0.9392,2.78298e-06,2470273,ebi-a-GCST90001461,rs147431504,G,C,0.0039, || id:ebi-a-GCST90001461,TRUE,reported,igd
