pos.exposure,chr.exposure,beta.exposure,samplesize.exposure,pval.exposure,se.exposure,id.exposure,SNP,effect_allele.exposure,other_allele.exposure,eaf.exposure,exposure,mr_keep.exposure,pval_origin.exposure,data_source.exposure
48095312,1,-2.854,3657,6.54892e-07,0.5728,ebi-a-GCST90001784,rs111741355,A,G,4e-04, || id:ebi-a-GCST90001784,TRUE,reported,igd
34421513,1,-0.2829,3657,2.29097e-06,0.05977,ebi-a-GCST90001784,rs9425892,C,T,0.0458, || id:ebi-a-GCST90001784,TRUE,reported,igd
178116262,2,0.4742,3657,7.33398e-06,0.1056,ebi-a-GCST90001784,rs72944931,G,A,0.0138, || id:ebi-a-GCST90001784,TRUE,reported,igd
174935606,3,-0.4991,3657,9.55608e-06,0.1126,ebi-a-GCST90001784,rs112043339,T,C,0.0138, || id:ebi-a-GCST90001784,TRUE,reported,igd
8011229,4,-0.353,3657,9.46194e-06,0.07958,ebi-a-GCST90001784,rs35704968,C,T,0.0242, || id:ebi-a-GCST90001784,TRUE,reported,igd
97611924,5,0.954,3657,4.469e-06,0.2076,ebi-a-GCST90001784,rs116525939,C,T,0.0036, || id:ebi-a-GCST90001784,TRUE,reported,igd
151209997,6,-0.1265,3657,6.69607e-07,0.02541,ebi-a-GCST90001784,rs4869953,G,A,0.621, || id:ebi-a-GCST90001784,TRUE,reported,igd
47871972,7,-0.9269,3657,6.267e-09,0.1592,ebi-a-GCST90001784,rs149662107,A,G,0.0062, || id:ebi-a-GCST90001784,TRUE,reported,igd
50262040,7,-1.057,3657,7.06806e-06,0.235,ebi-a-GCST90001784,rs116970311,A,C,0.0026, || id:ebi-a-GCST90001784,TRUE,reported,igd
95886051,9,-0.1575,3657,1.07399e-07,0.02958,ebi-a-GCST90001784,rs3793662,T,C,0.7759, || id:ebi-a-GCST90001784,TRUE,reported,igd
6115678,10,0.5433,3657,1.25285e-40,0.04021,ebi-a-GCST90001784,rs62626323,A,C,0.1075, || id:ebi-a-GCST90001784,TRUE,reported,igd
6191376,10,0.4191,3657,1.19812e-11,0.06162,ebi-a-GCST90001784,rs147487472,A,C,0.0414, || id:ebi-a-GCST90001784,TRUE,reported,igd
5777776,10,0.2117,3657,4.61902e-07,0.04191,ebi-a-GCST90001784,rs144941792,T,G,0.1001, || id:ebi-a-GCST90001784,TRUE,reported,igd
123262785,11,-0.1149,3657,7.36105e-06,0.02559,ebi-a-GCST90001784,rs59757547,C,T,0.3862, || id:ebi-a-GCST90001784,TRUE,reported,igd
123711887,11,-0.194,3657,1.93798e-06,0.04068,ebi-a-GCST90001784,rs76687530,T,C,0.1053, || id:ebi-a-GCST90001784,TRUE,reported,igd
31504316,12,-0.123,3657,2.48897e-06,0.02607,ebi-a-GCST90001784,rs11051398,T,C,0.5325, || id:ebi-a-GCST90001784,TRUE,reported,igd
2130438,12,0.19,3657,2.49799e-06,0.0403,ebi-a-GCST90001784,rs11615354,T,C,0.1056, || id:ebi-a-GCST90001784,TRUE,reported,igd
106306841,14,-0.1507,3657,1.90301e-06,0.03159,ebi-a-GCST90001784,rs709589,T,C,0.4557, || id:ebi-a-GCST90001784,TRUE,reported,igd
33466839,15,0.131,3657,2.26501e-06,0.02766,ebi-a-GCST90001784,rs8028696,T,C,0.2827, || id:ebi-a-GCST90001784,TRUE,reported,igd
46798678,16,1.252,3657,3.09999e-06,0.268,ebi-a-GCST90001784,rs117156856,A,C,0.0023, || id:ebi-a-GCST90001784,TRUE,reported,igd
61967801,20,-1.161,3657,2.22101e-06,0.2449,ebi-a-GCST90001784,rs62206862,G,C,0.0025, || id:ebi-a-GCST90001784,TRUE,reported,igd
20240985,21,-0.2632,3657,2.54302e-06,0.05587,ebi-a-GCST90001784,rs34351616,G,A,0.051, || id:ebi-a-GCST90001784,TRUE,reported,igd
32003463,22,0.9178,3657,2.15001e-06,0.1934,ebi-a-GCST90001784,rs146720368,T,C,0.0042, || id:ebi-a-GCST90001784,TRUE,reported,igd
30950549,22,1.143,3657,6.47993e-06,0.253,ebi-a-GCST90001784,rs117382470,T,C,0.0022, || id:ebi-a-GCST90001784,TRUE,reported,igd
