pval.exposure,se.exposure,samplesize.exposure,chr.exposure,pos.exposure,beta.exposure,id.exposure,SNP,effect_allele.exposure,other_allele.exposure,eaf.exposure,exposure,mr_keep.exposure,pval_origin.exposure,data_source.exposure
2.24999e-06,0.05141,3655,1,112374026,-0.2436,ebi-a-GCST90001768,rs6666130,T,G,0.061, || id:ebi-a-GCST90001768,TRUE,reported,igd
1.39801e-07,0.2197,3655,1,120674028,1.159,ebi-a-GCST90001768,rs114151424,A,G,0.0036, || id:ebi-a-GCST90001768,TRUE,reported,igd
5.41701e-06,0.04125,3655,1,55983064,-0.1879,ebi-a-GCST90001768,rs116032501,C,A,0.0992, || id:ebi-a-GCST90001768,TRUE,reported,igd
2.17601e-06,0.02474,3655,2,152494218,0.1174,ebi-a-GCST90001768,rs59655785,G,A,0.5382, || id:ebi-a-GCST90001768,TRUE,reported,igd
3.46897e-06,0.1154,3655,2,240272688,0.5365,ebi-a-GCST90001768,rs146379662,T,C,0.0111, || id:ebi-a-GCST90001768,TRUE,reported,igd
1.59001e-06,0.091,3655,3,196496410,-0.4375,ebi-a-GCST90001768,rs181036992,C,T,0.0186, || id:ebi-a-GCST90001768,TRUE,reported,igd
6.71506e-06,0.3497,3655,4,71295244,1.577,ebi-a-GCST90001768,rs78405192,C,T,0.0012, || id:ebi-a-GCST90001768,TRUE,reported,igd
1.61801e-06,0.02752,3655,5,74605220,-0.1322,ebi-a-GCST90001768,rs10056811,A,G,0.3022, || id:ebi-a-GCST90001768,TRUE,reported,igd
1.61399e-06,0.2023,3655,5,13902245,-0.9719,ebi-a-GCST90001768,rs139160176,C,G,0.0034, || id:ebi-a-GCST90001768,TRUE,reported,igd
9.98803e-06,0.04748,3655,5,24061216,-0.21,ebi-a-GCST90001768,rs35093039,A,G,0.0755, || id:ebi-a-GCST90001768,TRUE,reported,igd
5.04301e-06,0.03713,3655,5,112302830,0.1697,ebi-a-GCST90001768,rs9326867,G,T,0.126, || id:ebi-a-GCST90001768,TRUE,reported,igd
2.09098e-06,0.1073,3655,6,94734554,-0.5098,ebi-a-GCST90001768,rs9452529,T,C,0.013, || id:ebi-a-GCST90001768,TRUE,reported,igd
1.27997e-15,0.0546,3655,6,107155687,-0.4386,ebi-a-GCST90001768,rs9398107,G,A,0.0555, || id:ebi-a-GCST90001768,TRUE,reported,igd
6.12097e-10,0.03253,3655,6,106992464,-0.2018,ebi-a-GCST90001768,rs1799693,G,A,0.8286, || id:ebi-a-GCST90001768,TRUE,reported,igd
1.60801e-06,0.03161,3655,6,33023723,-0.1519,ebi-a-GCST90001768,rs3097667,C,G,0.2161, || id:ebi-a-GCST90001768,TRUE,reported,igd
1.087e-06,0.0291,3655,7,23626602,-0.1421,ebi-a-GCST90001768,rs7781145,A,C,0.2397, || id:ebi-a-GCST90001768,TRUE,reported,igd
3.39102e-06,0.03786,3655,7,129584738,0.1761,ebi-a-GCST90001768,rs75059545,C,A,0.117, || id:ebi-a-GCST90001768,TRUE,reported,igd
5.28299e-06,0.0373,3655,8,85737573,0.1701,ebi-a-GCST90001768,rs10108273,A,T,0.1242, || id:ebi-a-GCST90001768,TRUE,reported,igd
8.30807e-06,0.03959,3655,11,118942134,-0.1767,ebi-a-GCST90001768,rs45609135,A,G,0.1085, || id:ebi-a-GCST90001768,TRUE,reported,igd
7.703e-07,0.09848,3655,11,121622513,0.4876,ebi-a-GCST90001768,rs192325628,T,C,0.0164, || id:ebi-a-GCST90001768,TRUE,reported,igd
1.78599e-06,0.03428,3655,12,21451395,-0.164,ebi-a-GCST90001768,rs16923647,T,C,0.1542, || id:ebi-a-GCST90001768,TRUE,reported,igd
6.26498e-06,0.05027,3655,12,1997152,-0.2274,ebi-a-GCST90001768,rs4765854,C,A,0.0625, || id:ebi-a-GCST90001768,TRUE,reported,igd
4.32902e-06,0.03385,3655,18,45634445,0.1558,ebi-a-GCST90001768,rs4368221,C,G,0.1544, || id:ebi-a-GCST90001768,TRUE,reported,igd
8.28095e-06,0.03267,3655,18,58030683,0.1459,ebi-a-GCST90001768,rs117920360,T,C,0.1718, || id:ebi-a-GCST90001768,TRUE,reported,igd
9.40892e-07,0.02606,3655,19,16362072,0.128,ebi-a-GCST90001768,rs57680652,T,C,0.6404, || id:ebi-a-GCST90001768,TRUE,reported,igd
