pos.exposure,se.exposure,beta.exposure,chr.exposure,pval.exposure,samplesize.exposure,id.exposure,SNP,effect_allele.exposure,other_allele.exposure,eaf.exposure,exposure,mr_keep.exposure,pval_origin.exposure,data_source.exposure
39439538,0.03159,-0.1404,1,9.06901e-06,3652,ebi-a-GCST90001590,rs7537437,A,G,0.1785, || id:ebi-a-GCST90001590,TRUE,reported,igd
23233895,0.06013,0.2783,1,3.80803e-06,3652,ebi-a-GCST90001590,rs75697875,G,C,0.0439, || id:ebi-a-GCST90001590,TRUE,reported,igd
55293730,0.03603,0.1612,2,7.86104e-06,3652,ebi-a-GCST90001590,rs2972073,C,T,0.8612, || id:ebi-a-GCST90001590,TRUE,reported,igd
59985834,0.07401,-0.3345,2,6.4e-06,3652,ebi-a-GCST90001590,rs75494288,A,T,0.0305, || id:ebi-a-GCST90001590,TRUE,reported,igd
104884917,0.02726,0.1209,3,9.48702e-06,3652,ebi-a-GCST90001590,rs905461,C,A,0.7223, || id:ebi-a-GCST90001590,TRUE,reported,igd
79563530,0.02592,0.1181,5,5.38505e-06,3652,ebi-a-GCST90001590,rs10051472,C,G,0.3493, || id:ebi-a-GCST90001590,TRUE,reported,igd
114822737,0.02702,0.132,5,1.064e-06,3652,ebi-a-GCST90001590,rs10040274,A,G,0.2685, || id:ebi-a-GCST90001590,TRUE,reported,igd
151699396,0.06938,-0.324,6,3.12399e-06,3652,ebi-a-GCST90001590,rs117563350,G,A,0.0312, || id:ebi-a-GCST90001590,TRUE,reported,igd
32594275,0.03517,0.1877,6,1.006e-07,3652,ebi-a-GCST90001590,rs9271772,A,G,0.774, || id:ebi-a-GCST90001590,TRUE,reported,igd
81026437,0.359,1.633,6,5.58406e-06,3652,ebi-a-GCST90001590,rs143021470,G,C,0.001, || id:ebi-a-GCST90001590,TRUE,reported,igd
32415080,0.03448,-0.1631,6,2.32097e-06,3652,ebi-a-GCST90001590,rs3129891,A,G,0.2249, || id:ebi-a-GCST90001590,TRUE,reported,igd
127873865,0.04852,0.2456,6,4.341e-07,3652,ebi-a-GCST90001590,rs72960548,C,T,0.073, || id:ebi-a-GCST90001590,TRUE,reported,igd
55936249,0.03023,0.1352,7,7.93597e-06,3652,ebi-a-GCST90001590,rs73132830,A,G,0.2054, || id:ebi-a-GCST90001590,TRUE,reported,igd
15369837,0.0374,0.1776,8,2.13501e-06,3652,ebi-a-GCST90001590,rs4425753,G,C,0.1247, || id:ebi-a-GCST90001590,TRUE,reported,igd
68344045,0.3418,1.531,9,7.75604e-06,3652,ebi-a-GCST90001590,rs139746725,T,G,0.0016, || id:ebi-a-GCST90001590,TRUE,reported,igd
114300633,0.08034,0.3565,10,9.37692e-06,3652,ebi-a-GCST90001590,rs78628680,G,A,0.0245, || id:ebi-a-GCST90001590,TRUE,reported,igd
130770585,0.1901,-0.9366,11,8.72107e-07,3652,ebi-a-GCST90001590,rs137903114,C,T,0.004, || id:ebi-a-GCST90001590,TRUE,reported,igd
60195749,0.06065,-0.2776,12,4.87899e-06,3652,ebi-a-GCST90001590,rs61935579,A,G,0.0412, || id:ebi-a-GCST90001590,TRUE,reported,igd
111884608,0.02676,-0.1838,12,7.66126e-12,3652,ebi-a-GCST90001590,rs3184504,C,T,0.5305, || id:ebi-a-GCST90001590,TRUE,reported,igd
58147219,0.3577,-1.654,12,3.879e-06,3652,ebi-a-GCST90001590,rs3211602,A,G,0.0012, || id:ebi-a-GCST90001590,TRUE,reported,igd
96213772,0.02558,0.1133,15,9.7771e-06,3652,ebi-a-GCST90001590,rs28578320,C,T,0.3482, || id:ebi-a-GCST90001590,TRUE,reported,igd
26030485,0.02442,-0.1136,15,3.37101e-06,3652,ebi-a-GCST90001590,rs7162344,A,G,0.4295, || id:ebi-a-GCST90001590,TRUE,reported,igd
46512075,0.02918,0.1352,21,3.73001e-06,3652,ebi-a-GCST90001590,rs414743,A,G,0.2367, || id:ebi-a-GCST90001590,TRUE,reported,igd
45611053,0.02769,0.1324,22,1.81301e-06,3652,ebi-a-GCST90001590,rs1849876,C,T,0.7529, || id:ebi-a-GCST90001590,TRUE,reported,igd
