beta.exposure,chr.exposure,pos.exposure,samplesize.exposure,pval.exposure,se.exposure,id.exposure,SNP,effect_allele.exposure,other_allele.exposure,eaf.exposure,exposure,mr_keep.exposure,pval_origin.exposure,data_source.exposure
-0.103,1,53595255,3427,6.785e-06,0.02286,ebi-a-GCST90001568,rs1679937,T,G,0.7146, || id:ebi-a-GCST90001568,TRUE,reported,igd
0.1914,2,16203326,3427,3.472e-06,0.04119,ebi-a-GCST90001568,rs57726666,G,A,0.0676, || id:ebi-a-GCST90001568,TRUE,reported,igd
0.1096,2,87058580,3427,5.31594e-06,0.02403,ebi-a-GCST90001568,rs4832054,A,G,0.2426, || id:ebi-a-GCST90001568,TRUE,reported,igd
0.2583,3,146048618,3427,8.92093e-06,0.05806,ebi-a-GCST90001568,rs73150883,A,G,0.0334, || id:ebi-a-GCST90001568,TRUE,reported,igd
-0.7687,5,150605036,3427,8.50903e-06,0.1724,ebi-a-GCST90001568,rs116550072,T,C,0.0034, || id:ebi-a-GCST90001568,TRUE,reported,igd
-0.1522,6,31320654,3427,6.09902e-09,0.02611,ebi-a-GCST90001568,rs2523614,C,T,0.2642, || id:ebi-a-GCST90001568,TRUE,reported,igd
-0.2052,6,31322694,3427,1.734e-07,0.03919,ebi-a-GCST90001568,rs3819288,C,T,0.1032, || id:ebi-a-GCST90001568,TRUE,reported,igd
0.2055,7,8326430,3427,1.243e-06,0.04232,ebi-a-GCST90001568,rs73061672,A,T,0.0638, || id:ebi-a-GCST90001568,TRUE,reported,igd
0.0944,7,21281534,3427,9.47502e-06,0.02128,ebi-a-GCST90001568,rs13235626,C,T,0.6389, || id:ebi-a-GCST90001568,TRUE,reported,igd
-0.1193,7,153543926,3427,1.548e-06,0.02479,ebi-a-GCST90001568,rs12537183,C,T,0.2221, || id:ebi-a-GCST90001568,TRUE,reported,igd
1.153,8,15118856,3427,9.22401e-06,0.2596,ebi-a-GCST90001568,rs117300256,T,G,0.0015, || id:ebi-a-GCST90001568,TRUE,reported,igd
0.901,8,76291201,3427,7.46002e-06,0.2008,ebi-a-GCST90001568,rs79416719,C,T,0.0028, || id:ebi-a-GCST90001568,TRUE,reported,igd
0.565,8,89666365,3427,9.00202e-06,0.1271,ebi-a-GCST90001568,rs149868216,A,T,0.0066, || id:ebi-a-GCST90001568,TRUE,reported,igd
-0.2417,10,54725683,3427,7.65896e-06,0.05393,ebi-a-GCST90001568,rs77986171,A,G,0.0369, || id:ebi-a-GCST90001568,TRUE,reported,igd
-0.1557,11,34364512,3427,4.17004e-06,0.03377,ebi-a-GCST90001568,rs10836189,A,G,0.1029, || id:ebi-a-GCST90001568,TRUE,reported,igd
-0.1173,12,115792537,3427,5.37403e-06,0.02574,ebi-a-GCST90001568,rs7956917,T,C,0.2069, || id:ebi-a-GCST90001568,TRUE,reported,igd
0.8254,12,30233867,3427,6.952e-06,0.1833,ebi-a-GCST90001568,rs73084801,T,C,0.0032, || id:ebi-a-GCST90001568,TRUE,reported,igd
0.1503,13,70921568,3427,1.87098e-07,0.02877,ebi-a-GCST90001568,rs35761894,G,A,0.1533, || id:ebi-a-GCST90001568,TRUE,reported,igd
0.2638,13,66450470,3427,7.81808e-06,0.05893,ebi-a-GCST90001568,rs9599032,C,T,0.0314, || id:ebi-a-GCST90001568,TRUE,reported,igd
-0.11,13,37440708,3427,1.91898e-06,0.02306,ebi-a-GCST90001568,rs664597,C,T,0.726, || id:ebi-a-GCST90001568,TRUE,reported,igd
0.1436,15,80725065,3427,8.284e-06,0.03217,ebi-a-GCST90001568,rs17315924,G,A,0.117, || id:ebi-a-GCST90001568,TRUE,reported,igd
0.1694,16,51946807,3427,1.45201e-06,0.0351,ebi-a-GCST90001568,rs112522622,T,G,0.0959, || id:ebi-a-GCST90001568,TRUE,reported,igd
0.2319,16,59757006,3427,4.181e-06,0.0503,ebi-a-GCST90001568,rs75858298,G,C,0.0446, || id:ebi-a-GCST90001568,TRUE,reported,igd
1.588,17,57520937,3427,8.43995e-06,0.356,ebi-a-GCST90001568,rs117020416,A,G,9e-04, || id:ebi-a-GCST90001568,TRUE,reported,igd
