beta.exposure,samplesize.exposure,pos.exposure,pval.exposure,chr.exposure,se.exposure,id.exposure,SNP,effect_allele.exposure,other_allele.exposure,eaf.exposure,exposure,mr_keep.exposure,pval_origin.exposure,data_source.exposure
-3.05,3629,212967660,3.287e-06,1,0.6547,ebi-a-GCST90001586,rs142340414,T,C,1e-04, || id:ebi-a-GCST90001586,TRUE,reported,igd
-0.166,3629,208200737,1.554e-06,1,0.0345,ebi-a-GCST90001586,rs659192,G,C,0.1556, || id:ebi-a-GCST90001586,TRUE,reported,igd
-0.1142,3629,161176137,4.71205e-06,1,0.02492,ebi-a-GCST90001586,rs4656993,G,A,0.5178, || id:ebi-a-GCST90001586,TRUE,reported,igd
-2.132,3629,30332508,9.34007e-06,1,0.4804,ebi-a-GCST90001586,rs141826566,T,C,6e-04, || id:ebi-a-GCST90001586,TRUE,reported,igd
-0.7379,3629,91084546,3.53704e-06,1,0.1589,ebi-a-GCST90001586,rs111690368,T,C,0.0054, || id:ebi-a-GCST90001586,TRUE,reported,igd
0.5518,3629,161531340,3.20701e-65,1,0.03171,ebi-a-GCST90001586,rs115383270,A,G,0.1714, || id:ebi-a-GCST90001586,TRUE,reported,igd
-0.2169,3629,161561151,5.59796e-09,1,0.03712,ebi-a-GCST90001586,rs74341264,A,G,0.1261, || id:ebi-a-GCST90001586,TRUE,reported,igd
-0.1135,3629,182315630,3.36403e-06,2,0.02438,ebi-a-GCST90001586,rs155144,A,G,0.5355, || id:ebi-a-GCST90001586,TRUE,reported,igd
0.1521,3629,109439443,5.365e-06,3,0.03338,ebi-a-GCST90001586,rs12637779,G,A,0.1571, || id:ebi-a-GCST90001586,TRUE,reported,igd
0.3065,3629,43503165,8.24708e-06,4,0.06864,ebi-a-GCST90001586,rs149602828,A,G,0.0335, || id:ebi-a-GCST90001586,TRUE,reported,igd
-0.3023,3629,1812272,5.40904e-06,5,0.06636,ebi-a-GCST90001586,rs150125023,A,G,0.036, || id:ebi-a-GCST90001586,TRUE,reported,igd
0.172,3629,37116496,3.89502e-06,5,0.0372,ebi-a-GCST90001586,rs13183256,A,G,0.121, || id:ebi-a-GCST90001586,TRUE,reported,igd
0.6107,3629,26070685,6.83392e-06,5,0.1355,ebi-a-GCST90001586,rs138743668,A,G,0.0076, || id:ebi-a-GCST90001586,TRUE,reported,igd
0.5387,3629,103732660,2.88702e-06,7,0.115,ebi-a-GCST90001586,rs139379948,A,G,0.0116, || id:ebi-a-GCST90001586,TRUE,reported,igd
0.1458,3629,153317246,9.00492e-06,7,0.0328,ebi-a-GCST90001586,rs78047442,T,G,0.164, || id:ebi-a-GCST90001586,TRUE,reported,igd
-0.1892,3629,29823363,5.73997e-06,8,0.04165,ebi-a-GCST90001586,rs56347556,T,A,0.0953, || id:ebi-a-GCST90001586,TRUE,reported,igd
-2.112,3629,108747182,6.10394e-06,9,0.4662,ebi-a-GCST90001586,rs116915583,T,C,7e-04, || id:ebi-a-GCST90001586,TRUE,reported,igd
0.2405,3629,17069964,3.08297e-06,10,0.05147,ebi-a-GCST90001586,rs79562353,C,T,0.0592, || id:ebi-a-GCST90001586,TRUE,reported,igd
-0.3205,3629,395746,3.85496e-06,11,0.06928,ebi-a-GCST90001586,rs143984211,T,G,0.032, || id:ebi-a-GCST90001586,TRUE,reported,igd
0.132,3629,20860026,8.29602e-06,11,0.02957,ebi-a-GCST90001586,rs10833398,C,T,0.2123, || id:ebi-a-GCST90001586,TRUE,reported,igd
-1.209,3629,124510950,5.08897e-06,12,0.2647,ebi-a-GCST90001586,rs76293503,A,G,0.0019, || id:ebi-a-GCST90001586,TRUE,reported,igd
0.1575,3629,80260872,1.487e-07,15,0.02992,ebi-a-GCST90001586,rs67760360,A,G,0.2136, || id:ebi-a-GCST90001586,TRUE,reported,igd
-0.1438,3629,85474706,4.10497e-06,16,0.03117,ebi-a-GCST90001586,rs4783204,C,T,0.8207, || id:ebi-a-GCST90001586,TRUE,reported,igd
0.122,3629,8615778,2.80899e-06,16,0.02599,ebi-a-GCST90001586,rs13330943,C,T,0.6667, || id:ebi-a-GCST90001586,TRUE,reported,igd
-1.287,3629,68030340,4.98999e-06,17,0.2814,ebi-a-GCST90001586,rs62083033,C,A,0.0018, || id:ebi-a-GCST90001586,TRUE,reported,igd
-0.4021,3629,50183940,4.35301e-06,20,0.08741,ebi-a-GCST90001586,rs137976321,A,G,0.019, || id:ebi-a-GCST90001586,TRUE,reported,igd
