se.exposure,samplesize.exposure,beta.exposure,pos.exposure,pval.exposure,chr.exposure,id.exposure,SNP,effect_allele.exposure,other_allele.exposure,eaf.exposure,exposure,mr_keep.exposure,pval_origin.exposure,data_source.exposure
0.0259,3657,0.1371,89814066,1.28499e-07,1,ebi-a-GCST90001408,rs4658141,C,T,0.3805, || id:ebi-a-GCST90001408,TRUE,reported,igd
0.02547,3657,0.1312,150860471,2.74802e-07,1,ebi-a-GCST90001408,rs7412746,T,C,0.5153, || id:ebi-a-GCST90001408,TRUE,reported,igd
0.0866,3657,0.463,8009985,9.55103e-08,1,ebi-a-GCST90001408,rs75766272,T,C,0.0201, || id:ebi-a-GCST90001408,TRUE,reported,igd
0.2243,3657,1.014,16668240,6.30798e-06,1,ebi-a-GCST90001408,rs149876490,T,C,0.0027, || id:ebi-a-GCST90001408,TRUE,reported,igd
0.04321,3657,-0.2131,138420154,8.50492e-07,2,ebi-a-GCST90001408,rs72844588,A,G,0.0913, || id:ebi-a-GCST90001408,TRUE,reported,igd
0.05638,3657,0.2616,169182294,3.61801e-06,2,ebi-a-GCST90001408,rs13421263,T,C,0.0528, || id:ebi-a-GCST90001408,TRUE,reported,igd
0.06121,3657,-0.3399,73868977,3.01301e-08,2,ebi-a-GCST90001408,rs72635970,G,T,0.0444, || id:ebi-a-GCST90001408,TRUE,reported,igd
0.03789,3657,0.1678,16416145,9.81002e-06,3,ebi-a-GCST90001408,rs55710170,A,G,0.1181, || id:ebi-a-GCST90001408,TRUE,reported,igd
0.05935,3657,0.2687,11590243,6.16595e-06,4,ebi-a-GCST90001408,rs35698683,G,A,0.0447, || id:ebi-a-GCST90001408,TRUE,reported,igd
0.1258,3657,0.6035,36385921,1.68101e-06,4,ebi-a-GCST90001408,rs77312528,G,T,0.0107, || id:ebi-a-GCST90001408,TRUE,reported,igd
0.2016,3657,-1.013,119742816,5.36896e-07,5,ebi-a-GCST90001408,rs115405874,G,A,0.0037, || id:ebi-a-GCST90001408,TRUE,reported,igd
0.03608,3657,-0.1667,40183220,3.98502e-06,5,ebi-a-GCST90001408,rs690488,A,C,0.8588, || id:ebi-a-GCST90001408,TRUE,reported,igd
0.02603,3657,0.1314,58050530,4.65297e-07,5,ebi-a-GCST90001408,rs895377,A,G,0.3683, || id:ebi-a-GCST90001408,TRUE,reported,igd
0.02593,3657,-0.1251,37585447,1.46201e-06,6,ebi-a-GCST90001408,rs62398379,C,T,0.4032, || id:ebi-a-GCST90001408,TRUE,reported,igd
0.06111,3657,-0.3012,129409652,8.684e-07,6,ebi-a-GCST90001408,rs9492229,C,T,0.9556, || id:ebi-a-GCST90001408,TRUE,reported,igd
0.03279,3657,0.1477,32561093,6.89001e-06,6,ebi-a-GCST90001408,rs9270578,A,G,0.5261, || id:ebi-a-GCST90001408,TRUE,reported,igd
0.02575,3657,-0.1163,12933368,6.45996e-06,8,ebi-a-GCST90001408,rs633090,T,A,0.3414, || id:ebi-a-GCST90001408,TRUE,reported,igd
0.2247,3657,1.077,26959594,1.71902e-06,10,ebi-a-GCST90001408,rs145123647,T,C,0.003, || id:ebi-a-GCST90001408,TRUE,reported,igd
0.02874,3657,-0.1306,111318165,5.65601e-06,11,ebi-a-GCST90001408,rs61896866,A,G,0.2428, || id:ebi-a-GCST90001408,TRUE,reported,igd
0.03937,3657,0.1801,132133144,4.91405e-06,11,ebi-a-GCST90001408,rs2334904,A,G,0.114, || id:ebi-a-GCST90001408,TRUE,reported,igd
0.1023,3657,0.4852,2866164,2.19099e-06,12,ebi-a-GCST90001408,rs112570989,T,C,0.0149, || id:ebi-a-GCST90001408,TRUE,reported,igd
0.08821,3657,-0.4222,50147180,1.76498e-06,13,ebi-a-GCST90001408,rs76477280,G,A,0.0206, || id:ebi-a-GCST90001408,TRUE,reported,igd
0.07717,3657,-0.388,98901269,5.199e-07,13,ebi-a-GCST90001408,rs9584780,C,T,0.0257, || id:ebi-a-GCST90001408,TRUE,reported,igd
0.02521,3657,0.1119,102612226,9.30294e-06,13,ebi-a-GCST90001408,rs2476213,T,C,0.5659, || id:ebi-a-GCST90001408,TRUE,reported,igd
0.05828,3657,-0.2722,96205838,3.10099e-06,14,ebi-a-GCST90001408,rs77762131,C,G,0.045, || id:ebi-a-GCST90001408,TRUE,reported,igd
0.025,3657,-0.1154,63009549,4.08e-06,14,ebi-a-GCST90001408,rs974368,A,G,0.5141, || id:ebi-a-GCST90001408,TRUE,reported,igd
0.05076,3657,-0.2677,65713895,1.41599e-07,14,ebi-a-GCST90001408,rs116844769,A,G,0.0662, || id:ebi-a-GCST90001408,TRUE,reported,igd
0.0933,3657,-0.4239,54422995,5.72203e-06,18,ebi-a-GCST90001408,rs72914692,A,G,0.018, || id:ebi-a-GCST90001408,TRUE,reported,igd
0.4823,3657,-2.179,44674143,6.418e-06,22,ebi-a-GCST90001408,rs9614418,G,C,5e-04, || id:ebi-a-GCST90001408,TRUE,reported,igd
