pos.exposure,samplesize.exposure,se.exposure,pval.exposure,beta.exposure,chr.exposure,id.exposure,SNP,effect_allele.exposure,other_allele.exposure,eaf.exposure,exposure,mr_keep.exposure,pval_origin.exposure,data_source.exposure
3835304,3427,0.07643,1.91801e-06,-0.3646,1,ebi-a-GCST90001549,rs74559159,A,G,0.0274, || id:ebi-a-GCST90001549,TRUE,reported,igd
198283058,3427,0.2593,4.94504e-06,-1.186,1,ebi-a-GCST90001549,rs541367304,A,G,0.0032, || id:ebi-a-GCST90001549,TRUE,reported,igd
14881805,3427,0.09427,3.176e-07,0.4829,1,ebi-a-GCST90001549,rs75518360,T,C,0.0177, || id:ebi-a-GCST90001549,TRUE,reported,igd
113838725,3427,0.03188,5.48997e-07,-0.16,2,ebi-a-GCST90001549,rs55699240,C,G,0.1936, || id:ebi-a-GCST90001549,TRUE,reported,igd
102839478,3427,0.03947,8.97098e-06,-0.1755,2,ebi-a-GCST90001549,rs11887842,T,C,0.1224, || id:ebi-a-GCST90001549,TRUE,reported,igd
38902624,3427,0.02976,4.13e-06,-0.1373,2,ebi-a-GCST90001549,rs67145759,G,A,0.2305, || id:ebi-a-GCST90001549,TRUE,reported,igd
168003021,3427,0.06665,2.79698e-06,0.3128,2,ebi-a-GCST90001549,rs183732116,A,G,0.0427, || id:ebi-a-GCST90001549,TRUE,reported,igd
187690214,3427,0.05797,9.71404e-06,0.2568,2,ebi-a-GCST90001549,rs35121986,C,T,0.0522, || id:ebi-a-GCST90001549,TRUE,reported,igd
68134416,3427,0.0829,1.42498e-06,0.4004,3,ebi-a-GCST90001549,rs116515477,G,A,0.0239, || id:ebi-a-GCST90001549,TRUE,reported,igd
159822228,3427,0.02946,4.67401e-06,-0.1351,3,ebi-a-GCST90001549,rs66550246,G,A,0.2454, || id:ebi-a-GCST90001549,TRUE,reported,igd
29389538,3427,0.05561,8.43995e-06,0.248,4,ebi-a-GCST90001549,rs16881729,T,C,0.0527, || id:ebi-a-GCST90001549,TRUE,reported,igd
173005364,3427,0.04119,7.03493e-06,-0.1854,5,ebi-a-GCST90001549,rs10035567,A,T,0.0992, || id:ebi-a-GCST90001549,TRUE,reported,igd
59816794,3427,0.03213,9.91791e-06,0.1422,5,ebi-a-GCST90001549,rs16878206,G,A,0.1911, || id:ebi-a-GCST90001549,TRUE,reported,igd
172266325,3427,0.02463,4.617e-06,-0.113,5,ebi-a-GCST90001549,rs4868220,G,A,0.5455, || id:ebi-a-GCST90001549,TRUE,reported,igd
71923809,3427,0.02506,2.02899e-06,-0.1193,7,ebi-a-GCST90001549,rs62463257,T,C,0.5225, || id:ebi-a-GCST90001549,TRUE,reported,igd
157454257,3427,0.02478,6.84195e-07,-0.1233,7,ebi-a-GCST90001549,rs35069110,A,G,0.4613, || id:ebi-a-GCST90001549,TRUE,reported,igd
17645647,3427,0.1262,4.27297e-06,0.5813,7,ebi-a-GCST90001549,rs117299036,T,G,0.0099, || id:ebi-a-GCST90001549,TRUE,reported,igd
88785449,3427,0.07234,9.90011e-06,-0.3202,7,ebi-a-GCST90001549,rs2040680,C,T,0.9718, || id:ebi-a-GCST90001549,TRUE,reported,igd
145033734,3427,0.03155,4.07202e-06,-0.1456,8,ebi-a-GCST90001549,rs6558408,A,G,0.8039, || id:ebi-a-GCST90001549,TRUE,reported,igd
10866626,3427,0.07107,4.26796e-06,0.3273,9,ebi-a-GCST90001549,rs78845536,G,T,0.0321, || id:ebi-a-GCST90001549,TRUE,reported,igd
5750067,3427,0.1169,3.96105e-06,0.5404,9,ebi-a-GCST90001549,rs192829014,A,G,0.0109, || id:ebi-a-GCST90001549,TRUE,reported,igd
92780623,3427,0.114,5.19697e-06,0.5202,10,ebi-a-GCST90001549,rs116858348,G,T,0.0117, || id:ebi-a-GCST90001549,TRUE,reported,igd
130834276,3427,0.05938,8.66702e-06,0.2645,10,ebi-a-GCST90001549,rs2123414,G,A,0.0455, || id:ebi-a-GCST90001549,TRUE,reported,igd
21355951,3427,0.07568,6.78907e-06,-0.3411,14,ebi-a-GCST90001549,rs78719136,G,A,0.0279, || id:ebi-a-GCST90001549,TRUE,reported,igd
12231997,3427,0.02566,2.63998e-06,-0.1208,16,ebi-a-GCST90001549,rs350280,G,A,0.4316, || id:ebi-a-GCST90001549,TRUE,reported,igd
53154832,3427,0.02487,8.97904e-07,-0.1224,16,ebi-a-GCST90001549,rs62047982,T,C,0.4721, || id:ebi-a-GCST90001549,TRUE,reported,igd
12102157,3427,0.02699,4.76398e-06,-0.1237,16,ebi-a-GCST90001549,rs62037700,T,G,0.3115, || id:ebi-a-GCST90001549,TRUE,reported,igd
70743094,3427,0.02613,7.00793e-06,0.1176,17,ebi-a-GCST90001549,rs2713981,G,A,0.6526, || id:ebi-a-GCST90001549,TRUE,reported,igd
33814758,3427,0.03683,8.97202e-06,0.1638,17,ebi-a-GCST90001549,rs4796089,C,T,0.1344, || id:ebi-a-GCST90001549,TRUE,reported,igd
54310961,3427,0.04054,7.92994e-07,-0.2005,19,ebi-a-GCST90001549,rs2866112,C,G,0.8971, || id:ebi-a-GCST90001549,TRUE,reported,igd
56314899,3427,0.03237,2.79402e-06,0.1519,19,ebi-a-GCST90001549,rs2840005,C,T,0.1722, || id:ebi-a-GCST90001549,TRUE,reported,igd
18417321,3427,0.07126,1.275e-06,0.3458,20,ebi-a-GCST90001549,rs2424193,G,A,0.0308, || id:ebi-a-GCST90001549,TRUE,reported,igd
59379480,3427,0.06656,9.04191e-06,-0.2959,20,ebi-a-GCST90001549,rs13037846,T,C,0.0363, || id:ebi-a-GCST90001549,TRUE,reported,igd
