chr.exposure,samplesize.exposure,pos.exposure,beta.exposure,se.exposure,pval.exposure,id.exposure,SNP,effect_allele.exposure,other_allele.exposure,eaf.exposure,exposure,mr_keep.exposure,pval_origin.exposure,data_source.exposure
1,3395,101733861,-0.1203,0.02612,4.25099e-06,ebi-a-GCST90001554,rs11166573,A,G,0.4127, || id:ebi-a-GCST90001554,TRUE,reported,igd
1,3395,197924770,-1.51,0.2336,1.153e-10,ebi-a-GCST90001554,rs17583875,A,G,0.0029, || id:ebi-a-GCST90001554,TRUE,reported,igd
1,3395,214625781,-2.912,0.6561,9.33792e-06,ebi-a-GCST90001554,rs150956189,C,T,3e-04, || id:ebi-a-GCST90001554,TRUE,reported,igd
2,3395,103587624,-0.7049,0.1373,2.97399e-07,ebi-a-GCST90001554,rs76668354,G,C,0.009, || id:ebi-a-GCST90001554,TRUE,reported,igd
2,3395,145856378,-0.3399,0.0756,7.13296e-06,ebi-a-GCST90001554,rs115083752,A,G,0.0297, || id:ebi-a-GCST90001554,TRUE,reported,igd
2,3395,38887964,0.1375,0.02754,6.19398e-07,ebi-a-GCST90001554,rs58905133,G,A,0.353, || id:ebi-a-GCST90001554,TRUE,reported,igd
2,3395,22978736,-0.3126,0.06981,7.78592e-06,ebi-a-GCST90001554,rs57159407,A,C,0.0365, || id:ebi-a-GCST90001554,TRUE,reported,igd
2,3395,210377930,-0.6238,0.133,2.85102e-06,ebi-a-GCST90001554,rs113985770,A,G,0.0103, || id:ebi-a-GCST90001554,TRUE,reported,igd
3,3395,24959272,-0.2651,0.05854,6.14695e-06,ebi-a-GCST90001554,rs60998309,A,C,0.0501, || id:ebi-a-GCST90001554,TRUE,reported,igd
4,3395,179936308,0.1277,0.0258,7.84693e-07,ebi-a-GCST90001554,rs2378966,T,C,0.539, || id:ebi-a-GCST90001554,TRUE,reported,igd
5,3395,117976098,-0.2346,0.04655,4.90196e-07,ebi-a-GCST90001554,rs13187183,C,T,0.0841, || id:ebi-a-GCST90001554,TRUE,reported,igd
6,3395,52836410,0.236,0.04837,1.11401e-06,ebi-a-GCST90001554,rs9382165,G,A,0.0761, || id:ebi-a-GCST90001554,TRUE,reported,igd
6,3395,109038333,-0.1435,0.03074,3.15399e-06,ebi-a-GCST90001554,rs11153123,G,A,0.2296, || id:ebi-a-GCST90001554,TRUE,reported,igd
6,3395,31206206,0.1803,0.03185,1.62499e-08,ebi-a-GCST90001554,rs3130685,T,C,0.3439, || id:ebi-a-GCST90001554,TRUE,reported,igd
6,3395,32433290,0.1735,0.03403,3.58996e-07,ebi-a-GCST90001554,rs9268932,G,T,0.3116, || id:ebi-a-GCST90001554,TRUE,reported,igd
7,3395,132417404,0.1235,0.02599,2.11101e-06,ebi-a-GCST90001554,rs593435,T,C,0.5351, || id:ebi-a-GCST90001554,TRUE,reported,igd
7,3395,112571685,0.373,0.0791,2.51102e-06,ebi-a-GCST90001554,rs73195098,A,C,0.0277, || id:ebi-a-GCST90001554,TRUE,reported,igd
8,3395,130711599,0.1783,0.03986,8.00092e-06,ebi-a-GCST90001554,rs77753889,A,G,0.1193, || id:ebi-a-GCST90001554,TRUE,reported,igd
9,3395,117697660,-0.1259,0.02802,7.29105e-06,ebi-a-GCST90001554,rs1322060,G,C,0.3985, || id:ebi-a-GCST90001554,TRUE,reported,igd
10,3395,90231718,-0.1356,0.02714,6.17405e-07,ebi-a-GCST90001554,rs1183901,C,T,0.5872, || id:ebi-a-GCST90001554,TRUE,reported,igd
10,3395,68456634,0.1811,0.04088,9.77192e-06,ebi-a-GCST90001554,rs75744217,T,C,0.1134, || id:ebi-a-GCST90001554,TRUE,reported,igd
12,3395,130160924,0.1852,0.04186,9.97011e-06,ebi-a-GCST90001554,rs11060493,C,A,0.1016, || id:ebi-a-GCST90001554,TRUE,reported,igd
17,3395,33774635,-0.1185,0.02663,8.93203e-06,ebi-a-GCST90001554,rs11080350,T,C,0.4044, || id:ebi-a-GCST90001554,TRUE,reported,igd
22,3395,45176439,0.3181,0.06864,3.71099e-06,ebi-a-GCST90001554,rs143237141,A,G,0.0365, || id:ebi-a-GCST90001554,TRUE,reported,igd
