samplesize.exposure,beta.exposure,pval.exposure,pos.exposure,chr.exposure,se.exposure,id.exposure,SNP,effect_allele.exposure,other_allele.exposure,eaf.exposure,exposure,mr_keep.exposure,pval_origin.exposure,data_source.exposure
3657,0.1693,4.79601e-06,79464773,1,0.03696,ebi-a-GCST90001753,rs77463781,C,G,0.134, || id:ebi-a-GCST90001753,TRUE,reported,igd
3657,-0.3934,4.89103e-06,185522944,1,0.08597,ebi-a-GCST90001753,rs74435765,T,C,0.0217, || id:ebi-a-GCST90001753,TRUE,reported,igd
3657,0.3351,5.69994e-08,206552726,2,0.0616,ebi-a-GCST90001753,rs849532,G,A,0.9579, || id:ebi-a-GCST90001753,TRUE,reported,igd
3657,0.1442,1.859e-06,149568729,2,0.0302,ebi-a-GCST90001753,rs10171238,T,C,0.7912, || id:ebi-a-GCST90001753,TRUE,reported,igd
3657,0.174,5.37799e-06,119289916,3,0.0382,ebi-a-GCST90001753,rs7617301,C,A,0.124, || id:ebi-a-GCST90001753,TRUE,reported,igd
3657,-0.2121,3.89897e-06,43192979,4,0.04588,ebi-a-GCST90001753,rs62299189,C,A,0.0804, || id:ebi-a-GCST90001753,TRUE,reported,igd
3657,-0.1237,9.86597e-07,102780724,4,0.02524,ebi-a-GCST90001753,rs4426778,A,G,0.4558, || id:ebi-a-GCST90001753,TRUE,reported,igd
3657,0.2667,4.78101e-06,139616732,4,0.05821,ebi-a-GCST90001753,rs78373541,G,A,0.0472, || id:ebi-a-GCST90001753,TRUE,reported,igd
3657,-1.601,8.24404e-06,105783715,5,0.3586,ebi-a-GCST90001753,rs73196454,A,G,0.001, || id:ebi-a-GCST90001753,TRUE,reported,igd
3657,-0.1152,6.16694e-06,120594915,5,0.02545,ebi-a-GCST90001753,rs13181744,C,T,0.4002, || id:ebi-a-GCST90001753,TRUE,reported,igd
3657,0.1358,2.99799e-06,31443323,6,0.02903,ebi-a-GCST90001753,rs12660382,T,C,0.3149, || id:ebi-a-GCST90001753,TRUE,reported,igd
3657,0.1147,9.13608e-06,90677176,6,0.02581,ebi-a-GCST90001753,rs6454789,T,C,0.6224, || id:ebi-a-GCST90001753,TRUE,reported,igd
3657,0.1526,2.52499e-06,15902888,6,0.03238,ebi-a-GCST90001753,rs7754613,T,C,0.8203, || id:ebi-a-GCST90001753,TRUE,reported,igd
3657,0.1933,1.033e-07,31753526,6,0.03626,ebi-a-GCST90001753,rs11751198,A,G,0.1839, || id:ebi-a-GCST90001753,TRUE,reported,igd
3657,0.1709,3.02399e-09,32633970,6,0.02875,ebi-a-GCST90001753,rs35567463,A,C,0.3506, || id:ebi-a-GCST90001753,TRUE,reported,igd
3657,-0.1404,9.94008e-06,78679087,8,0.03173,ebi-a-GCST90001753,rs35485457,T,G,0.1962, || id:ebi-a-GCST90001753,TRUE,reported,igd
3657,-0.3034,6.49696e-06,132476096,8,0.06719,ebi-a-GCST90001753,rs117961939,T,C,0.0347, || id:ebi-a-GCST90001753,TRUE,reported,igd
3657,0.1146,7.40202e-06,92858976,8,0.02554,ebi-a-GCST90001753,rs1838178,G,A,0.4009, || id:ebi-a-GCST90001753,TRUE,reported,igd
3657,-0.1629,8.70202e-06,26831337,10,0.03657,ebi-a-GCST90001753,rs787045,C,G,0.1298, || id:ebi-a-GCST90001753,TRUE,reported,igd
3657,0.9074,2.64698e-06,18601510,11,0.1929,ebi-a-GCST90001753,rs61884722,C,T,0.0041, || id:ebi-a-GCST90001753,TRUE,reported,igd
3657,-0.1865,6.553e-06,60157281,11,0.04132,ebi-a-GCST90001753,rs78287249,T,G,0.0971, || id:ebi-a-GCST90001753,TRUE,reported,igd
3657,-0.3389,5.03095e-06,32330242,12,0.07414,ebi-a-GCST90001753,rs11051833,T,C,0.0286, || id:ebi-a-GCST90001753,TRUE,reported,igd
3657,-0.1691,9.53498e-06,17014673,16,0.03813,ebi-a-GCST90001753,rs1453509,A,C,0.1183, || id:ebi-a-GCST90001753,TRUE,reported,igd
3657,-0.1293,5.30298e-06,3996282,16,0.02835,ebi-a-GCST90001753,rs17136624,A,G,0.2546, || id:ebi-a-GCST90001753,TRUE,reported,igd
3657,1.747,8.08593e-06,30608982,17,0.3908,ebi-a-GCST90001753,rs139713744,T,C,0.001, || id:ebi-a-GCST90001753,TRUE,reported,igd
3657,1.484,5.45494e-06,21246554,17,0.3259,ebi-a-GCST90001753,rs542436617,A,G,0.0014, || id:ebi-a-GCST90001753,TRUE,reported,igd
3657,-0.2077,7.34193e-06,352095,18,0.04625,ebi-a-GCST90001753,rs13381717,T,A,0.0774, || id:ebi-a-GCST90001753,TRUE,reported,igd
3657,-0.196,3.02691e-11,49847916,19,0.02941,ebi-a-GCST90001753,rs30006,C,T,0.2335, || id:ebi-a-GCST90001753,TRUE,reported,igd
3657,0.2019,2.14902e-06,50940778,19,0.04254,ebi-a-GCST90001753,rs61731791,T,C,0.0972, || id:ebi-a-GCST90001753,TRUE,reported,igd
