pos.exposure,pval.exposure,beta.exposure,samplesize.exposure,se.exposure,chr.exposure,id.exposure,SNP,effect_allele.exposure,other_allele.exposure,eaf.exposure,exposure,mr_keep.exposure,pval_origin.exposure,data_source.exposure
206902437,1.87202e-07,0.4679,3645,0.0896,1,ebi-a-GCST90001726,rs55712453,G,A,0.0202, || id:ebi-a-GCST90001726,TRUE,reported,igd
47996882,3.92103e-06,0.1303,3645,0.02818,1,ebi-a-GCST90001726,rs34762764,T,C,0.2642, || id:ebi-a-GCST90001726,TRUE,reported,igd
149815561,8.57808e-06,-1.738,3645,0.3899,1,ebi-a-GCST90001726,rs142109788,G,A,0.001, || id:ebi-a-GCST90001726,TRUE,reported,igd
207276336,3.33903e-06,0.426,3645,0.0915,1,ebi-a-GCST90001726,rs113812519,G,A,0.0185, || id:ebi-a-GCST90001726,TRUE,reported,igd
205241642,9.3261e-07,0.251,3645,0.05108,1,ebi-a-GCST90001726,rs79856590,A,G,0.0609, || id:ebi-a-GCST90001726,TRUE,reported,igd
68968349,4.70002e-06,-0.2298,3645,0.05013,4,ebi-a-GCST90001726,rs11733521,T,C,0.0645, || id:ebi-a-GCST90001726,TRUE,reported,igd
170699036,1.65901e-06,-1.275,3645,0.2657,4,ebi-a-GCST90001726,rs115727814,A,G,0.0021, || id:ebi-a-GCST90001726,TRUE,reported,igd
54958646,9.66607e-06,0.1117,3645,0.02521,4,ebi-a-GCST90001726,rs6554147,G,T,0.6047, || id:ebi-a-GCST90001726,TRUE,reported,igd
2511082,6.83502e-06,-0.6898,3645,0.1531,6,ebi-a-GCST90001726,rs186239326,G,C,0.0067, || id:ebi-a-GCST90001726,TRUE,reported,igd
14717247,5.93499e-06,0.7204,3645,0.1588,6,ebi-a-GCST90001726,rs6908848,A,G,0.0058, || id:ebi-a-GCST90001726,TRUE,reported,igd
76455763,9.71292e-06,0.1182,3645,0.02667,7,ebi-a-GCST90001726,rs11764670,G,A,0.6811, || id:ebi-a-GCST90001726,TRUE,reported,igd
9086777,6.82402e-06,0.3019,3645,0.067,8,ebi-a-GCST90001726,rs118033073,A,G,0.0353, || id:ebi-a-GCST90001726,TRUE,reported,igd
141805137,3.52501e-06,-0.2485,3645,0.05349,8,ebi-a-GCST90001726,rs62524107,C,T,0.0527, || id:ebi-a-GCST90001726,TRUE,reported,igd
37002142,1.82201e-07,-0.1325,3645,0.02534,9,ebi-a-GCST90001726,rs12554596,G,A,0.3892, || id:ebi-a-GCST90001726,TRUE,reported,igd
27514318,5.71097e-06,0.1169,3645,0.02572,9,ebi-a-GCST90001726,rs10738775,A,T,0.6547, || id:ebi-a-GCST90001726,TRUE,reported,igd
133354402,5.70506e-06,-3.081,3645,0.678,9,ebi-a-GCST90001726,rs75912463,C,T,3e-04, || id:ebi-a-GCST90001726,TRUE,reported,igd
14778920,7.92702e-06,-0.2958,3645,0.06612,10,ebi-a-GCST90001726,rs6602758,T,C,0.0342, || id:ebi-a-GCST90001726,TRUE,reported,igd
89640021,1.86599e-06,0.429,3645,0.08985,10,ebi-a-GCST90001726,rs112802874,G,T,0.0207, || id:ebi-a-GCST90001726,TRUE,reported,igd
32107411,5.83499e-06,-0.1644,3645,0.03621,12,ebi-a-GCST90001726,rs11051699,C,T,0.1387, || id:ebi-a-GCST90001726,TRUE,reported,igd
130845523,7.703e-06,-0.2768,3645,0.06178,12,ebi-a-GCST90001726,rs74518629,T,C,0.0388, || id:ebi-a-GCST90001726,TRUE,reported,igd
70194834,9.72389e-06,0.1534,3645,0.03463,13,ebi-a-GCST90001726,rs75382958,G,A,0.1455, || id:ebi-a-GCST90001726,TRUE,reported,igd
97702226,2.41702e-06,0.4784,3645,0.1013,14,ebi-a-GCST90001726,rs117004076,G,A,0.0147, || id:ebi-a-GCST90001726,TRUE,reported,igd
23877607,8.42694e-06,0.1377,3645,0.03087,15,ebi-a-GCST90001726,rs7496584,C,A,0.7989, || id:ebi-a-GCST90001726,TRUE,reported,igd
21168467,3.01502e-06,0.4192,3645,0.08962,16,ebi-a-GCST90001726,rs78044532,T,C,0.0188, || id:ebi-a-GCST90001726,TRUE,reported,igd
2406183,4.63404e-06,0.2451,3645,0.05343,16,ebi-a-GCST90001726,rs118099810,T,C,0.0572, || id:ebi-a-GCST90001726,TRUE,reported,igd
32422808,8.09692e-06,-0.9714,3645,0.2174,16,ebi-a-GCST90001726,rs138920008,C,G,0.0041, || id:ebi-a-GCST90001726,TRUE,reported,igd
71378301,1.265e-06,0.1555,3645,0.03203,16,ebi-a-GCST90001726,rs2356414,T,C,0.8106, || id:ebi-a-GCST90001726,TRUE,reported,igd
63085557,7.82708e-06,-0.2511,3645,0.0561,17,ebi-a-GCST90001726,rs148381451,T,C,0.0495, || id:ebi-a-GCST90001726,TRUE,reported,igd
58273913,8.40892e-06,-0.1316,3645,0.0295,18,ebi-a-GCST90001726,rs6567179,C,T,0.2189, || id:ebi-a-GCST90001726,TRUE,reported,igd
52235616,4.89396e-06,0.2658,3645,0.05809,19,ebi-a-GCST90001726,rs73056862,T,C,0.0462, || id:ebi-a-GCST90001726,TRUE,reported,igd
7105841,8.75891e-06,-0.473,3645,0.1062,19,ebi-a-GCST90001726,rs34488330,C,A,0.0128, || id:ebi-a-GCST90001726,TRUE,reported,igd
33029820,7.142e-06,-0.2327,3645,0.05175,22,ebi-a-GCST90001726,rs144392728,T,A,0.0588, || id:ebi-a-GCST90001726,TRUE,reported,igd
