samplesize.exposure,se.exposure,beta.exposure,pval.exposure,pos.exposure,chr.exposure,id.exposure,SNP,effect_allele.exposure,other_allele.exposure,eaf.exposure,exposure,mr_keep.exposure,pval_origin.exposure,data_source.exposure
3629,0.2683,-1.305,1.185e-06,110012633,1,ebi-a-GCST90001583,rs115451299,C,T,0.0018, || id:ebi-a-GCST90001583,TRUE,reported,igd
3629,0.02885,-0.1319,5.01903e-06,161515326,1,ebi-a-GCST90001583,rs55971447,T,C,0.2392, || id:ebi-a-GCST90001583,TRUE,reported,igd
3629,0.06381,0.3032,2.08901e-06,92925654,1,ebi-a-GCST90001583,rs150649461,C,G,0.0459, || id:ebi-a-GCST90001583,TRUE,reported,igd
3629,0.03176,0.1482,3.16301e-06,198164530,2,ebi-a-GCST90001583,rs1896857,G,A,0.1736, || id:ebi-a-GCST90001583,TRUE,reported,igd
3629,0.02481,0.127,3.264e-07,182323766,2,ebi-a-GCST90001583,rs1375493,A,G,0.3781, || id:ebi-a-GCST90001583,TRUE,reported,igd
3629,0.02999,-0.1359,6.01797e-06,134344243,2,ebi-a-GCST90001583,rs6708174,C,T,0.2001, || id:ebi-a-GCST90001583,TRUE,reported,igd
3629,0.02464,-0.1122,5.40705e-06,56278216,2,ebi-a-GCST90001583,rs10192574,C,A,0.4555, || id:ebi-a-GCST90001583,TRUE,reported,igd
3629,0.04522,-0.2002,9.80189e-06,81299703,3,ebi-a-GCST90001583,rs183716470,G,T,0.081, || id:ebi-a-GCST90001583,TRUE,reported,igd
3629,0.5658,-2.819,6.57295e-07,58124445,4,ebi-a-GCST90001583,rs189962728,C,T,4e-04, || id:ebi-a-GCST90001583,TRUE,reported,igd
3629,0.03309,0.1693,3.29397e-07,190199873,4,ebi-a-GCST90001583,rs13121143,C,T,0.1536, || id:ebi-a-GCST90001583,TRUE,reported,igd
3629,0.03191,0.1594,6.17007e-07,92510918,4,ebi-a-GCST90001583,rs12501003,G,A,0.1674, || id:ebi-a-GCST90001583,TRUE,reported,igd
3629,0.03005,-0.1523,4.25402e-07,92408370,7,ebi-a-GCST90001583,rs445,T,C,0.1941, || id:ebi-a-GCST90001583,TRUE,reported,igd
3629,0.07238,-0.332,4.65104e-06,65604757,7,ebi-a-GCST90001583,rs145530955,T,C,0.0285, || id:ebi-a-GCST90001583,TRUE,reported,igd
3629,0.02947,0.1356,4.35502e-06,35423859,7,ebi-a-GCST90001583,rs2541899,T,C,0.8002, || id:ebi-a-GCST90001583,TRUE,reported,igd
3629,0.06456,0.2863,9.51196e-06,77490437,8,ebi-a-GCST90001583,rs77765378,C,G,0.0361, || id:ebi-a-GCST90001583,TRUE,reported,igd
3629,0.07803,0.362,3.62502e-06,49196586,8,ebi-a-GCST90001583,rs78805826,A,T,0.0263, || id:ebi-a-GCST90001583,TRUE,reported,igd
3629,0.04488,-0.2237,6.485e-07,135163467,8,ebi-a-GCST90001583,rs75791731,T,G,0.0778, || id:ebi-a-GCST90001583,TRUE,reported,igd
3629,0.0244,-0.1378,1.76799e-08,113902881,9,ebi-a-GCST90001583,rs12346499,T,C,0.5233, || id:ebi-a-GCST90001583,TRUE,reported,igd
3629,0.03152,-0.1399,9.30894e-06,28612860,10,ebi-a-GCST90001583,rs1249347,G,C,0.1795, || id:ebi-a-GCST90001583,TRUE,reported,igd
3629,0.1798,0.8181,5.56904e-06,36967796,11,ebi-a-GCST90001583,rs139761995,T,C,0.0047, || id:ebi-a-GCST90001583,TRUE,reported,igd
3629,0.1352,-0.6011,9.07695e-06,68605883,12,ebi-a-GCST90001583,rs11177104,A,G,0.0076, || id:ebi-a-GCST90001583,TRUE,reported,igd
3629,0.02965,0.1409,2.1e-06,131900390,12,ebi-a-GCST90001583,rs11061521,A,C,0.1962, || id:ebi-a-GCST90001583,TRUE,reported,igd
3629,0.05573,0.2687,1.47999e-06,28964708,13,ebi-a-GCST90001583,rs116981568,T,C,0.0477, || id:ebi-a-GCST90001583,TRUE,reported,igd
3629,0.02663,-0.1213,5.35797e-06,35314819,13,ebi-a-GCST90001583,rs9599503,C,T,0.2827, || id:ebi-a-GCST90001583,TRUE,reported,igd
3629,0.2946,1.359,4.08997e-06,98059388,14,ebi-a-GCST90001583,rs142584082,G,A,0.0015, || id:ebi-a-GCST90001583,TRUE,reported,igd
3629,0.287,1.306,5.48302e-06,97964046,14,ebi-a-GCST90001583,rs28648481,T,A,0.0017, || id:ebi-a-GCST90001583,TRUE,reported,igd
3629,0.02416,-0.1189,8.9121e-07,1015996,17,ebi-a-GCST90001583,rs2120231,G,T,0.5141, || id:ebi-a-GCST90001583,TRUE,reported,igd
3629,0.03591,-0.1604,8.18597e-06,57950621,17,ebi-a-GCST90001583,rs58581511,G,T,0.1291, || id:ebi-a-GCST90001583,TRUE,reported,igd
3629,0.08146,-0.361,9.64095e-06,43063279,21,ebi-a-GCST90001583,rs28437286,G,A,0.0222, || id:ebi-a-GCST90001583,TRUE,reported,igd
