samplesize.exposure,pval.exposure,se.exposure,pos.exposure,beta.exposure,chr.exposure,id.exposure,SNP,effect_allele.exposure,other_allele.exposure,eaf.exposure,exposure,mr_keep.exposure,pval_origin.exposure,data_source.exposure
3657,8.6451e-07,0.05361,61376720,-0.2642,1,ebi-a-GCST90001777,rs12139506,G,A,0.0543, || id:ebi-a-GCST90001777,TRUE,reported,igd
3657,1.56801e-07,0.05615,214407674,0.295,1,ebi-a-GCST90001777,rs1660369,T,C,0.9512, || id:ebi-a-GCST90001777,TRUE,reported,igd
3657,3.065e-06,0.1644,119062858,0.7686,2,ebi-a-GCST90001777,rs191775575,T,C,0.0052, || id:ebi-a-GCST90001777,TRUE,reported,igd
3657,5.49503e-06,0.03791,33169113,0.1726,2,ebi-a-GCST90001777,rs62135678,C,G,0.1176, || id:ebi-a-GCST90001777,TRUE,reported,igd
3657,2.69401e-06,0.04454,15014620,-0.2094,2,ebi-a-GCST90001777,rs2139146,T,C,0.0796, || id:ebi-a-GCST90001777,TRUE,reported,igd
3657,7.02102e-06,0.9119,161318933,4.103,4,ebi-a-GCST90001777,rs78990890,C,T,1e-04, || id:ebi-a-GCST90001777,TRUE,reported,igd
3657,4.90704e-06,0.0246,8139657,-0.1126,5,ebi-a-GCST90001777,rs7708967,A,G,0.5387, || id:ebi-a-GCST90001777,TRUE,reported,igd
3657,1.07199e-06,0.02505,37488754,0.1224,6,ebi-a-GCST90001777,rs12192925,T,C,0.5633, || id:ebi-a-GCST90001777,TRUE,reported,igd
3657,2.33598e-06,0.02704,25590299,0.1279,7,ebi-a-GCST90001777,rs2999572,G,T,0.3095, || id:ebi-a-GCST90001777,TRUE,reported,igd
3657,8.10793e-06,0.228,36436637,-1.019,8,ebi-a-GCST90001777,rs140833732,T,A,0.0033, || id:ebi-a-GCST90001777,TRUE,reported,igd
3657,6.87702e-06,0.3343,108634724,1.506,9,ebi-a-GCST90001777,rs77303104,G,A,0.0016, || id:ebi-a-GCST90001777,TRUE,reported,igd
3657,3.74904e-08,0.0289,95886051,-0.1594,9,ebi-a-GCST90001777,rs3793662,T,C,0.7759, || id:ebi-a-GCST90001777,TRUE,reported,igd
3657,5.73403e-06,0.03531,126182752,0.1604,10,ebi-a-GCST90001777,rs11245200,T,C,0.1303, || id:ebi-a-GCST90001777,TRUE,reported,igd
3657,5.02204e-06,0.04568,7830675,0.2088,10,ebi-a-GCST90001777,rs2853765,C,G,0.9228, || id:ebi-a-GCST90001777,TRUE,reported,igd
3657,6.79047e-13,0.02445,6178941,-0.1762,10,ebi-a-GCST90001777,rs11598494,C,T,0.5587, || id:ebi-a-GCST90001777,TRUE,reported,igd
3657,5.31741e-17,0.02692,6162476,-0.2267,10,ebi-a-GCST90001777,rs4747882,T,A,0.7132, || id:ebi-a-GCST90001777,TRUE,reported,igd
3657,8.06306e-53,0.0273,6113782,-0.4244,10,ebi-a-GCST90001777,rs1887027,T,C,0.2454, || id:ebi-a-GCST90001777,TRUE,reported,igd
3657,3.71997e-06,0.04337,35069685,0.201,11,ebi-a-GCST90001777,rs59278703,A,C,0.0904, || id:ebi-a-GCST90001777,TRUE,reported,igd
3657,7.19101e-06,0.02875,100108322,-0.1292,14,ebi-a-GCST90001777,rs12886102,T,G,0.2186, || id:ebi-a-GCST90001777,TRUE,reported,igd
3657,2.83498e-06,0.1147,89659141,-0.5379,14,ebi-a-GCST90001777,rs183975337,T,A,0.0108, || id:ebi-a-GCST90001777,TRUE,reported,igd
3657,2.37498e-06,0.04383,101525737,-0.2071,15,ebi-a-GCST90001777,rs12907742,C,T,0.0801, || id:ebi-a-GCST90001777,TRUE,reported,igd
3657,5.23697e-06,0.02653,11665465,0.121,16,ebi-a-GCST90001777,rs10852336,T,G,0.6864, || id:ebi-a-GCST90001777,TRUE,reported,igd
3657,4.68403e-06,0.03429,44356694,0.1572,17,ebi-a-GCST90001777,rs111912558,C,T,0.203, || id:ebi-a-GCST90001777,TRUE,reported,igd
3657,1.57e-06,0.02905,25753552,-0.1397,18,ebi-a-GCST90001777,rs28365327,A,G,0.7747, || id:ebi-a-GCST90001777,TRUE,reported,igd
3657,2.54402e-06,0.04216,34917959,0.1986,18,ebi-a-GCST90001777,rs536374,C,T,0.9055, || id:ebi-a-GCST90001777,TRUE,reported,igd
3657,1.053e-06,0.05892,44262209,-0.2881,21,ebi-a-GCST90001777,rs3862036,A,G,0.0424, || id:ebi-a-GCST90001777,TRUE,reported,igd
3657,9.81002e-06,0.08676,23113704,-0.3841,21,ebi-a-GCST90001777,rs144182927,T,G,0.0191, || id:ebi-a-GCST90001777,TRUE,reported,igd
3657,8.00903e-06,0.1458,22547864,0.652,22,ebi-a-GCST90001777,rs200381543,T,C,0.0074, || id:ebi-a-GCST90001777,TRUE,reported,igd
