beta.exposure,pos.exposure,pval.exposure,se.exposure,chr.exposure,samplesize.exposure,id.exposure,SNP,effect_allele.exposure,other_allele.exposure,eaf.exposure,exposure,mr_keep.exposure,pval_origin.exposure,data_source.exposure
0.245,56894640,9.3981e-06,0.0552,1,3040,ebi-a-GCST90001453,rs116249234,A,G,0.0661, || id:ebi-a-GCST90001453,TRUE,reported,igd
-0.6187,17966505,4.36999e-06,0.1345,1,3040,ebi-a-GCST90001453,rs80087840,A,G,0.0105, || id:ebi-a-GCST90001453,TRUE,reported,igd
0.3846,46613239,2.30399e-06,0.08124,1,3040,ebi-a-GCST90001453,rs191730825,G,A,0.0293, || id:ebi-a-GCST90001453,TRUE,reported,igd
0.207,245721841,3.51601e-06,0.04455,1,3040,ebi-a-GCST90001453,rs10924239,A,G,0.0993, || id:ebi-a-GCST90001453,TRUE,reported,igd
-0.195,161500712,4.68296e-07,0.03862,1,3040,ebi-a-GCST90001453,rs114693598,T,G,0.1418, || id:ebi-a-GCST90001453,TRUE,reported,igd
0.2479,47354461,5.49503e-06,0.05444,2,3040,ebi-a-GCST90001453,rs114857887,A,G,0.0673, || id:ebi-a-GCST90001453,TRUE,reported,igd
0.1244,220533049,5.93595e-06,0.02742,2,3040,ebi-a-GCST90001453,rs10804278,T,C,0.387, || id:ebi-a-GCST90001453,TRUE,reported,igd
0.5956,172744541,2.52203e-06,0.1263,3,3040,ebi-a-GCST90001453,rs74610143,T,C,0.0125, || id:ebi-a-GCST90001453,TRUE,reported,igd
0.1689,65576520,7.32302e-06,0.03761,3,3040,ebi-a-GCST90001453,rs11921245,C,T,0.1456, || id:ebi-a-GCST90001453,TRUE,reported,igd
-0.2161,182783833,3.68697e-06,0.0466,4,3040,ebi-a-GCST90001453,rs138567833,A,G,0.0895, || id:ebi-a-GCST90001453,TRUE,reported,igd
-0.2769,153684820,7.23003e-06,0.0616,7,3040,ebi-a-GCST90001453,rs13241407,G,A,0.0482, || id:ebi-a-GCST90001453,TRUE,reported,igd
0.4544,23486970,3.42997e-07,0.08893,7,3040,ebi-a-GCST90001453,rs73073066,T,C,0.0229, || id:ebi-a-GCST90001453,TRUE,reported,igd
0.1227,19326303,7.18208e-06,0.02728,8,3040,ebi-a-GCST90001453,rs4922033,T,C,0.3901, || id:ebi-a-GCST90001453,TRUE,reported,igd
0.2989,112076693,3.90796e-06,0.06464,11,3040,ebi-a-GCST90001453,rs1469503,T,A,0.9564, || id:ebi-a-GCST90001453,TRUE,reported,igd
0.3077,42973243,1.21599e-06,0.06328,12,3040,ebi-a-GCST90001453,rs57566659,C,G,0.0462, || id:ebi-a-GCST90001453,TRUE,reported,igd
0.25,69744014,2.10999e-07,0.04806,12,3040,ebi-a-GCST90001453,rs1800973,A,C,0.0831, || id:ebi-a-GCST90001453,TRUE,reported,igd
-0.1298,27966210,2.053e-06,0.02728,12,3040,ebi-a-GCST90001453,rs11610005,G,C,0.4359, || id:ebi-a-GCST90001453,TRUE,reported,igd
-0.6373,29918210,8.25392e-06,0.1427,14,3040,ebi-a-GCST90001453,rs117909439,T,C,0.0089, || id:ebi-a-GCST90001453,TRUE,reported,igd
0.1991,37200279,3.12097e-06,0.04263,15,3040,ebi-a-GCST90001453,rs62002392,G,A,0.1118, || id:ebi-a-GCST90001453,TRUE,reported,igd
-0.1976,53934556,7.81592e-06,0.04413,16,3040,ebi-a-GCST90001453,rs16952634,A,G,0.1033, || id:ebi-a-GCST90001453,TRUE,reported,igd
0.1484,45064678,9.12998e-07,0.03016,17,3040,ebi-a-GCST90001453,rs4468691,G,A,0.7286, || id:ebi-a-GCST90001453,TRUE,reported,igd
