pval.exposure,se.exposure,pos.exposure,chr.exposure,samplesize.exposure,beta.exposure,id.exposure,SNP,effect_allele.exposure,other_allele.exposure,eaf.exposure,exposure,mr_keep.exposure,pval_origin.exposure,data_source.exposure
1.94299e-06,0.07711,31686211,1,3657,-0.3676,ebi-a-GCST90001804,rs12727962,G,C,0.0246, || id:ebi-a-GCST90001804,TRUE,reported,igd
1.12401e-06,0.07197,32083093,1,3657,-0.351,ebi-a-GCST90001804,rs116327214,G,C,0.0291, || id:ebi-a-GCST90001804,TRUE,reported,igd
1.14288e-14,0.02626,161479745,1,3657,-0.2036,ebi-a-GCST90001804,rs1801274,G,A,0.325, || id:ebi-a-GCST90001804,TRUE,reported,igd
1.38484e-11,0.07874,31211894,1,3657,-0.534,ebi-a-GCST90001804,rs34101571,A,G,0.0239, || id:ebi-a-GCST90001804,TRUE,reported,igd
6.633e-06,0.02605,177936599,1,3657,0.1175,ebi-a-GCST90001804,rs6667752,G,T,0.3296, || id:ebi-a-GCST90001804,TRUE,reported,igd
1.18801e-06,0.1023,28883059,3,3657,0.4977,ebi-a-GCST90001804,rs9825547,T,C,0.0152, || id:ebi-a-GCST90001804,TRUE,reported,igd
8.19993e-06,0.5512,80085882,3,3657,-2.462,ebi-a-GCST90001804,rs182174914,A,T,4e-04, || id:ebi-a-GCST90001804,TRUE,reported,igd
3.66598e-06,0.07241,30298480,3,3657,0.3358,ebi-a-GCST90001804,rs41533545,G,A,0.0306, || id:ebi-a-GCST90001804,TRUE,reported,igd
6.48903e-06,0.07433,29246192,3,3657,0.3357,ebi-a-GCST90001804,rs41347750,T,C,0.0284, || id:ebi-a-GCST90001804,TRUE,reported,igd
4.85501e-06,0.03375,104073058,3,3657,-0.1545,ebi-a-GCST90001804,rs2576344,A,T,0.8432, || id:ebi-a-GCST90001804,TRUE,reported,igd
3.57001e-07,0.08573,31134534,3,3657,0.4372,ebi-a-GCST90001804,rs76929865,C,A,0.0223, || id:ebi-a-GCST90001804,TRUE,reported,igd
4.84395e-10,0.06693,32945761,3,3657,0.4177,ebi-a-GCST90001804,rs75918255,A,G,0.035, || id:ebi-a-GCST90001804,TRUE,reported,igd
8.72107e-06,0.2618,127303399,3,3657,1.166,ebi-a-GCST90001804,rs112889714,A,G,0.0021, || id:ebi-a-GCST90001804,TRUE,reported,igd
3.41822e-35,0.05259,32533246,3,3657,0.6579,ebi-a-GCST90001804,rs35574803,C,T,0.0562, || id:ebi-a-GCST90001804,TRUE,reported,igd
5.53605e-06,0.02485,137067847,4,3657,-0.1131,ebi-a-GCST90001804,rs2122701,T,C,0.5599, || id:ebi-a-GCST90001804,TRUE,reported,igd
6.32397e-08,0.0472,79389016,5,3657,0.2558,ebi-a-GCST90001804,rs112339885,C,T,0.0755, || id:ebi-a-GCST90001804,TRUE,reported,igd
4.82603e-06,0.1629,94318432,9,3657,0.746,ebi-a-GCST90001804,rs147388542,C,A,0.0055, || id:ebi-a-GCST90001804,TRUE,reported,igd
2.10102e-06,0.0383,93656985,9,3657,0.182,ebi-a-GCST90001804,rs158690,G,A,0.1133, || id:ebi-a-GCST90001804,TRUE,reported,igd
6.86199e-06,0.02624,6865096,9,3657,0.1182,ebi-a-GCST90001804,rs12380722,T,C,0.3372, || id:ebi-a-GCST90001804,TRUE,reported,igd
5.72295e-07,0.04702,96510568,9,3657,-0.2355,ebi-a-GCST90001804,rs113711447,G,T,0.0734, || id:ebi-a-GCST90001804,TRUE,reported,igd
6.02601e-06,0.1732,131947318,11,3657,0.785,ebi-a-GCST90001804,rs73030401,G,A,0.0046, || id:ebi-a-GCST90001804,TRUE,reported,igd
1.29101e-10,0.03291,6554628,12,3657,-0.2122,ebi-a-GCST90001804,rs25680,A,G,0.1671, || id:ebi-a-GCST90001804,TRUE,reported,igd
7.576e-06,0.02459,55016563,12,3657,-0.1102,ebi-a-GCST90001804,rs1532372,C,T,0.4763, || id:ebi-a-GCST90001804,TRUE,reported,igd
1.32801e-12,0.03709,6605299,12,3657,0.264,ebi-a-GCST90001804,rs147714617,T,C,0.1224, || id:ebi-a-GCST90001804,TRUE,reported,igd
5.851e-06,0.02452,60628064,15,3657,-0.1113,ebi-a-GCST90001804,rs12708463,A,G,0.4553, || id:ebi-a-GCST90001804,TRUE,reported,igd
6.09902e-06,0.03847,25214592,18,3657,0.1743,ebi-a-GCST90001804,rs888294,T,C,0.1062, || id:ebi-a-GCST90001804,TRUE,reported,igd
4.08301e-06,0.09162,15323100,19,3657,-0.4227,ebi-a-GCST90001804,rs183836759,T,A,0.018, || id:ebi-a-GCST90001804,TRUE,reported,igd
1.58891e-15,0.03426,44511627,20,3657,0.2742,ebi-a-GCST90001804,rs11086984,T,C,0.1514, || id:ebi-a-GCST90001804,TRUE,reported,igd
1.31801e-07,0.03012,44949039,20,3657,-0.1592,ebi-a-GCST90001804,rs12625834,A,G,0.213, || id:ebi-a-GCST90001804,TRUE,reported,igd
6.20869e-147,0.02368,44746982,20,3657,-0.6404,ebi-a-GCST90001804,rs1883832,C,T,0.6318, || id:ebi-a-GCST90001804,TRUE,reported,igd
5.02805e-11,0.02479,46785499,20,3657,-0.1634,ebi-a-GCST90001804,rs162076,A,G,0.555, || id:ebi-a-GCST90001804,TRUE,reported,igd
2.82299e-06,0.04643,45170213,20,3657,0.2178,ebi-a-GCST90001804,rs847078,G,A,0.0782, || id:ebi-a-GCST90001804,TRUE,reported,igd
