se.exposure,pos.exposure,beta.exposure,samplesize.exposure,pval.exposure,chr.exposure,id.exposure,SNP,effect_allele.exposure,other_allele.exposure,eaf.exposure,exposure,mr_keep.exposure,pval_origin.exposure,data_source.exposure
0.1752,6519453,-0.7877,3652,7.16193e-06,1,ebi-a-GCST90001633,rs116700304,A,G,0.0048, || id:ebi-a-GCST90001633,TRUE,reported,igd
0.07401,11524363,0.3374,3652,5.30994e-06,1,ebi-a-GCST90001633,rs113855303,A,C,0.0281, || id:ebi-a-GCST90001633,TRUE,reported,igd
0.0392,86018262,-0.1853,3652,2.36799e-06,2,ebi-a-GCST90001633,rs11676464,A,G,0.1088, || id:ebi-a-GCST90001633,TRUE,reported,igd
0.03158,98843446,0.1566,3652,7.44201e-07,2,ebi-a-GCST90001633,rs4500996,T,C,0.187, || id:ebi-a-GCST90001633,TRUE,reported,igd
0.1958,7451357,0.9023,3652,4.18004e-06,2,ebi-a-GCST90001633,rs139090356,G,A,0.0038, || id:ebi-a-GCST90001633,TRUE,reported,igd
0.03323,106910114,0.1478,3652,8.86401e-06,3,ebi-a-GCST90001633,rs62391967,C,G,0.1666, || id:ebi-a-GCST90001633,TRUE,reported,igd
0.08337,402147,-0.3842,3652,4.19798e-06,6,ebi-a-GCST90001633,rs145331774,T,C,0.0227, || id:ebi-a-GCST90001633,TRUE,reported,igd
0.0646,100468602,0.5556,3652,1.15691e-17,6,ebi-a-GCST90001633,rs79251210,A,G,0.0379, || id:ebi-a-GCST90001633,TRUE,reported,igd
0.05826,97889936,0.3428,3652,4.39602e-09,6,ebi-a-GCST90001633,rs9488834,A,G,0.0465, || id:ebi-a-GCST90001633,TRUE,reported,igd
0.1137,25330739,0.5462,3652,1.63301e-06,6,ebi-a-GCST90001633,rs111273508,A,G,0.0116, || id:ebi-a-GCST90001633,TRUE,reported,igd
0.0755,101980039,0.6679,3652,1.37911e-18,6,ebi-a-GCST90001633,rs117147408,G,A,0.0277, || id:ebi-a-GCST90001633,TRUE,reported,igd
0.05419,101417409,0.3487,3652,1.39601e-10,6,ebi-a-GCST90001633,rs115536607,T,C,0.0548, || id:ebi-a-GCST90001633,TRUE,reported,igd
0.034,10416638,0.1508,3652,9.42302e-06,6,ebi-a-GCST90001633,rs303054,T,G,0.1588, || id:ebi-a-GCST90001633,TRUE,reported,igd
0.02607,28913959,0.1197,3652,4.50599e-06,7,ebi-a-GCST90001633,rs6970303,C,T,0.346, || id:ebi-a-GCST90001633,TRUE,reported,igd
0.04589,4205974,-0.2049,3652,8.27104e-06,8,ebi-a-GCST90001633,rs34124324,G,A,0.0753, || id:ebi-a-GCST90001633,TRUE,reported,igd
0.02521,145057868,0.1277,3652,4.27396e-07,8,ebi-a-GCST90001633,rs11544989,G,A,0.613, || id:ebi-a-GCST90001633,TRUE,reported,igd
0.05214,54508949,0.2371,3652,5.62795e-06,10,ebi-a-GCST90001633,rs145682498,A,T,0.059, || id:ebi-a-GCST90001633,TRUE,reported,igd
0.3409,133227859,1.516,3652,8.91908e-06,10,ebi-a-GCST90001633,rs80109323,T,C,0.0012, || id:ebi-a-GCST90001633,TRUE,reported,igd
0.03268,99100867,-0.1466,3652,7.51606e-06,11,ebi-a-GCST90001633,rs10892953,G,A,0.1733, || id:ebi-a-GCST90001633,TRUE,reported,igd
0.03929,112751407,-0.3231,3652,2.69215e-16,11,ebi-a-GCST90001633,rs77738700,A,G,0.1069, || id:ebi-a-GCST90001633,TRUE,reported,igd
0.0387,10511923,-0.1793,3652,3.71099e-06,12,ebi-a-GCST90001633,rs73062743,T,C,0.1124, || id:ebi-a-GCST90001633,TRUE,reported,igd
0.03332,40673331,-0.1507,3652,6.34498e-06,13,ebi-a-GCST90001633,rs7323005,G,A,0.1584, || id:ebi-a-GCST90001633,TRUE,reported,igd
0.09391,66292007,0.4704,3652,5.70795e-07,14,ebi-a-GCST90001633,rs7152367,A,G,0.0167, || id:ebi-a-GCST90001633,TRUE,reported,igd
0.06915,102546027,0.3268,3652,2.37197e-06,14,ebi-a-GCST90001633,rs35840380,T,C,0.0342, || id:ebi-a-GCST90001633,TRUE,reported,igd
0.0699,33128801,-0.3314,3652,2.21202e-06,17,ebi-a-GCST90001633,rs7208329,T,C,0.0315, || id:ebi-a-GCST90001633,TRUE,reported,igd
0.03328,33773022,-0.1628,3652,1.041e-06,17,ebi-a-GCST90001633,rs7218011,G,A,0.1632, || id:ebi-a-GCST90001633,TRUE,reported,igd
0.02455,33797371,0.1472,3652,2.201e-09,17,ebi-a-GCST90001633,rs9916257,T,G,0.5685, || id:ebi-a-GCST90001633,TRUE,reported,igd
0.0248,17596144,-0.1143,3652,4.22698e-06,19,ebi-a-GCST90001633,rs62126783,A,G,0.4225, || id:ebi-a-GCST90001633,TRUE,reported,igd
0.02717,15274585,0.1224,3652,6.844e-06,21,ebi-a-GCST90001633,rs62210845,A,G,0.6105, || id:ebi-a-GCST90001633,TRUE,reported,igd
0.02807,45423006,0.1305,3652,3.45502e-06,21,ebi-a-GCST90001633,rs8131290,T,A,0.2848, || id:ebi-a-GCST90001633,TRUE,reported,igd
