pval.exposure,chr.exposure,se.exposure,samplesize.exposure,beta.exposure,pos.exposure,id.exposure,SNP,effect_allele.exposure,other_allele.exposure,eaf.exposure,exposure,mr_keep.exposure,pval_origin.exposure,data_source.exposure
8.81901e-09,1,0.1731,3440,0.9979,197924770,ebi-a-GCST90001689,rs17583875,A,G,0.0029, || id:ebi-a-GCST90001689,TRUE,reported,igd
7.68299e-06,1,0.06514,3440,0.2919,193505625,ebi-a-GCST90001689,rs60220946,T,C,0.0212, || id:ebi-a-GCST90001689,TRUE,reported,igd
1.52901e-07,1,0.02451,3440,-0.1289,114687316,ebi-a-GCST90001689,rs2629824,G,A,0.8225, || id:ebi-a-GCST90001689,TRUE,reported,igd
5.60506e-06,1,0.08986,3440,0.4087,235096612,ebi-a-GCST90001689,rs2802930,T,C,0.9894, || id:ebi-a-GCST90001689,TRUE,reported,igd
3.52598e-07,2,0.1012,3440,0.5165,103587624,ebi-a-GCST90001689,rs76668354,G,C,0.0089, || id:ebi-a-GCST90001689,TRUE,reported,igd
2.22998e-07,2,0.01985,3440,-0.103,237034061,ebi-a-GCST90001689,rs1064086,A,G,0.3275, || id:ebi-a-GCST90001689,TRUE,reported,igd
2.69699e-06,2,0.7519,3440,3.535,120215812,ebi-a-GCST90001689,rs146741472,A,G,1e-04, || id:ebi-a-GCST90001689,TRUE,reported,igd
2.49799e-07,2,0.01981,3440,0.1024,38925155,ebi-a-GCST90001689,rs11896593,C,G,0.3703, || id:ebi-a-GCST90001689,TRUE,reported,igd
9.45606e-06,2,1.527,3440,6.774,53872294,ebi-a-GCST90001689,rs115077170,G,T,NA, || id:ebi-a-GCST90001689,TRUE,reported,igd
6.09705e-06,3,0.1025,3440,0.4644,59914042,ebi-a-GCST90001689,rs76313555,T,C,0.0083, || id:ebi-a-GCST90001689,TRUE,reported,igd
6.23204e-06,3,1.224,3440,5.539,170169608,ebi-a-GCST90001689,rs146985291,G,A,1e-04, || id:ebi-a-GCST90001689,TRUE,reported,igd
1.21099e-06,4,0.1043,3440,0.5074,25610903,ebi-a-GCST90001689,rs10025910,T,C,0.0074, || id:ebi-a-GCST90001689,TRUE,reported,igd
1.00399e-06,4,0.3069,3440,1.504,154029285,ebi-a-GCST90001689,rs149655274,T,C,0.0012, || id:ebi-a-GCST90001689,TRUE,reported,igd
4.72596e-06,4,0.327,3440,-1.499,183402200,ebi-a-GCST90001689,rs79638560,A,C,9e-04, || id:ebi-a-GCST90001689,TRUE,reported,igd
5.68696e-06,4,0.5078,3440,-2.308,152131193,ebi-a-GCST90001689,rs72723766,C,T,3e-04, || id:ebi-a-GCST90001689,TRUE,reported,igd
3.133e-06,4,1.876,3440,8.759,83970127,ebi-a-GCST90001689,rs112471936,A,T,NA, || id:ebi-a-GCST90001689,TRUE,reported,igd
9.85689e-06,6,2.031,3440,8.992,136193347,ebi-a-GCST90001689,rs76619353,C,T,NA, || id:ebi-a-GCST90001689,TRUE,reported,igd
4.43997e-06,6,0.3243,3440,1.491,148775706,ebi-a-GCST90001689,rs117475733,T,C,4e-04, || id:ebi-a-GCST90001689,TRUE,reported,igd
3.44096e-06,6,0.02302,3440,0.107,31395062,ebi-a-GCST90001689,rs114559146,C,G,0.4567, || id:ebi-a-GCST90001689,TRUE,reported,igd
5.68696e-07,6,0.02335,3440,-0.117,29947740,ebi-a-GCST90001689,rs9260902,C,T,0.4702, || id:ebi-a-GCST90001689,TRUE,reported,igd
6.16098e-06,6,1.722,3440,7.798,24745313,ebi-a-GCST90001689,rs116767883,T,C,NA, || id:ebi-a-GCST90001689,TRUE,reported,igd
5.72796e-06,6,0.6699,3440,3.043,93203850,ebi-a-GCST90001689,rs117403703,C,T,1e-04, || id:ebi-a-GCST90001689,TRUE,reported,igd
1.72799e-06,7,0.03129,3440,-0.1499,31164655,ebi-a-GCST90001689,rs9792050,T,G,0.8994, || id:ebi-a-GCST90001689,TRUE,reported,igd
1.52799e-06,7,0.04107,3440,0.1978,146469943,ebi-a-GCST90001689,rs10242630,A,G,0.0541, || id:ebi-a-GCST90001689,TRUE,reported,igd
1.23299e-06,7,0.8797,3440,4.274,124954943,ebi-a-GCST90001689,rs182236332,G,A,1e-04, || id:ebi-a-GCST90001689,TRUE,reported,igd
4.41804e-07,7,0.6966,3440,3.525,92791863,ebi-a-GCST90001689,rs184082746,C,T,1e-04, || id:ebi-a-GCST90001689,TRUE,reported,igd
1.75102e-06,7,0.0389,3440,0.1863,8326430,ebi-a-GCST90001689,rs73061672,A,T,0.0637, || id:ebi-a-GCST90001689,TRUE,reported,igd
9.13503e-06,7,0.3204,3440,1.424,28687227,ebi-a-GCST90001689,rs141596789,C,G,9e-04, || id:ebi-a-GCST90001689,TRUE,reported,igd
5.88695e-07,9,0.0202,3440,0.1011,137165566,ebi-a-GCST90001689,rs34752208,A,G,0.325, || id:ebi-a-GCST90001689,TRUE,reported,igd
9.438e-06,9,0.01914,3440,0.0849,16904641,ebi-a-GCST90001689,rs7033084,T,C,0.5055, || id:ebi-a-GCST90001689,TRUE,reported,igd
5.79802e-06,9,0.07921,3440,0.3597,114588604,ebi-a-GCST90001689,rs62572596,T,C,0.0157, || id:ebi-a-GCST90001689,TRUE,reported,igd
8.65605e-06,12,0.3446,3440,1.535,123513519,ebi-a-GCST90001689,rs76014368,T,C,7e-04, || id:ebi-a-GCST90001689,TRUE,reported,igd
7.77804e-06,12,0.02544,3440,0.1139,17367587,ebi-a-GCST90001689,rs10840675,T,C,0.1624, || id:ebi-a-GCST90001689,TRUE,reported,igd
5.92393e-07,12,0.6538,3440,3.271,55672838,ebi-a-GCST90001689,rs112258643,T,C,1e-04, || id:ebi-a-GCST90001689,TRUE,reported,igd
5.45595e-06,13,0.02447,3440,0.1114,114096507,ebi-a-GCST90001689,rs9577271,G,A,0.1812, || id:ebi-a-GCST90001689,TRUE,reported,igd
8.04507e-06,14,0.02264,3440,0.1012,82062494,ebi-a-GCST90001689,rs28576084,G,T,0.2205, || id:ebi-a-GCST90001689,TRUE,reported,igd
1.59801e-06,15,0.01853,3440,0.08909,99398708,ebi-a-GCST90001689,rs1879612,C,T,0.4751, || id:ebi-a-GCST90001689,TRUE,reported,igd
3.11702e-06,15,0.1301,3440,0.6077,62991760,ebi-a-GCST90001689,rs28460753,A,G,0.0048, || id:ebi-a-GCST90001689,TRUE,reported,igd
6.42096e-06,17,0.1087,3440,0.4914,57361218,ebi-a-GCST90001689,rs143788880,A,G,0.0074, || id:ebi-a-GCST90001689,TRUE,reported,igd
9.90992e-06,17,0.2682,3440,1.187,76213606,ebi-a-GCST90001689,rs139580802,T,C,0.001, || id:ebi-a-GCST90001689,TRUE,reported,igd
2.23398e-06,17,0.02031,3440,-0.09624,41759061,ebi-a-GCST90001689,rs5011724,C,T,0.3209, || id:ebi-a-GCST90001689,TRUE,reported,igd
4.84697e-06,19,2.391,3440,10.95,8271140,ebi-a-GCST90001689,rs188748536,C,T,NA, || id:ebi-a-GCST90001689,TRUE,reported,igd
9.71695e-06,19,0.03911,3440,-0.1733,57281224,ebi-a-GCST90001689,rs1978254,A,G,0.0592, || id:ebi-a-GCST90001689,TRUE,reported,igd
6.04296e-06,20,0.9121,3440,4.134,57132122,ebi-a-GCST90001689,rs145827119,T,C,1e-04, || id:ebi-a-GCST90001689,TRUE,reported,igd
