se.exposure,samplesize.exposure,chr.exposure,pval.exposure,beta.exposure,pos.exposure,id.exposure,SNP,effect_allele.exposure,other_allele.exposure,eaf.exposure,exposure,mr_keep.exposure,pval_origin.exposure,data_source.exposure
0.1153,3652,2,8.46701e-06,0.5142,222901838,ebi-a-GCST90001596,rs192222368,T,C,0.0112, || id:ebi-a-GCST90001596,TRUE,reported,igd
0.0529,3652,2,1.60498e-06,0.2542,123656927,ebi-a-GCST90001596,rs1554808,G,T,0.0535, || id:ebi-a-GCST90001596,TRUE,reported,igd
0.03849,3652,2,1.373e-06,-0.1862,86018262,ebi-a-GCST90001596,rs11676464,A,G,0.1088, || id:ebi-a-GCST90001596,TRUE,reported,igd
0.1925,3652,2,5.35895e-06,0.8772,7451357,ebi-a-GCST90001596,rs139090356,G,A,0.0038, || id:ebi-a-GCST90001596,TRUE,reported,igd
0.02706,3652,4,6.43606e-06,0.1223,8280496,ebi-a-GCST90001596,rs4438746,T,C,0.7193, || id:ebi-a-GCST90001596,TRUE,reported,igd
0.07183,3652,5,6.10604e-06,0.3254,8374588,ebi-a-GCST90001596,rs60409696,T,C,0.0301, || id:ebi-a-GCST90001596,TRUE,reported,igd
0.02537,3652,5,1.238e-06,-0.1232,36473128,ebi-a-GCST90001596,rs2937553,G,A,0.6669, || id:ebi-a-GCST90001596,TRUE,reported,igd
0.06881,3652,6,5.81795e-06,0.3124,123644770,ebi-a-GCST90001596,rs72974644,A,G,0.0301, || id:ebi-a-GCST90001596,TRUE,reported,igd
0.03746,3652,6,9.7389e-06,0.1659,99300812,ebi-a-GCST90001596,rs72936510,A,T,0.116, || id:ebi-a-GCST90001596,TRUE,reported,igd
0.07016,3652,6,8.63376e-12,0.4806,102294761,ebi-a-GCST90001596,rs139249541,G,A,0.0316, || id:ebi-a-GCST90001596,TRUE,reported,igd
0.1116,3652,6,1.45902e-07,0.5877,25330739,ebi-a-GCST90001596,rs111273508,A,G,0.0116, || id:ebi-a-GCST90001596,TRUE,reported,igd
0.06368,3652,6,2.86682e-11,0.425,100468602,ebi-a-GCST90001596,rs79251210,A,G,0.0379, || id:ebi-a-GCST90001596,TRUE,reported,igd
0.05797,3652,8,8.93408e-06,-0.2579,133899160,ebi-a-GCST90001596,rs180222,G,C,0.0434, || id:ebi-a-GCST90001596,TRUE,reported,igd
0.04095,3652,10,8.78901e-06,0.1823,72360387,ebi-a-GCST90001596,rs35947132,A,G,0.0945, || id:ebi-a-GCST90001596,TRUE,reported,igd
0.08664,3652,10,6.54094e-06,0.3911,52148920,ebi-a-GCST90001596,rs74508088,T,C,0.02, || id:ebi-a-GCST90001596,TRUE,reported,igd
0.03918,3652,10,5.52001e-06,-0.1783,110358510,ebi-a-GCST90001596,rs34562168,C,T,0.1102, || id:ebi-a-GCST90001596,TRUE,reported,igd
0.335,3652,10,1.10601e-06,1.635,133227859,ebi-a-GCST90001596,rs80109323,T,C,0.0012, || id:ebi-a-GCST90001596,TRUE,reported,igd
0.05119,3652,10,4.45e-06,0.2353,54508949,ebi-a-GCST90001596,rs145682498,A,T,0.059, || id:ebi-a-GCST90001596,TRUE,reported,igd
0.05857,3652,11,7.34294e-06,0.263,33183043,ebi-a-GCST90001596,rs112072415,A,T,0.046, || id:ebi-a-GCST90001596,TRUE,reported,igd
0.1232,3652,12,6.41697e-06,0.5569,32558024,ebi-a-GCST90001596,rs2733684,T,C,0.0092, || id:ebi-a-GCST90001596,TRUE,reported,igd
0.09226,3652,14,3.83204e-06,0.4269,66292007,ebi-a-GCST90001596,rs7152367,A,G,0.0167, || id:ebi-a-GCST90001596,TRUE,reported,igd
0.4593,3652,15,7.71792e-06,2.057,101232186,ebi-a-GCST90001596,rs62020708,G,A,7e-04, || id:ebi-a-GCST90001596,TRUE,reported,igd
0.1125,3652,16,5.09601e-06,0.5136,8346489,ebi-a-GCST90001596,rs149916994,T,G,0.0114, || id:ebi-a-GCST90001596,TRUE,reported,igd
0.0331,3652,17,2.38402e-06,-0.1564,33769883,ebi-a-GCST90001596,rs11652532,A,G,0.1574, || id:ebi-a-GCST90001596,TRUE,reported,igd
0.02395,3652,17,2.41102e-08,0.1339,33796260,ebi-a-GCST90001596,rs9916629,C,T,0.5122, || id:ebi-a-GCST90001596,TRUE,reported,igd
0.07739,3652,19,7.703e-06,0.3467,3059754,ebi-a-GCST90001596,rs12185529,A,G,0.0242, || id:ebi-a-GCST90001596,TRUE,reported,igd
0.0554,3652,19,2.32199e-07,0.287,17901533,ebi-a-GCST90001596,rs111748563,G,A,0.0493, || id:ebi-a-GCST90001596,TRUE,reported,igd
0.02672,3652,21,5.60196e-06,0.1215,15274585,ebi-a-GCST90001596,rs62210845,A,G,0.6105, || id:ebi-a-GCST90001596,TRUE,reported,igd
