chr.exposure,pval.exposure,se.exposure,pos.exposure,beta.exposure,samplesize.exposure,id.exposure,SNP,effect_allele.exposure,other_allele.exposure,eaf.exposure,exposure,mr_keep.exposure,pval_origin.exposure,data_source.exposure
1,9.90011e-06,0.03852,11891626,0.1705,3656,ebi-a-GCST90001821,rs74720509,G,A,0.1176, || id:ebi-a-GCST90001821,TRUE,reported,igd
2,6.90192e-06,0.02653,151000647,-0.1195,3656,ebi-a-GCST90001821,rs72871227,T,C,0.3188, || id:ebi-a-GCST90001821,TRUE,reported,igd
2,4.33701e-06,0.02869,106511846,-0.132,3656,ebi-a-GCST90001821,rs933793,C,T,0.2496, || id:ebi-a-GCST90001821,TRUE,reported,igd
3,4.26305e-07,0.1669,51971998,-0.8453,3656,ebi-a-GCST90001821,rs139357193,A,C,0.0059, || id:ebi-a-GCST90001821,TRUE,reported,igd
3,5.52205e-06,0.07982,74511065,-0.3632,3656,ebi-a-GCST90001821,rs13096753,T,C,0.0248, || id:ebi-a-GCST90001821,TRUE,reported,igd
6,5.35797e-06,0.05827,29459769,-0.2655,3656,ebi-a-GCST90001821,rs56783728,G,C,0.0588, || id:ebi-a-GCST90001821,TRUE,reported,igd
6,2.80802e-07,0.02848,27064275,-0.1466,3656,ebi-a-GCST90001821,rs9467989,T,C,0.3773, || id:ebi-a-GCST90001821,TRUE,reported,igd
6,4.30695e-06,0.02578,43950453,0.1186,3656,ebi-a-GCST90001821,rs4416670,C,T,0.3751, || id:ebi-a-GCST90001821,TRUE,reported,igd
7,6.85804e-10,0.02512,40094641,0.1554,3656,ebi-a-GCST90001821,rs9639820,G,A,0.3917, || id:ebi-a-GCST90001821,TRUE,reported,igd
9,4.26501e-06,0.04719,100886920,-0.2173,3656,ebi-a-GCST90001821,rs41274268,T,C,0.0781, || id:ebi-a-GCST90001821,TRUE,reported,igd
9,5.03002e-06,0.03281,130793178,-0.15,3656,ebi-a-GCST90001821,rs10987840,G,A,0.1742, || id:ebi-a-GCST90001821,TRUE,reported,igd
10,2.83602e-07,0.09125,84605536,-0.4694,3656,ebi-a-GCST90001821,rs72819694,T,C,0.0185, || id:ebi-a-GCST90001821,TRUE,reported,igd
10,5.65601e-06,0.06411,12691374,-0.2914,3656,ebi-a-GCST90001821,rs78102093,G,A,0.0406, || id:ebi-a-GCST90001821,TRUE,reported,igd
12,5.38605e-06,0.02881,128804435,0.1313,3656,ebi-a-GCST90001821,rs2398397,A,G,0.2478, || id:ebi-a-GCST90001821,TRUE,reported,igd
13,9.50802e-06,0.05406,60244803,-0.2397,3656,ebi-a-GCST90001821,rs11841715,G,A,0.0576, || id:ebi-a-GCST90001821,TRUE,reported,igd
14,3.97e-06,0.02669,104053764,-0.1233,3656,ebi-a-GCST90001821,rs2403197,T,C,0.3137, || id:ebi-a-GCST90001821,TRUE,reported,igd
14,1.88699e-06,0.0298,105877057,-0.1422,3656,ebi-a-GCST90001821,rs56112295,T,C,0.2211, || id:ebi-a-GCST90001821,TRUE,reported,igd
14,3.22203e-09,0.0731,106644507,0.4338,3656,ebi-a-GCST90001821,rs28723652,A,C,0.0442, || id:ebi-a-GCST90001821,TRUE,reported,igd
14,1.008e-07,0.04471,105277950,-0.2386,3656,ebi-a-GCST90001821,rs72715996,A,G,0.0863, || id:ebi-a-GCST90001821,TRUE,reported,igd
14,4.57088e-103,0.02979,106306841,-0.6633,3656,ebi-a-GCST90001821,rs709589,T,C,0.4557, || id:ebi-a-GCST90001821,TRUE,reported,igd
15,6.32004e-06,0.09751,87829544,-0.4409,3656,ebi-a-GCST90001821,rs78844770,T,G,0.0161, || id:ebi-a-GCST90001821,TRUE,reported,igd
15,5.69902e-16,0.02492,40856113,-0.2027,3656,ebi-a-GCST90001821,rs28634695,A,G,0.408, || id:ebi-a-GCST90001821,TRUE,reported,igd
15,9.19496e-06,0.02511,63277356,0.1115,3656,ebi-a-GCST90001821,rs719611,C,T,0.5661, || id:ebi-a-GCST90001821,TRUE,reported,igd
16,9.14808e-06,0.1584,55222535,-0.7038,3656,ebi-a-GCST90001821,rs142302290,A,G,0.0064, || id:ebi-a-GCST90001821,TRUE,reported,igd
17,6.58415e-11,0.02494,62021003,-0.1633,3656,ebi-a-GCST90001821,rs35501848,T,G,0.4878, || id:ebi-a-GCST90001821,TRUE,reported,igd
17,9.59798e-06,0.02637,3828702,0.1169,3656,ebi-a-GCST90001821,rs887387,C,T,0.3256, || id:ebi-a-GCST90001821,TRUE,reported,igd
17,1.19801e-06,0.06818,78954840,0.3316,3656,ebi-a-GCST90001821,rs117797158,A,G,0.0351, || id:ebi-a-GCST90001821,TRUE,reported,igd
19,7.88206e-06,0.03784,28481413,0.1693,3656,ebi-a-GCST90001821,rs2061780,A,G,0.8772, || id:ebi-a-GCST90001821,TRUE,reported,igd
22,3.79201e-06,0.077,34855476,0.3565,3656,ebi-a-GCST90001821,rs71314904,A,G,0.0272, || id:ebi-a-GCST90001821,TRUE,reported,igd
22,5.95594e-06,0.02579,49098031,-0.117,3656,ebi-a-GCST90001821,rs28523633,C,A,0.359, || id:ebi-a-GCST90001821,TRUE,reported,igd
