samplesize.exposure,beta.exposure,pval.exposure,se.exposure,pos.exposure,chr.exposure,id.exposure,SNP,effect_allele.exposure,other_allele.exposure,eaf.exposure,exposure,mr_keep.exposure,pval_origin.exposure,data_source.exposure
3410,-0.1661,6.55798e-06,0.0368,115108914,1,ebi-a-GCST90001469,rs6537835,A,G,0.8488, || id:ebi-a-GCST90001469,TRUE,reported,igd
3410,-0.4263,5.29176e-27,0.03928,161561151,1,ebi-a-GCST90001469,rs74341264,A,G,0.1218, || id:ebi-a-GCST90001469,TRUE,reported,igd
3410,0.3059,1.48102e-06,0.06344,161035780,1,ebi-a-GCST90001469,rs147678401,A,G,0.0437, || id:ebi-a-GCST90001469,TRUE,reported,igd
3410,0.2273,7.51208e-07,0.04585,192566347,1,ebi-a-GCST90001469,rs34558449,C,G,0.0846, || id:ebi-a-GCST90001469,TRUE,reported,igd
3410,0.7929,1.00501e-09,0.1294,160972255,1,ebi-a-GCST90001469,rs143140559,T,C,0.0094, || id:ebi-a-GCST90001469,TRUE,reported,igd
3410,0.1995,8.32492e-06,0.04469,162920561,1,ebi-a-GCST90001469,rs17438107,T,A,0.0919, || id:ebi-a-GCST90001469,TRUE,reported,igd
3410,0.8232,8.531e-178,0.02725,161526397,1,ebi-a-GCST90001469,rs71632979,G,A,0.2447, || id:ebi-a-GCST90001469,TRUE,reported,igd
3410,0.4169,5.85868e-16,0.05126,161937774,1,ebi-a-GCST90001469,rs71639910,A,G,0.0688, || id:ebi-a-GCST90001469,TRUE,reported,igd
3410,-0.2427,4.04297e-06,0.05258,4613050,2,ebi-a-GCST90001469,rs10779896,T,A,0.0632, || id:ebi-a-GCST90001469,TRUE,reported,igd
3410,-1.817,8.18295e-06,0.4068,55606125,3,ebi-a-GCST90001469,rs143586943,A,G,0.001, || id:ebi-a-GCST90001469,TRUE,reported,igd
3410,-1.124,2.83903e-06,0.2398,189220585,3,ebi-a-GCST90001469,rs16864449,G,A,0.0026, || id:ebi-a-GCST90001469,TRUE,reported,igd
3410,0.1393,3.94103e-06,0.03014,45440721,3,ebi-a-GCST90001469,rs17637703,G,A,0.2437, || id:ebi-a-GCST90001469,TRUE,reported,igd
3410,-1.019,2.733e-06,0.2169,3387723,4,ebi-a-GCST90001469,rs530300575,G,A,0.0038, || id:ebi-a-GCST90001469,TRUE,reported,igd
3410,0.1382,2.524e-07,0.02676,43118540,4,ebi-a-GCST90001469,rs62300075,C,A,0.3707, || id:ebi-a-GCST90001469,TRUE,reported,igd
3410,1.34,3.67502e-06,0.289,81660130,6,ebi-a-GCST90001469,rs75220521,G,T,0.0023, || id:ebi-a-GCST90001469,TRUE,reported,igd
3410,0.2018,9.14092e-06,0.04542,134645623,9,ebi-a-GCST90001469,rs3012723,C,T,0.9157, || id:ebi-a-GCST90001469,TRUE,reported,igd
3410,-0.748,9.20407e-06,0.1684,138681023,9,ebi-a-GCST90001469,rs181905377,T,C,0.0056, || id:ebi-a-GCST90001469,TRUE,reported,igd
3410,-0.3397,8.40795e-06,0.07614,5480718,11,ebi-a-GCST90001469,rs149812305,C,T,0.0271, || id:ebi-a-GCST90001469,TRUE,reported,igd
3410,0.273,1.82201e-06,0.05712,19877912,11,ebi-a-GCST90001469,rs116910026,T,C,0.0512, || id:ebi-a-GCST90001469,TRUE,reported,igd
3410,-0.1337,8.52393e-06,0.02998,108719667,12,ebi-a-GCST90001469,rs7300606,C,T,0.7405, || id:ebi-a-GCST90001469,TRUE,reported,igd
3410,-0.1278,7.75104e-06,0.02853,95043651,13,ebi-a-GCST90001469,rs6492701,C,A,0.7111, || id:ebi-a-GCST90001469,TRUE,reported,igd
3410,0.2287,9.50802e-06,0.05156,88587741,14,ebi-a-GCST90001469,rs7148140,G,C,0.0682, || id:ebi-a-GCST90001469,TRUE,reported,igd
3410,-0.1776,7.44698e-06,0.03958,73029609,14,ebi-a-GCST90001469,rs17780615,T,C,0.1226, || id:ebi-a-GCST90001469,TRUE,reported,igd
3410,1.099,4.39602e-06,0.2389,67410088,15,ebi-a-GCST90001469,rs72743439,T,C,0.0031, || id:ebi-a-GCST90001469,TRUE,reported,igd
3410,0.4063,7.39997e-06,0.09051,80291652,17,ebi-a-GCST90001469,rs116473040,G,A,0.0198, || id:ebi-a-GCST90001469,TRUE,reported,igd
3410,-0.1514,6.94592e-07,0.03046,48474288,22,ebi-a-GCST90001469,rs5767014,C,T,0.7776, || id:ebi-a-GCST90001469,TRUE,reported,igd
