chr.exposure,beta.exposure,pos.exposure,pval.exposure,samplesize.exposure,se.exposure,id.exposure,SNP,effect_allele.exposure,other_allele.exposure,eaf.exposure,exposure,mr_keep.exposure,pval_origin.exposure,data_source.exposure
1,-1.102,26723064,9.3901e-06,3657,0.2484,ebi-a-GCST90001789,rs140813228,A,G,0.0022, || id:ebi-a-GCST90001789,TRUE,reported,igd
2,0.7308,119062858,8.23702e-06,3657,0.1637,ebi-a-GCST90001789,rs191775575,T,C,0.0052, || id:ebi-a-GCST90001789,TRUE,reported,igd
2,-0.1691,71977094,2.79602e-06,3657,0.03604,ebi-a-GCST90001789,rs1816221,C,G,0.1351, || id:ebi-a-GCST90001789,TRUE,reported,igd
2,0.1937,72182946,6.60998e-06,3657,0.04293,ebi-a-GCST90001789,rs112937432,T,C,0.09, || id:ebi-a-GCST90001789,TRUE,reported,igd
4,-0.1378,40187596,1.269e-07,3657,0.02604,ebi-a-GCST90001789,rs1397934,G,A,0.7003, || id:ebi-a-GCST90001789,TRUE,reported,igd
5,0.1969,178081193,7.41993e-06,3657,0.04387,ebi-a-GCST90001789,rs6866974,G,T,0.9177, || id:ebi-a-GCST90001789,TRUE,reported,igd
6,-0.1368,113707049,3.133e-06,3657,0.0293,ebi-a-GCST90001789,rs9372361,T,C,0.2246, || id:ebi-a-GCST90001789,TRUE,reported,igd
7,0.127,25590299,2.377e-06,3657,0.02688,ebi-a-GCST90001789,rs2999572,G,T,0.3095, || id:ebi-a-GCST90001789,TRUE,reported,igd
8,-0.5336,141253242,4.89204e-06,3657,0.1166,ebi-a-GCST90001789,rs142063706,A,T,0.0104, || id:ebi-a-GCST90001789,TRUE,reported,igd
9,-0.1698,95886051,3.69199e-09,3657,0.02871,ebi-a-GCST90001789,rs3793662,T,C,0.7759, || id:ebi-a-GCST90001789,TRUE,reported,igd
10,0.5286,6321360,1.00201e-06,3657,0.1079,ebi-a-GCST90001789,rs61839442,G,A,0.0129, || id:ebi-a-GCST90001789,TRUE,reported,igd
10,0.5734,6106621,9.24272e-48,3657,0.03893,ebi-a-GCST90001789,rs41294937,C,T,0.1075, || id:ebi-a-GCST90001789,TRUE,reported,igd
10,0.2184,6075831,9.24272e-18,3657,0.02531,ebi-a-GCST90001789,rs7078614,T,G,0.35, || id:ebi-a-GCST90001789,TRUE,reported,igd
10,0.5111,24537541,1.737e-06,3657,0.1067,ebi-a-GCST90001789,rs188753875,C,A,0.0129, || id:ebi-a-GCST90001789,TRUE,reported,igd
11,-0.1316,41231092,9.7699e-06,3657,0.02972,ebi-a-GCST90001789,rs11036291,G,A,0.2101, || id:ebi-a-GCST90001789,TRUE,reported,igd
13,-0.2799,85642896,2.50801e-06,3657,0.05936,ebi-a-GCST90001789,rs138920863,C,T,0.0458, || id:ebi-a-GCST90001789,TRUE,reported,igd
16,-0.2026,9444808,8.30596e-06,3657,0.04539,ebi-a-GCST90001789,rs72772213,G,C,0.0742, || id:ebi-a-GCST90001789,TRUE,reported,igd
17,-0.135,73885038,9.90307e-07,3657,0.02753,ebi-a-GCST90001789,rs8066711,A,G,0.2484, || id:ebi-a-GCST90001789,TRUE,reported,igd
17,-0.1093,77129985,9.19009e-06,3657,0.0246,ebi-a-GCST90001789,rs1795955,C,G,0.3916, || id:ebi-a-GCST90001789,TRUE,reported,igd
18,0.1478,2090450,1.60901e-06,3657,0.03076,ebi-a-GCST90001789,rs526811,T,C,0.8168, || id:ebi-a-GCST90001789,TRUE,reported,igd
18,0.1859,34917959,9.53696e-06,3657,0.04193,ebi-a-GCST90001789,rs536374,C,T,0.9055, || id:ebi-a-GCST90001789,TRUE,reported,igd
20,0.5235,33584197,7.89605e-06,3657,0.117,ebi-a-GCST90001789,rs61745051,T,C,0.0109, || id:ebi-a-GCST90001789,TRUE,reported,igd
20,-0.9879,50852063,2.98298e-06,3657,0.2111,ebi-a-GCST90001789,rs75727877,A,C,0.0034, || id:ebi-a-GCST90001789,TRUE,reported,igd
