pos.exposure,chr.exposure,pval.exposure,samplesize.exposure,se.exposure,beta.exposure,id.exposure,SNP,effect_allele.exposure,other_allele.exposure,eaf.exposure,exposure,mr_keep.exposure,pval_origin.exposure,data_source.exposure
166464476,1,3.82472e-13,2919,0.0384,-0.2802,ebi-a-GCST90001853,rs12138291,A,G,0.1482, || id:ebi-a-GCST90001853,TRUE,reported,igd
163328756,1,4.13e-06,2919,0.03767,0.1738,ebi-a-GCST90001853,rs12401936,G,A,0.1554, || id:ebi-a-GCST90001853,TRUE,reported,igd
168700134,1,7.25204e-08,2919,0.03044,-0.1644,ebi-a-GCST90001853,rs552999,A,C,0.7211, || id:ebi-a-GCST90001853,TRUE,reported,igd
118266529,1,9.26403e-06,2919,0.02745,-0.1219,ebi-a-GCST90001853,rs4396110,A,G,0.4239, || id:ebi-a-GCST90001853,TRUE,reported,igd
165314063,1,1.49799e-10,2919,0.07664,-0.4927,ebi-a-GCST90001853,rs35055340,T,C,0.0324, || id:ebi-a-GCST90001853,TRUE,reported,igd
234250218,1,9.98895e-06,2919,0.0319,-0.1412,ebi-a-GCST90001853,rs72758215,C,T,0.234, || id:ebi-a-GCST90001853,TRUE,reported,igd
167424924,1,7.26106e-122,2919,0.02511,0.6184,ebi-a-GCST90001853,rs2949661,T,C,0.4466, || id:ebi-a-GCST90001853,TRUE,reported,igd
168306279,1,3.99402e-09,2919,0.1046,-0.6177,ebi-a-GCST90001853,rs114672530,A,G,0.0173, || id:ebi-a-GCST90001853,TRUE,reported,igd
90981869,7,7.15007e-06,2919,0.04962,0.2231,ebi-a-GCST90001853,rs4728966,G,A,0.0855, || id:ebi-a-GCST90001853,TRUE,reported,igd
156067251,7,4.41001e-06,2919,0.0996,-0.4581,ebi-a-GCST90001853,rs78694250,A,G,0.0204, || id:ebi-a-GCST90001853,TRUE,reported,igd
28514040,9,1.66802e-06,2919,0.06852,0.3289,ebi-a-GCST90001853,rs148303369,C,T,0.0408, || id:ebi-a-GCST90001853,TRUE,reported,igd
120364753,11,8.80197e-06,2919,0.2176,-0.9687,ebi-a-GCST90001853,rs141784254,G,A,0.0038, || id:ebi-a-GCST90001853,TRUE,reported,igd
30021259,11,6.60906e-06,2919,0.2792,1.26,ebi-a-GCST90001853,rs79041458,A,G,0.0021, || id:ebi-a-GCST90001853,TRUE,reported,igd
115363953,12,8.63396e-06,2919,0.02782,-0.124,ebi-a-GCST90001853,rs4767280,T,C,0.5266, || id:ebi-a-GCST90001853,TRUE,reported,igd
95185923,12,5.319e-06,2919,0.06391,-0.2914,ebi-a-GCST90001853,rs55740714,C,T,0.0546, || id:ebi-a-GCST90001853,TRUE,reported,igd
86146234,14,2.031e-06,2919,0.02961,0.141,ebi-a-GCST90001853,rs59684757,G,T,0.3282, || id:ebi-a-GCST90001853,TRUE,reported,igd
36111764,15,3.91498e-06,2919,0.0698,0.3228,ebi-a-GCST90001853,rs78043002,G,T,0.0397, || id:ebi-a-GCST90001853,TRUE,reported,igd
97334659,15,3.60197e-06,2919,0.0277,-0.1286,ebi-a-GCST90001853,rs8024202,A,G,0.3678, || id:ebi-a-GCST90001853,TRUE,reported,igd
17996315,16,3.24496e-06,2919,0.08115,0.3785,ebi-a-GCST90001853,rs59302791,T,C,0.0291, || id:ebi-a-GCST90001853,TRUE,reported,igd
52834997,16,2.49902e-06,2919,0.1993,-0.9401,ebi-a-GCST90001853,rs77724325,T,C,0.0045, || id:ebi-a-GCST90001853,TRUE,reported,igd
21944338,17,9.5801e-06,2919,0.06601,-0.2927,ebi-a-GCST90001853,rs138786273,A,G,0.0452, || id:ebi-a-GCST90001853,TRUE,reported,igd
37681268,21,8.9419e-06,2919,0.07928,0.3527,ebi-a-GCST90001853,rs142664794,T,C,0.0305, || id:ebi-a-GCST90001853,TRUE,reported,igd
