beta.exposure,pval.exposure,chr.exposure,se.exposure,pos.exposure,samplesize.exposure,id.exposure,SNP,effect_allele.exposure,other_allele.exposure,eaf.exposure,exposure,mr_keep.exposure,pval_origin.exposure,data_source.exposure
0.2296,6.29593e-06,1,0.05076,17595034,3660,ebi-a-GCST90001743,rs113371046,A,G,0.0638, || id:ebi-a-GCST90001743,TRUE,reported,igd
-0.1544,4.60702e-06,2,0.03365,81965038,3660,ebi-a-GCST90001743,rs79003098,A,T,0.1589, || id:ebi-a-GCST90001743,TRUE,reported,igd
0.3678,2.65302e-06,2,0.07821,178858731,3660,ebi-a-GCST90001743,rs187188344,G,C,0.0269, || id:ebi-a-GCST90001743,TRUE,reported,igd
0.4003,6.77096e-06,2,0.08882,125069044,3660,ebi-a-GCST90001743,rs78296478,A,C,0.0193, || id:ebi-a-GCST90001743,TRUE,reported,igd
-0.4658,1.008e-06,4,0.09509,113292746,3660,ebi-a-GCST90001743,rs75097128,G,A,0.0164, || id:ebi-a-GCST90001743,TRUE,reported,igd
0.1321,7.39095e-06,4,0.02942,62019413,3660,ebi-a-GCST90001743,rs13109614,G,A,0.2333, || id:ebi-a-GCST90001743,TRUE,reported,igd
0.2243,9.54289e-06,4,0.05059,137463130,3660,ebi-a-GCST90001743,rs28620974,C,G,0.0635, || id:ebi-a-GCST90001743,TRUE,reported,igd
0.4108,9.69996e-06,4,0.09274,43987474,3660,ebi-a-GCST90001743,rs73245560,C,T,0.0182, || id:ebi-a-GCST90001743,TRUE,reported,igd
-0.3406,4.52095e-06,5,0.07416,178957291,3660,ebi-a-GCST90001743,rs80155794,A,G,0.0266, || id:ebi-a-GCST90001743,TRUE,reported,igd
0.1183,2.969e-06,5,0.02527,161458204,3660,ebi-a-GCST90001743,rs3933208,A,T,0.4126, || id:ebi-a-GCST90001743,TRUE,reported,igd
0.3491,1.287e-06,5,0.07197,162820460,3660,ebi-a-GCST90001743,rs77612075,T,C,0.0292, || id:ebi-a-GCST90001743,TRUE,reported,igd
0.1332,8.01198e-07,6,0.02695,14091682,3660,ebi-a-GCST90001743,rs72836542,T,C,0.3163, || id:ebi-a-GCST90001743,TRUE,reported,igd
0.1481,4.43098e-06,6,0.03221,33082040,3660,ebi-a-GCST90001743,rs9277628,C,A,0.2042, || id:ebi-a-GCST90001743,TRUE,reported,igd
-1.641,5.55699e-06,6,0.3607,128547994,3660,ebi-a-GCST90001743,rs9375555,A,G,0.0011, || id:ebi-a-GCST90001743,TRUE,reported,igd
-0.1168,2.70701e-06,6,0.02485,14806317,3660,ebi-a-GCST90001743,rs233495,T,C,0.5585, || id:ebi-a-GCST90001743,TRUE,reported,igd
0.1648,3.50397e-07,6,0.03229,32198527,3660,ebi-a-GCST90001743,rs6901175,A,G,0.2235, || id:ebi-a-GCST90001743,TRUE,reported,igd
0.183,3.55304e-10,6,0.02909,32561370,3660,ebi-a-GCST90001743,rs35139284,T,C,0.401, || id:ebi-a-GCST90001743,TRUE,reported,igd
0.2121,3.01578e-11,6,0.03182,15913304,3660,ebi-a-GCST90001743,rs12212931,G,T,0.8197, || id:ebi-a-GCST90001743,TRUE,reported,igd
0.1513,7.13001e-07,6,0.03046,29878559,3660,ebi-a-GCST90001743,rs2975021,A,G,0.3522, || id:ebi-a-GCST90001743,TRUE,reported,igd
-0.1212,7.50499e-07,7,0.02446,40190449,3660,ebi-a-GCST90001743,rs388354,C,A,0.5205, || id:ebi-a-GCST90001743,TRUE,reported,igd
0.2626,9.44996e-06,9,0.05919,75768836,3660,ebi-a-GCST90001743,rs75071948,G,T,0.0452, || id:ebi-a-GCST90001743,TRUE,reported,igd
-0.1808,4.62914e-13,11,0.02489,60268994,3660,ebi-a-GCST90001743,rs1941018,G,A,0.6079, || id:ebi-a-GCST90001743,TRUE,reported,igd
1.055,5.64703e-06,11,0.232,99391820,3660,ebi-a-GCST90001743,rs143129208,G,A,0.0025, || id:ebi-a-GCST90001743,TRUE,reported,igd
-0.359,1.25199e-06,12,0.07394,32330242,3660,ebi-a-GCST90001743,rs11051833,T,C,0.0286, || id:ebi-a-GCST90001743,TRUE,reported,igd
0.2022,7.72592e-06,12,0.04515,47866824,3660,ebi-a-GCST90001743,rs4768810,T,C,0.0821, || id:ebi-a-GCST90001743,TRUE,reported,igd
-0.3019,2.064e-06,15,0.0635,86988686,3660,ebi-a-GCST90001743,rs6496328,T,C,0.0387, || id:ebi-a-GCST90001743,TRUE,reported,igd
-0.1367,3.51002e-06,15,0.02943,89600226,3660,ebi-a-GCST90001743,rs8025257,C,T,0.2286, || id:ebi-a-GCST90001743,TRUE,reported,igd
0.1996,1.12202e-11,19,0.0293,49841054,3660,ebi-a-GCST90001743,rs354026,T,G,0.7669, || id:ebi-a-GCST90001743,TRUE,reported,igd
