se.exposure,pval.exposure,chr.exposure,pos.exposure,beta.exposure,samplesize.exposure,id.exposure,SNP,effect_allele.exposure,other_allele.exposure,eaf.exposure,exposure,mr_keep.exposure,pval_origin.exposure,data_source.exposure
0.1365,5.56404e-07,1,229725893,-0.6843,3651,ebi-a-GCST90001786,rs35830739,A,C,0.0092, || id:ebi-a-GCST90001786,TRUE,reported,igd
0.02492,6.07995e-06,2,49699762,0.1129,3651,ebi-a-GCST90001786,rs13005268,G,C,0.4969, || id:ebi-a-GCST90001786,TRUE,reported,igd
0.03182,9.834e-06,2,61154510,0.1409,3651,ebi-a-GCST90001786,rs72807491,C,T,0.2004, || id:ebi-a-GCST90001786,TRUE,reported,igd
0.02642,5.34601e-06,4,40187596,-0.1204,3651,ebi-a-GCST90001786,rs1397934,G,A,0.6999, || id:ebi-a-GCST90001786,TRUE,reported,igd
0.03094,4.402e-06,4,102720551,0.1423,3651,ebi-a-GCST90001786,rs35979946,G,A,0.1988, || id:ebi-a-GCST90001786,TRUE,reported,igd
0.02571,3.408e-06,6,67249077,-0.1196,3651,ebi-a-GCST90001786,rs10806538,G,A,0.6476, || id:ebi-a-GCST90001786,TRUE,reported,igd
0.03936,9.48091e-06,7,49690154,-0.1746,3651,ebi-a-GCST90001786,rs181382386,A,G,0.11, || id:ebi-a-GCST90001786,TRUE,reported,igd
0.0244,6.31204e-06,9,133304189,0.1103,3651,ebi-a-GCST90001786,rs885063,T,C,0.4843, || id:ebi-a-GCST90001786,TRUE,reported,igd
0.07876,2.34401e-06,9,91520493,0.3724,3651,ebi-a-GCST90001786,rs111419261,A,G,0.024, || id:ebi-a-GCST90001786,TRUE,reported,igd
0.0356,2.85799e-06,10,126182752,0.1669,3651,ebi-a-GCST90001786,rs11245200,T,C,0.1304, || id:ebi-a-GCST90001786,TRUE,reported,igd
0.0403,3.50429e-15,10,6120173,0.3186,3651,ebi-a-GCST90001786,rs41295093,A,G,0.1067, || id:ebi-a-GCST90001786,TRUE,reported,igd
0.02726,7.69697e-06,10,6162476,-0.1221,3651,ebi-a-GCST90001786,rs4747882,T,A,0.7134, || id:ebi-a-GCST90001786,TRUE,reported,igd
0.04525,6.90701e-06,12,130450765,-0.2038,3651,ebi-a-GCST90001786,rs3886263,G,C,0.0798, || id:ebi-a-GCST90001786,TRUE,reported,igd
0.0248,3.87597e-07,13,43406556,0.1261,3651,ebi-a-GCST90001786,rs1570675,C,T,0.4593, || id:ebi-a-GCST90001786,TRUE,reported,igd
0.1386,8.19502e-06,14,51310988,0.619,3651,ebi-a-GCST90001786,rs117404788,A,G,0.0079, || id:ebi-a-GCST90001786,TRUE,reported,igd
0.03656,3.14601e-06,16,81916912,-0.1707,3651,ebi-a-GCST90001786,rs11548656,G,A,0.1289, || id:ebi-a-GCST90001786,TRUE,reported,igd
0.179,7.52593e-06,17,35618525,-0.8027,3651,ebi-a-GCST90001786,rs141670644,C,T,0.0047, || id:ebi-a-GCST90001786,TRUE,reported,igd
0.092,4.12202e-06,19,49487555,-0.4243,3651,ebi-a-GCST90001786,rs116540618,C,T,0.0178, || id:ebi-a-GCST90001786,TRUE,reported,igd
0.1645,2.88297e-06,19,17987864,-0.7709,3651,ebi-a-GCST90001786,rs10401190,T,G,0.0062, || id:ebi-a-GCST90001786,TRUE,reported,igd
0.02558,3.11172e-19,20,44746982,0.2306,3651,ebi-a-GCST90001786,rs1883832,C,T,0.6316, || id:ebi-a-GCST90001786,TRUE,reported,igd
0.02525,3.00497e-06,20,18208277,-0.1181,3651,ebi-a-GCST90001786,rs6034999,A,G,0.4199, || id:ebi-a-GCST90001786,TRUE,reported,igd
0.05958,4.923e-06,21,32810944,-0.2726,3651,ebi-a-GCST90001786,rs13049974,C,T,0.0479, || id:ebi-a-GCST90001786,TRUE,reported,igd
