pval.exposure,pos.exposure,samplesize.exposure,chr.exposure,beta.exposure,se.exposure,id.exposure,SNP,effect_allele.exposure,other_allele.exposure,eaf.exposure,exposure,mr_keep.exposure,pval_origin.exposure,data_source.exposure
7.30903e-06,29062427,1858,1,0.2212,0.04917,ebi-a-GCST90001521,rs17262293,A,G,0.1367, || id:ebi-a-GCST90001521,TRUE,reported,igd
4.31599e-07,35143865,1858,2,1.355,0.2671,ebi-a-GCST90001521,rs187359230,A,G,0.0038, || id:ebi-a-GCST90001521,TRUE,reported,igd
2.08901e-07,43688496,1858,2,0.1782,0.03421,ebi-a-GCST90001521,rs6544660,T,C,0.4451, || id:ebi-a-GCST90001521,TRUE,reported,igd
5.69403e-06,158761398,1858,2,0.4352,0.09563,ebi-a-GCST90001521,rs6720231,C,A,0.0307, || id:ebi-a-GCST90001521,TRUE,reported,igd
2.17601e-06,236068499,1858,2,-0.4851,0.1021,ebi-a-GCST90001521,rs76092047,C,T,0.0277, || id:ebi-a-GCST90001521,TRUE,reported,igd
1.54999e-06,41352496,1858,3,1.621,0.3364,ebi-a-GCST90001521,rs182987179,G,T,0.0024, || id:ebi-a-GCST90001521,TRUE,reported,igd
5.49402e-06,36058097,1858,4,0.1569,0.03443,ebi-a-GCST90001521,rs61797471,C,T,0.6122, || id:ebi-a-GCST90001521,TRUE,reported,igd
6.03004e-06,136462637,1858,4,0.3369,0.07424,ebi-a-GCST90001521,rs115038761,G,A,0.0541, || id:ebi-a-GCST90001521,TRUE,reported,igd
9.87598e-06,190745892,1858,4,0.4605,0.1039,ebi-a-GCST90001521,rs6844114,A,G,0.0269, || id:ebi-a-GCST90001521,TRUE,reported,igd
1.02901e-06,163124522,1858,5,0.173,0.03528,ebi-a-GCST90001521,rs12655500,A,G,0.3251, || id:ebi-a-GCST90001521,TRUE,reported,igd
3.04397e-08,112408670,1858,5,1.244,0.2236,ebi-a-GCST90001521,rs111231787,T,C,0.0057, || id:ebi-a-GCST90001521,TRUE,reported,igd
5.62704e-07,162155632,1858,6,0.3264,0.06501,ebi-a-GCST90001521,rs2982905,G,T,0.0705, || id:ebi-a-GCST90001521,TRUE,reported,igd
2.01999e-06,91006227,1858,6,0.1629,0.03418,ebi-a-GCST90001521,rs1504215,A,G,0.4249, || id:ebi-a-GCST90001521,TRUE,reported,igd
3.91904e-06,108801624,1858,7,-0.2597,0.0561,ebi-a-GCST90001521,rs6951925,T,G,0.9058, || id:ebi-a-GCST90001521,TRUE,reported,igd
9.85598e-06,4184036,1858,7,0.1502,0.03388,ebi-a-GCST90001521,rs625405,G,T,0.5853, || id:ebi-a-GCST90001521,TRUE,reported,igd
1.98198e-06,5338183,1858,8,1.402,0.294,ebi-a-GCST90001521,rs138834110,A,T,0.0032, || id:ebi-a-GCST90001521,TRUE,reported,igd
9.81703e-07,17952241,1858,9,-0.1645,0.03348,ebi-a-GCST90001521,rs2811828,C,T,0.4467, || id:ebi-a-GCST90001521,TRUE,reported,igd
6.86894e-06,117356979,1858,11,-0.1538,0.03409,ebi-a-GCST90001521,rs480590,C,T,0.4131, || id:ebi-a-GCST90001521,TRUE,reported,igd
2.064e-06,72634959,1858,14,-0.8814,0.1851,ebi-a-GCST90001521,rs72719861,A,G,0.0086, || id:ebi-a-GCST90001521,TRUE,reported,igd
2.78702e-06,81880726,1858,16,0.1857,0.03951,ebi-a-GCST90001521,rs12933012,G,C,0.2317, || id:ebi-a-GCST90001521,TRUE,reported,igd
9.105e-06,70578744,1858,17,0.1584,0.0356,ebi-a-GCST90001521,rs9912578,G,A,0.3173, || id:ebi-a-GCST90001521,TRUE,reported,igd
2.13201e-06,13088666,1858,18,0.6437,0.1354,ebi-a-GCST90001521,rs117734358,T,C,0.0156, || id:ebi-a-GCST90001521,TRUE,reported,igd
5.22998e-06,51728477,1858,19,-0.1839,0.04026,ebi-a-GCST90001521,rs12459419,T,C,0.2115, || id:ebi-a-GCST90001521,TRUE,reported,igd
4.917e-06,28098310,1858,19,-0.7418,0.1619,ebi-a-GCST90001521,rs73030477,A,G,0.014, || id:ebi-a-GCST90001521,TRUE,reported,igd
7.77893e-06,50983930,1858,19,-0.1576,0.03514,ebi-a-GCST90001521,rs10409679,T,C,0.6459, || id:ebi-a-GCST90001521,TRUE,reported,igd
7.84802e-06,57195149,1858,19,0.1688,0.03765,ebi-a-GCST90001521,rs740867,G,A,0.2718, || id:ebi-a-GCST90001521,TRUE,reported,igd
