samplesize.exposure,pos.exposure,pval.exposure,se.exposure,chr.exposure,beta.exposure,id.exposure,SNP,effect_allele.exposure,other_allele.exposure,eaf.exposure,exposure,mr_keep.exposure,pval_origin.exposure,data_source.exposure
3653,20838219,7.15698e-06,0.02432,1,0.1093,ebi-a-GCST90001642,rs490416,T,A,0.5371, || id:ebi-a-GCST90001642,TRUE,reported,igd
3653,95786229,7.19201e-06,0.04172,1,0.1875,ebi-a-GCST90001642,rs17113368,T,C,0.0965, || id:ebi-a-GCST90001642,TRUE,reported,igd
3653,82245693,5.99101e-06,0.03974,1,0.1802,ebi-a-GCST90001642,rs72941136,C,G,0.1043, || id:ebi-a-GCST90001642,TRUE,reported,igd
3653,99274418,8.12101e-06,0.02488,2,0.1112,ebi-a-GCST90001642,rs6750281,G,A,0.4294, || id:ebi-a-GCST90001642,TRUE,reported,igd
3653,16473863,8.78294e-06,0.02525,3,0.1124,ebi-a-GCST90001642,rs9883798,A,C,0.3603, || id:ebi-a-GCST90001642,TRUE,reported,igd
3653,8845344,7.30298e-07,0.02392,3,-0.1187,ebi-a-GCST90001642,rs2679580,G,A,0.5182, || id:ebi-a-GCST90001642,TRUE,reported,igd
3653,109048591,5.90799e-07,0.06652,4,-0.3328,ebi-a-GCST90001642,rs182527768,A,G,0.0342, || id:ebi-a-GCST90001642,TRUE,reported,igd
3653,167552605,3.30499e-06,0.02801,5,-0.1305,ebi-a-GCST90001642,rs1897558,C,A,0.2447, || id:ebi-a-GCST90001642,TRUE,reported,igd
3653,149268532,9.78003e-06,0.02807,5,0.1243,ebi-a-GCST90001642,rs13173982,A,G,0.2498, || id:ebi-a-GCST90001642,TRUE,reported,igd
3653,18686084,6.20197e-06,0.02565,5,-0.1161,ebi-a-GCST90001642,rs10052651,T,A,0.6789, || id:ebi-a-GCST90001642,TRUE,reported,igd
3653,170723710,7.22304e-06,0.03204,6,0.144,ebi-a-GCST90001642,rs9460146,C,T,0.8277, || id:ebi-a-GCST90001642,TRUE,reported,igd
3653,104445996,3.48401e-06,0.09774,6,-0.4542,ebi-a-GCST90001642,rs117693242,G,A,0.0159, || id:ebi-a-GCST90001642,TRUE,reported,igd
3653,147667242,6.96803e-06,0.06479,6,0.2916,ebi-a-GCST90001642,rs75270114,G,T,0.0371, || id:ebi-a-GCST90001642,TRUE,reported,igd
3653,119556485,3.68697e-06,0.02608,8,0.1209,ebi-a-GCST90001642,rs7834992,G,A,0.6731, || id:ebi-a-GCST90001642,TRUE,reported,igd
3653,130617819,3.312e-06,0.02725,8,-0.1269,ebi-a-GCST90001642,rs2395904,G,T,0.2658, || id:ebi-a-GCST90001642,TRUE,reported,igd
3653,118756021,1.213e-07,0.08473,9,0.4493,ebi-a-GCST90001642,rs73520180,C,T,0.0216, || id:ebi-a-GCST90001642,TRUE,reported,igd
3653,85456128,8.16808e-06,0.02869,10,-0.1282,ebi-a-GCST90001642,rs4933299,T,G,0.2278, || id:ebi-a-GCST90001642,TRUE,reported,igd
3653,116171120,7.03801e-08,0.1941,11,-1.048,ebi-a-GCST90001642,rs142089808,G,A,0.0037, || id:ebi-a-GCST90001642,TRUE,reported,igd
3653,67638132,2.377e-07,0.03578,12,0.1852,ebi-a-GCST90001642,rs58114937,G,A,0.1313, || id:ebi-a-GCST90001642,TRUE,reported,igd
3653,120533696,1.95898e-06,0.0364,12,-0.1735,ebi-a-GCST90001642,rs1057686,G,A,0.1291, || id:ebi-a-GCST90001642,TRUE,reported,igd
3653,108970631,1.834e-10,0.02404,13,0.1537,ebi-a-GCST90001642,rs12865434,G,A,0.4777, || id:ebi-a-GCST90001642,TRUE,reported,igd
3653,66304049,2.813e-06,0.02444,14,-0.1147,ebi-a-GCST90001642,rs11627066,T,C,0.4989, || id:ebi-a-GCST90001642,TRUE,reported,igd
3653,87692225,2.509e-07,0.02435,16,-0.1258,ebi-a-GCST90001642,rs7500855,T,C,0.5064, || id:ebi-a-GCST90001642,TRUE,reported,igd
3653,74980293,9.87302e-06,0.02915,17,-0.129,ebi-a-GCST90001642,rs7210666,C,T,0.2253, || id:ebi-a-GCST90001642,TRUE,reported,igd
3653,2718946,5.52497e-07,0.02419,17,-0.1213,ebi-a-GCST90001642,rs1966302,C,T,0.5591, || id:ebi-a-GCST90001642,TRUE,reported,igd
3653,38125346,1.34701e-07,0.02545,17,0.1344,ebi-a-GCST90001642,rs3894193,G,C,0.467, || id:ebi-a-GCST90001642,TRUE,reported,igd
3653,4353359,6.01506e-06,0.03926,17,0.1779,ebi-a-GCST90001642,rs35606919,G,T,0.1033, || id:ebi-a-GCST90001642,TRUE,reported,igd
3653,49836652,2.26199e-06,0.05507,17,0.2608,ebi-a-GCST90001642,rs62061834,C,T,0.0511, || id:ebi-a-GCST90001642,TRUE,reported,igd
3653,65360311,8.83507e-06,0.1301,18,-0.5791,ebi-a-GCST90001642,rs74390224,T,A,0.0086, || id:ebi-a-GCST90001642,TRUE,reported,igd
3653,10372310,5.95799e-06,0.0422,19,0.1913,ebi-a-GCST90001642,rs11666499,G,A,0.0884, || id:ebi-a-GCST90001642,TRUE,reported,igd
3653,56768215,9.16896e-06,0.02416,19,0.1073,ebi-a-GCST90001642,rs2033489,T,C,0.5761, || id:ebi-a-GCST90001642,TRUE,reported,igd
3653,38895000,8.01493e-06,0.03391,20,-0.1516,ebi-a-GCST90001642,rs5009526,G,A,0.1495, || id:ebi-a-GCST90001642,TRUE,reported,igd
3653,15364014,7.27998e-06,0.3457,21,-1.553,ebi-a-GCST90001642,rs144825213,A,G,0.0015, || id:ebi-a-GCST90001642,TRUE,reported,igd
3653,37746783,4.74002e-06,0.02972,22,-0.1362,ebi-a-GCST90001642,rs5756641,A,G,0.1993, || id:ebi-a-GCST90001642,TRUE,reported,igd
