samplesize.exposure,pos.exposure,chr.exposure,se.exposure,beta.exposure,pval.exposure,id.exposure,SNP,effect_allele.exposure,other_allele.exposure,eaf.exposure,exposure,mr_keep.exposure,pval_origin.exposure,data_source.exposure
3657,32472280,3,0.03197,-0.1486,3.498e-06,ebi-a-GCST90001795,rs6550133,C,T,0.1754, || id:ebi-a-GCST90001795,TRUE,reported,igd
3657,148899082,4,0.02576,0.115,8.26304e-06,ebi-a-GCST90001795,rs11099673,G,A,0.6442, || id:ebi-a-GCST90001795,TRUE,reported,igd
3657,80131532,5,0.06823,0.3147,4.11197e-06,ebi-a-GCST90001795,rs181825,A,G,0.0321, || id:ebi-a-GCST90001795,TRUE,reported,igd
3657,2350451,7,0.02762,0.1421,2.84001e-07,ebi-a-GCST90001795,rs4721574,A,G,0.2807, || id:ebi-a-GCST90001795,TRUE,reported,igd
3657,95886051,9,0.02917,-0.1557,9.9481e-08,ebi-a-GCST90001795,rs3793662,T,C,0.7759, || id:ebi-a-GCST90001795,TRUE,reported,igd
3657,18327215,9,0.03481,-0.1555,8.18107e-06,ebi-a-GCST90001795,rs4129608,G,A,0.1468, || id:ebi-a-GCST90001795,TRUE,reported,igd
3657,54503355,10,0.06985,0.3516,5.02505e-07,ebi-a-GCST90001795,rs117473115,T,C,0.0331, || id:ebi-a-GCST90001795,TRUE,reported,igd
3657,6115678,10,0.04016,0.2969,1.77787e-13,ebi-a-GCST90001795,rs62626323,A,C,0.1075, || id:ebi-a-GCST90001795,TRUE,reported,igd
3657,133280976,10,0.02718,-0.1303,1.69602e-06,ebi-a-GCST90001795,rs7899857,A,G,0.3033, || id:ebi-a-GCST90001795,TRUE,reported,igd
3657,113437313,11,0.09326,0.425,5.35106e-06,ebi-a-GCST90001795,rs34513850,G,A,0.0179, || id:ebi-a-GCST90001795,TRUE,reported,igd
3657,117287794,11,0.03126,-0.1399,7.79902e-06,ebi-a-GCST90001795,rs474490,G,T,0.8033, || id:ebi-a-GCST90001795,TRUE,reported,igd
3657,70398780,11,0.1834,0.8159,8.89508e-06,ebi-a-GCST90001795,rs76153918,T,C,0.0042, || id:ebi-a-GCST90001795,TRUE,reported,igd
3657,31514566,12,0.02508,-0.1156,4.20397e-06,ebi-a-GCST90001795,rs12822478,A,C,0.4841, || id:ebi-a-GCST90001795,TRUE,reported,igd
3657,107000655,13,0.06057,0.2699,8.58401e-06,ebi-a-GCST90001795,rs74709342,G,A,0.0425, || id:ebi-a-GCST90001795,TRUE,reported,igd
3657,22419220,13,0.08209,-0.3649,9.03899e-06,ebi-a-GCST90001795,rs148702440,A,G,0.023, || id:ebi-a-GCST90001795,TRUE,reported,igd
3657,22645864,13,0.07215,-0.3331,4.03497e-06,ebi-a-GCST90001795,rs61945276,A,G,0.0313, || id:ebi-a-GCST90001795,TRUE,reported,igd
3657,92357145,14,0.029,-0.1306,6.85693e-06,ebi-a-GCST90001795,rs876043,G,A,0.761, || id:ebi-a-GCST90001795,TRUE,reported,igd
3657,22787690,14,0.02506,-0.1156,4.12496e-06,ebi-a-GCST90001795,rs10047878,A,T,0.56, || id:ebi-a-GCST90001795,TRUE,reported,igd
3657,106306841,14,0.03114,-0.2255,5.40754e-13,ebi-a-GCST90001795,rs709589,T,C,0.4557, || id:ebi-a-GCST90001795,TRUE,reported,igd
3657,63642578,15,0.13,-0.5983,4.30804e-06,ebi-a-GCST90001795,rs151006498,T,C,0.0092, || id:ebi-a-GCST90001795,TRUE,reported,igd
3657,46608478,16,0.2849,1.298,5.34897e-06,ebi-a-GCST90001795,rs144997167,T,C,0.0019, || id:ebi-a-GCST90001795,TRUE,reported,igd
3657,1584719,18,0.07544,0.3598,1.92101e-06,ebi-a-GCST90001795,rs140685335,G,A,0.0276, || id:ebi-a-GCST90001795,TRUE,reported,igd
3657,52158206,19,0.274,-1.241,6.12294e-06,ebi-a-GCST90001795,rs78716865,T,C,0.0019, || id:ebi-a-GCST90001795,TRUE,reported,igd
