beta.exposure,chr.exposure,pos.exposure,samplesize.exposure,pval.exposure,se.exposure,id.exposure,SNP,effect_allele.exposure,other_allele.exposure,eaf.exposure,exposure,mr_keep.exposure,pval_origin.exposure,data_source.exposure
0.6358,1,198830942,3440,2.29699e-07,0.1227,ebi-a-GCST90001688,rs113116201,C,T,0.0047, || id:ebi-a-GCST90001688,TRUE,reported,igd
2.171,1,3301962,3440,2.29298e-06,0.4586,ebi-a-GCST90001688,rs78743764,A,C,3e-04, || id:ebi-a-GCST90001688,TRUE,reported,igd
1.818,1,187976146,3440,6.66392e-06,0.403,ebi-a-GCST90001688,rs145208064,T,C,4e-04, || id:ebi-a-GCST90001688,TRUE,reported,igd
6.643,1,216352525,3440,3.21603e-08,1.199,ebi-a-GCST90001688,rs12755474,G,A,1e-04, || id:ebi-a-GCST90001688,TRUE,reported,igd
1.943,1,58442574,3440,1.70899e-06,0.4052,ebi-a-GCST90001688,rs141357353,A,G,4e-04, || id:ebi-a-GCST90001688,TRUE,reported,igd
9.558,1,108485333,3440,6.531e-07,1.918,ebi-a-GCST90001688,rs192267028,T,A,NA, || id:ebi-a-GCST90001688,TRUE,reported,igd
3.122,1,159355851,3440,7.35699e-06,0.6954,ebi-a-GCST90001688,rs144593458,T,C,1e-04, || id:ebi-a-GCST90001688,TRUE,reported,igd
3.783,1,62672889,3440,1.62499e-08,0.6683,ebi-a-GCST90001688,rs142530179,G,A,1e-04, || id:ebi-a-GCST90001688,TRUE,reported,igd
4.52,1,232754676,3440,1.13399e-08,0.7897,ebi-a-GCST90001688,rs149023182,G,A,1e-04, || id:ebi-a-GCST90001688,TRUE,reported,igd
1.609,1,247120912,3440,1.064e-06,0.3292,ebi-a-GCST90001688,rs77458346,G,A,4e-04, || id:ebi-a-GCST90001688,TRUE,reported,igd
2.169,2,653215,3440,5.15502e-06,0.4751,ebi-a-GCST90001688,rs74926697,A,G,3e-04, || id:ebi-a-GCST90001688,TRUE,reported,igd
-0.08589,2,237035915,3440,1.66001e-06,0.0179,ebi-a-GCST90001688,rs7567302,G,C,0.3554, || id:ebi-a-GCST90001688,TRUE,reported,igd
2.141,2,52593468,3440,6.45907e-06,0.4738,ebi-a-GCST90001688,rs111275136,A,G,3e-04, || id:ebi-a-GCST90001688,TRUE,reported,igd
7.992,2,53872294,3440,1.36801e-08,1.404,ebi-a-GCST90001688,rs115077170,G,T,NA, || id:ebi-a-GCST90001688,TRUE,reported,igd
7.88,2,209734353,3440,1.57801e-06,1.638,ebi-a-GCST90001688,rs3923561,A,G,NA, || id:ebi-a-GCST90001688,TRUE,reported,igd
1.676,2,56230278,3440,3.44199e-06,0.3604,ebi-a-GCST90001688,rs79112776,T,C,4e-04, || id:ebi-a-GCST90001688,TRUE,reported,igd
2.579,2,66598636,3440,1.31e-06,0.5321,ebi-a-GCST90001688,rs113046419,C,T,3e-04, || id:ebi-a-GCST90001688,TRUE,reported,igd
5.454,2,141593935,3440,2.12202e-07,1.049,ebi-a-GCST90001688,rs140064908,T,C,1e-04, || id:ebi-a-GCST90001688,TRUE,reported,igd
0.104,2,38921934,3440,3.71099e-09,0.01759,ebi-a-GCST90001688,rs7583259,G,C,0.502, || id:ebi-a-GCST90001688,TRUE,reported,igd
0.1132,2,111610816,3440,4.71303e-07,0.02243,ebi-a-GCST90001688,rs10183338,T,G,0.1891, || id:ebi-a-GCST90001688,TRUE,reported,igd
0.6373,2,128497022,3440,6.13903e-07,0.1276,ebi-a-GCST90001688,rs72968960,G,A,0.0048, || id:ebi-a-GCST90001688,TRUE,reported,igd
6.493,3,170169608,3440,8.688e-09,1.126,ebi-a-GCST90001688,rs146985291,G,A,1e-04, || id:ebi-a-GCST90001688,TRUE,reported,igd
11.05,3,162634226,3440,1.41801e-07,2.095,ebi-a-GCST90001688,rs148064908,A,G,NA, || id:ebi-a-GCST90001688,TRUE,reported,igd
-0.7833,3,177291240,3440,2.01099e-06,0.1645,ebi-a-GCST90001688,rs116131582,C,T,0.0029, || id:ebi-a-GCST90001688,TRUE,reported,igd
1.67,3,79405328,3440,8.681e-06,0.375,ebi-a-GCST90001688,rs144547268,C,T,4e-04, || id:ebi-a-GCST90001688,TRUE,reported,igd
10.96,3,126743223,3440,1.77301e-07,2.094,ebi-a-GCST90001688,rs150096082,A,G,NA, || id:ebi-a-GCST90001688,TRUE,reported,igd
1.407,3,24791112,3440,2.73099e-06,0.2995,ebi-a-GCST90001688,rs114795342,T,A,0.001, || id:ebi-a-GCST90001688,TRUE,reported,igd
2.349,3,84799491,3440,5.75201e-07,0.4689,ebi-a-GCST90001688,rs74577787,T,C,3e-04, || id:ebi-a-GCST90001688,TRUE,reported,igd
-0.1825,4,139253983,3440,3.84202e-06,0.03943,ebi-a-GCST90001688,rs13115676,A,G,0.0523, || id:ebi-a-GCST90001688,TRUE,reported,igd
9.954,4,83970127,3440,8.55205e-09,1.725,ebi-a-GCST90001688,rs112471936,A,T,NA, || id:ebi-a-GCST90001688,TRUE,reported,igd
6.736,4,144175895,3440,9.49708e-08,1.26,ebi-a-GCST90001688,rs75069185,C,T,NA, || id:ebi-a-GCST90001688,TRUE,reported,igd
3.867,4,31397782,3440,1.58899e-08,0.6826,ebi-a-GCST90001688,rs76604940,C,A,1e-04, || id:ebi-a-GCST90001688,TRUE,reported,igd
-0.1202,4,103558731,3440,6.57098e-07,0.02413,ebi-a-GCST90001688,rs6833962,T,C,0.1555, || id:ebi-a-GCST90001688,TRUE,reported,igd
0.4503,4,25612506,3440,3.71698e-06,0.09716,ebi-a-GCST90001688,rs11735841,A,G,0.0073, || id:ebi-a-GCST90001688,TRUE,reported,igd
4.272,4,67836131,3440,1.60299e-08,0.7543,ebi-a-GCST90001688,rs115218435,G,T,1e-04, || id:ebi-a-GCST90001688,TRUE,reported,igd
3.974,5,173002007,3440,4.54098e-08,0.7251,ebi-a-GCST90001688,rs137858581,C,T,1e-04, || id:ebi-a-GCST90001688,TRUE,reported,igd
7.692,5,80467636,3440,2.16401e-07,1.481,ebi-a-GCST90001688,rs17292948,T,C,NA, || id:ebi-a-GCST90001688,TRUE,reported,igd
3.353,6,93203850,3440,5.61798e-08,0.6161,ebi-a-GCST90001688,rs117403703,C,T,1e-04, || id:ebi-a-GCST90001688,TRUE,reported,igd
0.4024,6,31360602,3440,3.96899e-09,0.06819,ebi-a-GCST90001688,rs116562707,G,A,0.0192, || id:ebi-a-GCST90001688,TRUE,reported,igd
0.1213,6,29691097,3440,2.51403e-07,0.02348,ebi-a-GCST90001688,rs2075682,T,A,0.2932, || id:ebi-a-GCST90001688,TRUE,reported,igd
9.1,6,24745313,3440,9.87711e-09,1.583,ebi-a-GCST90001688,rs116767883,T,C,NA, || id:ebi-a-GCST90001688,TRUE,reported,igd
3.021,6,319617,3440,1.43301e-06,0.6256,ebi-a-GCST90001688,rs141878021,T,C,1e-04, || id:ebi-a-GCST90001688,TRUE,reported,igd
1.818,6,148775706,3440,1.17101e-09,0.2979,ebi-a-GCST90001688,rs117475733,T,C,4e-04, || id:ebi-a-GCST90001688,TRUE,reported,igd
-0.1468,6,31410352,3440,1.54099e-06,0.03049,ebi-a-GCST90001688,rs73404248,A,G,0.1125, || id:ebi-a-GCST90001688,TRUE,reported,igd
3.533,6,145827461,3440,6.06499e-08,0.6507,ebi-a-GCST90001688,rs144788631,T,C,1e-04, || id:ebi-a-GCST90001688,TRUE,reported,igd
2.345,6,149114553,3440,5.95799e-07,0.4689,ebi-a-GCST90001688,rs112637846,A,C,3e-04, || id:ebi-a-GCST90001688,TRUE,reported,igd
1.57,7,28687227,3440,8.71305e-08,0.2927,ebi-a-GCST90001688,rs141596789,C,G,9e-04, || id:ebi-a-GCST90001688,TRUE,reported,igd
4.025,7,92791863,3440,3.58897e-10,0.6399,ebi-a-GCST90001688,rs184082746,C,T,1e-04, || id:ebi-a-GCST90001688,TRUE,reported,igd
8.771,7,45880532,3440,6.44896e-08,1.619,ebi-a-GCST90001688,rs571177836,T,G,NA, || id:ebi-a-GCST90001688,TRUE,reported,igd
2.468,7,109990427,3440,2.40298e-06,0.5223,ebi-a-GCST90001688,rs184134422,T,C,3e-04, || id:ebi-a-GCST90001688,TRUE,reported,igd
4.848,7,124954943,3440,2.34202e-09,0.8097,ebi-a-GCST90001688,rs182236332,G,A,1e-04, || id:ebi-a-GCST90001688,TRUE,reported,igd
2.164,7,118626871,3440,3.99797e-06,0.4684,ebi-a-GCST90001688,rs62477133,G,C,3e-04, || id:ebi-a-GCST90001688,TRUE,reported,igd
3.787,7,111704231,3440,2.43602e-08,0.6773,ebi-a-GCST90001688,rs112571466,G,A,1e-04, || id:ebi-a-GCST90001688,TRUE,reported,igd
2.985,7,80880540,3440,1.348e-06,0.6167,ebi-a-GCST90001688,rs13243221,G,T,1e-04, || id:ebi-a-GCST90001688,TRUE,reported,igd
8.056,7,2205884,3440,2.19902e-07,1.552,ebi-a-GCST90001688,rs138649004,A,C,NA, || id:ebi-a-GCST90001688,TRUE,reported,igd
8.206,8,33736052,3440,1.73101e-08,1.452,ebi-a-GCST90001688,rs189717624,C,T,NA, || id:ebi-a-GCST90001688,TRUE,reported,igd
3.141,8,59820131,3440,9.26808e-07,0.639,ebi-a-GCST90001688,rs111503027,A,G,1e-04, || id:ebi-a-GCST90001688,TRUE,reported,igd
0.08508,8,61151574,3440,4.05499e-06,0.01843,ebi-a-GCST90001688,rs8180936,T,C,0.6699, || id:ebi-a-GCST90001688,TRUE,reported,igd
3.717,8,140342260,3440,3.11301e-08,0.67,ebi-a-GCST90001688,rs143498795,A,C,1e-04, || id:ebi-a-GCST90001688,TRUE,reported,igd
2.492,8,127602530,3440,2.38699e-06,0.5273,ebi-a-GCST90001688,rs112779860,A,G,4e-04, || id:ebi-a-GCST90001688,TRUE,reported,igd
3.614,8,39979373,3440,9.65495e-08,0.6762,ebi-a-GCST90001688,rs118127261,A,G,1e-04, || id:ebi-a-GCST90001688,TRUE,reported,igd
3.794,9,12800264,3440,1.438e-08,0.6676,ebi-a-GCST90001688,rs142967914,C,G,1e-04, || id:ebi-a-GCST90001688,TRUE,reported,igd
13.61,9,47097,3440,2.78798e-06,2.9,ebi-a-GCST90001688,rs10973214,G,A,NA, || id:ebi-a-GCST90001688,TRUE,reported,igd
5.704,9,33552507,3440,1.34602e-08,1.002,ebi-a-GCST90001688,rs192475369,T,A,1e-04, || id:ebi-a-GCST90001688,TRUE,reported,igd
4.877,9,122676137,3440,1.53299e-08,0.8599,ebi-a-GCST90001688,rs76325389,G,A,1e-04, || id:ebi-a-GCST90001688,TRUE,reported,igd
2.119,9,36889554,3440,7.67697e-06,0.4729,ebi-a-GCST90001688,rs73648165,G,C,3e-04, || id:ebi-a-GCST90001688,TRUE,reported,igd
4.765,9,105346840,3440,1.91801e-08,0.8459,ebi-a-GCST90001688,rs113447229,C,T,1e-04, || id:ebi-a-GCST90001688,TRUE,reported,igd
0.1465,9,33428882,3440,2.37898e-06,0.03099,ebi-a-GCST90001688,rs12555210,G,A,0.089, || id:ebi-a-GCST90001688,TRUE,reported,igd
4.68,10,91332621,3440,8.64809e-09,0.8111,ebi-a-GCST90001688,rs80194890,G,T,1e-04, || id:ebi-a-GCST90001688,TRUE,reported,igd
0.6544,10,129690837,3440,5.57596e-06,0.1439,ebi-a-GCST90001688,rs35890579,T,G,0.0036, || id:ebi-a-GCST90001688,TRUE,reported,igd
6.235,10,96183831,3440,2.66299e-07,1.209,ebi-a-GCST90001688,rs74723190,C,A,1e-04, || id:ebi-a-GCST90001688,TRUE,reported,igd
0.1289,10,125342204,3440,6.74699e-06,0.02859,ebi-a-GCST90001688,rs12258605,A,T,0.0999, || id:ebi-a-GCST90001688,TRUE,reported,igd
4.11,10,68336237,3440,1.59901e-08,0.7256,ebi-a-GCST90001688,rs189801254,A,C,1e-04, || id:ebi-a-GCST90001688,TRUE,reported,igd
4.416,11,119643891,3440,1.95101e-07,0.8469,ebi-a-GCST90001688,rs141341926,T,G,1e-04, || id:ebi-a-GCST90001688,TRUE,reported,igd
2.288,11,47745696,3440,7.84693e-07,0.4624,ebi-a-GCST90001688,rs138653244,C,G,3e-04, || id:ebi-a-GCST90001688,TRUE,reported,igd
-0.1678,11,91003050,3440,9.81997e-06,0.0379,ebi-a-GCST90001688,rs111346930,T,C,0.0583, || id:ebi-a-GCST90001688,TRUE,reported,igd
2.385,11,134093512,3440,5.54702e-07,0.4755,ebi-a-GCST90001688,rs56125740,G,A,3e-04, || id:ebi-a-GCST90001688,TRUE,reported,igd
3.783,12,49315200,3440,1.62701e-08,0.6683,ebi-a-GCST90001688,rs117927481,A,G,1e-04, || id:ebi-a-GCST90001688,TRUE,reported,igd
3.436,12,55672838,3440,1.25401e-08,0.6021,ebi-a-GCST90001688,rs112258643,T,C,1e-04, || id:ebi-a-GCST90001688,TRUE,reported,igd
0.4657,12,129183573,3440,9.8211e-06,0.1052,ebi-a-GCST90001688,rs77780671,C,T,0.0064, || id:ebi-a-GCST90001688,TRUE,reported,igd
7.82,12,28662288,3440,4.26904e-08,1.424,ebi-a-GCST90001688,rs118016388,C,T,NA, || id:ebi-a-GCST90001688,TRUE,reported,igd
6.244,12,79661771,3440,5.32599e-08,1.145,ebi-a-GCST90001688,rs12314907,G,A,NA, || id:ebi-a-GCST90001688,TRUE,reported,igd
8.74,13,22348885,3440,1.83e-08,1.55,ebi-a-GCST90001688,rs116984539,T,C,NA, || id:ebi-a-GCST90001688,TRUE,reported,igd
4.763,13,67157607,3440,1.65101e-08,0.8417,ebi-a-GCST90001688,rs9592479,C,G,1e-04, || id:ebi-a-GCST90001688,TRUE,reported,igd
3.833,14,28349764,3440,1.62701e-08,0.6771,ebi-a-GCST90001688,rs58471414,G,T,1e-04, || id:ebi-a-GCST90001688,TRUE,reported,igd
1.613,14,31143832,3440,6.03407e-06,0.356,ebi-a-GCST90001688,rs139463423,T,C,6e-04, || id:ebi-a-GCST90001688,TRUE,reported,igd
4.312,14,71392583,3440,7.16094e-07,0.8683,ebi-a-GCST90001688,rs77414299,T,C,NA, || id:ebi-a-GCST90001688,TRUE,reported,igd
3.894,14,56862154,3440,1.935e-08,0.6914,ebi-a-GCST90001688,rs117494082,A,G,1e-04, || id:ebi-a-GCST90001688,TRUE,reported,igd
4.66,15,94589979,3440,1.42699e-07,0.8838,ebi-a-GCST90001688,rs77670766,A,G,1e-04, || id:ebi-a-GCST90001688,TRUE,reported,igd
-0.1143,15,36405909,3440,2.82001e-07,0.02221,ebi-a-GCST90001688,rs17685199,C,A,0.1817, || id:ebi-a-GCST90001688,TRUE,reported,igd
0.6042,15,62991760,3440,4.64997e-07,0.1196,ebi-a-GCST90001688,rs28460753,A,G,0.0048, || id:ebi-a-GCST90001688,TRUE,reported,igd
2.587,15,87138558,3440,9.12998e-07,0.526,ebi-a-GCST90001688,rs138736730,G,T,3e-04, || id:ebi-a-GCST90001688,TRUE,reported,igd
1.692,16,50350935,3440,2.26402e-06,0.3573,ebi-a-GCST90001688,rs112731098,A,G,4e-04, || id:ebi-a-GCST90001688,TRUE,reported,igd
0.09014,16,13818107,3440,2.95298e-06,0.01925,ebi-a-GCST90001688,rs179609,T,G,0.3041, || id:ebi-a-GCST90001688,TRUE,reported,igd
4.463,16,79205197,3440,1.90498e-08,0.7922,ebi-a-GCST90001688,rs111283043,C,A,1e-04, || id:ebi-a-GCST90001688,TRUE,reported,igd
3.946,16,59010741,3440,1.59698e-08,0.6967,ebi-a-GCST90001688,rs144591335,G,A,1e-04, || id:ebi-a-GCST90001688,TRUE,reported,igd
2.886,16,89718638,3440,1.88101e-07,0.5527,ebi-a-GCST90001688,rs149948027,T,C,3e-04, || id:ebi-a-GCST90001688,TRUE,reported,igd
4.67,16,78252575,3440,9.62809e-07,0.9514,ebi-a-GCST90001688,rs112280034,G,A,NA, || id:ebi-a-GCST90001688,TRUE,reported,igd
5.2,16,65488378,3440,4.51804e-06,1.132,ebi-a-GCST90001688,rs147066619,T,A,1e-04, || id:ebi-a-GCST90001688,TRUE,reported,igd
2.115,17,54735696,3440,3.422e-06,0.4548,ebi-a-GCST90001688,rs117795441,A,G,3e-04, || id:ebi-a-GCST90001688,TRUE,reported,igd
0.1025,17,31363767,3440,1.05201e-06,0.02096,ebi-a-GCST90001688,rs8067835,G,A,0.216, || id:ebi-a-GCST90001688,TRUE,reported,igd
7.599,17,11512358,3440,1.799e-08,1.346,ebi-a-GCST90001688,rs146073003,T,C,NA, || id:ebi-a-GCST90001688,TRUE,reported,igd
12.72,17,1999722,3440,8.24404e-08,2.366,ebi-a-GCST90001688,rs145865638,T,C,NA, || id:ebi-a-GCST90001688,TRUE,reported,igd
-0.1174,17,41761741,3440,5.51798e-07,0.02339,ebi-a-GCST90001688,rs11652705,G,A,0.1709, || id:ebi-a-GCST90001688,TRUE,reported,igd
3.755,18,68968361,3440,1.71601e-08,0.6644,ebi-a-GCST90001688,rs77935824,G,A,1e-04, || id:ebi-a-GCST90001688,TRUE,reported,igd
0.3131,18,50159833,3440,6.485e-06,0.06931,ebi-a-GCST90001688,rs56095154,C,G,0.0169, || id:ebi-a-GCST90001688,TRUE,reported,igd
0.08737,19,53953072,3440,3.80803e-06,0.01887,ebi-a-GCST90001688,rs60455861,G,T,0.3206, || id:ebi-a-GCST90001688,TRUE,reported,igd
13.7,19,8271140,3440,5.05999e-10,2.197,ebi-a-GCST90001688,rs188748536,C,T,NA, || id:ebi-a-GCST90001688,TRUE,reported,igd
3.814,19,51829114,3440,8.681e-09,0.6612,ebi-a-GCST90001688,rs142208889,T,C,1e-04, || id:ebi-a-GCST90001688,TRUE,reported,igd
4.893,20,57132122,3440,5.91494e-09,0.8386,ebi-a-GCST90001688,rs145827119,T,C,1e-04, || id:ebi-a-GCST90001688,TRUE,reported,igd
3.533,21,41143748,3440,3.11602e-08,0.6368,ebi-a-GCST90001688,rs149926070,A,G,1e-04, || id:ebi-a-GCST90001688,TRUE,reported,igd
0.7802,22,40298491,3440,1.036e-07,0.1463,ebi-a-GCST90001688,rs116954000,A,T,0.0033, || id:ebi-a-GCST90001688,TRUE,reported,igd
