chr.exposure,pos.exposure,pval.exposure,beta.exposure,se.exposure,samplesize.exposure,id.exposure,SNP,effect_allele.exposure,other_allele.exposure,eaf.exposure,exposure,mr_keep.exposure,pval_origin.exposure,data_source.exposure
1,34421513,1.692e-06,-0.2848,0.0594,3657,ebi-a-GCST90001779,rs9425892,C,T,0.0458, || id:ebi-a-GCST90001779,TRUE,reported,igd
1,218109675,8.57709e-06,-0.3026,0.06789,3657,ebi-a-GCST90001779,rs10495086,T,C,0.0347, || id:ebi-a-GCST90001779,TRUE,reported,igd
1,48095312,4.80397e-06,-2.621,0.5722,3657,ebi-a-GCST90001779,rs111741355,A,G,4e-04, || id:ebi-a-GCST90001779,TRUE,reported,igd
3,28137648,9.13798e-06,0.5417,0.1219,3657,ebi-a-GCST90001779,rs338614,A,T,0.9892, || id:ebi-a-GCST90001779,TRUE,reported,igd
3,11933438,3.66404e-06,0.1202,0.02592,3657,ebi-a-GCST90001779,rs12638268,C,T,0.3426, || id:ebi-a-GCST90001779,TRUE,reported,igd
3,174935606,1.36801e-06,-0.5414,0.1119,3657,ebi-a-GCST90001779,rs112043339,T,C,0.0138, || id:ebi-a-GCST90001779,TRUE,reported,igd
4,36354057,6.07002e-06,-1.118,0.2468,3657,ebi-a-GCST90001779,rs17460904,A,G,0.0031, || id:ebi-a-GCST90001779,TRUE,reported,igd
4,8011229,5.48605e-06,-0.3607,0.07923,3657,ebi-a-GCST90001779,rs35704968,C,T,0.0242, || id:ebi-a-GCST90001779,TRUE,reported,igd
5,86111282,1.59401e-06,2.638,0.5488,3657,ebi-a-GCST90001779,rs34518596,T,C,5e-04, || id:ebi-a-GCST90001779,TRUE,reported,igd
6,151209997,2.74802e-06,-0.1187,0.02527,3657,ebi-a-GCST90001779,rs4869953,G,A,0.621, || id:ebi-a-GCST90001779,TRUE,reported,igd
6,119162482,5.21003e-06,-0.2665,0.05841,3657,ebi-a-GCST90001779,rs1688627,C,A,0.0477, || id:ebi-a-GCST90001779,TRUE,reported,igd
7,47871972,9.6221e-08,-0.8467,0.1584,3657,ebi-a-GCST90001779,rs149662107,A,G,0.0062, || id:ebi-a-GCST90001779,TRUE,reported,igd
9,95886051,1.11401e-10,-0.1898,0.02934,3657,ebi-a-GCST90001779,rs3793662,T,C,0.7759, || id:ebi-a-GCST90001779,TRUE,reported,igd
10,5827901,2.29198e-08,0.2334,0.04168,3657,ebi-a-GCST90001779,rs17403348,C,T,0.0997, || id:ebi-a-GCST90001779,TRUE,reported,igd
10,125554970,2.47201e-06,0.1925,0.0408,3657,ebi-a-GCST90001779,rs7906697,C,G,0.8999, || id:ebi-a-GCST90001779,TRUE,reported,igd
10,6191376,4.00405e-12,0.4264,0.06126,3657,ebi-a-GCST90001779,rs147487472,A,C,0.0414, || id:ebi-a-GCST90001779,TRUE,reported,igd
10,5982082,4.47404e-06,0.4001,0.08706,3657,ebi-a-GCST90001779,rs142537458,C,A,0.0215, || id:ebi-a-GCST90001779,TRUE,reported,igd
10,6115678,1.31795e-47,0.5847,0.03976,3657,ebi-a-GCST90001779,rs62626323,A,C,0.1075, || id:ebi-a-GCST90001779,TRUE,reported,igd
11,35069685,5.05499e-06,0.2017,0.04414,3657,ebi-a-GCST90001779,rs59278703,A,C,0.0904, || id:ebi-a-GCST90001779,TRUE,reported,igd
12,31504316,2.23898e-07,-0.1343,0.02589,3657,ebi-a-GCST90001779,rs11051398,T,C,0.5325, || id:ebi-a-GCST90001779,TRUE,reported,igd
13,34477079,1.95799e-07,3.546,0.6803,3657,ebi-a-GCST90001779,rs112328981,T,C,3e-04, || id:ebi-a-GCST90001779,TRUE,reported,igd
14,106306841,5.97806e-09,-0.183,0.03138,3657,ebi-a-GCST90001779,rs709589,T,C,0.4557, || id:ebi-a-GCST90001779,TRUE,reported,igd
16,11709659,8.90205e-07,0.3826,0.07771,3657,ebi-a-GCST90001779,rs118088397,T,C,0.0269, || id:ebi-a-GCST90001779,TRUE,reported,igd
19,9181620,6.91099e-06,-0.3241,0.07198,3657,ebi-a-GCST90001779,rs148048180,A,G,0.0283, || id:ebi-a-GCST90001779,TRUE,reported,igd
20,61967801,2.04099e-06,-1.159,0.2437,3657,ebi-a-GCST90001779,rs62206862,G,C,0.0025, || id:ebi-a-GCST90001779,TRUE,reported,igd
21,20241615,7.95591e-06,-0.2487,0.0556,3657,ebi-a-GCST90001779,rs13051777,A,G,0.051, || id:ebi-a-GCST90001779,TRUE,reported,igd
