samplesize.exposure,pos.exposure,se.exposure,chr.exposure,pval.exposure,beta.exposure,id.exposure,SNP,effect_allele.exposure,other_allele.exposure,eaf.exposure,exposure,mr_keep.exposure,pval_origin.exposure,data_source.exposure
3668,19698493,0.0496,2,5.11199e-06,0.2265,ebi-a-GCST90001613,rs72784218,A,G,0.0611, || id:ebi-a-GCST90001613,TRUE,reported,igd
3668,98905012,0.02449,2,2.76001e-06,-0.115,ebi-a-GCST90001613,rs11124150,G,A,0.5966, || id:ebi-a-GCST90001613,TRUE,reported,igd
3668,156465928,0.5063,2,4.62498e-06,2.323,ebi-a-GCST90001613,rs62176864,C,A,7e-04, || id:ebi-a-GCST90001613,TRUE,reported,igd
3668,87019683,0.0304,2,2.49172e-14,0.2327,ebi-a-GCST90001613,rs7569868,T,C,0.1915, || id:ebi-a-GCST90001613,TRUE,reported,igd
3668,45213218,0.05067,2,4.82403e-06,-0.232,ebi-a-GCST90001613,rs185860761,T,C,0.06, || id:ebi-a-GCST90001613,TRUE,reported,igd
3668,9803664,0.02791,2,7.15402e-06,0.1255,ebi-a-GCST90001613,rs2177640,A,C,0.7655, || id:ebi-a-GCST90001613,TRUE,reported,igd
3668,96189661,0.02405,4,7.89696e-06,-0.1076,ebi-a-GCST90001613,rs7664985,G,C,0.4512, || id:ebi-a-GCST90001613,TRUE,reported,igd
3668,45556291,0.02637,6,8.72891e-07,0.1299,ebi-a-GCST90001613,rs4711821,A,G,0.7124, || id:ebi-a-GCST90001613,TRUE,reported,igd
3668,135388494,0.3109,6,7.65191e-06,1.393,ebi-a-GCST90001613,rs34025101,G,A,0.0014, || id:ebi-a-GCST90001613,TRUE,reported,igd
3668,100468602,0.06302,6,2.02302e-08,0.3543,ebi-a-GCST90001613,rs79251210,A,G,0.0378, || id:ebi-a-GCST90001613,TRUE,reported,igd
3668,100915659,0.04442,6,4.43803e-06,0.2042,ebi-a-GCST90001613,rs17060639,C,G,0.0787, || id:ebi-a-GCST90001613,TRUE,reported,igd
3668,102294761,0.06958,6,2.69197e-09,0.415,ebi-a-GCST90001613,rs139249541,G,A,0.0315, || id:ebi-a-GCST90001613,TRUE,reported,igd
3668,79800654,0.1489,7,4.94402e-06,0.681,ebi-a-GCST90001613,rs76747637,A,G,0.0063, || id:ebi-a-GCST90001613,TRUE,reported,igd
3668,98823528,0.02377,9,5.65705e-07,-0.1191,ebi-a-GCST90001613,rs7021333,G,T,0.5448, || id:ebi-a-GCST90001613,TRUE,reported,igd
3668,124584495,0.05618,9,8.47891e-06,-0.2505,ebi-a-GCST90001613,rs7869045,A,G,0.0455, || id:ebi-a-GCST90001613,TRUE,reported,igd
3668,138082201,0.05249,9,5.12094e-06,0.2397,ebi-a-GCST90001613,rs11103734,T,C,0.0511, || id:ebi-a-GCST90001613,TRUE,reported,igd
3668,76371057,0.02655,12,1.59001e-06,0.1276,ebi-a-GCST90001613,rs11180778,C,T,0.2719, || id:ebi-a-GCST90001613,TRUE,reported,igd
3668,51308539,0.03557,14,7.56502e-06,0.1595,ebi-a-GCST90001613,rs142716558,G,A,0.1299, || id:ebi-a-GCST90001613,TRUE,reported,igd
3668,33794697,0.02517,17,2.38798e-08,0.1408,ebi-a-GCST90001613,rs9896155,G,A,0.6738, || id:ebi-a-GCST90001613,TRUE,reported,igd
3668,1235562,0.05402,17,8.80501e-06,-0.2405,ebi-a-GCST90001613,rs140247402,T,C,0.0492, || id:ebi-a-GCST90001613,TRUE,reported,igd
3668,55486198,0.03682,18,7.92392e-06,0.1647,ebi-a-GCST90001613,rs139015432,T,C,0.119, || id:ebi-a-GCST90001613,TRUE,reported,igd
