pval.exposure,se.exposure,pos.exposure,beta.exposure,samplesize.exposure,chr.exposure,id.exposure,SNP,effect_allele.exposure,other_allele.exposure,eaf.exposure,exposure,mr_keep.exposure,pval_origin.exposure,data_source.exposure
2.23301e-06,0.02772,91858207,0.1314,3437,1,ebi-a-GCST90001496,rs282011,T,C,0.3099, || id:ebi-a-GCST90001496,TRUE,reported,igd
3.68697e-06,0.1665,97319841,-0.772,3437,1,ebi-a-GCST90001496,rs147911368,C,T,0.0063, || id:ebi-a-GCST90001496,TRUE,reported,igd
1.536e-06,0.4127,100480230,1.987,3437,1,ebi-a-GCST90001496,rs118006237,A,G,7e-04, || id:ebi-a-GCST90001496,TRUE,reported,igd
5.69705e-06,0.1351,236543890,0.6139,3437,2,ebi-a-GCST90001496,rs2316911,C,T,0.9916, || id:ebi-a-GCST90001496,TRUE,reported,igd
1.97601e-06,0.5036,74164120,2.399,3437,2,ebi-a-GCST90001496,rs78458369,T,A,7e-04, || id:ebi-a-GCST90001496,TRUE,reported,igd
2.298e-06,0.05858,127229166,0.2773,3437,2,ebi-a-GCST90001496,rs2171655,C,A,0.0508, || id:ebi-a-GCST90001496,TRUE,reported,igd
3.64998e-06,0.06115,10923961,-0.2836,3437,3,ebi-a-GCST90001496,rs73037918,C,T,0.0451, || id:ebi-a-GCST90001496,TRUE,reported,igd
3.52704e-06,0.1285,145230069,-0.5969,3437,3,ebi-a-GCST90001496,rs74346764,A,G,0.0102, || id:ebi-a-GCST90001496,TRUE,reported,igd
9.06192e-07,0.02663,74432399,0.131,3437,3,ebi-a-GCST90001496,rs35796547,G,A,0.3363, || id:ebi-a-GCST90001496,TRUE,reported,igd
5.13003e-06,0.1326,54265667,-0.6056,3437,4,ebi-a-GCST90001496,rs11930070,A,G,0.0089, || id:ebi-a-GCST90001496,TRUE,reported,igd
1.65501e-06,0.3703,29581038,1.778,3437,5,ebi-a-GCST90001496,rs17571942,G,T,0.0015, || id:ebi-a-GCST90001496,TRUE,reported,igd
9.73307e-06,0.09029,7465057,-0.3999,3437,6,ebi-a-GCST90001496,rs7774484,T,G,0.0185, || id:ebi-a-GCST90001496,TRUE,reported,igd
5.83902e-06,0.02979,1651973,-0.1352,3437,6,ebi-a-GCST90001496,rs2569847,G,A,0.2277, || id:ebi-a-GCST90001496,TRUE,reported,igd
6.53401e-06,0.02734,97140811,0.1234,3437,7,ebi-a-GCST90001496,rs10247216,T,C,0.6721, || id:ebi-a-GCST90001496,TRUE,reported,igd
6.34205e-06,0.06316,95002810,-0.2856,3437,10,ebi-a-GCST90001496,rs117748540,G,A,0.0435, || id:ebi-a-GCST90001496,TRUE,reported,igd
7.34683e-24,0.06018,98158952,0.6107,3437,10,ebi-a-GCST90001496,rs114844216,C,T,0.0464, || id:ebi-a-GCST90001496,TRUE,reported,igd
1e-200,0.02027,97472570,-0.9412,3437,10,ebi-a-GCST90001496,rs4918960,A,T,0.4862, || id:ebi-a-GCST90001496,TRUE,reported,igd
9.16896e-09,0.05356,99452494,-0.3085,3437,10,ebi-a-GCST90001496,rs146426185,C,A,0.0634, || id:ebi-a-GCST90001496,TRUE,reported,igd
1.422e-14,0.03182,96999873,0.2459,3437,10,ebi-a-GCST90001496,rs7910217,A,G,0.2076, || id:ebi-a-GCST90001496,TRUE,reported,igd
2.625e-08,0.08235,95924521,0.4594,3437,10,ebi-a-GCST90001496,rs147121076,G,T,0.0262, || id:ebi-a-GCST90001496,TRUE,reported,igd
5.89794e-06,0.09739,69891249,0.4419,3437,10,ebi-a-GCST90001496,rs118047459,G,C,0.0166, || id:ebi-a-GCST90001496,TRUE,reported,igd
3.91291e-25,0.0408,97070990,0.4259,3437,10,ebi-a-GCST90001496,rs117200502,T,C,0.1114, || id:ebi-a-GCST90001496,TRUE,reported,igd
5.55392e-16,0.09042,95850055,0.7359,3437,10,ebi-a-GCST90001496,rs145557266,G,A,0.0211, || id:ebi-a-GCST90001496,TRUE,reported,igd
2.03704e-56,0.02502,97741071,-0.4034,3437,10,ebi-a-GCST90001496,rs10882701,C,A,0.5141, || id:ebi-a-GCST90001496,TRUE,reported,igd
2.59298e-06,0.103,98619863,0.4852,3437,10,ebi-a-GCST90001496,rs11188950,G,T,0.0167, || id:ebi-a-GCST90001496,TRUE,reported,igd
1.11199e-06,0.09549,19624351,0.466,3437,11,ebi-a-GCST90001496,rs118111902,C,G,0.0179, || id:ebi-a-GCST90001496,TRUE,reported,igd
9.244e-06,0.0795,43764296,0.3531,3437,13,ebi-a-GCST90001496,rs7984101,A,G,0.0257, || id:ebi-a-GCST90001496,TRUE,reported,igd
3.58699e-06,0.2386,15575550,-1.107,3437,20,ebi-a-GCST90001496,rs111461378,C,T,0.0028, || id:ebi-a-GCST90001496,TRUE,reported,igd
8.342e-07,0.02586,47135205,0.1277,3437,22,ebi-a-GCST90001496,rs5769126,C,A,0.6062, || id:ebi-a-GCST90001496,TRUE,reported,igd
