se.exposure,pval.exposure,pos.exposure,chr.exposure,samplesize.exposure,beta.exposure,id.exposure,SNP,effect_allele.exposure,other_allele.exposure,eaf.exposure,exposure,mr_keep.exposure,pval_origin.exposure,data_source.exposure
0.04102,8.63098e-06,113522834,1,3437,0.1828,ebi-a-GCST90001491,rs61818169,A,G,0.1013, || id:ebi-a-GCST90001491,TRUE,reported,igd
0.02547,9.69505e-07,99477128,4,3437,-0.125,ebi-a-GCST90001491,rs7681044,A,G,0.5692, || id:ebi-a-GCST90001491,TRUE,reported,igd
0.1037,9.19094e-07,89266460,4,3437,-0.5101,ebi-a-GCST90001491,rs12648210,G,A,0.0145, || id:ebi-a-GCST90001491,TRUE,reported,igd
0.03842,6.15503e-06,56760264,5,3437,0.174,ebi-a-GCST90001491,rs79629290,C,T,0.1266, || id:ebi-a-GCST90001491,TRUE,reported,igd
0.8277,9.29009e-06,172789806,5,3437,3.675,ebi-a-GCST90001491,rs115722307,A,G,1e-04, || id:ebi-a-GCST90001491,TRUE,reported,igd
0.02908,2.14299e-06,1652500,6,3437,-0.138,ebi-a-GCST90001491,rs62390650,A,G,0.23, || id:ebi-a-GCST90001491,TRUE,reported,igd
0.1054,3.86002e-06,108484291,6,3437,0.4874,ebi-a-GCST90001491,rs138483328,T,C,0.0141, || id:ebi-a-GCST90001491,TRUE,reported,igd
0.4141,8.323e-06,68482844,8,3437,1.849,ebi-a-GCST90001491,rs117008259,G,A,0.001, || id:ebi-a-GCST90001491,TRUE,reported,igd
0.03193,2.834e-06,119577258,9,3437,0.1497,ebi-a-GCST90001491,rs7035176,C,G,0.1759, || id:ebi-a-GCST90001491,TRUE,reported,igd
0.05014,6.86278e-13,97294154,10,3437,0.3615,ebi-a-GCST90001491,rs72809762,T,C,0.0675, || id:ebi-a-GCST90001491,TRUE,reported,igd
0.02672,2.04692e-12,98794615,10,3437,-0.1886,ebi-a-GCST90001491,rs12268044,T,C,0.3439, || id:ebi-a-GCST90001491,TRUE,reported,igd
0.07712,5.67597e-06,47637202,10,3437,-0.3505,ebi-a-GCST90001491,rs111806244,T,C,0.0474, || id:ebi-a-GCST90001491,TRUE,reported,igd
0.04511,2.45923e-22,97016742,10,3437,0.4416,ebi-a-GCST90001491,rs202211780,G,A,0.0877, || id:ebi-a-GCST90001491,TRUE,reported,igd
0.07789,5.93704e-06,98558540,10,3437,0.3533,ebi-a-GCST90001491,rs61856855,A,C,0.0294, || id:ebi-a-GCST90001491,TRUE,reported,igd
0.05532,1.07597e-15,98169221,10,3437,0.4456,ebi-a-GCST90001491,rs141018090,T,G,0.0528, || id:ebi-a-GCST90001491,TRUE,reported,igd
0.08835,4.86598e-07,95923091,10,3437,0.4454,ebi-a-GCST90001491,rs148430006,T,G,0.0227, || id:ebi-a-GCST90001491,TRUE,reported,igd
0.02033,1e-200,97474371,10,3437,-0.9139,ebi-a-GCST90001491,rs10882655,A,G,0.5319, || id:ebi-a-GCST90001491,TRUE,reported,igd
0.02489,1.31613e-44,97741071,10,3437,-0.3538,ebi-a-GCST90001491,rs10882701,C,A,0.5141, || id:ebi-a-GCST90001491,TRUE,reported,igd
0.1288,3.225e-06,108283818,10,3437,0.6005,ebi-a-GCST90001491,rs148903835,A,G,0.0106, || id:ebi-a-GCST90001491,TRUE,reported,igd
0.02836,5.61177e-11,97069472,10,3437,-0.1864,ebi-a-GCST90001491,rs10786199,A,G,0.2888, || id:ebi-a-GCST90001491,TRUE,reported,igd
0.22,2.339e-06,81434565,12,3437,1.041,ebi-a-GCST90001491,rs117858605,G,A,0.0029, || id:ebi-a-GCST90001491,TRUE,reported,igd
0.03582,9.4591e-06,57870174,15,3437,0.1589,ebi-a-GCST90001491,rs74018295,T,C,0.1459, || id:ebi-a-GCST90001491,TRUE,reported,igd
0.06372,6.97895e-06,45274540,15,3437,0.2868,ebi-a-GCST90001491,rs117344160,C,T,0.041, || id:ebi-a-GCST90001491,TRUE,reported,igd
0.03172,5.25702e-06,27293286,15,3437,0.1447,ebi-a-GCST90001491,rs72715941,A,G,0.1898, || id:ebi-a-GCST90001491,TRUE,reported,igd
0.2172,9.03504e-06,12479291,19,3437,-0.9656,ebi-a-GCST90001491,rs146341199,A,G,0.0029, || id:ebi-a-GCST90001491,TRUE,reported,igd
0.02596,6.03295e-06,36838101,20,3437,0.1177,ebi-a-GCST90001491,rs4550723,C,T,0.3926, || id:ebi-a-GCST90001491,TRUE,reported,igd
