pos.exposure,beta.exposure,chr.exposure,se.exposure,pval.exposure,samplesize.exposure,id.exposure,SNP,effect_allele.exposure,other_allele.exposure,eaf.exposure,exposure,mr_keep.exposure,pval_origin.exposure,data_source.exposure
150860471,-0.1152,1,0.02573,7.80998e-06,3657,ebi-a-GCST90001397,rs7412746,T,C,0.5153, || id:ebi-a-GCST90001397,TRUE,reported,igd
236060214,1.017,1,0.2222,4.87203e-06,3657,ebi-a-GCST90001397,rs146430312,T,G,0.0027, || id:ebi-a-GCST90001397,TRUE,reported,igd
8009985,-0.4409,1,0.08695,4.15002e-07,3657,ebi-a-GCST90001397,rs75766272,T,C,0.0201, || id:ebi-a-GCST90001397,TRUE,reported,igd
45867753,0.1254,1,0.02755,5.44804e-06,3657,ebi-a-GCST90001397,rs72686460,A,T,0.2961, || id:ebi-a-GCST90001397,TRUE,reported,igd
157311822,0.2907,2,0.06322,4.38995e-06,3657,ebi-a-GCST90001397,rs77201712,C,T,0.0392, || id:ebi-a-GCST90001397,TRUE,reported,igd
28304630,-0.1728,2,0.03779,4.976e-06,3657,ebi-a-GCST90001397,rs17006489,G,A,0.1354, || id:ebi-a-GCST90001397,TRUE,reported,igd
138420154,0.2054,2,0.04341,2.31398e-06,3657,ebi-a-GCST90001397,rs72844588,A,G,0.0913, || id:ebi-a-GCST90001397,TRUE,reported,igd
73679013,0.294,2,0.06266,2.80698e-06,3657,ebi-a-GCST90001397,rs45608038,G,A,0.0421, || id:ebi-a-GCST90001397,TRUE,reported,igd
16414269,-0.2606,3,0.05834,8.18502e-06,3657,ebi-a-GCST90001397,rs73041424,G,A,0.0488, || id:ebi-a-GCST90001397,TRUE,reported,igd
27108645,-0.1978,4,0.04411,7.52905e-06,3657,ebi-a-GCST90001397,rs183471524,G,A,0.0905, || id:ebi-a-GCST90001397,TRUE,reported,igd
97611924,0.9467,5,0.2075,5.22998e-06,3657,ebi-a-GCST90001397,rs116525939,C,T,0.0036, || id:ebi-a-GCST90001397,TRUE,reported,igd
58050530,-0.1186,5,0.02612,5.77604e-06,3657,ebi-a-GCST90001397,rs895377,A,G,0.3683, || id:ebi-a-GCST90001397,TRUE,reported,igd
169456830,0.1675,6,0.03506,1.852e-06,3657,ebi-a-GCST90001397,rs73032183,C,T,0.1509, || id:ebi-a-GCST90001397,TRUE,reported,igd
170426027,-0.1204,6,0.0253,2.03301e-06,3657,ebi-a-GCST90001397,rs4710879,T,C,0.5621, || id:ebi-a-GCST90001397,TRUE,reported,igd
25971860,-0.5404,7,0.1145,2.47002e-06,3657,ebi-a-GCST90001397,rs12539793,T,C,0.0115, || id:ebi-a-GCST90001397,TRUE,reported,igd
9063027,-0.1402,8,0.03143,8.41008e-06,3657,ebi-a-GCST90001397,rs11779181,T,C,0.4003, || id:ebi-a-GCST90001397,TRUE,reported,igd
22206987,-0.1252,9,0.02555,9.97103e-07,3657,ebi-a-GCST90001397,rs1679013,T,C,0.5945, || id:ebi-a-GCST90001397,TRUE,reported,igd
93297086,-0.137,9,0.0295,3.54797e-06,3657,ebi-a-GCST90001397,rs1930922,G,A,0.2419, || id:ebi-a-GCST90001397,TRUE,reported,igd
7639660,-0.5815,9,0.128,5.76196e-06,3657,ebi-a-GCST90001397,rs12380223,A,T,0.0096, || id:ebi-a-GCST90001397,TRUE,reported,igd
109368119,0.5187,12,0.1092,2.093e-06,3657,ebi-a-GCST90001397,rs143553941,C,G,0.013, || id:ebi-a-GCST90001397,TRUE,reported,igd
20322449,0.1229,12,0.02717,6.23706e-06,3657,ebi-a-GCST90001397,rs11519226,T,A,0.299, || id:ebi-a-GCST90001397,TRUE,reported,igd
51370899,-0.1256,13,0.02669,2.61403e-06,3657,ebi-a-GCST90001397,rs7322292,T,C,0.3275, || id:ebi-a-GCST90001397,TRUE,reported,igd
50212885,0.5551,13,0.08989,7.31493e-10,3657,ebi-a-GCST90001397,rs73192651,T,C,0.02, || id:ebi-a-GCST90001397,TRUE,reported,igd
24826051,-0.1335,13,0.02997,8.71806e-06,3657,ebi-a-GCST90001397,rs2793491,T,C,0.2052, || id:ebi-a-GCST90001397,TRUE,reported,igd
70177578,0.2174,13,0.04847,7.48204e-06,3657,ebi-a-GCST90001397,rs73518104,A,G,0.0708, || id:ebi-a-GCST90001397,TRUE,reported,igd
97702226,0.4523,14,0.102,9.52708e-06,3657,ebi-a-GCST90001397,rs117004076,G,A,0.0146, || id:ebi-a-GCST90001397,TRUE,reported,igd
96205838,0.3067,14,0.05822,1.457e-07,3657,ebi-a-GCST90001397,rs77762131,C,G,0.045, || id:ebi-a-GCST90001397,TRUE,reported,igd
77579227,0.2759,14,0.0579,1.957e-06,3657,ebi-a-GCST90001397,rs143666202,A,G,0.0503, || id:ebi-a-GCST90001397,TRUE,reported,igd
260039,0.2459,17,0.05396,5.33998e-06,3657,ebi-a-GCST90001397,rs150839591,G,T,0.0552, || id:ebi-a-GCST90001397,TRUE,reported,igd
7993103,0.1208,18,0.02585,3.06302e-06,3657,ebi-a-GCST90001397,rs1596383,A,G,0.6259, || id:ebi-a-GCST90001397,TRUE,reported,igd
44746982,-0.1236,20,0.02682,4.23701e-06,3657,ebi-a-GCST90001397,rs1883832,C,T,0.6318, || id:ebi-a-GCST90001397,TRUE,reported,igd
56790125,-1.906,20,0.4167,4.94197e-06,3657,ebi-a-GCST90001397,rs138380722,A,G,7e-04, || id:ebi-a-GCST90001397,TRUE,reported,igd
32003463,0.852,22,0.1923,9.65895e-06,3657,ebi-a-GCST90001397,rs146720368,T,C,0.0042, || id:ebi-a-GCST90001397,TRUE,reported,igd
