samplesize.exposure,se.exposure,beta.exposure,pval.exposure,pos.exposure,chr.exposure,id.exposure,SNP,effect_allele.exposure,other_allele.exposure,eaf.exposure,exposure,mr_keep.exposure,pval_origin.exposure,data_source.exposure
3387,0.1843,0.8749,2.14501e-06,73622958,1,ebi-a-GCST90001458,rs141320646,A,G,0.005, || id:ebi-a-GCST90001458,TRUE,reported,igd
3387,0.03229,-0.2265,2.75296e-12,161410253,1,ebi-a-GCST90001458,rs115805162,T,C,0.2083, || id:ebi-a-GCST90001458,TRUE,reported,igd
3387,0.02797,0.6546,2.29087e-112,161526397,1,ebi-a-GCST90001458,rs71632979,G,A,0.2449, || id:ebi-a-GCST90001458,TRUE,reported,igd
3387,0.06262,0.319,3.69199e-07,161035780,1,ebi-a-GCST90001458,rs147678401,A,G,0.0437, || id:ebi-a-GCST90001458,TRUE,reported,igd
3387,0.02614,0.1529,5.432e-09,160798209,1,ebi-a-GCST90001458,rs569911,C,T,0.4349, || id:ebi-a-GCST90001458,TRUE,reported,igd
3387,0.1634,0.7935,1.25401e-06,40026310,2,ebi-a-GCST90001458,rs142472859,C,T,0.0061, || id:ebi-a-GCST90001458,TRUE,reported,igd
3387,0.04301,-0.2007,3.18002e-06,112435483,2,ebi-a-GCST90001458,rs17017403,C,T,0.0977, || id:ebi-a-GCST90001458,TRUE,reported,igd
3387,0.1168,0.5531,2.27002e-06,40472950,2,ebi-a-GCST90001458,rs72794768,A,C,0.012, || id:ebi-a-GCST90001458,TRUE,reported,igd
3387,0.1242,-0.5608,6.54305e-06,1981195,3,ebi-a-GCST90001458,rs115389169,T,C,0.0118, || id:ebi-a-GCST90001458,TRUE,reported,igd
3387,0.02587,-0.1157,7.97003e-06,145530567,3,ebi-a-GCST90001458,rs4681269,G,A,0.4244, || id:ebi-a-GCST90001458,TRUE,reported,igd
3387,0.1065,-0.4793,6.98393e-06,106927356,4,ebi-a-GCST90001458,rs17036497,T,C,0.0136, || id:ebi-a-GCST90001458,TRUE,reported,igd
3387,0.1265,0.574,5.90704e-06,112543958,5,ebi-a-GCST90001458,rs79275634,A,G,0.0106, || id:ebi-a-GCST90001458,TRUE,reported,igd
3387,0.1815,-0.8214,6.25101e-06,4372544,7,ebi-a-GCST90001458,rs76168011,G,C,0.0049, || id:ebi-a-GCST90001458,TRUE,reported,igd
3387,0.0252,0.1205,1.81301e-06,38806068,8,ebi-a-GCST90001458,rs62504404,A,G,0.4846, || id:ebi-a-GCST90001458,TRUE,reported,igd
3387,0.02755,0.1297,2.60898e-06,73348626,8,ebi-a-GCST90001458,rs16938204,T,C,0.2938, || id:ebi-a-GCST90001458,TRUE,reported,igd
3387,0.2906,-1.325,5.28701e-06,21870164,9,ebi-a-GCST90001458,rs138949944,T,C,0.0018, || id:ebi-a-GCST90001458,TRUE,reported,igd
3387,0.03219,-0.1438,8.21391e-06,88374754,9,ebi-a-GCST90001458,rs10746769,C,T,0.8078, || id:ebi-a-GCST90001458,TRUE,reported,igd
3387,0.02585,-0.1158,7.76104e-06,30413417,10,ebi-a-GCST90001458,rs10763776,A,T,0.428, || id:ebi-a-GCST90001458,TRUE,reported,igd
3387,0.08829,0.3915,9.54707e-06,34866130,11,ebi-a-GCST90001458,rs17711429,G,A,0.0214, || id:ebi-a-GCST90001458,TRUE,reported,igd
3387,0.02757,-0.1238,7.34294e-06,32875763,13,ebi-a-GCST90001458,rs206131,T,C,0.3106, || id:ebi-a-GCST90001458,TRUE,reported,igd
3387,0.04469,0.1978,9.85099e-06,4079922,19,ebi-a-GCST90001458,rs1664690,T,A,0.9117, || id:ebi-a-GCST90001458,TRUE,reported,igd
3387,0.4296,-1.922,7.94493e-06,45337918,19,ebi-a-GCST90001458,rs147711004,A,G,9e-04, || id:ebi-a-GCST90001458,TRUE,reported,igd
3387,0.02708,-0.1264,3.16701e-06,22780354,20,ebi-a-GCST90001458,rs6048352,G,A,0.6811, || id:ebi-a-GCST90001458,TRUE,reported,igd
3387,0.2032,0.9423,3.642e-06,2470273,20,ebi-a-GCST90001458,rs147431504,G,C,0.0038, || id:ebi-a-GCST90001458,TRUE,reported,igd
