beta.exposure,chr.exposure,samplesize.exposure,pos.exposure,pval.exposure,se.exposure,id.exposure,SNP,effect_allele.exposure,other_allele.exposure,eaf.exposure,exposure,mr_keep.exposure,pval_origin.exposure,data_source.exposure
-0.9069,1,3658,242186219,2.52e-06,0.1924,ebi-a-GCST90001404,rs187723151,A,G,0.004, || id:ebi-a-GCST90001404,TRUE,reported,igd
-0.1287,1,3658,213100225,3.14702e-07,0.02511,ebi-a-GCST90001404,rs2792563,A,G,0.5671, || id:ebi-a-GCST90001404,TRUE,reported,igd
-1.507,2,3658,235278654,6.01395e-06,0.3325,ebi-a-GCST90001404,rs150152228,G,A,0.0012, || id:ebi-a-GCST90001404,TRUE,reported,igd
0.4869,4,3658,143873369,4.44795e-06,0.1059,ebi-a-GCST90001404,rs79423067,T,A,0.0149, || id:ebi-a-GCST90001404,TRUE,reported,igd
0.3286,4,3658,144419847,3.46897e-06,0.07069,ebi-a-GCST90001404,rs78804535,T,C,0.0316, || id:ebi-a-GCST90001404,TRUE,reported,igd
0.1711,5,3658,148927495,4.75499e-06,0.03733,ebi-a-GCST90001404,rs140642786,A,G,0.1223, || id:ebi-a-GCST90001404,TRUE,reported,igd
-0.1749,5,3658,163177849,3.15798e-06,0.03747,ebi-a-GCST90001404,rs2019885,C,T,0.1211, || id:ebi-a-GCST90001404,TRUE,reported,igd
0.1159,5,3658,148172599,5.951e-06,0.02556,ebi-a-GCST90001404,rs193552,T,A,0.6506, || id:ebi-a-GCST90001404,TRUE,reported,igd
-0.2427,5,3658,60527506,1.31299e-06,0.05008,ebi-a-GCST90001404,rs34629,A,G,0.0633, || id:ebi-a-GCST90001404,TRUE,reported,igd
0.5,6,3658,5266557,4.853e-06,0.1092,ebi-a-GCST90001404,rs61294310,G,A,0.0124, || id:ebi-a-GCST90001404,TRUE,reported,igd
0.2127,6,3658,145631063,8.67301e-06,0.04774,ebi-a-GCST90001404,rs11754551,C,T,0.0681, || id:ebi-a-GCST90001404,TRUE,reported,igd
0.5592,7,3658,71338898,3.54103e-06,0.1204,ebi-a-GCST90001404,rs78370279,G,A,0.0104, || id:ebi-a-GCST90001404,TRUE,reported,igd
0.3429,8,3658,24549984,4.69397e-06,0.07479,ebi-a-GCST90001404,rs74326785,C,T,0.0279, || id:ebi-a-GCST90001404,TRUE,reported,igd
0.3534,8,3658,16074805,3.708e-08,0.06406,ebi-a-GCST90001404,rs138542577,C,G,0.0376, || id:ebi-a-GCST90001404,TRUE,reported,igd
-0.1199,8,3658,118447297,3.09599e-06,0.02567,ebi-a-GCST90001404,rs4458909,A,G,0.3324, || id:ebi-a-GCST90001404,TRUE,reported,igd
-0.2223,9,3658,92219945,6.48993e-06,0.04922,ebi-a-GCST90001404,rs3138500,T,C,0.0678, || id:ebi-a-GCST90001404,TRUE,reported,igd
-0.1669,10,3658,130483163,3.77798e-07,0.0328,ebi-a-GCST90001404,rs12412378,A,C,0.1607, || id:ebi-a-GCST90001404,TRUE,reported,igd
-0.257,10,3658,73504848,4.23e-06,0.05578,ebi-a-GCST90001404,rs185836310,C,T,0.051, || id:ebi-a-GCST90001404,TRUE,reported,igd
-0.4648,11,3658,129797755,6.24698e-06,0.1027,ebi-a-GCST90001404,rs76195952,T,C,0.0142, || id:ebi-a-GCST90001404,TRUE,reported,igd
1.708,11,3658,117526440,7.60694e-07,0.3449,ebi-a-GCST90001404,rs55728331,A,G,0.0015, || id:ebi-a-GCST90001404,TRUE,reported,igd
0.1576,12,3658,6409619,3.01599e-06,0.0337,ebi-a-GCST90001404,rs10849436,A,G,0.1595, || id:ebi-a-GCST90001404,TRUE,reported,igd
0.2879,15,3658,34006114,4.51898e-06,0.06268,ebi-a-GCST90001404,rs62012610,C,G,0.0381, || id:ebi-a-GCST90001404,TRUE,reported,igd
-0.2036,16,3658,82103595,5.427e-06,0.0447,ebi-a-GCST90001404,rs8191161,C,G,0.0832, || id:ebi-a-GCST90001404,TRUE,reported,igd
-0.1407,16,3658,59861376,4.57499e-07,0.02784,ebi-a-GCST90001404,rs12709039,A,C,0.7365, || id:ebi-a-GCST90001404,TRUE,reported,igd
0.4702,17,3658,52836239,7.45504e-06,0.1048,ebi-a-GCST90001404,rs80148662,A,G,0.0137, || id:ebi-a-GCST90001404,TRUE,reported,igd
0.154,19,3658,56065534,1.79999e-06,0.03221,ebi-a-GCST90001404,rs186329,C,T,0.1706, || id:ebi-a-GCST90001404,TRUE,reported,igd
-0.1288,21,3658,16916284,7.73891e-06,0.02877,ebi-a-GCST90001404,rs8132059,T,C,0.2243, || id:ebi-a-GCST90001404,TRUE,reported,igd
0.1338,22,3658,19729361,6.51793e-07,0.02685,ebi-a-GCST90001404,rs11089305,G,A,0.2881, || id:ebi-a-GCST90001404,TRUE,reported,igd
