beta.exposure,pos.exposure,chr.exposure,pval.exposure,samplesize.exposure,se.exposure,id.exposure,SNP,effect_allele.exposure,other_allele.exposure,eaf.exposure,exposure,mr_keep.exposure,pval_origin.exposure,data_source.exposure
-0.2111,161479745,1,2.77013e-15,3657,0.02661,ebi-a-GCST90001802,rs1801274,G,A,0.325, || id:ebi-a-GCST90001802,TRUE,reported,igd
-0.8961,16508223,1,2.61999e-06,3657,0.1904,ebi-a-GCST90001802,rs114911864,T,A,0.0045, || id:ebi-a-GCST90001802,TRUE,reported,igd
-0.417,31211894,1,2.05802e-07,3657,0.08013,ebi-a-GCST90001802,rs34101571,A,G,0.0239, || id:ebi-a-GCST90001802,TRUE,reported,igd
0.1123,82973317,1,8.28209e-06,3657,0.02515,ebi-a-GCST90001802,rs1988454,A,G,0.459, || id:ebi-a-GCST90001802,TRUE,reported,igd
0.1191,99969159,1,2.52598e-06,3657,0.02527,ebi-a-GCST90001802,rs7517211,C,G,0.6084, || id:ebi-a-GCST90001802,TRUE,reported,igd
-0.2452,207963323,2,1.61901e-06,3657,0.05104,ebi-a-GCST90001802,rs114674204,A,T,0.0645, || id:ebi-a-GCST90001802,TRUE,reported,igd
-0.1403,111847100,2,3.63697e-07,3657,0.02753,ebi-a-GCST90001802,rs62163304,A,G,0.2996, || id:ebi-a-GCST90001802,TRUE,reported,igd
0.4961,8336242,2,5.61901e-06,3657,0.1091,ebi-a-GCST90001802,rs77986179,G,A,0.0142, || id:ebi-a-GCST90001802,TRUE,reported,igd
0.6071,32533246,3,2.73905e-29,3657,0.05356,ebi-a-GCST90001802,rs35574803,C,T,0.0562, || id:ebi-a-GCST90001802,TRUE,reported,igd
0.1393,122718575,3,8.43898e-06,3657,0.03124,ebi-a-GCST90001802,rs4453793,C,T,0.2029, || id:ebi-a-GCST90001802,TRUE,reported,igd
-0.1183,50174886,3,8.96499e-06,3657,0.0266,ebi-a-GCST90001802,rs2526388,C,T,0.5906, || id:ebi-a-GCST90001802,TRUE,reported,igd
0.4158,32945761,3,1.19801e-09,3657,0.06821,ebi-a-GCST90001802,rs75918255,A,G,0.035, || id:ebi-a-GCST90001802,TRUE,reported,igd
0.3914,31134534,3,6.83896e-06,3657,0.08689,ebi-a-GCST90001802,rs76929865,C,A,0.0223, || id:ebi-a-GCST90001802,TRUE,reported,igd
0.2366,36349691,3,1.67302e-06,3657,0.04932,ebi-a-GCST90001802,rs144642376,G,A,0.0718, || id:ebi-a-GCST90001802,TRUE,reported,igd
0.3908,65101031,4,3.97402e-06,3657,0.08459,ebi-a-GCST90001802,rs75901184,A,G,0.022, || id:ebi-a-GCST90001802,TRUE,reported,igd
-0.5642,109948893,5,8.02805e-06,3657,0.1262,ebi-a-GCST90001802,rs36111462,T,A,0.0101, || id:ebi-a-GCST90001802,TRUE,reported,igd
0.1351,148981029,5,9.98206e-06,3657,0.03055,ebi-a-GCST90001802,rs717954,G,A,0.2114, || id:ebi-a-GCST90001802,TRUE,reported,igd
-0.1332,20806496,8,1.35201e-06,3657,0.02752,ebi-a-GCST90001802,rs486182,T,C,0.2817, || id:ebi-a-GCST90001802,TRUE,reported,igd
0.8406,94318432,9,3.84202e-07,3657,0.1653,ebi-a-GCST90001802,rs147388542,C,A,0.0055, || id:ebi-a-GCST90001802,TRUE,reported,igd
0.6433,77881098,11,7.71205e-06,3657,0.1436,ebi-a-GCST90001802,rs230665,A,G,0.0075, || id:ebi-a-GCST90001802,TRUE,reported,igd
-0.225,6558720,12,1.19201e-09,3657,0.03691,ebi-a-GCST90001802,rs11064198,T,A,0.1256, || id:ebi-a-GCST90001802,TRUE,reported,igd
0.2039,10045919,12,1.494e-07,3657,0.03875,ebi-a-GCST90001802,rs577575,A,G,0.117, || id:ebi-a-GCST90001802,TRUE,reported,igd
-0.2059,6553016,12,7.42335e-17,3657,0.02456,ebi-a-GCST90001802,rs2250246,G,A,0.5339, || id:ebi-a-GCST90001802,TRUE,reported,igd
-0.2266,61938155,14,3.99402e-06,3657,0.04905,ebi-a-GCST90001802,rs4899049,T,C,0.0681, || id:ebi-a-GCST90001802,TRUE,reported,igd
0.5958,22523362,15,9.71807e-06,3657,0.1345,ebi-a-GCST90001802,rs7179434,A,C,0.4721, || id:ebi-a-GCST90001802,TRUE,reported,igd
0.1328,25250464,18,5.79095e-06,3657,0.02925,ebi-a-GCST90001802,rs6508496,A,C,0.2256, || id:ebi-a-GCST90001802,TRUE,reported,igd
0.1333,60861693,18,7.57495e-07,3657,0.0269,ebi-a-GCST90001802,rs4987790,G,T,0.6892, || id:ebi-a-GCST90001802,TRUE,reported,igd
0.6139,16824730,19,9.21298e-06,3657,0.1382,ebi-a-GCST90001802,rs150306315,A,T,0.0088, || id:ebi-a-GCST90001802,TRUE,reported,igd
0.2106,44511627,20,1.67402e-09,3657,0.03486,ebi-a-GCST90001802,rs11086984,T,C,0.1514, || id:ebi-a-GCST90001802,TRUE,reported,igd
-0.1842,44094375,20,5.98494e-07,3657,0.03684,ebi-a-GCST90001802,rs973446,G,C,0.1313, || id:ebi-a-GCST90001802,TRUE,reported,igd
-0.4707,44746982,20,3.83354e-75,3657,0.02507,ebi-a-GCST90001802,rs1883832,C,T,0.6318, || id:ebi-a-GCST90001802,TRUE,reported,igd
-0.143,46785499,20,1.54e-08,3657,0.02522,ebi-a-GCST90001802,rs162076,A,G,0.555, || id:ebi-a-GCST90001802,TRUE,reported,igd
-0.3302,45312244,20,2.04602e-06,3657,0.06943,ebi-a-GCST90001802,rs6012007,C,T,0.0335, || id:ebi-a-GCST90001802,TRUE,reported,igd
