se.exposure,chr.exposure,pval.exposure,samplesize.exposure,pos.exposure,beta.exposure,id.exposure,SNP,effect_allele.exposure,other_allele.exposure,eaf.exposure,exposure,mr_keep.exposure,pval_origin.exposure,data_source.exposure
0.05485,1,8.90697e-06,3656,212877210,0.244,ebi-a-GCST90001806,rs112625026,G,T,0.0553, || id:ebi-a-GCST90001806,TRUE,reported,igd
0.08013,1,4.35903e-06,3656,31211894,-0.3686,ebi-a-GCST90001806,rs34101571,A,G,0.0239, || id:ebi-a-GCST90001806,TRUE,reported,igd
0.02671,1,3.133e-09,3656,161479745,-0.1586,ebi-a-GCST90001806,rs1801274,G,A,0.3251, || id:ebi-a-GCST90001806,TRUE,reported,igd
0.04493,2,1.71601e-06,3656,185499138,-0.2153,ebi-a-GCST90001806,rs72625293,C,T,0.0883, || id:ebi-a-GCST90001806,TRUE,reported,igd
0.04434,2,2.61198e-06,3656,6446274,0.2087,ebi-a-GCST90001806,rs75765646,G,T,0.0819, || id:ebi-a-GCST90001806,TRUE,reported,igd
0.0867,3,1.14699e-07,3656,31134534,0.4606,ebi-a-GCST90001806,rs76929865,C,A,0.0223, || id:ebi-a-GCST90001806,TRUE,reported,igd
0.05306,3,8.01863e-44,3656,32533246,0.7465,ebi-a-GCST90001806,rs35574803,C,T,0.0561, || id:ebi-a-GCST90001806,TRUE,reported,igd
0.06804,3,9.62498e-14,3656,32945761,0.5086,ebi-a-GCST90001806,rs75918255,A,G,0.035, || id:ebi-a-GCST90001806,TRUE,reported,igd
0.04922,3,3.82402e-08,3656,36349691,0.2712,ebi-a-GCST90001806,rs144642376,G,A,0.0718, || id:ebi-a-GCST90001806,TRUE,reported,igd
0.077,3,1.39399e-08,3656,32924804,0.4379,ebi-a-GCST90001806,rs56237381,A,G,0.0272, || id:ebi-a-GCST90001806,TRUE,reported,igd
0.03329,3,2.26402e-06,3656,33165436,-0.1576,ebi-a-GCST90001806,rs6777433,A,T,0.8282, || id:ebi-a-GCST90001806,TRUE,reported,igd
0.02839,5,3.35197e-06,3656,161994889,-0.1321,ebi-a-GCST90001806,rs12651722,G,A,0.2553, || id:ebi-a-GCST90001806,TRUE,reported,igd
0.0769,5,2.59998e-06,3656,36746983,0.362,ebi-a-GCST90001806,rs36667,A,C,0.0268, || id:ebi-a-GCST90001806,TRUE,reported,igd
0.03911,7,2.77498e-06,3656,70704068,0.1836,ebi-a-GCST90001806,rs11769145,C,T,0.1175, || id:ebi-a-GCST90001806,TRUE,reported,igd
0.03359,8,2.81501e-06,3656,8349757,0.1576,ebi-a-GCST90001806,rs6997361,T,C,0.829, || id:ebi-a-GCST90001806,TRUE,reported,igd
0.03889,10,2.88602e-06,3656,28679045,-0.1822,ebi-a-GCST90001806,rs11007079,T,C,0.1187, || id:ebi-a-GCST90001806,TRUE,reported,igd
0.05087,10,3.52899e-06,3656,28945318,0.2363,ebi-a-GCST90001806,rs143164248,A,G,0.0632, || id:ebi-a-GCST90001806,TRUE,reported,igd
0.03338,12,6.59629e-15,3656,6554628,-0.2612,ebi-a-GCST90001806,rs25680,A,G,0.167, || id:ebi-a-GCST90001806,TRUE,reported,igd
0.03759,12,4.48436e-11,3656,6605299,0.2484,ebi-a-GCST90001806,rs147714617,T,C,0.1224, || id:ebi-a-GCST90001806,TRUE,reported,igd
0.2126,14,5.25799e-07,3656,29256374,-1.069,ebi-a-GCST90001806,rs138260228,T,C,0.0034, || id:ebi-a-GCST90001806,TRUE,reported,igd
0.03152,14,2.77703e-08,3656,106306841,-0.1755,ebi-a-GCST90001806,rs709589,T,C,0.4557, || id:ebi-a-GCST90001806,TRUE,reported,igd
0.1272,16,6.71599e-06,3656,46869339,-0.5737,ebi-a-GCST90001806,rs72812418,T,G,0.0088, || id:ebi-a-GCST90001806,TRUE,reported,igd
0.02724,16,5.83203e-06,3656,78165161,-0.1236,ebi-a-GCST90001806,rs72802982,A,G,0.3133, || id:ebi-a-GCST90001806,TRUE,reported,igd
0.1411,16,3.84698e-06,3656,33471549,-0.6529,ebi-a-GCST90001806,rs369017459,A,C,0.0086, || id:ebi-a-GCST90001806,TRUE,reported,igd
0.05699,18,9.02298e-06,3656,70433020,-0.2534,ebi-a-GCST90001806,rs117896307,C,T,0.0499, || id:ebi-a-GCST90001806,TRUE,reported,igd
0.02524,20,1.76202e-06,3656,46785499,-0.1208,ebi-a-GCST90001806,rs162076,A,G,0.555, || id:ebi-a-GCST90001806,TRUE,reported,igd
0.03238,20,8.79893e-06,3656,2047479,-0.1441,ebi-a-GCST90001806,rs6112686,G,A,0.1771, || id:ebi-a-GCST90001806,TRUE,reported,igd
0.03485,20,1.25e-08,3656,44511627,0.1988,ebi-a-GCST90001806,rs11086984,T,C,0.1513, || id:ebi-a-GCST90001806,TRUE,reported,igd
0.02498,20,5.93335e-78,3656,44747947,-0.4783,ebi-a-GCST90001806,rs4810485,G,T,0.6313, || id:ebi-a-GCST90001806,TRUE,reported,igd
0.04328,20,1.13999e-08,3656,46242688,-0.2476,ebi-a-GCST90001806,rs72645230,G,C,0.0944, || id:ebi-a-GCST90001806,TRUE,reported,igd
0.1554,22,7.18092e-06,3656,46585927,0.6985,ebi-a-GCST90001806,rs4253791,A,T,0.0057, || id:ebi-a-GCST90001806,TRUE,reported,igd
