samplesize.exposure,pos.exposure,se.exposure,chr.exposure,pval.exposure,beta.exposure,id.exposure,SNP,effect_allele.exposure,other_allele.exposure,eaf.exposure,exposure,mr_keep.exposure,pval_origin.exposure,data_source.exposure
3638,115907459,0.03334,1,7.18704e-06,-0.1499,ebi-a-GCST90001766,rs11102943,A,G,0.1682, || id:ebi-a-GCST90001766,TRUE,reported,igd
3638,144289202,0.09042,2,9.32911e-06,0.4013,ebi-a-GCST90001766,rs75307680,G,T,0.0201, || id:ebi-a-GCST90001766,TRUE,reported,igd
3638,16255245,0.05549,3,6.94305e-06,-0.2498,ebi-a-GCST90001766,rs77154655,C,T,0.0524, || id:ebi-a-GCST90001766,TRUE,reported,igd
3638,164019500,0.02573,4,7.95408e-06,0.1151,ebi-a-GCST90001766,rs4435699,G,C,0.6192, || id:ebi-a-GCST90001766,TRUE,reported,igd
3638,144991868,0.4528,4,3.46697e-06,-2.105,ebi-a-GCST90001766,rs144378737,G,A,7e-04, || id:ebi-a-GCST90001766,TRUE,reported,igd
3638,57060537,0.2364,5,8.69e-06,-1.053,ebi-a-GCST90001766,rs62358439,A,G,0.0026, || id:ebi-a-GCST90001766,TRUE,reported,igd
3638,79150995,0.04144,5,4.84797e-06,0.1897,ebi-a-GCST90001766,rs1007713,A,G,0.1009, || id:ebi-a-GCST90001766,TRUE,reported,igd
3638,111200853,0.2529,5,6.87607e-06,1.139,ebi-a-GCST90001766,rs72782129,G,T,0.0019, || id:ebi-a-GCST90001766,TRUE,reported,igd
3638,107164076,0.05081,6,2.65828e-17,-0.432,ebi-a-GCST90001766,rs9400058,G,A,0.0651, || id:ebi-a-GCST90001766,TRUE,reported,igd
3638,106962679,0.03335,6,4.36104e-06,-0.1534,ebi-a-GCST90001766,rs783418,C,G,0.834, || id:ebi-a-GCST90001766,TRUE,reported,igd
3638,153107656,0.04877,6,3.13798e-06,-0.2277,ebi-a-GCST90001766,rs9479391,A,T,0.0722, || id:ebi-a-GCST90001766,TRUE,reported,igd
3638,106898421,0.02534,6,3.86198e-08,0.1396,ebi-a-GCST90001766,rs2236073,A,G,0.5998, || id:ebi-a-GCST90001766,TRUE,reported,igd
3638,32560741,0.03012,6,7.21805e-06,-0.1353,ebi-a-GCST90001766,rs9270560,C,T,0.5884, || id:ebi-a-GCST90001766,TRUE,reported,igd
3638,144871633,0.02643,8,6.71104e-07,0.1316,ebi-a-GCST90001766,rs11781090,T,C,0.6622, || id:ebi-a-GCST90001766,TRUE,reported,igd
3638,58477006,0.0266,10,7.29407e-06,0.1195,ebi-a-GCST90001766,rs6481230,T,A,0.6579, || id:ebi-a-GCST90001766,TRUE,reported,igd
3638,111599201,0.05859,10,1.486e-06,0.2825,ebi-a-GCST90001766,rs138034828,C,G,0.0482, || id:ebi-a-GCST90001766,TRUE,reported,igd
3638,12834785,0.1643,11,2.70302e-07,-0.8464,ebi-a-GCST90001766,rs143053604,G,A,0.0056, || id:ebi-a-GCST90001766,TRUE,reported,igd
3638,40829042,0.06021,12,9.02402e-06,-0.2677,ebi-a-GCST90001766,rs11176619,T,G,0.0473, || id:ebi-a-GCST90001766,TRUE,reported,igd
3638,94556734,0.06079,12,6.38807e-06,-0.2747,ebi-a-GCST90001766,rs59866449,G,A,0.0429, || id:ebi-a-GCST90001766,TRUE,reported,igd
3638,43192207,0.06738,14,2.44799e-07,-0.3484,ebi-a-GCST90001766,rs77636548,C,T,0.0346, || id:ebi-a-GCST90001766,TRUE,reported,igd
3638,51153533,0.03989,17,1.07199e-06,-0.1949,ebi-a-GCST90001766,rs792792,T,C,0.885, || id:ebi-a-GCST90001766,TRUE,reported,igd
3638,46221152,0.05956,18,7.69201e-07,0.2949,ebi-a-GCST90001766,rs8089264,T,C,0.0469, || id:ebi-a-GCST90001766,TRUE,reported,igd
