se.exposure,pos.exposure,samplesize.exposure,chr.exposure,beta.exposure,pval.exposure,id.exposure,SNP,effect_allele.exposure,other_allele.exposure,eaf.exposure,exposure,mr_keep.exposure,pval_origin.exposure,data_source.exposure
0.02499,167424924,2919,1,0.644,3.75837e-132,ebi-a-GCST90001860,rs2949661,T,C,0.4466, || id:ebi-a-GCST90001860,TRUE,reported,igd
0.06326,165218634,2919,1,-0.3594,1.467e-08,ebi-a-GCST90001860,rs4656440,G,C,0.049, || id:ebi-a-GCST90001860,TRUE,reported,igd
0.03817,167104790,2919,1,-0.2013,1.43001e-07,ebi-a-GCST90001860,rs12077809,A,C,0.1461, || id:ebi-a-GCST90001860,TRUE,reported,igd
0.03338,169011173,2919,1,-0.1491,8.25601e-06,ebi-a-GCST90001860,rs12035159,T,C,0.2234, || id:ebi-a-GCST90001860,TRUE,reported,igd
0.04852,107526739,2919,1,-0.2253,3.56599e-06,ebi-a-GCST90001860,rs72697615,T,C,0.0879, || id:ebi-a-GCST90001860,TRUE,reported,igd
0.03854,166464476,2919,1,-0.2773,7.9671e-13,ebi-a-GCST90001860,rs12138291,A,G,0.1482, || id:ebi-a-GCST90001860,TRUE,reported,igd
0.02866,167500918,2919,1,0.1732,1.68698e-09,ebi-a-GCST90001860,rs858496,G,T,0.6622, || id:ebi-a-GCST90001860,TRUE,reported,igd
0.04197,26545277,2919,1,-0.1863,9.36505e-06,ebi-a-GCST90001860,rs6697436,C,T,0.1208, || id:ebi-a-GCST90001860,TRUE,reported,igd
0.2082,241271589,2919,2,0.9585,4.32195e-06,ebi-a-GCST90001860,rs74425152,G,A,0.0041, || id:ebi-a-GCST90001860,TRUE,reported,igd
0.07409,56038405,2919,2,-0.3386,5.08499e-06,ebi-a-GCST90001860,rs139257983,G,A,0.036, || id:ebi-a-GCST90001860,TRUE,reported,igd
0.04745,141971977,2919,3,-0.2248,2.26001e-06,ebi-a-GCST90001860,rs75443629,C,T,0.0898, || id:ebi-a-GCST90001860,TRUE,reported,igd
0.08517,20480323,2919,4,-0.3788,9.00202e-06,ebi-a-GCST90001860,rs4456952,T,C,0.0269, || id:ebi-a-GCST90001860,TRUE,reported,igd
0.09991,156067251,2919,7,-0.4695,2.74e-06,ebi-a-GCST90001860,rs78694250,A,G,0.0204, || id:ebi-a-GCST90001860,TRUE,reported,igd
0.05099,101646390,2919,8,-0.2405,2.516e-06,ebi-a-GCST90001860,rs41434450,A,G,0.075, || id:ebi-a-GCST90001860,TRUE,reported,igd
0.08057,31348951,2919,10,0.3595,8.41395e-06,ebi-a-GCST90001860,rs61845257,C,T,0.0289, || id:ebi-a-GCST90001860,TRUE,reported,igd
0.2862,54799428,2919,10,1.284,7.48204e-06,ebi-a-GCST90001860,rs141328863,T,C,0.0024, || id:ebi-a-GCST90001860,TRUE,reported,igd
0.3906,14119860,2919,12,1.745,8.23797e-06,ebi-a-GCST90001860,rs4763361,G,C,0.9988, || id:ebi-a-GCST90001860,TRUE,reported,igd
0.2478,12952560,2919,12,-1.156,3.22203e-06,ebi-a-GCST90001860,rs117734680,G,A,0.0031, || id:ebi-a-GCST90001860,TRUE,reported,igd
0.04917,67931948,2919,13,0.2248,5.03304e-06,ebi-a-GCST90001860,rs113842802,T,C,0.0877, || id:ebi-a-GCST90001860,TRUE,reported,igd
0.03626,20825965,2919,14,0.1643,6.11294e-06,ebi-a-GCST90001860,rs2700,C,A,0.1694, || id:ebi-a-GCST90001860,TRUE,reported,igd
0.02868,86185512,2919,14,-0.1405,1.013e-06,ebi-a-GCST90001860,rs61991437,G,C,0.3614, || id:ebi-a-GCST90001860,TRUE,reported,igd
0.09306,36121803,2919,15,0.4243,5.35303e-06,ebi-a-GCST90001860,rs78042544,G,A,0.0214, || id:ebi-a-GCST90001860,TRUE,reported,igd
0.08144,17996315,2919,16,0.3655,7.48497e-06,ebi-a-GCST90001860,rs59302791,T,C,0.0291, || id:ebi-a-GCST90001860,TRUE,reported,igd
0.02929,70796437,2919,17,-0.1323,6.48306e-06,ebi-a-GCST90001860,rs9894706,G,C,0.6985, || id:ebi-a-GCST90001860,TRUE,reported,igd
0.02829,6001918,2919,17,-0.1337,2.39602e-06,ebi-a-GCST90001860,rs4796568,G,C,0.6244, || id:ebi-a-GCST90001860,TRUE,reported,igd
0.02882,19866371,2919,19,0.1293,7.58892e-06,ebi-a-GCST90001860,rs7251035,C,T,0.6249, || id:ebi-a-GCST90001860,TRUE,reported,igd
0.07954,37681268,2919,21,0.3573,7.322e-06,ebi-a-GCST90001860,rs142664794,T,C,0.0305, || id:ebi-a-GCST90001860,TRUE,reported,igd
0.1295,35170735,2919,22,-0.5745,9.50802e-06,ebi-a-GCST90001860,rs10483184,T,G,0.0115, || id:ebi-a-GCST90001860,TRUE,reported,igd
