se.exposure,beta.exposure,chr.exposure,pos.exposure,samplesize.exposure,pval.exposure,id.exposure,SNP,effect_allele.exposure,other_allele.exposure,eaf.exposure,exposure,mr_keep.exposure,pval_origin.exposure,data_source.exposure
0.07354,-0.3476,1,47339027,2920,2.38501e-06,ebi-a-GCST90001886,rs181148368,A,G,0.0344, || id:ebi-a-GCST90001886,TRUE,reported,igd
0.02972,-0.1636,2,204328474,2920,3.97704e-08,ebi-a-GCST90001886,rs77594357,A,T,0.2743, || id:ebi-a-GCST90001886,TRUE,reported,igd
0.0266,0.121,2,65005540,2920,5.56596e-06,ebi-a-GCST90001886,rs702874,A,G,0.5993, || id:ebi-a-GCST90001886,TRUE,reported,igd
0.02642,0.303,2,204589281,2920,8.43529e-30,ebi-a-GCST90001886,rs3116493,T,G,0.5639, || id:ebi-a-GCST90001886,TRUE,reported,igd
0.124,-0.5558,3,123701658,2920,7.68706e-06,ebi-a-GCST90001886,rs72968907,A,G,0.0113, || id:ebi-a-GCST90001886,TRUE,reported,igd
0.1932,-0.8872,4,25806035,2920,4.56405e-06,ebi-a-GCST90001886,rs75966592,C,T,0.0046, || id:ebi-a-GCST90001886,TRUE,reported,igd
0.09442,-0.4305,5,31664604,2920,5.34798e-06,ebi-a-GCST90001886,rs78069822,T,C,0.02, || id:ebi-a-GCST90001886,TRUE,reported,igd
0.1217,-0.6179,5,81137543,2920,4.10601e-07,ebi-a-GCST90001886,rs13170880,T,A,0.0115, || id:ebi-a-GCST90001886,TRUE,reported,igd
0.3763,-1.685,6,71917703,2920,7.78395e-06,ebi-a-GCST90001886,rs113069636,C,T,0.001, || id:ebi-a-GCST90001886,TRUE,reported,igd
0.05431,0.241,8,68794331,2920,9.42606e-06,ebi-a-GCST90001886,rs75477465,A,G,0.0625, || id:ebi-a-GCST90001886,TRUE,reported,igd
0.1608,-0.753,10,86422393,2920,2.97701e-06,ebi-a-GCST90001886,rs79881476,T,C,0.0058, || id:ebi-a-GCST90001886,TRUE,reported,igd
0.02582,0.2494,10,97628994,2920,9.47327e-22,ebi-a-GCST90001886,rs2226163,G,A,0.4714, || id:ebi-a-GCST90001886,TRUE,reported,igd
0.02832,0.1269,11,65547333,2920,7.68794e-06,ebi-a-GCST90001886,rs12146493,A,G,0.3, || id:ebi-a-GCST90001886,TRUE,reported,igd
0.4811,-2.139,11,24126713,2920,9.07904e-06,ebi-a-GCST90001886,rs144419206,T,C,7e-04, || id:ebi-a-GCST90001886,TRUE,reported,igd
0.0853,-0.4003,12,100890455,2920,2.80899e-06,ebi-a-GCST90001886,rs7294586,C,T,0.0247, || id:ebi-a-GCST90001886,TRUE,reported,igd
0.3071,1.539,14,82047636,2920,5.70204e-07,ebi-a-GCST90001886,rs111860462,T,C,0.0017, || id:ebi-a-GCST90001886,TRUE,reported,igd
0.1105,0.5057,14,55670402,2920,4.94903e-06,ebi-a-GCST90001886,rs79450701,A,G,0.0146, || id:ebi-a-GCST90001886,TRUE,reported,igd
0.02785,-0.1433,15,91437388,2920,2.81203e-07,ebi-a-GCST90001886,rs2521501,T,A,0.3423, || id:ebi-a-GCST90001886,TRUE,reported,igd
0.181,-0.8334,16,25627987,2920,4.31301e-06,ebi-a-GCST90001886,rs137875117,A,T,0.0057, || id:ebi-a-GCST90001886,TRUE,reported,igd
0.0846,-0.4147,19,6350406,2920,1.00099e-06,ebi-a-GCST90001886,rs147329602,C,G,0.0241, || id:ebi-a-GCST90001886,TRUE,reported,igd
