samplesize.exposure,chr.exposure,beta.exposure,pos.exposure,pval.exposure,se.exposure,id.exposure,SNP,effect_allele.exposure,other_allele.exposure,eaf.exposure,exposure,mr_keep.exposure,pval_origin.exposure,data_source.exposure
3656,4,0.271,162634026,9.17698e-06,0.06102,ebi-a-GCST90001437,rs11937214,G,A,0.0465, || id:ebi-a-GCST90001437,TRUE,reported,igd
3656,5,-0.3046,115785493,6.33695e-06,0.06737,ebi-a-GCST90001437,rs76845048,C,A,0.0357, || id:ebi-a-GCST90001437,TRUE,reported,igd
3656,5,-0.479,135756457,3.26701e-06,0.1028,ebi-a-GCST90001437,rs115204570,T,G,0.0161, || id:ebi-a-GCST90001437,TRUE,reported,igd
3656,5,-0.2266,158285953,8.38591e-07,0.04592,ebi-a-GCST90001437,rs17056318,C,T,0.081, || id:ebi-a-GCST90001437,TRUE,reported,igd
3656,6,-0.1954,31240635,9.11801e-06,0.04397,ebi-a-GCST90001437,rs4361609,C,G,0.1131, || id:ebi-a-GCST90001437,TRUE,reported,igd
3656,7,0.1611,67653879,2.82703e-06,0.03434,ebi-a-GCST90001437,rs35607968,T,C,0.1536, || id:ebi-a-GCST90001437,TRUE,reported,igd
3656,7,0.2916,121332400,6.51493e-06,0.06457,ebi-a-GCST90001437,rs111830700,A,G,0.0377, || id:ebi-a-GCST90001437,TRUE,reported,igd
3656,7,0.4648,108191234,4.93799e-06,0.1016,ebi-a-GCST90001437,rs140197720,T,C,0.0153, || id:ebi-a-GCST90001437,TRUE,reported,igd
3656,8,-0.1504,130617819,6.15106e-08,0.02772,ebi-a-GCST90001437,rs2395904,G,T,0.2657, || id:ebi-a-GCST90001437,TRUE,reported,igd
3656,8,0.3335,132657435,6.96707e-06,0.07409,ebi-a-GCST90001437,rs4361743,C,T,0.9725, || id:ebi-a-GCST90001437,TRUE,reported,igd
3656,8,0.3348,75515052,2.50098e-07,0.06479,ebi-a-GCST90001437,rs533239981,C,G,0.0387, || id:ebi-a-GCST90001437,TRUE,reported,igd
3656,8,0.1509,35485504,1.84599e-06,0.0316,ebi-a-GCST90001437,rs2978582,C,T,0.1969, || id:ebi-a-GCST90001437,TRUE,reported,igd
3656,10,0.3341,97801073,4.39097e-06,0.07265,ebi-a-GCST90001437,rs74151247,A,C,0.0302, || id:ebi-a-GCST90001437,TRUE,reported,igd
3656,11,0.1156,43575416,6.47903e-06,0.02559,ebi-a-GCST90001437,rs56097028,C,G,0.3832, || id:ebi-a-GCST90001437,TRUE,reported,igd
3656,12,-0.3176,25018659,1.679e-06,0.06621,ebi-a-GCST90001437,rs74397782,A,G,0.0343, || id:ebi-a-GCST90001437,TRUE,reported,igd
3656,12,0.2756,107821321,1.42498e-06,0.05706,ebi-a-GCST90001437,rs78433555,A,C,0.0501, || id:ebi-a-GCST90001437,TRUE,reported,igd
3656,14,-0.2342,65713895,3.92202e-06,0.05066,ebi-a-GCST90001437,rs116844769,A,G,0.0662, || id:ebi-a-GCST90001437,TRUE,reported,igd
3656,14,0.3445,103229069,1.46299e-06,0.07141,ebi-a-GCST90001437,rs112850074,G,A,0.031, || id:ebi-a-GCST90001437,TRUE,reported,igd
3656,17,-0.1308,38038389,5.41901e-06,0.02872,ebi-a-GCST90001437,rs12939565,T,A,0.4267, || id:ebi-a-GCST90001437,TRUE,reported,igd
3656,17,-0.1122,2716535,6.17206e-06,0.02478,ebi-a-GCST90001437,rs11653761,T,G,0.592, || id:ebi-a-GCST90001437,TRUE,reported,igd
3656,19,-0.1599,33468482,1.41501e-06,0.03309,ebi-a-GCST90001437,rs4805840,G,A,0.823, || id:ebi-a-GCST90001437,TRUE,reported,igd
3656,19,0.1132,14873284,9.63407e-06,0.02554,ebi-a-GCST90001437,rs55658072,G,A,0.6219, || id:ebi-a-GCST90001437,TRUE,reported,igd
3656,20,-0.1135,42078615,5.87706e-06,0.02501,ebi-a-GCST90001437,rs7270264,C,T,0.4132, || id:ebi-a-GCST90001437,TRUE,reported,igd
3656,21,-0.3974,16767346,8.23797e-06,0.08899,ebi-a-GCST90001437,rs55708924,G,A,0.0185, || id:ebi-a-GCST90001437,TRUE,reported,igd
