beta.exposure,chr.exposure,samplesize.exposure,pos.exposure,se.exposure,pval.exposure,id.exposure,SNP,effect_allele.exposure,other_allele.exposure,eaf.exposure,exposure,mr_keep.exposure,pval_origin.exposure,data_source.exposure
0.392,1,3668,115926543,0.08773,8.10494e-06,ebi-a-GCST90001632,rs147600774,T,A,0.0196, || id:ebi-a-GCST90001632,TRUE,reported,igd
-0.5546,1,3668,208930710,0.1246,8.76496e-06,ebi-a-GCST90001632,rs61815774,T,C,0.0087, || id:ebi-a-GCST90001632,TRUE,reported,igd
0.1419,2,3668,113838725,0.03133,6.12195e-06,ebi-a-GCST90001632,rs55699240,C,G,0.1936, || id:ebi-a-GCST90001632,TRUE,reported,igd
-0.1981,2,3668,137472168,0.04193,2.38501e-06,ebi-a-GCST90001632,rs34994982,G,A,0.0994, || id:ebi-a-GCST90001632,TRUE,reported,igd
0.2504,2,3668,122052948,0.05522,5.95594e-06,ebi-a-GCST90001632,rs10188255,A,G,0.0537, || id:ebi-a-GCST90001632,TRUE,reported,igd
-1.466,3,3668,183735909,0.3182,4.18504e-06,ebi-a-GCST90001632,rs60553229,A,G,0.0014, || id:ebi-a-GCST90001632,TRUE,reported,igd
0.1947,4,3668,24539202,0.04376,8.89795e-06,ebi-a-GCST90001632,rs12499194,T,C,0.0859, || id:ebi-a-GCST90001632,TRUE,reported,igd
0.1761,5,3668,9391367,0.0393,7.69006e-06,ebi-a-GCST90001632,rs17256404,C,A,0.1095, || id:ebi-a-GCST90001632,TRUE,reported,igd
0.2125,6,3668,44207850,0.04611,4.19295e-06,ebi-a-GCST90001632,rs115889733,A,G,0.0777, || id:ebi-a-GCST90001632,TRUE,reported,igd
0.1479,6,3668,32447085,0.0299,7.86593e-07,ebi-a-GCST90001632,rs2395191,C,T,0.3721, || id:ebi-a-GCST90001632,TRUE,reported,igd
0.2652,7,3668,23209757,0.05718,3.64401e-06,ebi-a-GCST90001632,rs34575510,T,C,0.0488, || id:ebi-a-GCST90001632,TRUE,reported,igd
0.1491,7,3668,52580478,0.0321,3.52201e-06,ebi-a-GCST90001632,rs2041561,C,G,0.8213, || id:ebi-a-GCST90001632,TRUE,reported,igd
0.1222,8,3668,145057868,0.02527,1.38599e-06,ebi-a-GCST90001632,rs11544989,G,A,0.6125, || id:ebi-a-GCST90001632,TRUE,reported,igd
-0.1213,10,3668,90258876,0.02557,2.18399e-06,ebi-a-GCST90001632,rs725683,T,C,0.5781, || id:ebi-a-GCST90001632,TRUE,reported,igd
0.1113,11,3668,128067342,0.02481,7.41293e-06,ebi-a-GCST90001632,rs12363646,C,T,0.504, || id:ebi-a-GCST90001632,TRUE,reported,igd
-0.3039,11,3668,112189184,0.06611,4.44201e-06,ebi-a-GCST90001632,rs12792298,T,C,0.0345, || id:ebi-a-GCST90001632,TRUE,reported,igd
-0.45,11,3668,116460172,0.1011,8.79205e-06,ebi-a-GCST90001632,rs11216023,C,G,0.0149, || id:ebi-a-GCST90001632,TRUE,reported,igd
-0.1242,11,3668,2325581,0.02469,5.06302e-07,ebi-a-GCST90001632,rs2074023,T,C,0.4124, || id:ebi-a-GCST90001632,TRUE,reported,igd
-0.3961,11,3668,112705025,0.03859,2.18424e-24,ebi-a-GCST90001632,rs78268116,T,C,0.1095, || id:ebi-a-GCST90001632,TRUE,reported,igd
0.14,11,3668,112914680,0.03055,4.76299e-06,ebi-a-GCST90001632,rs12224032,G,C,0.2087, || id:ebi-a-GCST90001632,TRUE,reported,igd
0.324,11,3668,70988762,0.06651,1.153e-06,ebi-a-GCST90001632,rs144156455,C,T,0.0361, || id:ebi-a-GCST90001632,TRUE,reported,igd
-0.7638,13,3668,27907115,0.1631,2.93103e-06,ebi-a-GCST90001632,rs61944019,A,G,0.0052, || id:ebi-a-GCST90001632,TRUE,reported,igd
-0.4752,13,3668,109403845,0.1027,3.83698e-06,ebi-a-GCST90001632,rs117122100,T,C,0.0142, || id:ebi-a-GCST90001632,TRUE,reported,igd
-0.7971,13,3668,108484563,0.1781,7.80998e-06,ebi-a-GCST90001632,rs116179687,T,G,0.0046, || id:ebi-a-GCST90001632,TRUE,reported,igd
-0.1113,17,3668,74953080,0.02471,6.90605e-06,ebi-a-GCST90001632,rs11658954,G,A,0.6265, || id:ebi-a-GCST90001632,TRUE,reported,igd
-0.1138,17,3668,7866604,0.02535,7.33804e-06,ebi-a-GCST90001632,rs11650003,G,A,0.3867, || id:ebi-a-GCST90001632,TRUE,reported,igd
-0.1928,17,3668,33793208,0.03853,5.851e-07,ebi-a-GCST90001632,rs75361910,T,C,0.117, || id:ebi-a-GCST90001632,TRUE,reported,igd
-0.1404,18,3668,67865495,0.03105,6.32499e-06,ebi-a-GCST90001632,rs56297703,C,T,0.2019, || id:ebi-a-GCST90001632,TRUE,reported,igd
-0.4541,22,3668,28030270,0.1007,6.72899e-06,ebi-a-GCST90001632,rs117499937,A,G,0.0142, || id:ebi-a-GCST90001632,TRUE,reported,igd
