chr.exposure,pos.exposure,pval.exposure,samplesize.exposure,beta.exposure,se.exposure,id.exposure,SNP,effect_allele.exposure,other_allele.exposure,eaf.exposure,exposure,mr_keep.exposure,pval_origin.exposure,data_source.exposure
1,199999121,1.793e-07,3427,-0.9339,0.1786,ebi-a-GCST90001536,rs11579717,A,G,0.0044, || id:ebi-a-GCST90001536,TRUE,reported,igd
1,198524264,1.77992e-13,3427,-1.991,0.2693,ebi-a-GCST90001536,rs146620586,T,G,0.0032, || id:ebi-a-GCST90001536,TRUE,reported,igd
1,21018820,2.42003e-06,3427,-0.3206,0.06789,ebi-a-GCST90001536,rs150422994,G,C,0.0306, || id:ebi-a-GCST90001536,TRUE,reported,igd
1,157535842,5.659e-07,3427,-0.13,0.02593,ebi-a-GCST90001536,rs1581998,G,T,0.3166, || id:ebi-a-GCST90001536,TRUE,reported,igd
2,57906216,1.89701e-06,3427,-0.1468,0.03075,ebi-a-GCST90001536,rs1380699,G,A,0.2015, || id:ebi-a-GCST90001536,TRUE,reported,igd
2,38931153,5.39299e-06,3427,0.1112,0.02442,ebi-a-GCST90001536,rs72795179,A,G,0.4444, || id:ebi-a-GCST90001536,TRUE,reported,igd
2,38897249,7.82492e-10,3427,-0.1632,0.02646,ebi-a-GCST90001536,rs12712610,G,A,0.2969, || id:ebi-a-GCST90001536,TRUE,reported,igd
2,106438361,1.30299e-06,3427,-3.149,0.6495,ebi-a-GCST90001536,rs190665193,G,A,3e-04, || id:ebi-a-GCST90001536,TRUE,reported,igd
3,14769598,3.312e-06,3427,-0.112,0.02405,ebi-a-GCST90001536,rs6771179,G,C,0.5601, || id:ebi-a-GCST90001536,TRUE,reported,igd
4,37884855,4.35702e-06,3427,-0.1152,0.02503,ebi-a-GCST90001536,rs7675607,G,T,0.6344, || id:ebi-a-GCST90001536,TRUE,reported,igd
4,185924195,8.05805e-06,3427,0.1825,0.04082,ebi-a-GCST90001536,rs10013442,A,G,0.0944, || id:ebi-a-GCST90001536,TRUE,reported,igd
4,99216768,5.72506e-07,3427,-2.198,0.4387,ebi-a-GCST90001536,rs12498745,A,G,6e-04, || id:ebi-a-GCST90001536,TRUE,reported,igd
6,13138376,8.03397e-06,3427,-0.3731,0.08345,ebi-a-GCST90001536,rs138143706,A,G,0.0207, || id:ebi-a-GCST90001536,TRUE,reported,igd
6,32594169,9.54289e-08,3427,-0.1842,0.03445,ebi-a-GCST90001536,rs9271766,G,A,0.782, || id:ebi-a-GCST90001536,TRUE,reported,igd
6,85644512,3.41397e-06,3427,-0.7845,0.1687,ebi-a-GCST90001536,rs74911099,C,T,0.0048, || id:ebi-a-GCST90001536,TRUE,reported,igd
6,31322911,4.54695e-07,3427,0.1684,0.03331,ebi-a-GCST90001536,rs1051488,T,C,0.7693, || id:ebi-a-GCST90001536,TRUE,reported,igd
7,142438302,1.01801e-07,3427,-4.107,0.7699,ebi-a-GCST90001536,rs79647440,T,C,4e-04, || id:ebi-a-GCST90001536,TRUE,reported,igd
7,139232896,4.454e-06,3427,-0.3683,0.08013,ebi-a-GCST90001536,rs144196931,A,G,0.0229, || id:ebi-a-GCST90001536,TRUE,reported,igd
8,117805397,8.58796e-08,3427,0.1562,0.02912,ebi-a-GCST90001536,rs1550856,G,A,0.7785, || id:ebi-a-GCST90001536,TRUE,reported,igd
9,10237013,5.00495e-06,3427,0.4998,0.1093,ebi-a-GCST90001536,rs62539662,C,A,0.0117, || id:ebi-a-GCST90001536,TRUE,reported,igd
10,87172617,4.11604e-06,3427,-0.4646,0.1007,ebi-a-GCST90001536,rs11201613,A,G,0.0144, || id:ebi-a-GCST90001536,TRUE,reported,igd
11,86965976,9.15503e-06,3427,0.3353,0.07547,ebi-a-GCST90001536,rs188628982,T,G,0.0261, || id:ebi-a-GCST90001536,TRUE,reported,igd
12,131363533,8.7579e-06,3427,0.1317,0.02957,ebi-a-GCST90001536,rs7963505,T,A,0.2235, || id:ebi-a-GCST90001536,TRUE,reported,igd
12,86979143,1.366e-06,3427,-0.6934,0.1433,ebi-a-GCST90001536,rs142403852,C,T,0.0077, || id:ebi-a-GCST90001536,TRUE,reported,igd
16,16334247,9.51393e-06,3427,-0.3734,0.08419,ebi-a-GCST90001536,rs543009646,T,C,0.0225, || id:ebi-a-GCST90001536,TRUE,reported,igd
16,989381,3.27597e-06,3427,0.1905,0.04089,ebi-a-GCST90001536,rs12448994,T,C,0.0925, || id:ebi-a-GCST90001536,TRUE,reported,igd
18,66895282,1.639e-06,3427,0.1388,0.0289,ebi-a-GCST90001536,rs1626874,A,G,0.2164, || id:ebi-a-GCST90001536,TRUE,reported,igd
21,19399885,1.31801e-06,3427,-0.6057,0.125,ebi-a-GCST90001536,rs73196629,G,A,0.0083, || id:ebi-a-GCST90001536,TRUE,reported,igd
22,32667243,7.31493e-06,3427,-0.1697,0.03778,ebi-a-GCST90001536,rs12160006,C,T,0.1106, || id:ebi-a-GCST90001536,TRUE,reported,igd
