pos.exposure,pval.exposure,samplesize.exposure,beta.exposure,se.exposure,chr.exposure,id.exposure,SNP,effect_allele.exposure,other_allele.exposure,eaf.exposure,exposure,mr_keep.exposure,pval_origin.exposure,data_source.exposure
8194962,3.94003e-06,3657,0.3821,0.08268,1,ebi-a-GCST90001791,rs139257812,C,T,0.0228, || id:ebi-a-GCST90001791,TRUE,reported,igd
34421513,3.47496e-07,3657,-0.3055,0.05984,1,ebi-a-GCST90001791,rs9425892,C,T,0.0458, || id:ebi-a-GCST90001791,TRUE,reported,igd
61099420,9.66897e-06,3657,0.1154,0.02604,2,ebi-a-GCST90001791,rs13019590,C,A,0.4537, || id:ebi-a-GCST90001791,TRUE,reported,igd
157651153,7.93195e-07,3657,0.449,0.09078,3,ebi-a-GCST90001791,rs112017455,T,A,0.019, || id:ebi-a-GCST90001791,TRUE,reported,igd
145514461,5.64898e-06,3657,0.25,0.05501,4,ebi-a-GCST90001791,rs1398243,A,G,0.0536, || id:ebi-a-GCST90001791,TRUE,reported,igd
86111282,8.59904e-06,3657,2.465,0.5533,5,ebi-a-GCST90001791,rs34518596,T,C,5e-04, || id:ebi-a-GCST90001791,TRUE,reported,igd
151209997,4.11396e-06,3657,-0.1175,0.02547,6,ebi-a-GCST90001791,rs4869953,G,A,0.621, || id:ebi-a-GCST90001791,TRUE,reported,igd
47871972,5.68499e-07,3657,-0.8004,0.1597,7,ebi-a-GCST90001791,rs149662107,A,G,0.0062, || id:ebi-a-GCST90001791,TRUE,reported,igd
25865542,9.81499e-06,3657,0.1145,0.02585,7,ebi-a-GCST90001791,rs1812673,C,T,0.5629, || id:ebi-a-GCST90001791,TRUE,reported,igd
95886051,4.56352e-11,3657,-0.1953,0.02956,9,ebi-a-GCST90001791,rs3793662,T,C,0.7759, || id:ebi-a-GCST90001791,TRUE,reported,igd
654681,6.15503e-06,3657,-0.1694,0.03741,9,ebi-a-GCST90001791,rs7028305,G,A,0.1224, || id:ebi-a-GCST90001791,TRUE,reported,igd
5827901,3.85798e-08,3657,0.2314,0.04201,10,ebi-a-GCST90001791,rs17403348,C,T,0.0997, || id:ebi-a-GCST90001791,TRUE,reported,igd
6191376,5.59887e-13,3657,0.4465,0.0617,10,ebi-a-GCST90001791,rs147487472,A,C,0.0414, || id:ebi-a-GCST90001791,TRUE,reported,igd
6106621,2.21411e-43,3657,0.5626,0.04021,10,ebi-a-GCST90001791,rs41294937,C,T,0.1075, || id:ebi-a-GCST90001791,TRUE,reported,igd
99652174,9.9481e-06,3657,-0.3571,0.08071,10,ebi-a-GCST90001791,rs116930842,T,C,0.0254, || id:ebi-a-GCST90001791,TRUE,reported,igd
35069685,3.74999e-06,3657,0.2061,0.04449,11,ebi-a-GCST90001791,rs59278703,A,C,0.0904, || id:ebi-a-GCST90001791,TRUE,reported,igd
70397340,1.083e-06,3657,0.8238,0.1687,11,ebi-a-GCST90001791,rs77869769,C,T,0.0051, || id:ebi-a-GCST90001791,TRUE,reported,igd
117287794,4.29705e-06,3657,-0.1462,0.03176,11,ebi-a-GCST90001791,rs474490,G,T,0.8033, || id:ebi-a-GCST90001791,TRUE,reported,igd
17419208,7.90406e-06,3657,-0.4985,0.1114,12,ebi-a-GCST90001791,rs73070033,T,C,0.013, || id:ebi-a-GCST90001791,TRUE,reported,igd
31504316,7.67291e-09,3657,-0.1509,0.02607,12,ebi-a-GCST90001791,rs11051398,T,C,0.5325, || id:ebi-a-GCST90001791,TRUE,reported,igd
19370199,2.689e-06,3657,-0.2929,0.0623,13,ebi-a-GCST90001791,rs117788286,C,T,0.0463, || id:ebi-a-GCST90001791,TRUE,reported,igd
106306841,4.11197e-06,3657,-0.1461,0.03168,14,ebi-a-GCST90001791,rs709589,T,C,0.4557, || id:ebi-a-GCST90001791,TRUE,reported,igd
33466839,5.29505e-06,3657,0.1264,0.02773,15,ebi-a-GCST90001791,rs8028696,T,C,0.2827, || id:ebi-a-GCST90001791,TRUE,reported,igd
11709659,9.32803e-07,3657,0.3848,0.07832,16,ebi-a-GCST90001791,rs118088397,T,C,0.0269, || id:ebi-a-GCST90001791,TRUE,reported,igd
9181620,8.06696e-06,3657,-0.3243,0.07254,19,ebi-a-GCST90001791,rs148048180,A,G,0.0283, || id:ebi-a-GCST90001791,TRUE,reported,igd
20803779,3.76097e-06,3657,-0.115,0.02484,20,ebi-a-GCST90001791,rs1555271,C,T,0.5212, || id:ebi-a-GCST90001791,TRUE,reported,igd
27750139,7.85001e-06,3657,0.914,0.2042,21,ebi-a-GCST90001791,rs17002085,A,C,0.0037, || id:ebi-a-GCST90001791,TRUE,reported,igd
