beta.exposure,chr.exposure,se.exposure,pos.exposure,pval.exposure,samplesize.exposure,id.exposure,SNP,effect_allele.exposure,other_allele.exposure,eaf.exposure,exposure,mr_keep.exposure,pval_origin.exposure,data_source.exposure
-0.2863,1,0.04872,161937774,4.583e-09,3629,ebi-a-GCST90001585,rs71639910,A,G,0.0704, || id:ebi-a-GCST90001585,TRUE,reported,igd
0.2376,1,0.03802,161561151,4.60098e-10,3629,ebi-a-GCST90001585,rs74341264,A,G,0.1261, || id:ebi-a-GCST90001585,TRUE,reported,igd
0.1677,1,0.02704,161194400,6.142e-10,3629,ebi-a-GCST90001585,rs3829793,G,C,0.3147, || id:ebi-a-GCST90001585,TRUE,reported,igd
-0.7013,1,0.02722,161526397,1.40605e-134,3629,ebi-a-GCST90001585,rs71632979,G,A,0.2479, || id:ebi-a-GCST90001585,TRUE,reported,igd
-0.5907,1,0.133,158788928,9.21701e-06,3629,ebi-a-GCST90001585,rs138308733,G,C,0.0094, || id:ebi-a-GCST90001585,TRUE,reported,igd
-0.6517,1,0.1283,161031616,3.98502e-07,3629,ebi-a-GCST90001585,rs185631377,A,G,0.0095, || id:ebi-a-GCST90001585,TRUE,reported,igd
0.3741,1,0.07173,92185351,1.94102e-07,3629,ebi-a-GCST90001585,rs11466597,C,T,0.0331, || id:ebi-a-GCST90001585,TRUE,reported,igd
0.1541,2,0.03386,215457940,5.52205e-06,3629,ebi-a-GCST90001585,rs7604795,C,T,0.8355, || id:ebi-a-GCST90001585,TRUE,reported,igd
0.3676,3,0.07899,172984421,3.37404e-06,3629,ebi-a-GCST90001585,rs75738537,A,G,0.0258, || id:ebi-a-GCST90001585,TRUE,reported,igd
0.4909,3,0.09721,167152276,4.63799e-07,3629,ebi-a-GCST90001585,rs147218533,C,T,0.0164, || id:ebi-a-GCST90001585,TRUE,reported,igd
0.5828,4,0.1304,122320941,8.019e-06,3629,ebi-a-GCST90001585,rs114032392,G,A,0.0088, || id:ebi-a-GCST90001585,TRUE,reported,igd
0.4909,4,0.1104,161408429,9.0261e-06,3629,ebi-a-GCST90001585,rs6853013,G,C,0.0134, || id:ebi-a-GCST90001585,TRUE,reported,igd
0.2898,4,0.06363,182944203,5.43e-06,3629,ebi-a-GCST90001585,rs112831211,G,T,0.0415, || id:ebi-a-GCST90001585,TRUE,reported,igd
0.2625,4,0.05739,148945287,4.93799e-06,3629,ebi-a-GCST90001585,rs77936882,G,T,0.0495, || id:ebi-a-GCST90001585,TRUE,reported,igd
-0.1412,4,0.03062,91255079,4.10696e-06,3629,ebi-a-GCST90001585,rs1903578,T,C,0.2006, || id:ebi-a-GCST90001585,TRUE,reported,igd
-0.3263,4,0.07052,71103396,3.82604e-06,3629,ebi-a-GCST90001585,rs141154517,A,G,0.0331, || id:ebi-a-GCST90001585,TRUE,reported,igd
0.1179,4,0.02655,41646651,9.2651e-06,3629,ebi-a-GCST90001585,rs2304647,C,G,0.336, || id:ebi-a-GCST90001585,TRUE,reported,igd
0.22,6,0.04915,79237344,7.84693e-06,3629,ebi-a-GCST90001585,rs34161492,T,C,0.0668, || id:ebi-a-GCST90001585,TRUE,reported,igd
0.4933,7,0.1006,99531657,9.81703e-07,3629,ebi-a-GCST90001585,rs76127744,A,G,0.0163, || id:ebi-a-GCST90001585,TRUE,reported,igd
0.1652,7,0.03101,92408370,1.064e-07,3629,ebi-a-GCST90001585,rs445,T,C,0.1941, || id:ebi-a-GCST90001585,TRUE,reported,igd
0.3233,8,0.06994,30170640,3.91498e-06,3629,ebi-a-GCST90001585,rs77305308,C,T,0.0324, || id:ebi-a-GCST90001585,TRUE,reported,igd
0.3399,8,0.06783,51887026,5.696e-07,3629,ebi-a-GCST90001585,rs72649637,C,T,0.0343, || id:ebi-a-GCST90001585,TRUE,reported,igd
-0.5996,9,0.1227,31933307,1.06001e-06,3629,ebi-a-GCST90001585,rs10970605,C,G,0.0107, || id:ebi-a-GCST90001585,TRUE,reported,igd
-0.1131,12,0.02494,4104047,5.97902e-06,3629,ebi-a-GCST90001585,rs56037947,G,A,0.3907, || id:ebi-a-GCST90001585,TRUE,reported,igd
-0.1416,12,0.02691,112151742,1.50598e-07,3629,ebi-a-GCST90001585,rs847888,A,C,0.4964, || id:ebi-a-GCST90001585,TRUE,reported,igd
0.3235,15,0.06785,75293128,1.93402e-06,3629,ebi-a-GCST90001585,rs117302238,A,G,0.0339, || id:ebi-a-GCST90001585,TRUE,reported,igd
