se.exposure,beta.exposure,chr.exposure,pos.exposure,pval.exposure,samplesize.exposure,id.exposure,SNP,effect_allele.exposure,other_allele.exposure,eaf.exposure,exposure,mr_keep.exposure,pval_origin.exposure,data_source.exposure
0.05211,-0.2379,1,62560039,5.17095e-06,3657,ebi-a-GCST90001746,rs116729050,A,G,0.0591, || id:ebi-a-GCST90001746,TRUE,reported,igd
0.2905,-1.317,3,27240644,5.96898e-06,3657,ebi-a-GCST90001746,rs149204679,G,A,0.0018, || id:ebi-a-GCST90001746,TRUE,reported,igd
0.02492,0.114,3,149086665,4.96101e-06,3657,ebi-a-GCST90001746,rs35525697,T,A,0.4325, || id:ebi-a-GCST90001746,TRUE,reported,igd
0.03118,-0.1558,4,190508875,6.07701e-07,3657,ebi-a-GCST90001746,rs62340965,A,T,0.2158, || id:ebi-a-GCST90001746,TRUE,reported,igd
0.02461,-0.1101,5,61352528,8.01198e-06,3657,ebi-a-GCST90001746,rs4700466,C,T,0.5156, || id:ebi-a-GCST90001746,TRUE,reported,igd
0.06562,0.305,5,98564385,3.46497e-06,3657,ebi-a-GCST90001746,rs114915558,G,A,0.0384, || id:ebi-a-GCST90001746,TRUE,reported,igd
0.04714,0.2352,6,31812140,6.34103e-07,3657,ebi-a-GCST90001746,rs77121649,T,C,0.1047, || id:ebi-a-GCST90001746,TRUE,reported,igd
0.03424,-0.1603,6,32581515,2.96497e-06,3657,ebi-a-GCST90001746,rs3129750,A,G,0.8007, || id:ebi-a-GCST90001746,TRUE,reported,igd
0.0502,0.2717,6,29778271,6.64707e-08,3657,ebi-a-GCST90001746,rs9461562,G,A,0.1025, || id:ebi-a-GCST90001746,TRUE,reported,igd
0.03692,0.2082,6,15898884,1.84502e-08,3657,ebi-a-GCST90001746,rs1569590,G,A,0.8748, || id:ebi-a-GCST90001746,TRUE,reported,igd
0.0474,0.2436,6,31209854,2.89501e-07,3657,ebi-a-GCST90001746,rs28572463,C,G,0.1081, || id:ebi-a-GCST90001746,TRUE,reported,igd
0.02935,0.1399,6,32586922,1.94702e-06,3657,ebi-a-GCST90001746,rs13207893,C,T,0.2953, || id:ebi-a-GCST90001746,TRUE,reported,igd
0.06153,0.2849,9,75709022,3.78896e-06,3657,ebi-a-GCST90001746,rs79110866,G,A,0.0421, || id:ebi-a-GCST90001746,TRUE,reported,igd
0.1438,0.6515,10,6361438,6.047e-06,3657,ebi-a-GCST90001746,rs76239564,G,A,0.0066, || id:ebi-a-GCST90001746,TRUE,reported,igd
0.02634,0.1293,10,67086564,9.57304e-07,3657,ebi-a-GCST90001746,rs4746507,A,C,0.3258, || id:ebi-a-GCST90001746,TRUE,reported,igd
0.04155,-0.2221,11,60249526,9.59599e-08,3657,ebi-a-GCST90001746,rs1941033,T,C,0.0982, || id:ebi-a-GCST90001746,TRUE,reported,igd
0.02718,-0.1284,11,268078,2.42003e-06,3657,ebi-a-GCST90001746,rs7128035,C,T,0.7107, || id:ebi-a-GCST90001746,TRUE,reported,igd
0.1635,-0.7345,13,64174465,7.23602e-06,3657,ebi-a-GCST90001746,rs149214933,G,T,0.0062, || id:ebi-a-GCST90001746,TRUE,reported,igd
0.02577,0.1154,13,50896167,7.79902e-06,3657,ebi-a-GCST90001746,rs2532969,T,C,0.3444, || id:ebi-a-GCST90001746,TRUE,reported,igd
0.1828,-0.8854,15,31184858,1.33199e-06,3657,ebi-a-GCST90001746,rs62000215,T,C,0.0049, || id:ebi-a-GCST90001746,TRUE,reported,igd
0.03511,-0.1563,17,17417808,8.73897e-06,3657,ebi-a-GCST90001746,rs66637059,T,C,0.1479, || id:ebi-a-GCST90001746,TRUE,reported,igd
0.03846,0.1706,18,60657744,9.47807e-06,3657,ebi-a-GCST90001746,rs11662753,G,C,0.1124, || id:ebi-a-GCST90001746,TRUE,reported,igd
0.04207,0.2089,19,50940778,7.14694e-07,3657,ebi-a-GCST90001746,rs61731791,T,C,0.0972, || id:ebi-a-GCST90001746,TRUE,reported,igd
0.0287,-0.2125,19,49872521,1.60509e-13,3657,ebi-a-GCST90001746,rs55809481,C,T,0.2425, || id:ebi-a-GCST90001746,TRUE,reported,igd
0.1428,0.6367,19,51714781,8.45902e-06,3657,ebi-a-GCST90001746,rs62623429,T,C,0.0077, || id:ebi-a-GCST90001746,TRUE,reported,igd
