se.exposure,pos.exposure,samplesize.exposure,chr.exposure,pval.exposure,beta.exposure,id.exposure,SNP,effect_allele.exposure,other_allele.exposure,eaf.exposure,exposure,mr_keep.exposure,pval_origin.exposure,data_source.exposure
0.02704,20141920,2919,1,9.10207e-06,0.1202,ebi-a-GCST90001854,rs12064796,A,G,0.4101, || id:ebi-a-GCST90001854,TRUE,reported,igd
0.03815,166464476,2919,1,1.41286e-11,-0.2588,ebi-a-GCST90001854,rs12138291,A,G,0.1482, || id:ebi-a-GCST90001854,TRUE,reported,igd
0.07604,165314063,2919,1,3.50897e-09,-0.4505,ebi-a-GCST90001854,rs35055340,T,C,0.0324, || id:ebi-a-GCST90001854,TRUE,reported,igd
0.03016,168700134,2919,1,6.42895e-09,-0.1756,ebi-a-GCST90001854,rs552999,A,C,0.7211, || id:ebi-a-GCST90001854,TRUE,reported,igd
0.06512,167573289,2919,1,1.92699e-07,-0.3398,ebi-a-GCST90001854,rs186524272,G,C,0.0454, || id:ebi-a-GCST90001854,TRUE,reported,igd
0.03734,163328756,2919,1,9.69505e-06,0.1655,ebi-a-GCST90001854,rs12401936,G,A,0.1554, || id:ebi-a-GCST90001854,TRUE,reported,igd
0.02517,167424924,2919,1,5.29663e-108,0.5797,ebi-a-GCST90001854,rs2949661,T,C,0.4466, || id:ebi-a-GCST90001854,TRUE,reported,igd
0.2062,241271589,2919,2,6.16893e-06,0.9338,ebi-a-GCST90001854,rs74425152,G,A,0.0041, || id:ebi-a-GCST90001854,TRUE,reported,igd
0.02906,15202886,2919,3,2.45098e-06,-0.1372,ebi-a-GCST90001854,rs4685239,G,A,0.3059, || id:ebi-a-GCST90001854,TRUE,reported,igd
0.02779,108801664,2919,4,5.65497e-06,-0.1264,ebi-a-GCST90001854,rs1389168,C,T,0.6194, || id:ebi-a-GCST90001854,TRUE,reported,igd
0.03591,141216310,2919,5,5.28494e-06,0.1638,ebi-a-GCST90001854,rs10491313,G,A,0.1737, || id:ebi-a-GCST90001854,TRUE,reported,igd
0.06515,70488258,2919,7,7.36801e-07,-0.3233,ebi-a-GCST90001854,rs140156664,T,C,0.0454, || id:ebi-a-GCST90001854,TRUE,reported,igd
0.09872,156067251,2919,7,3.59203e-06,-0.4583,ebi-a-GCST90001854,rs78694250,A,G,0.0204, || id:ebi-a-GCST90001854,TRUE,reported,igd
0.04302,151089130,2919,7,7.57304e-06,-0.1929,ebi-a-GCST90001854,rs2240626,C,T,0.1103, || id:ebi-a-GCST90001854,TRUE,reported,igd
0.04763,101654508,2919,8,9.5929e-06,-0.2112,ebi-a-GCST90001854,rs55772918,A,G,0.0848, || id:ebi-a-GCST90001854,TRUE,reported,igd
0.06906,28515256,2919,9,3.90499e-06,-0.3194,ebi-a-GCST90001854,rs7868444,G,C,0.9608, || id:ebi-a-GCST90001854,TRUE,reported,igd
0.02713,97510704,2919,10,3.43321e-16,-0.2226,ebi-a-GCST90001854,rs10882659,C,T,0.4269, || id:ebi-a-GCST90001854,TRUE,reported,igd
0.2778,30021259,2919,11,3.83204e-06,1.286,ebi-a-GCST90001854,rs79041458,A,G,0.0021, || id:ebi-a-GCST90001854,TRUE,reported,igd
0.04881,99014189,2919,11,2.99399e-06,-0.2284,ebi-a-GCST90001854,rs6589911,A,T,0.9108, || id:ebi-a-GCST90001854,TRUE,reported,igd
0.04255,103510349,2919,12,9.33104e-06,0.1889,ebi-a-GCST90001854,rs74377561,G,A,0.1182, || id:ebi-a-GCST90001854,TRUE,reported,igd
0.06334,95185923,2919,12,1.692e-06,-0.3038,ebi-a-GCST90001854,rs55740714,C,T,0.0546, || id:ebi-a-GCST90001854,TRUE,reported,igd
0.08049,17996315,2919,16,3.36403e-06,0.3748,ebi-a-GCST90001854,rs59302791,T,C,0.0291, || id:ebi-a-GCST90001854,TRUE,reported,igd
0.1978,52834997,2919,16,2.26199e-06,-0.9373,ebi-a-GCST90001854,rs77724325,T,C,0.0045, || id:ebi-a-GCST90001854,TRUE,reported,igd
0.1816,3860393,2919,17,5.97297e-06,0.8237,ebi-a-GCST90001854,rs181383275,T,C,0.005, || id:ebi-a-GCST90001854,TRUE,reported,igd
0.04335,49422652,2919,19,9.64895e-06,0.1921,ebi-a-GCST90001854,rs73063535,T,C,0.1041, || id:ebi-a-GCST90001854,TRUE,reported,igd
0.03027,62036301,2919,20,4.53503e-06,0.1391,ebi-a-GCST90001854,rs11698085,C,G,0.2652, || id:ebi-a-GCST90001854,TRUE,reported,igd
0.07859,37681268,2919,21,7.11607e-06,0.3535,ebi-a-GCST90001854,rs142664794,T,C,0.0305, || id:ebi-a-GCST90001854,TRUE,reported,igd
