pos.exposure,samplesize.exposure,se.exposure,chr.exposure,pval.exposure,beta.exposure,id.exposure,SNP,effect_allele.exposure,other_allele.exposure,eaf.exposure,exposure,mr_keep.exposure,pval_origin.exposure,data_source.exposure
46613239,3043,0.08042,1,7.006e-08,0.4346,ebi-a-GCST90001449,rs191730825,G,A,0.0292, || id:ebi-a-GCST90001449,TRUE,reported,igd
101915678,3043,0.1021,3,3.10699e-06,0.4772,ebi-a-GCST90001449,rs115058278,A,T,0.0168, || id:ebi-a-GCST90001449,TRUE,reported,igd
172744541,3043,0.1245,3,3.36597e-07,0.6366,ebi-a-GCST90001449,rs74610143,T,C,0.0125, || id:ebi-a-GCST90001449,TRUE,reported,igd
65576520,3043,0.03726,3,8.53395e-06,0.1661,ebi-a-GCST90001449,rs11921245,C,T,0.1456, || id:ebi-a-GCST90001449,TRUE,reported,igd
182768743,3043,0.04484,4,1.76901e-06,-0.2147,ebi-a-GCST90001449,rs35237330,A,G,0.0971, || id:ebi-a-GCST90001449,TRUE,reported,igd
59111915,3043,0.04296,5,6.99697e-06,-0.1934,ebi-a-GCST90001449,rs13186506,T,A,0.104, || id:ebi-a-GCST90001449,TRUE,reported,igd
176914227,3043,0.1202,5,6.05494e-06,0.545,ebi-a-GCST90001449,rs75256410,T,C,0.0122, || id:ebi-a-GCST90001449,TRUE,reported,igd
153684820,3043,0.06121,7,4.94698e-06,-0.28,ebi-a-GCST90001449,rs13241407,G,A,0.0483, || id:ebi-a-GCST90001449,TRUE,reported,igd
22775663,3043,0.1283,7,4.23399e-06,0.591,ebi-a-GCST90001449,rs11766273,A,G,0.0115, || id:ebi-a-GCST90001449,TRUE,reported,igd
122075261,3043,0.0271,7,7.70602e-06,0.1214,ebi-a-GCST90001449,rs10227905,G,T,0.3971, || id:ebi-a-GCST90001449,TRUE,reported,igd
23486970,3043,0.08775,7,2.377e-06,0.4148,ebi-a-GCST90001449,rs73073066,T,C,0.023, || id:ebi-a-GCST90001449,TRUE,reported,igd
94037230,3043,0.1295,8,9.29694e-06,-0.575,ebi-a-GCST90001449,rs17689291,C,G,0.0107, || id:ebi-a-GCST90001449,TRUE,reported,igd
19326303,3043,0.02694,8,7.22404e-06,0.1211,ebi-a-GCST90001449,rs4922033,T,C,0.3899, || id:ebi-a-GCST90001449,TRUE,reported,igd
26889823,3043,0.03583,10,6.72992e-06,-0.1616,ebi-a-GCST90001449,rs703009,T,C,0.1687, || id:ebi-a-GCST90001449,TRUE,reported,igd
27966210,3043,0.02698,12,4.532e-06,-0.124,ebi-a-GCST90001449,rs11610005,G,C,0.4358, || id:ebi-a-GCST90001449,TRUE,reported,igd
42973243,3043,0.06253,12,4.66702e-07,0.3158,ebi-a-GCST90001449,rs57566659,C,G,0.0462, || id:ebi-a-GCST90001449,TRUE,reported,igd
31160823,3043,0.0957,14,6.82402e-07,-0.4763,ebi-a-GCST90001449,rs76968110,A,G,0.0189, || id:ebi-a-GCST90001449,TRUE,reported,igd
29918210,3043,0.1414,14,1.81201e-06,-0.6761,ebi-a-GCST90001449,rs117909439,T,C,0.0089, || id:ebi-a-GCST90001449,TRUE,reported,igd
37200279,3043,0.04225,15,5.50605e-06,0.1924,ebi-a-GCST90001449,rs62002392,G,A,0.1119, || id:ebi-a-GCST90001449,TRUE,reported,igd
53934556,3043,0.04368,16,9.61789e-06,-0.1936,ebi-a-GCST90001449,rs16952634,A,G,0.1032, || id:ebi-a-GCST90001449,TRUE,reported,igd
45062476,3043,0.02963,17,8.10793e-07,0.1465,ebi-a-GCST90001449,rs8065103,G,A,0.7212, || id:ebi-a-GCST90001449,TRUE,reported,igd
52655304,3043,0.0349,20,7.19598e-06,-0.1569,ebi-a-GCST90001449,rs1381984,A,G,0.1661, || id:ebi-a-GCST90001449,TRUE,reported,igd
5421681,3043,0.03301,20,1.79602e-06,0.1579,ebi-a-GCST90001449,rs35149557,C,T,0.198, || id:ebi-a-GCST90001449,TRUE,reported,igd
