se.exposure,samplesize.exposure,chr.exposure,pval.exposure,pos.exposure,beta.exposure,id.exposure,SNP,effect_allele.exposure,other_allele.exposure,eaf.exposure,exposure,mr_keep.exposure,pval_origin.exposure,data_source.exposure
0.05629,3657,1,2.81799e-07,214407674,0.2896,ebi-a-GCST90001792,rs1660369,T,C,0.9512, || id:ebi-a-GCST90001792,TRUE,reported,igd
0.09273,3657,1,3.87802e-06,68752573,0.4289,ebi-a-GCST90001792,rs12739411,C,G,0.018, || id:ebi-a-GCST90001792,TRUE,reported,igd
0.05371,3657,1,4.07099e-07,61376720,-0.2726,ebi-a-GCST90001792,rs12139506,G,A,0.0543, || id:ebi-a-GCST90001792,TRUE,reported,igd
0.1714,3657,2,7.76497e-06,173874264,-0.7675,ebi-a-GCST90001792,rs75784903,C,G,0.0046, || id:ebi-a-GCST90001792,TRUE,reported,igd
0.04466,3657,2,2.84702e-06,15014620,-0.2094,ebi-a-GCST90001792,rs2139146,T,C,0.0796, || id:ebi-a-GCST90001792,TRUE,reported,igd
0.0251,3657,2,7.27495e-06,33764503,0.1128,ebi-a-GCST90001792,rs62149023,G,C,0.4412, || id:ebi-a-GCST90001792,TRUE,reported,igd
0.7066,3657,4,8.34392e-06,106231334,3.153,ebi-a-GCST90001792,rs149905818,C,T,3e-04, || id:ebi-a-GCST90001792,TRUE,reported,igd
0.5824,3657,5,5.08499e-06,122019220,-2.66,ebi-a-GCST90001792,rs74726196,A,G,4e-04, || id:ebi-a-GCST90001792,TRUE,reported,igd
0.02711,3657,7,7.52593e-06,25590299,0.1216,ebi-a-GCST90001792,rs2999572,G,T,0.3095, || id:ebi-a-GCST90001792,TRUE,reported,igd
0.2288,3657,8,7.87807e-06,36436637,-1.024,ebi-a-GCST90001792,rs140833732,T,A,0.0033, || id:ebi-a-GCST90001792,TRUE,reported,igd
0.06873,3657,9,7.39707e-06,132487598,-0.3085,ebi-a-GCST90001792,rs183392197,C,G,0.0334, || id:ebi-a-GCST90001792,TRUE,reported,igd
0.02895,3657,9,8.7579e-09,95886051,-0.167,ebi-a-GCST90001792,rs3793662,T,C,0.7759, || id:ebi-a-GCST90001792,TRUE,reported,igd
0.02699,3657,10,1.14499e-14,6162476,-0.2093,ebi-a-GCST90001792,rs4747882,T,A,0.7132, || id:ebi-a-GCST90001792,TRUE,reported,igd
0.03541,3657,10,7.36495e-06,126182752,0.159,ebi-a-GCST90001792,rs11245200,T,C,0.1303, || id:ebi-a-GCST90001792,TRUE,reported,igd
0.02745,3657,10,7.7589e-48,6113782,-0.4047,ebi-a-GCST90001792,rs1887027,T,C,0.2454, || id:ebi-a-GCST90001792,TRUE,reported,igd
0.02453,3657,10,1.20301e-10,6178941,-0.1584,ebi-a-GCST90001792,rs11598494,C,T,0.5587, || id:ebi-a-GCST90001792,TRUE,reported,igd
0.04579,3657,10,3.64099e-07,7830675,0.2333,ebi-a-GCST90001792,rs2853765,C,G,0.9228, || id:ebi-a-GCST90001792,TRUE,reported,igd
0.06447,3657,11,5.52599e-06,102922239,0.2934,ebi-a-GCST90001792,rs563803689,T,C,0.0376, || id:ebi-a-GCST90001792,TRUE,reported,igd
0.1151,3657,14,5.10199e-06,89659141,-0.5259,ebi-a-GCST90001792,rs183975337,T,A,0.0108, || id:ebi-a-GCST90001792,TRUE,reported,igd
0.02504,3657,15,2.57401e-06,86804118,0.1179,ebi-a-GCST90001792,rs62013832,T,A,0.3841, || id:ebi-a-GCST90001792,TRUE,reported,igd
0.04764,3657,16,3.50098e-06,14508423,-0.2213,ebi-a-GCST90001792,rs7186545,C,G,0.9299, || id:ebi-a-GCST90001792,TRUE,reported,igd
0.02474,3657,16,4.81005e-06,25533172,-0.1133,ebi-a-GCST90001792,rs28374524,G,A,0.4154, || id:ebi-a-GCST90001792,TRUE,reported,igd
0.1207,3657,17,2.23702e-06,47014571,-0.5717,ebi-a-GCST90001792,rs73332250,C,T,0.0098, || id:ebi-a-GCST90001792,TRUE,reported,igd
0.02911,3657,18,1.385e-07,25753552,-0.1536,ebi-a-GCST90001792,rs28365327,A,G,0.7747, || id:ebi-a-GCST90001792,TRUE,reported,igd
0.02467,3657,18,9.08406e-06,67173624,-0.1096,ebi-a-GCST90001792,rs8097813,C,T,0.538, || id:ebi-a-GCST90001792,TRUE,reported,igd
0.05913,3657,21,1.94402e-06,44262209,-0.2819,ebi-a-GCST90001792,rs3862036,A,G,0.0424, || id:ebi-a-GCST90001792,TRUE,reported,igd
