samplesize.exposure,chr.exposure,pos.exposure,pval.exposure,beta.exposure,se.exposure,id.exposure,SNP,effect_allele.exposure,other_allele.exposure,eaf.exposure,exposure,mr_keep.exposure,pval_origin.exposure,data_source.exposure
3653,1,95785786,3.05302e-06,-0.1977,0.04229,ebi-a-GCST90001588,rs17113367,C,A,0.0979, || id:ebi-a-GCST90001588,TRUE,reported,igd
3653,1,82245693,5.87003e-06,-0.1843,0.04062,ebi-a-GCST90001588,rs72941136,C,G,0.1043, || id:ebi-a-GCST90001588,TRUE,reported,igd
3653,1,18554670,1.71199e-06,-0.5367,0.112,ebi-a-GCST90001588,rs3738088,T,G,0.0115, || id:ebi-a-GCST90001588,TRUE,reported,igd
3653,3,188392916,1.87698e-06,-0.1205,0.02524,ebi-a-GCST90001588,rs7634218,A,C,0.422, || id:ebi-a-GCST90001588,TRUE,reported,igd
3653,3,177432204,5.40904e-06,-0.3246,0.07126,ebi-a-GCST90001588,rs13066480,A,G,0.0307, || id:ebi-a-GCST90001588,TRUE,reported,igd
3653,3,8845344,8.74903e-06,0.1089,0.02446,ebi-a-GCST90001588,rs2679580,G,A,0.5182, || id:ebi-a-GCST90001588,TRUE,reported,igd
3653,4,31904141,8.27104e-06,-0.1356,0.03037,ebi-a-GCST90001588,rs1523154,T,G,0.2067, || id:ebi-a-GCST90001588,TRUE,reported,igd
3653,4,32930199,5.83297e-06,-0.4832,0.1064,ebi-a-GCST90001588,rs191132013,T,G,0.0133, || id:ebi-a-GCST90001588,TRUE,reported,igd
3653,6,11760807,8.18691e-07,0.1318,0.02667,ebi-a-GCST90001588,rs9368867,A,C,0.3099, || id:ebi-a-GCST90001588,TRUE,reported,igd
3653,6,71753094,3.14797e-06,0.1408,0.03016,ebi-a-GCST90001588,rs34147569,C,T,0.2247, || id:ebi-a-GCST90001588,TRUE,reported,igd
3653,7,26591929,5.66905e-06,-0.1469,0.03233,ebi-a-GCST90001588,rs1557987,G,A,0.8199, || id:ebi-a-GCST90001588,TRUE,reported,igd
3653,7,100536678,9.91106e-06,-0.1591,0.03594,ebi-a-GCST90001588,rs150774187,A,G,0.1422, || id:ebi-a-GCST90001588,TRUE,reported,igd
3653,8,118635981,6.87607e-06,0.2029,0.04505,ebi-a-GCST90001588,rs77233730,T,C,0.0835, || id:ebi-a-GCST90001588,TRUE,reported,igd
3653,8,130597230,2.65999e-07,0.143,0.02773,ebi-a-GCST90001588,rs7000289,G,A,0.2644, || id:ebi-a-GCST90001588,TRUE,reported,igd
3653,9,118765180,7.81592e-06,-0.3757,0.08393,ebi-a-GCST90001588,rs73520190,G,T,0.0233, || id:ebi-a-GCST90001588,TRUE,reported,igd
3653,10,119550308,2.76599e-06,0.354,0.0754,ebi-a-GCST90001588,rs116735405,C,G,0.0266, || id:ebi-a-GCST90001588,TRUE,reported,igd
3653,10,85429828,7.67397e-06,0.1501,0.03351,ebi-a-GCST90001588,rs6585493,A,G,0.156, || id:ebi-a-GCST90001588,TRUE,reported,igd
3653,11,5876630,9.56996e-06,-0.2716,0.06127,ebi-a-GCST90001588,rs4758148,G,A,0.0426, || id:ebi-a-GCST90001588,TRUE,reported,igd
3653,11,116171120,1.086e-07,1.056,0.1984,ebi-a-GCST90001588,rs142089808,G,A,0.0037, || id:ebi-a-GCST90001588,TRUE,reported,igd
3653,13,110384132,6.18102e-08,0.134,0.02471,ebi-a-GCST90001588,rs7990182,G,T,0.4286, || id:ebi-a-GCST90001588,TRUE,reported,igd
3653,13,109146439,3.61901e-06,-0.1166,0.02514,ebi-a-GCST90001588,rs9520905,T,G,0.431, || id:ebi-a-GCST90001588,TRUE,reported,igd
3653,13,108993494,1.43186e-16,-0.2201,0.02651,ebi-a-GCST90001588,rs12874404,G,A,0.3195, || id:ebi-a-GCST90001588,TRUE,reported,igd
3653,14,66304049,2.29599e-06,0.1182,0.02498,ebi-a-GCST90001588,rs11627066,T,C,0.4989, || id:ebi-a-GCST90001588,TRUE,reported,igd
3653,17,80607989,9.37109e-06,-0.118,0.02659,ebi-a-GCST90001588,rs4789817,G,A,0.3058, || id:ebi-a-GCST90001588,TRUE,reported,igd
3653,17,38125346,1.81301e-08,-0.1467,0.026,ebi-a-GCST90001588,rs3894193,G,C,0.467, || id:ebi-a-GCST90001588,TRUE,reported,igd
3653,17,2716155,2.18198e-10,0.1572,0.02469,ebi-a-GCST90001588,rs9892810,C,T,0.597, || id:ebi-a-GCST90001588,TRUE,reported,igd
3653,18,56897917,8.11204e-06,-0.515,0.1153,ebi-a-GCST90001588,rs144426024,T,C,0.012, || id:ebi-a-GCST90001588,TRUE,reported,igd
3653,20,9831513,5.89698e-06,0.1157,0.0255,ebi-a-GCST90001588,rs2223650,T,G,0.3527, || id:ebi-a-GCST90001588,TRUE,reported,igd
3653,21,44752768,4.87596e-06,-0.5434,0.1187,ebi-a-GCST90001588,rs73220980,A,G,0.0107, || id:ebi-a-GCST90001588,TRUE,reported,igd
3653,22,32991307,7.52593e-08,-0.138,0.02561,ebi-a-GCST90001588,rs5754162,A,T,0.3904, || id:ebi-a-GCST90001588,TRUE,reported,igd
