pos.exposure,chr.exposure,pval.exposure,se.exposure,samplesize.exposure,beta.exposure,id.exposure,SNP,effect_allele.exposure,other_allele.exposure,eaf.exposure,exposure,mr_keep.exposure,pval_origin.exposure,data_source.exposure
198283058,1,1.02101e-07,0.2475,3395,-1.32,ebi-a-GCST90001569,rs541367304,A,G,0.0032, || id:ebi-a-GCST90001569,TRUE,reported,igd
157954450,1,4.71498e-08,0.08644,3395,0.4732,ebi-a-GCST90001569,rs111902980,A,G,0.0193, || id:ebi-a-GCST90001569,TRUE,reported,igd
188005200,2,3.73396e-06,0.05651,3395,-0.2618,ebi-a-GCST90001569,rs76685729,G,A,0.052, || id:ebi-a-GCST90001569,TRUE,reported,igd
87047145,2,5.45205e-09,0.03027,3395,0.177,ebi-a-GCST90001569,rs6710361,A,G,0.1985, || id:ebi-a-GCST90001569,TRUE,reported,igd
73173482,2,6.40796e-06,0.07675,3395,0.3469,ebi-a-GCST90001569,rs142885636,G,A,0.0255, || id:ebi-a-GCST90001569,TRUE,reported,igd
98905012,2,1.58899e-06,0.02478,3395,-0.1192,ebi-a-GCST90001569,rs11124150,G,A,0.5956, || id:ebi-a-GCST90001569,TRUE,reported,igd
2685550,5,9.91608e-07,0.02667,3395,-0.1307,ebi-a-GCST90001569,rs13170001,T,C,0.2758, || id:ebi-a-GCST90001569,TRUE,reported,igd
179850567,5,3.56903e-06,0.0398,3395,0.1848,ebi-a-GCST90001569,rs78522661,T,C,0.0975, || id:ebi-a-GCST90001569,TRUE,reported,igd
39132818,6,3.83398e-06,0.02462,3395,-0.1139,ebi-a-GCST90001569,rs10947785,A,G,0.5449, || id:ebi-a-GCST90001569,TRUE,reported,igd
100774499,6,5.82304e-07,0.05795,3395,0.2901,ebi-a-GCST90001569,rs113500908,T,C,0.0449, || id:ebi-a-GCST90001569,TRUE,reported,igd
102294761,6,1.84599e-08,0.07064,3395,0.3984,ebi-a-GCST90001569,rs139249541,G,A,0.0314, || id:ebi-a-GCST90001569,TRUE,reported,igd
14882428,7,7.40491e-06,0.03151,3395,0.1414,ebi-a-GCST90001569,rs11980500,A,G,0.1873, || id:ebi-a-GCST90001569,TRUE,reported,igd
138170904,9,6.42495e-06,0.09842,3395,-0.4447,ebi-a-GCST90001569,rs577044375,C,T,0.0147, || id:ebi-a-GCST90001569,TRUE,reported,igd
124584495,9,9.33405e-06,0.05692,3395,-0.2527,ebi-a-GCST90001569,rs7869045,A,G,0.0457, || id:ebi-a-GCST90001569,TRUE,reported,igd
135091802,10,6.60496e-06,0.02659,3395,0.12,ebi-a-GCST90001569,rs1573041,T,C,0.2608, || id:ebi-a-GCST90001569,TRUE,reported,igd
78218071,15,7.20095e-06,0.1511,3395,-0.6792,ebi-a-GCST90001569,rs569669132,C,T,0.0078, || id:ebi-a-GCST90001569,TRUE,reported,igd
14491395,16,5.98398e-06,0.03878,3395,0.1758,ebi-a-GCST90001569,rs141519401,T,G,0.1093, || id:ebi-a-GCST90001569,TRUE,reported,igd
33794697,17,2.837e-09,0.02556,3395,0.1522,ebi-a-GCST90001569,rs9896155,G,A,0.6739, || id:ebi-a-GCST90001569,TRUE,reported,igd
48128615,19,7.11803e-06,0.2159,3395,0.9711,ebi-a-GCST90001569,rs117142611,A,G,0.0028, || id:ebi-a-GCST90001569,TRUE,reported,igd
43364569,21,4.12401e-06,0.03525,3395,-0.1626,ebi-a-GCST90001569,rs437936,G,T,0.133, || id:ebi-a-GCST90001569,TRUE,reported,igd
15259953,21,2.03798e-06,0.02745,3395,-0.1306,ebi-a-GCST90001569,rs9647225,T,G,0.5436, || id:ebi-a-GCST90001569,TRUE,reported,igd
