pos.exposure,chr.exposure,se.exposure,samplesize.exposure,beta.exposure,pval.exposure,id.exposure,SNP,effect_allele.exposure,other_allele.exposure,eaf.exposure,exposure,mr_keep.exposure,pval_origin.exposure,data_source.exposure
213101844,1,0.02482,3656,-0.1191,1.64801e-06,ebi-a-GCST90001425,rs970081,A,G,0.6517, || id:ebi-a-GCST90001425,TRUE,reported,igd
63802723,1,0.04079,3656,0.192,2.59998e-06,ebi-a-GCST90001425,rs78196740,C,T,0.0929, || id:ebi-a-GCST90001425,TRUE,reported,igd
187165335,2,0.5384,3656,2.567,1.93299e-06,ebi-a-GCST90001425,rs148362575,T,A,8e-04, || id:ebi-a-GCST90001425,TRUE,reported,igd
136941539,2,0.02865,3656,0.1297,6.13098e-06,ebi-a-GCST90001425,rs62160934,A,T,0.2133, || id:ebi-a-GCST90001425,TRUE,reported,igd
204476635,2,0.2808,3656,-1.324,2.49799e-06,ebi-a-GCST90001425,rs138158989,A,G,0.0018, || id:ebi-a-GCST90001425,TRUE,reported,igd
20980398,3,0.02948,3656,-0.1404,1.97702e-06,ebi-a-GCST90001425,rs66491584,A,G,0.1991, || id:ebi-a-GCST90001425,TRUE,reported,igd
117331256,3,0.361,3656,1.619,7.48204e-06,ebi-a-GCST90001425,rs116540222,T,C,0.0011, || id:ebi-a-GCST90001425,TRUE,reported,igd
157649504,3,0.08244,3656,0.3801,4.16198e-06,ebi-a-GCST90001425,rs79812543,A,G,0.0197, || id:ebi-a-GCST90001425,TRUE,reported,igd
11712287,3,0.06183,3656,0.2925,2.32498e-06,ebi-a-GCST90001425,rs151009998,A,G,0.0379, || id:ebi-a-GCST90001425,TRUE,reported,igd
55386841,4,0.06821,3656,0.3028,9.29309e-06,ebi-a-GCST90001425,rs11938966,A,C,0.0294, || id:ebi-a-GCST90001425,TRUE,reported,igd
61089291,4,0.1551,3656,-0.6902,8.88608e-06,ebi-a-GCST90001425,rs114428590,A,T,0.0059, || id:ebi-a-GCST90001425,TRUE,reported,igd
89585751,5,0.3557,3656,1.582,8.95901e-06,ebi-a-GCST90001425,rs79264549,A,C,0.001, || id:ebi-a-GCST90001425,TRUE,reported,igd
1297258,5,0.0273,3656,0.1238,5.91902e-06,ebi-a-GCST90001425,rs6554754,C,T,0.7503, || id:ebi-a-GCST90001425,TRUE,reported,igd
31274174,6,0.1122,3656,-0.4998,8.62303e-06,ebi-a-GCST90001425,rs139101653,T,C,0.0129, || id:ebi-a-GCST90001425,TRUE,reported,igd
41935797,6,0.45,3656,-2.09,3.53199e-06,ebi-a-GCST90001425,rs76624801,C,A,7e-04, || id:ebi-a-GCST90001425,TRUE,reported,igd
40333488,6,0.4026,3656,-1.987,8.31706e-07,ebi-a-GCST90001425,rs187459109,A,G,8e-04, || id:ebi-a-GCST90001425,TRUE,reported,igd
127285830,7,0.06986,3656,0.3296,2.48199e-06,ebi-a-GCST90001425,rs75346886,T,G,0.0294, || id:ebi-a-GCST90001425,TRUE,reported,igd
132571443,7,0.1447,3656,-0.6459,8.25791e-06,ebi-a-GCST90001425,rs138058221,T,C,0.0068, || id:ebi-a-GCST90001425,TRUE,reported,igd
106306631,7,0.06449,3656,-0.311,1.47001e-06,ebi-a-GCST90001425,rs148377259,C,T,0.0341, || id:ebi-a-GCST90001425,TRUE,reported,igd
8531036,9,0.05361,3656,0.2558,1.907e-06,ebi-a-GCST90001425,rs12340211,G,C,0.0518, || id:ebi-a-GCST90001425,TRUE,reported,igd
97765784,11,0.04432,3656,0.1975,8.62204e-06,ebi-a-GCST90001425,rs113087021,A,T,0.0766, || id:ebi-a-GCST90001425,TRUE,reported,igd
127827727,11,0.03419,3656,0.1561,5.11399e-06,ebi-a-GCST90001425,rs478251,C,A,0.1332, || id:ebi-a-GCST90001425,TRUE,reported,igd
10496783,12,0.02367,3656,-0.1069,6.50504e-06,ebi-a-GCST90001425,rs6488283,G,A,0.4229, || id:ebi-a-GCST90001425,TRUE,reported,igd
52932031,12,0.02391,3656,0.1168,1.086e-06,ebi-a-GCST90001425,rs7294591,T,C,0.5412, || id:ebi-a-GCST90001425,TRUE,reported,igd
14317207,12,0.02996,3656,-0.1438,1.64801e-06,ebi-a-GCST90001425,rs11609248,G,A,0.1916, || id:ebi-a-GCST90001425,TRUE,reported,igd
106098314,12,0.07216,3656,-0.3233,7.68104e-06,ebi-a-GCST90001425,rs17037450,A,G,0.0264, || id:ebi-a-GCST90001425,TRUE,reported,igd
22129890,14,0.06126,3656,0.2941,1.64101e-06,ebi-a-GCST90001425,rs72686093,T,C,0.0382, || id:ebi-a-GCST90001425,TRUE,reported,igd
74539114,15,0.02595,3656,-0.1167,7.14908e-06,ebi-a-GCST90001425,rs2627305,A,G,0.2986, || id:ebi-a-GCST90001425,TRUE,reported,igd
59885737,16,0.02471,3656,-0.1289,1.91898e-07,ebi-a-GCST90001425,rs4785074,T,C,0.635, || id:ebi-a-GCST90001425,TRUE,reported,igd
81821361,16,0.07723,3656,0.3562,4.11604e-06,ebi-a-GCST90001425,rs72834736,C,G,0.0248, || id:ebi-a-GCST90001425,TRUE,reported,igd
31013921,22,0.0823,3656,0.3941,1.74699e-06,ebi-a-GCST90001425,rs76348547,T,G,0.0207, || id:ebi-a-GCST90001425,TRUE,reported,igd
