chr.exposure,samplesize.exposure,pos.exposure,se.exposure,beta.exposure,pval.exposure,id.exposure,SNP,effect_allele.exposure,other_allele.exposure,eaf.exposure,exposure,mr_keep.exposure,pval_origin.exposure,data_source.exposure
1,3657,111914431,0.03104,-0.1408,5.93895e-06,ebi-a-GCST90001395,rs12122084,A,G,0.1916, || id:ebi-a-GCST90001395,TRUE,reported,igd
3,3657,188624425,0.03882,0.202,2.07e-07,ebi-a-GCST90001395,rs1512044,A,G,0.1084, || id:ebi-a-GCST90001395,TRUE,reported,igd
4,3657,109408667,0.1101,0.4948,7.20593e-06,ebi-a-GCST90001395,rs76376526,T,C,0.0133, || id:ebi-a-GCST90001395,TRUE,reported,igd
5,3657,136421498,0.1063,-0.4914,3.88401e-06,ebi-a-GCST90001395,rs78009119,G,T,0.0137, || id:ebi-a-GCST90001395,TRUE,reported,igd
5,3657,90267368,0.06835,0.308,6.80597e-06,ebi-a-GCST90001395,rs34843244,T,A,0.033, || id:ebi-a-GCST90001395,TRUE,reported,igd
6,3657,5380890,0.0922,-0.4129,7.76497e-06,ebi-a-GCST90001395,rs115802369,G,A,0.0175, || id:ebi-a-GCST90001395,TRUE,reported,igd
6,3657,32768285,0.03155,0.1498,2.13098e-06,ebi-a-GCST90001395,rs2621369,T,C,0.2901, || id:ebi-a-GCST90001395,TRUE,reported,igd
6,3657,161871755,0.03256,0.1793,3.91201e-08,ebi-a-GCST90001395,rs113398446,C,A,0.1687, || id:ebi-a-GCST90001395,TRUE,reported,igd
6,3657,32384933,0.05434,0.2539,3.08901e-06,ebi-a-GCST90001395,rs80032720,A,G,0.0734, || id:ebi-a-GCST90001395,TRUE,reported,igd
7,3657,119564205,0.02899,0.1333,4.40099e-06,ebi-a-GCST90001395,rs10254361,T,G,0.2404, || id:ebi-a-GCST90001395,TRUE,reported,igd
8,3657,14671281,0.02572,0.1168,5.73799e-06,ebi-a-GCST90001395,rs2251199,G,A,0.628, || id:ebi-a-GCST90001395,TRUE,reported,igd
8,3657,28265475,0.02712,0.1209,8.58401e-06,ebi-a-GCST90001395,rs62502412,T,A,0.2759, || id:ebi-a-GCST90001395,TRUE,reported,igd
8,3657,79595404,0.02611,-0.1169,7.72094e-06,ebi-a-GCST90001395,rs10111625,G,A,0.5384, || id:ebi-a-GCST90001395,TRUE,reported,igd
8,3657,29631839,0.0311,0.1407,6.25403e-06,ebi-a-GCST90001395,rs7012048,C,T,0.1874, || id:ebi-a-GCST90001395,TRUE,reported,igd
9,3657,37982527,0.6469,-2.911,7.01003e-06,ebi-a-GCST90001395,rs148952274,T,C,4e-04, || id:ebi-a-GCST90001395,TRUE,reported,igd
12,3657,66341509,0.216,0.9733,6.83502e-06,ebi-a-GCST90001395,rs79870102,G,A,0.0033, || id:ebi-a-GCST90001395,TRUE,reported,igd
14,3657,20673865,0.02529,0.112,9.81002e-06,ebi-a-GCST90001395,rs1959342,T,A,0.3589, || id:ebi-a-GCST90001395,TRUE,reported,igd
14,3657,96205838,0.05748,0.3388,4.101e-09,ebi-a-GCST90001395,rs77762131,C,G,0.045, || id:ebi-a-GCST90001395,TRUE,reported,igd
15,3657,44517689,0.09102,-0.4608,4.34901e-07,ebi-a-GCST90001395,rs10444793,A,G,0.018, || id:ebi-a-GCST90001395,TRUE,reported,igd
15,3657,40195637,0.6192,-2.756,8.78294e-06,ebi-a-GCST90001395,rs147135384,C,T,4e-04, || id:ebi-a-GCST90001395,TRUE,reported,igd
16,3657,81986583,0.02444,-0.1169,1.78098e-06,ebi-a-GCST90001395,rs11150426,C,G,0.5386, || id:ebi-a-GCST90001395,TRUE,reported,igd
16,3657,52294553,0.1101,-0.5276,1.73002e-06,ebi-a-GCST90001395,rs181771926,A,G,0.0126, || id:ebi-a-GCST90001395,TRUE,reported,igd
19,3657,53070617,0.02445,0.1246,3.62702e-07,ebi-a-GCST90001395,rs329966,G,A,0.5425, || id:ebi-a-GCST90001395,TRUE,reported,igd
20,3657,49554764,0.04629,-0.2138,4.00904e-06,ebi-a-GCST90001395,rs73909843,C,T,0.0764, || id:ebi-a-GCST90001395,TRUE,reported,igd
20,3657,8003880,0.07724,0.3463,7.53894e-06,ebi-a-GCST90001395,rs35050775,T,G,0.0268, || id:ebi-a-GCST90001395,TRUE,reported,igd
