pval.exposure,chr.exposure,se.exposure,beta.exposure,samplesize.exposure,pos.exposure,id.exposure,SNP,effect_allele.exposure,other_allele.exposure,eaf.exposure,exposure,mr_keep.exposure,pval_origin.exposure,data_source.exposure
4.76003e-06,1,0.05055,0.2316,3657,17595034,ebi-a-GCST90001752,rs113371046,A,G,0.0639, || id:ebi-a-GCST90001752,TRUE,reported,igd
9.87893e-06,1,0.02618,0.1159,3657,25709104,ebi-a-GCST90001752,rs1293260,G,C,0.3388, || id:ebi-a-GCST90001752,TRUE,reported,igd
4.54098e-06,1,0.5679,-2.608,3657,48095312,ebi-a-GCST90001752,rs111741355,A,G,4e-04, || id:ebi-a-GCST90001752,TRUE,reported,igd
2.054e-06,1,0.02571,-0.1223,3657,116031657,ebi-a-GCST90001752,rs12042193,G,A,0.3687, || id:ebi-a-GCST90001752,TRUE,reported,igd
7.29794e-06,1,0.02962,-0.133,3657,161444369,ebi-a-GCST90001752,rs12120358,T,A,0.2234, || id:ebi-a-GCST90001752,TRUE,reported,igd
7.23003e-06,1,0.1588,-0.7136,3657,169204921,ebi-a-GCST90001752,rs147586463,G,A,0.0057, || id:ebi-a-GCST90001752,TRUE,reported,igd
4.87405e-06,2,0.02527,0.1157,3657,61076272,ebi-a-GCST90001752,rs1306395,C,T,0.5145, || id:ebi-a-GCST90001752,TRUE,reported,igd
8.54909e-07,3,0.04326,-0.2133,3657,159871677,ebi-a-GCST90001752,rs73154503,C,T,0.0886, || id:ebi-a-GCST90001752,TRUE,reported,igd
1.36e-06,5,0.07169,0.3469,3657,162820460,ebi-a-GCST90001752,rs77612075,T,C,0.0293, || id:ebi-a-GCST90001752,TRUE,reported,igd
6.06094e-06,5,0.03641,-0.165,3657,56487565,ebi-a-GCST90001752,rs187747283,G,T,0.1374, || id:ebi-a-GCST90001752,TRUE,reported,igd
8.64809e-07,6,0.02563,-0.1263,3657,14804334,ebi-a-GCST90001752,rs233493,A,G,0.6339, || id:ebi-a-GCST90001752,TRUE,reported,igd
7.1978e-11,6,0.0268,0.1752,3657,14091682,ebi-a-GCST90001752,rs72836542,T,C,0.3161, || id:ebi-a-GCST90001752,TRUE,reported,igd
3.69999e-06,6,0.05406,-0.2506,3657,33947909,ebi-a-GCST90001752,rs55643835,T,C,0.0567, || id:ebi-a-GCST90001752,TRUE,reported,igd
2.12716e-13,6,0.02955,-0.2177,3657,32560741,ebi-a-GCST90001752,rs9270560,C,T,0.5889, || id:ebi-a-GCST90001752,TRUE,reported,igd
1.75186e-13,6,0.03213,0.2375,3657,15880540,ebi-a-GCST90001752,rs2066399,A,G,0.821, || id:ebi-a-GCST90001752,TRUE,reported,igd
9.48702e-07,6,0.03809,0.187,3657,31505724,ebi-a-GCST90001752,rs9267484,T,A,0.1739, || id:ebi-a-GCST90001752,TRUE,reported,igd
1.82306e-15,6,0.02861,0.2285,3657,32451834,ebi-a-GCST90001752,rs62405562,G,A,0.455, || id:ebi-a-GCST90001752,TRUE,reported,igd
9.75506e-06,6,0.03993,0.1768,3657,2511559,ebi-a-GCST90001752,rs11242780,C,G,0.105, || id:ebi-a-GCST90001752,TRUE,reported,igd
4.539e-06,7,0.05325,0.2445,3657,119197741,ebi-a-GCST90001752,rs76355582,C,G,0.0551, || id:ebi-a-GCST90001752,TRUE,reported,igd
5.39101e-08,7,0.02439,-0.1329,3657,40190449,ebi-a-GCST90001752,rs388354,C,A,0.5205, || id:ebi-a-GCST90001752,TRUE,reported,igd
2.5038e-21,11,0.02474,-0.236,3657,60273642,ebi-a-GCST90001752,rs4939384,G,A,0.6088, || id:ebi-a-GCST90001752,TRUE,reported,igd
3.94403e-06,11,0.03735,-0.1726,3657,60952231,ebi-a-GCST90001752,rs11230624,C,G,0.1263, || id:ebi-a-GCST90001752,TRUE,reported,igd
9.78205e-06,11,0.06407,-0.2837,3657,90976338,ebi-a-GCST90001752,rs12282477,A,T,0.0383, || id:ebi-a-GCST90001752,TRUE,reported,igd
5.40306e-06,15,0.02934,-0.1337,3657,89600226,ebi-a-GCST90001752,rs8025257,C,T,0.2286, || id:ebi-a-GCST90001752,TRUE,reported,igd
5.44001e-06,15,0.06027,-0.2744,3657,86986287,ebi-a-GCST90001752,rs17616173,G,A,0.0438, || id:ebi-a-GCST90001752,TRUE,reported,igd
4.22902e-08,16,0.03256,0.1788,3657,11007193,ebi-a-GCST90001752,rs7404890,A,G,0.8208, || id:ebi-a-GCST90001752,TRUE,reported,igd
6.43206e-07,17,0.02857,0.1424,3657,43903336,ebi-a-GCST90001752,rs17763050,A,G,0.2901, || id:ebi-a-GCST90001752,TRUE,reported,igd
2.89501e-10,19,0.02642,0.167,3657,49915911,ebi-a-GCST90001752,rs34486765,A,G,0.3094, || id:ebi-a-GCST90001752,TRUE,reported,igd
9.9901e-07,19,0.04225,0.2071,3657,50940778,ebi-a-GCST90001752,rs61731791,T,C,0.0972, || id:ebi-a-GCST90001752,TRUE,reported,igd
1.739e-06,20,0.06009,-0.2878,3657,11850850,ebi-a-GCST90001752,rs73086355,A,C,0.0432, || id:ebi-a-GCST90001752,TRUE,reported,igd
3.33503e-08,22,0.02509,-0.1389,3657,39781585,ebi-a-GCST90001752,rs1007337,T,C,0.6024, || id:ebi-a-GCST90001752,TRUE,reported,igd
