pos.exposure,samplesize.exposure,se.exposure,pval.exposure,beta.exposure,chr.exposure,id.exposure,SNP,effect_allele.exposure,other_allele.exposure,eaf.exposure,exposure,mr_keep.exposure,pval_origin.exposure,data_source.exposure
166813933,2919,0.02793,8.70703e-06,0.1244,1,ebi-a-GCST90001867,rs11803833,A,C,0.6192, || id:ebi-a-GCST90001867,TRUE,reported,igd
167173140,2919,0.06029,8.31189e-13,0.4334,1,ebi-a-GCST90001867,rs4657649,C,T,0.0512, || id:ebi-a-GCST90001867,TRUE,reported,igd
117781742,2919,0.03004,1.33801e-06,-0.1455,1,ebi-a-GCST90001867,rs10801951,T,C,0.7143, || id:ebi-a-GCST90001867,TRUE,reported,igd
166464476,2919,0.03786,6.07295e-08,-0.2056,1,ebi-a-GCST90001867,rs12138291,A,G,0.1482, || id:ebi-a-GCST90001867,TRUE,reported,igd
168306279,2919,0.103,3.03403e-07,-0.5285,1,ebi-a-GCST90001867,rs114672530,A,G,0.0173, || id:ebi-a-GCST90001867,TRUE,reported,igd
101753101,2919,0.02835,6.78594e-06,0.1278,1,ebi-a-GCST90001867,rs1922987,C,T,0.3431, || id:ebi-a-GCST90001867,TRUE,reported,igd
167427170,2919,0.02573,9.36052e-69,0.4631,1,ebi-a-GCST90001867,rs1214596,A,T,0.4464, || id:ebi-a-GCST90001867,TRUE,reported,igd
118266529,2919,0.02695,2.51403e-07,-0.1393,1,ebi-a-GCST90001867,rs4396110,A,G,0.4239, || id:ebi-a-GCST90001867,TRUE,reported,igd
186714238,2919,0.1465,4.12297e-06,-0.676,2,ebi-a-GCST90001867,rs183817699,G,C,0.0077, || id:ebi-a-GCST90001867,TRUE,reported,igd
45972492,2919,0.03418,3.94303e-08,0.1883,3,ebi-a-GCST90001867,rs41289614,T,C,0.1961, || id:ebi-a-GCST90001867,TRUE,reported,igd
194363700,2919,0.06312,6.73907e-06,0.2847,3,ebi-a-GCST90001867,rs115423998,T,C,0.0459, || id:ebi-a-GCST90001867,TRUE,reported,igd
78205852,2919,0.06617,2.715e-06,0.311,3,ebi-a-GCST90001867,rs75149813,C,T,0.0421, || id:ebi-a-GCST90001867,TRUE,reported,igd
19582653,2919,0.04833,6.346e-07,0.2413,3,ebi-a-GCST90001867,rs144137185,T,C,0.0863, || id:ebi-a-GCST90001867,TRUE,reported,igd
10956252,2919,0.05574,7.20593e-06,0.2506,5,ebi-a-GCST90001867,rs72729208,A,G,0.0635, || id:ebi-a-GCST90001867,TRUE,reported,igd
88822616,2919,0.02831,7.95005e-06,-0.1267,6,ebi-a-GCST90001867,rs1324073,C,G,0.6519, || id:ebi-a-GCST90001867,TRUE,reported,igd
118163760,2919,0.1317,1.06601e-06,-0.6438,6,ebi-a-GCST90001867,rs185805208,A,C,0.0104, || id:ebi-a-GCST90001867,TRUE,reported,igd
38070274,2919,0.03432,4.37703e-06,-0.1579,7,ebi-a-GCST90001867,rs61618798,A,C,0.192, || id:ebi-a-GCST90001867,TRUE,reported,igd
130751643,2919,0.04548,2.95101e-06,0.213,7,ebi-a-GCST90001867,rs73147660,G,C,0.0982, || id:ebi-a-GCST90001867,TRUE,reported,igd
4145796,2919,0.02724,7.79094e-06,-0.122,8,ebi-a-GCST90001867,rs11787185,C,A,0.5411, || id:ebi-a-GCST90001867,TRUE,reported,igd
101856724,2919,0.07506,6.20497e-06,-0.3398,9,ebi-a-GCST90001867,rs78457979,G,T,0.0319, || id:ebi-a-GCST90001867,TRUE,reported,igd
81110536,2919,0.173,8.95509e-06,-0.7696,10,ebi-a-GCST90001867,rs113763504,A,G,0.0058, || id:ebi-a-GCST90001867,TRUE,reported,igd
17687728,2919,0.02707,6.83203e-06,0.122,12,ebi-a-GCST90001867,rs2728811,G,T,0.4925, || id:ebi-a-GCST90001867,TRUE,reported,igd
69787001,2919,0.03196,5.59204e-06,-0.1454,14,ebi-a-GCST90001867,rs56107218,T,C,0.2294, || id:ebi-a-GCST90001867,TRUE,reported,igd
36121803,2919,0.09098,3.67003e-07,0.4637,15,ebi-a-GCST90001867,rs78042544,G,A,0.0214, || id:ebi-a-GCST90001867,TRUE,reported,igd
4725694,2919,0.1257,4.246e-06,-0.5793,16,ebi-a-GCST90001867,rs148932595,A,C,0.0103, || id:ebi-a-GCST90001867,TRUE,reported,igd
18293116,2919,0.02829,6.98602e-06,-0.1274,16,ebi-a-GCST90001867,rs2520957,T,C,0.5826, || id:ebi-a-GCST90001867,TRUE,reported,igd
48900824,2919,0.3089,8.71907e-06,1.376,17,ebi-a-GCST90001867,rs71381322,A,G,0.0022, || id:ebi-a-GCST90001867,TRUE,reported,igd
70794367,2919,0.03852,9.21701e-06,-0.1711,17,ebi-a-GCST90001867,rs2713986,T,C,0.8532, || id:ebi-a-GCST90001867,TRUE,reported,igd
40977235,2919,0.07395,1.97401e-06,0.3524,19,ebi-a-GCST90001867,rs73048160,T,C,0.0324, || id:ebi-a-GCST90001867,TRUE,reported,igd
24255270,2919,0.09349,3.653e-06,0.4337,21,ebi-a-GCST90001867,rs113348527,A,G,0.0202, || id:ebi-a-GCST90001867,TRUE,reported,igd
32030587,2919,0.04229,8.18107e-06,0.1889,22,ebi-a-GCST90001867,rs62237850,A,G,0.1185, || id:ebi-a-GCST90001867,TRUE,reported,igd
