chr.exposure,pval.exposure,se.exposure,beta.exposure,pos.exposure,samplesize.exposure,id.exposure,SNP,effect_allele.exposure,other_allele.exposure,eaf.exposure,exposure,mr_keep.exposure,pval_origin.exposure,data_source.exposure
3,1.923e-06,0.07776,-0.3709,172046675,3440,ebi-a-GCST90001686,rs193125329,C,T,0.0211, || id:ebi-a-GCST90001686,TRUE,reported,igd
3,9.45192e-06,0.02948,0.1308,187595182,3440,ebi-a-GCST90001686,rs6781800,A,G,0.1788, || id:ebi-a-GCST90001686,TRUE,reported,igd
5,3.12903e-06,0.02339,-0.1092,134593542,3440,ebi-a-GCST90001686,rs669537,A,G,0.3706, || id:ebi-a-GCST90001686,TRUE,reported,igd
5,1.93602e-06,0.02633,0.1255,78136988,3440,ebi-a-GCST90001686,rs2197002,A,C,0.2731, || id:ebi-a-GCST90001686,TRUE,reported,igd
5,9.94604e-09,0.03774,-0.2169,59819941,3440,ebi-a-GCST90001686,rs7728865,A,G,0.1019, || id:ebi-a-GCST90001686,TRUE,reported,igd
6,7.37208e-06,0.0551,-0.2474,42968121,3440,ebi-a-GCST90001686,rs149359490,A,G,0.0448, || id:ebi-a-GCST90001686,TRUE,reported,igd
6,3.33803e-08,0.02634,-0.1458,31192797,3440,ebi-a-GCST90001686,rs6904670,G,A,0.6414, || id:ebi-a-GCST90001686,TRUE,reported,igd
6,2.72797e-06,0.05531,-0.2599,32520731,3440,ebi-a-GCST90001686,rs57658648,C,G,0.1715, || id:ebi-a-GCST90001686,TRUE,reported,igd
6,2.40198e-07,0.02743,0.142,29976838,3440,ebi-a-GCST90001686,rs2275854,G,A,0.5654, || id:ebi-a-GCST90001686,TRUE,reported,igd
6,4.28302e-07,0.02562,-0.1298,31382147,3440,ebi-a-GCST90001686,rs7775227,C,G,0.5487, || id:ebi-a-GCST90001686,TRUE,reported,igd
8,3.86803e-06,0.02331,0.1078,145057868,3440,ebi-a-GCST90001686,rs11544989,G,A,0.6156, || id:ebi-a-GCST90001686,TRUE,reported,igd
8,8.33508e-06,0.02805,-0.1252,37669867,3440,ebi-a-GCST90001686,rs62490686,G,T,0.2078, || id:ebi-a-GCST90001686,TRUE,reported,igd
9,6.14894e-06,0.1386,-0.6275,12807800,3440,ebi-a-GCST90001686,rs185397210,T,C,0.007, || id:ebi-a-GCST90001686,TRUE,reported,igd
9,4.08498e-06,0.02423,-0.1118,137165566,3440,ebi-a-GCST90001686,rs34752208,A,G,0.325, || id:ebi-a-GCST90001686,TRUE,reported,igd
9,7.25404e-06,0.02954,0.1327,1143504,3440,ebi-a-GCST90001686,rs62530389,G,A,0.1814, || id:ebi-a-GCST90001686,TRUE,reported,igd
11,8.65705e-06,0.09636,0.4293,122733658,3440,ebi-a-GCST90001686,rs78240333,C,G,0.0138, || id:ebi-a-GCST90001686,TRUE,reported,igd
12,7.31105e-07,0.06925,0.3436,59178989,3440,ebi-a-GCST90001686,rs142216336,T,C,0.0273, || id:ebi-a-GCST90001686,TRUE,reported,igd
12,7.56397e-06,0.0352,-0.1578,14117043,3440,ebi-a-GCST90001686,rs57679712,C,A,0.1144, || id:ebi-a-GCST90001686,TRUE,reported,igd
13,2.28802e-06,0.04685,-0.2218,96304050,3440,ebi-a-GCST90001686,rs7989683,T,C,0.9391, || id:ebi-a-GCST90001686,TRUE,reported,igd
14,9.78498e-06,0.048,0.2126,20442676,3440,ebi-a-GCST90001686,rs139331134,A,T,0.061, || id:ebi-a-GCST90001686,TRUE,reported,igd
16,4.07399e-06,0.1043,-0.4812,14352543,3440,ebi-a-GCST90001686,rs117279064,A,G,0.0126, || id:ebi-a-GCST90001686,TRUE,reported,igd
17,2.10999e-06,0.02273,0.108,74615933,3440,ebi-a-GCST90001686,rs12450916,T,C,0.5433, || id:ebi-a-GCST90001686,TRUE,reported,igd
17,1.35301e-09,0.03346,-0.2034,33814758,3440,ebi-a-GCST90001686,rs4796089,C,T,0.1343, || id:ebi-a-GCST90001686,TRUE,reported,igd
19,7.13198e-06,0.04699,0.2113,57281224,3440,ebi-a-GCST90001686,rs1978254,A,G,0.0592, || id:ebi-a-GCST90001686,TRUE,reported,igd
20,2.922e-07,0.06304,-0.3239,50115542,3440,ebi-a-GCST90001686,rs148460149,A,G,0.0339, || id:ebi-a-GCST90001686,TRUE,reported,igd
21,4.73598e-07,0.02399,0.1211,16129270,3440,ebi-a-GCST90001686,rs56216385,G,A,0.325, || id:ebi-a-GCST90001686,TRUE,reported,igd
