pval.exposure,beta.exposure,samplesize.exposure,se.exposure,chr.exposure,pos.exposure,id.exposure,SNP,effect_allele.exposure,other_allele.exposure,eaf.exposure,exposure,mr_keep.exposure,pval_origin.exposure,data_source.exposure
9.60793e-06,-0.2166,3668,0.04888,1,56133478,ebi-a-GCST90001637,rs59209359,G,C,0.0668, || id:ebi-a-GCST90001637,TRUE,reported,igd
4.67703e-06,0.3772,3668,0.08225,1,248784570,ebi-a-GCST90001637,rs11485850,G,T,0.023, || id:ebi-a-GCST90001637,TRUE,reported,igd
1.48201e-06,0.1565,3668,0.03245,1,161473125,ebi-a-GCST90001637,rs4233371,C,G,0.1821, || id:ebi-a-GCST90001637,TRUE,reported,igd
4.51804e-06,0.4126,3668,0.08984,1,11210450,ebi-a-GCST90001637,rs41274520,T,G,0.0194, || id:ebi-a-GCST90001637,TRUE,reported,igd
8.92504e-06,0.1238,3668,0.02784,2,8452497,ebi-a-GCST90001637,rs3102960,T,C,0.7356, || id:ebi-a-GCST90001637,TRUE,reported,igd
6.35477e-13,0.2272,3668,0.03147,2,87019683,ebi-a-GCST90001637,rs7569868,T,C,0.1915, || id:ebi-a-GCST90001637,TRUE,reported,igd
1.065e-06,0.3624,3668,0.07414,2,179782799,ebi-a-GCST90001637,rs188455143,A,G,0.029, || id:ebi-a-GCST90001637,TRUE,reported,igd
8.79893e-06,0.4373,3668,0.09824,2,242038726,ebi-a-GCST90001637,rs149977848,A,G,0.0151, || id:ebi-a-GCST90001637,TRUE,reported,igd
3.38899e-06,-0.118,3668,0.02536,2,98905012,ebi-a-GCST90001637,rs11124150,G,A,0.5966, || id:ebi-a-GCST90001637,TRUE,reported,igd
2.48302e-06,-0.1984,3668,0.04206,3,194020431,ebi-a-GCST90001637,rs6785704,G,A,0.0902, || id:ebi-a-GCST90001637,TRUE,reported,igd
5.626e-06,-0.2033,3668,0.04472,3,1371260,ebi-a-GCST90001637,rs265772,G,T,0.0817, || id:ebi-a-GCST90001637,TRUE,reported,igd
1.83101e-06,-0.1293,3668,0.02706,4,4354607,ebi-a-GCST90001637,rs13108209,A,G,0.7135, || id:ebi-a-GCST90001637,TRUE,reported,igd
3.67604e-06,-0.1271,3668,0.02741,5,141986611,ebi-a-GCST90001637,rs250103,A,G,0.2779, || id:ebi-a-GCST90001637,TRUE,reported,igd
1.76999e-06,0.3099,3668,0.06475,5,126590324,ebi-a-GCST90001637,rs192734627,A,G,0.0397, || id:ebi-a-GCST90001637,TRUE,reported,igd
4.99195e-07,0.2524,3668,0.05012,6,98118004,ebi-a-GCST90001637,rs201024668,T,A,0.071, || id:ebi-a-GCST90001637,TRUE,reported,igd
1.25314e-11,0.3694,3668,0.05436,6,101417409,ebi-a-GCST90001637,rs115536607,T,C,0.0545, || id:ebi-a-GCST90001637,TRUE,reported,igd
2.75486e-20,0.7037,3668,0.07581,6,101980039,ebi-a-GCST90001637,rs117147408,G,A,0.0275, || id:ebi-a-GCST90001637,TRUE,reported,igd
5.29054e-18,0.564,3668,0.06488,6,100468602,ebi-a-GCST90001637,rs79251210,A,G,0.0378, || id:ebi-a-GCST90001637,TRUE,reported,igd
6.54305e-06,0.1519,3668,0.03364,6,93510469,ebi-a-GCST90001637,rs2674389,C,T,0.166, || id:ebi-a-GCST90001637,TRUE,reported,igd
2.34099e-06,0.3542,3668,0.07489,6,92830899,ebi-a-GCST90001637,rs113145300,G,A,0.0282, || id:ebi-a-GCST90001637,TRUE,reported,igd
8.37529e-11,0.3806,3668,0.05843,6,97889936,ebi-a-GCST90001637,rs9488834,A,G,0.0465, || id:ebi-a-GCST90001637,TRUE,reported,igd
5.94703e-06,-0.2398,3668,0.05288,7,38595761,ebi-a-GCST90001637,rs76158038,C,T,0.0568, || id:ebi-a-GCST90001637,TRUE,reported,igd
2.67979e-22,-0.3832,3668,0.0392,11,112751407,ebi-a-GCST90001637,rs77738700,A,G,0.1067, || id:ebi-a-GCST90001637,TRUE,reported,igd
1.341e-06,-0.3195,3668,0.06599,11,112189184,ebi-a-GCST90001637,rs12792298,T,C,0.0345, || id:ebi-a-GCST90001637,TRUE,reported,igd
9.2151e-06,-0.4738,3668,0.1067,11,114445844,ebi-a-GCST90001637,rs190676386,A,G,0.0135, || id:ebi-a-GCST90001637,TRUE,reported,igd
3.30902e-06,-0.4323,3668,0.09282,12,61076597,ebi-a-GCST90001637,rs61925057,T,C,0.0176, || id:ebi-a-GCST90001637,TRUE,reported,igd
2.91501e-06,0.3766,3668,0.08041,12,61264786,ebi-a-GCST90001637,rs148936961,T,A,0.0228, || id:ebi-a-GCST90001637,TRUE,reported,igd
6.27393e-06,0.1815,3668,0.04013,12,31103286,ebi-a-GCST90001637,rs140444563,G,T,0.1091, || id:ebi-a-GCST90001637,TRUE,reported,igd
4.44795e-06,-0.1319,3668,0.0287,13,19245376,ebi-a-GCST90001637,rs9509337,A,G,0.733, || id:ebi-a-GCST90001637,TRUE,reported,igd
8.09096e-06,0.6269,3668,0.1403,14,65546932,ebi-a-GCST90001637,rs76333352,T,C,0.0076, || id:ebi-a-GCST90001637,TRUE,reported,igd
6.81506e-06,0.2529,3668,0.05613,15,78982526,ebi-a-GCST90001637,rs113413210,C,T,0.0543, || id:ebi-a-GCST90001637,TRUE,reported,igd
3.32598e-07,0.1336,3668,0.02612,17,33794697,ebi-a-GCST90001637,rs9896155,G,A,0.6738, || id:ebi-a-GCST90001637,TRUE,reported,igd
5.39399e-06,-0.4132,3668,0.09071,21,29982668,ebi-a-GCST90001637,rs9983338,T,C,0.0189, || id:ebi-a-GCST90001637,TRUE,reported,igd
