samplesize.exposure,pval.exposure,beta.exposure,se.exposure,chr.exposure,pos.exposure,id.exposure,SNP,effect_allele.exposure,other_allele.exposure,eaf.exposure,exposure,mr_keep.exposure,pval_origin.exposure,data_source.exposure
3629,2.65497e-06,-0.1946,0.04137,1,159941852,ebi-a-GCST90001582,rs78355921,C,G,0.0915, || id:ebi-a-GCST90001582,TRUE,reported,igd
3629,4.83203e-06,0.2921,0.06379,1,92925654,ebi-a-GCST90001582,rs150649461,C,G,0.0459, || id:ebi-a-GCST90001582,TRUE,reported,igd
3629,9.53103e-06,0.1094,0.02467,1,38398588,ebi-a-GCST90001582,rs17465420,C,T,0.4241, || id:ebi-a-GCST90001582,TRUE,reported,igd
3629,6.99407e-06,-0.1157,0.02572,2,56402320,ebi-a-GCST90001582,rs2904118,T,C,0.6645, || id:ebi-a-GCST90001582,TRUE,reported,igd
3629,9.91791e-10,0.1517,0.02476,2,182323766,ebi-a-GCST90001582,rs1375493,A,G,0.3781, || id:ebi-a-GCST90001582,TRUE,reported,igd
3629,6.32004e-06,-0.2044,0.04519,3,81299703,ebi-a-GCST90001582,rs183716470,G,T,0.081, || id:ebi-a-GCST90001582,TRUE,reported,igd
3629,2.89801e-06,-0.1471,0.0314,3,190720967,ebi-a-GCST90001582,rs58943387,G,T,0.1768, || id:ebi-a-GCST90001582,TRUE,reported,igd
3629,5.91099e-06,0.3004,0.06623,3,4328811,ebi-a-GCST90001582,rs310730,C,T,0.0338, || id:ebi-a-GCST90001582,TRUE,reported,igd
3629,7.78198e-06,-0.1442,0.03221,3,173213883,ebi-a-GCST90001582,rs536943,G,A,0.1637, || id:ebi-a-GCST90001582,TRUE,reported,igd
3629,5.67205e-06,-2.572,0.5658,4,58124445,ebi-a-GCST90001582,rs189962728,C,T,4e-04, || id:ebi-a-GCST90001582,TRUE,reported,igd
3629,2.751e-07,0.1703,0.03307,4,190199873,ebi-a-GCST90001582,rs13121143,C,T,0.1536, || id:ebi-a-GCST90001582,TRUE,reported,igd
3629,9.87393e-06,-0.1071,0.0242,4,36008336,ebi-a-GCST90001582,rs10029045,A,T,0.4675, || id:ebi-a-GCST90001582,TRUE,reported,igd
3629,4.44795e-07,0.1613,0.03189,4,92510918,ebi-a-GCST90001582,rs12501003,G,A,0.1674, || id:ebi-a-GCST90001582,TRUE,reported,igd
3629,4.34e-06,-0.1354,0.02942,5,52645510,ebi-a-GCST90001582,rs56010301,T,C,0.2097, || id:ebi-a-GCST90001582,TRUE,reported,igd
3629,1.36301e-09,-0.1822,0.02999,7,92408370,ebi-a-GCST90001582,rs445,T,C,0.1941, || id:ebi-a-GCST90001582,TRUE,reported,igd
3629,9.08908e-07,-0.137,0.02784,8,130589676,ebi-a-GCST90001582,rs10094039,G,A,0.7531, || id:ebi-a-GCST90001582,TRUE,reported,igd
3629,6.83093e-06,0.3431,0.07615,8,2350689,ebi-a-GCST90001582,rs111463078,A,T,0.0263, || id:ebi-a-GCST90001582,TRUE,reported,igd
3629,6.53296e-07,0.3132,0.06285,8,2803266,ebi-a-GCST90001582,rs613224,C,T,0.0366, || id:ebi-a-GCST90001582,TRUE,reported,igd
3629,1.16001e-09,-0.1487,0.02438,9,113901309,ebi-a-GCST90001582,rs2418135,A,G,0.5236, || id:ebi-a-GCST90001582,TRUE,reported,igd
3629,4.583e-06,-0.6203,0.1351,12,68605883,ebi-a-GCST90001582,rs11177104,A,G,0.0076, || id:ebi-a-GCST90001582,TRUE,reported,igd
3629,1.67699e-06,-0.1276,0.02661,13,35314819,ebi-a-GCST90001582,rs9599503,C,T,0.2827, || id:ebi-a-GCST90001582,TRUE,reported,igd
3629,3.46897e-06,0.7646,0.1645,13,21289312,ebi-a-GCST90001582,rs41331448,G,A,0.0056, || id:ebi-a-GCST90001582,TRUE,reported,igd
3629,9.36009e-06,-0.5694,0.1283,14,105638349,ebi-a-GCST90001582,rs149927978,C,T,0.0087, || id:ebi-a-GCST90001582,TRUE,reported,igd
3629,6.69993e-06,-0.1145,0.0254,16,85801445,ebi-a-GCST90001582,rs2247998,A,G,0.6503, || id:ebi-a-GCST90001582,TRUE,reported,igd
3629,7.11197e-07,-0.1782,0.03587,17,57950621,ebi-a-GCST90001582,rs58581511,G,T,0.1291, || id:ebi-a-GCST90001582,TRUE,reported,igd
3629,2.54701e-06,0.1288,0.02734,17,81084522,ebi-a-GCST90001582,rs9747839,G,C,0.4118, || id:ebi-a-GCST90001582,TRUE,reported,igd
3629,7.82294e-06,0.1284,0.02869,17,78223817,ebi-a-GCST90001582,rs8076666,G,A,0.7778, || id:ebi-a-GCST90001582,TRUE,reported,igd
3629,1.81798e-06,-0.1154,0.02415,17,1015996,ebi-a-GCST90001582,rs2120231,G,T,0.5141, || id:ebi-a-GCST90001582,TRUE,reported,igd
3629,7.37497e-06,-0.1931,0.04302,19,6371660,ebi-a-GCST90001582,rs55779804,C,G,0.0805, || id:ebi-a-GCST90001582,TRUE,reported,igd
3629,8.33105e-06,-0.3633,0.08142,21,43063279,ebi-a-GCST90001582,rs28437286,G,A,0.0222, || id:ebi-a-GCST90001582,TRUE,reported,igd
3629,6.81397e-06,-1.458,0.3235,22,35958024,ebi-a-GCST90001582,rs118111037,T,C,0.0012, || id:ebi-a-GCST90001582,TRUE,reported,igd
