chr.exposure,pval.exposure,beta.exposure,samplesize.exposure,pos.exposure,se.exposure,id.exposure,SNP,effect_allele.exposure,other_allele.exposure,eaf.exposure,exposure,mr_keep.exposure,pval_origin.exposure,data_source.exposure
2,8.41492e-06,-0.1841,3374,1970675,0.04126,ebi-a-GCST90001460,rs6751072,T,C,0.0957, || id:ebi-a-GCST90001460,TRUE,reported,igd
2,1.243e-06,0.1169,3374,111927379,0.02406,ebi-a-GCST90001460,rs6708784,G,A,0.4784, || id:ebi-a-GCST90001460,TRUE,reported,igd
2,5.57301e-07,0.1321,3374,85696551,0.02633,ebi-a-GCST90001460,rs12616455,A,G,0.7121, || id:ebi-a-GCST90001460,TRUE,reported,igd
2,6.51193e-06,-0.6432,3374,221584311,0.1424,ebi-a-GCST90001460,rs7560153,G,T,0.0071, || id:ebi-a-GCST90001460,TRUE,reported,igd
2,1.59302e-06,-0.7983,3374,178694935,0.166,ebi-a-GCST90001460,rs115638174,T,C,0.0052, || id:ebi-a-GCST90001460,TRUE,reported,igd
2,2.11787e-13,0.1937,3374,136580287,0.02628,ebi-a-GCST90001460,rs2164210,C,T,0.3244, || id:ebi-a-GCST90001460,TRUE,reported,igd
3,6.77907e-06,-1.742,3374,19131454,0.3865,ebi-a-GCST90001460,rs192992420,T,C,0.0012, || id:ebi-a-GCST90001460,TRUE,reported,igd
3,1.79399e-06,0.2251,3374,104696995,0.04706,ebi-a-GCST90001460,rs77908862,C,T,0.071, || id:ebi-a-GCST90001460,TRUE,reported,igd
5,1.05201e-06,0.1163,3374,176855627,0.02379,ebi-a-GCST90001460,rs2545798,A,T,0.4813, || id:ebi-a-GCST90001460,TRUE,reported,igd
5,1.245e-07,0.5481,3374,36514924,0.1034,ebi-a-GCST90001460,rs62354582,T,C,0.0133, || id:ebi-a-GCST90001460,TRUE,reported,igd
6,4.16601e-06,-1.824,3374,67895544,0.3956,ebi-a-GCST90001460,rs144152085,G,C,9e-04, || id:ebi-a-GCST90001460,TRUE,reported,igd
7,5.68696e-06,-0.2167,3374,21574985,0.04768,ebi-a-GCST90001460,rs73064418,C,T,0.0702, || id:ebi-a-GCST90001460,TRUE,reported,igd
7,4.41804e-06,-0.3111,3374,11535712,0.06766,ebi-a-GCST90001460,rs186765793,T,C,0.0325, || id:ebi-a-GCST90001460,TRUE,reported,igd
7,9.51481e-13,-0.1971,3374,50308811,0.02752,ebi-a-GCST90001460,rs876039,C,G,0.2619, || id:ebi-a-GCST90001460,TRUE,reported,igd
8,1.31701e-06,2.012,3374,34472241,0.4152,ebi-a-GCST90001460,rs117039412,A,T,7e-04, || id:ebi-a-GCST90001460,TRUE,reported,igd
8,3.14101e-06,0.1139,3374,131805603,0.02439,ebi-a-GCST90001460,rs11776881,C,A,0.4092, || id:ebi-a-GCST90001460,TRUE,reported,igd
10,2.81598e-06,-0.1453,3374,99691593,0.03097,ebi-a-GCST90001460,rs2862050,T,C,0.818, || id:ebi-a-GCST90001460,TRUE,reported,igd
10,8.93203e-06,-0.4462,3374,95364033,0.1003,ebi-a-GCST90001460,rs17108993,G,C,0.0141, || id:ebi-a-GCST90001460,TRUE,reported,igd
11,3.81101e-06,1.044,3374,80180769,0.2255,ebi-a-GCST90001460,rs55901425,C,T,0.0028, || id:ebi-a-GCST90001460,TRUE,reported,igd
12,5.868e-06,1.338,3374,101344076,0.2948,ebi-a-GCST90001460,rs117839924,C,T,0.0015, || id:ebi-a-GCST90001460,TRUE,reported,igd
12,5.73694e-06,0.3807,3374,53745426,0.0838,ebi-a-GCST90001460,rs117112573,C,G,0.0202, || id:ebi-a-GCST90001460,TRUE,reported,igd
13,2.54302e-06,0.4301,3374,101828654,0.09125,ebi-a-GCST90001460,rs17582557,C,T,0.0169, || id:ebi-a-GCST90001460,TRUE,reported,igd
14,7.32099e-06,-0.2103,3374,100464091,0.04684,ebi-a-GCST90001460,rs76924856,G,T,0.0637, || id:ebi-a-GCST90001460,TRUE,reported,igd
14,1.424e-06,0.1614,3374,62358847,0.03341,ebi-a-GCST90001460,rs217667,T,C,0.1457, || id:ebi-a-GCST90001460,TRUE,reported,igd
15,5.55405e-06,0.3131,3374,43005653,0.06882,ebi-a-GCST90001460,rs138423727,C,T,0.0313, || id:ebi-a-GCST90001460,TRUE,reported,igd
16,5.85302e-06,-0.7037,3374,3995624,0.155,ebi-a-GCST90001460,rs142129101,C,A,0.0056, || id:ebi-a-GCST90001460,TRUE,reported,igd
16,6.69499e-06,0.3127,3374,83921634,0.06932,ebi-a-GCST90001460,rs147983983,G,T,0.0319, || id:ebi-a-GCST90001460,TRUE,reported,igd
17,8.07105e-06,0.152,3374,70427321,0.034,ebi-a-GCST90001460,rs16977238,A,G,0.1432, || id:ebi-a-GCST90001460,TRUE,reported,igd
17,2.80899e-07,-1.205,3374,10991039,0.2342,ebi-a-GCST90001460,rs16944211,T,C,0.0027, || id:ebi-a-GCST90001460,TRUE,reported,igd
17,7.06708e-06,-1.178,3374,35059123,0.2619,ebi-a-GCST90001460,rs117990934,C,G,0.0019, || id:ebi-a-GCST90001460,TRUE,reported,igd
18,2.72703e-06,0.1138,3374,51412543,0.02422,ebi-a-GCST90001460,rs10853636,G,A,0.4413, || id:ebi-a-GCST90001460,TRUE,reported,igd
