beta.exposure,pos.exposure,samplesize.exposure,chr.exposure,pval.exposure,se.exposure,id.exposure,SNP,effect_allele.exposure,other_allele.exposure,eaf.exposure,exposure,mr_keep.exposure,pval_origin.exposure,data_source.exposure
0.292,205241642,3653,1,1.05099e-08,0.05091,ebi-a-GCST90001737,rs79856590,A,G,0.0609, || id:ebi-a-GCST90001737,TRUE,reported,igd
-1.789,149815561,3653,1,4.49004e-06,0.3894,ebi-a-GCST90001737,rs142109788,G,A,0.001, || id:ebi-a-GCST90001737,TRUE,reported,igd
0.4393,206842241,3653,1,2.715e-08,0.07886,ebi-a-GCST90001737,rs75320486,A,G,0.0246, || id:ebi-a-GCST90001737,TRUE,reported,igd
0.4972,207276336,3653,1,5.41003e-08,0.09126,ebi-a-GCST90001737,rs113812519,G,A,0.0185, || id:ebi-a-GCST90001737,TRUE,reported,igd
0.2572,89486664,3653,2,3.82296e-06,0.05558,ebi-a-GCST90001737,rs34165814,C,T,0.0791, || id:ebi-a-GCST90001737,TRUE,reported,igd
0.1261,100703124,3653,3,3.10299e-06,0.027,ebi-a-GCST90001737,rs1449311,A,G,0.3073, || id:ebi-a-GCST90001737,TRUE,reported,igd
-0.222,68968349,3653,4,9.48593e-06,0.05005,ebi-a-GCST90001737,rs11733521,T,C,0.0643, || id:ebi-a-GCST90001737,TRUE,reported,igd
0.1806,112306917,3653,6,2.05201e-06,0.03797,ebi-a-GCST90001737,rs78895027,C,T,0.1163, || id:ebi-a-GCST90001737,TRUE,reported,igd
0.639,142183647,3653,6,3.82904e-06,0.1381,ebi-a-GCST90001737,rs117065975,G,A,0.0081, || id:ebi-a-GCST90001737,TRUE,reported,igd
-0.1264,34335091,3653,6,9.49598e-06,0.02851,ebi-a-GCST90001737,rs9469775,T,C,0.2658, || id:ebi-a-GCST90001737,TRUE,reported,igd
-1.041,68486690,3653,6,5.37304e-06,0.2284,ebi-a-GCST90001737,rs76162621,G,A,0.0027, || id:ebi-a-GCST90001737,TRUE,reported,igd
0.2683,56291533,3653,7,5.39399e-07,0.05345,ebi-a-GCST90001737,rs12216684,A,G,0.0543, || id:ebi-a-GCST90001737,TRUE,reported,igd
-0.2466,141805137,3653,8,3.95203e-06,0.05336,ebi-a-GCST90001737,rs62524107,C,T,0.0527, || id:ebi-a-GCST90001737,TRUE,reported,igd
0.3826,11301733,3653,8,9.62698e-06,0.08634,ebi-a-GCST90001737,rs147319341,A,G,0.02, || id:ebi-a-GCST90001737,TRUE,reported,igd
-3.099,133354402,3653,9,4.94094e-06,0.6775,ebi-a-GCST90001737,rs75912463,C,T,3e-04, || id:ebi-a-GCST90001737,TRUE,reported,igd
-0.2039,71647692,3653,10,5.47596e-06,0.04479,ebi-a-GCST90001737,rs34798965,A,C,0.0788, || id:ebi-a-GCST90001737,TRUE,reported,igd
-1.158,72165045,3653,11,4.70197e-06,0.2525,ebi-a-GCST90001737,rs11825488,A,G,0.0021, || id:ebi-a-GCST90001737,TRUE,reported,igd
-0.1929,132221605,3653,11,1.75001e-06,0.04028,ebi-a-GCST90001737,rs67316035,A,T,0.1038, || id:ebi-a-GCST90001737,TRUE,reported,igd
0.1835,44929593,3653,12,4.28302e-06,0.03985,ebi-a-GCST90001737,rs79699942,G,A,0.1109, || id:ebi-a-GCST90001737,TRUE,reported,igd
-0.1998,54902972,3653,12,5.40406e-06,0.04387,ebi-a-GCST90001737,rs74455073,C,T,0.0921, || id:ebi-a-GCST90001737,TRUE,reported,igd
0.1128,49357889,3653,12,6.15404e-06,0.02491,ebi-a-GCST90001737,rs10875904,C,A,0.4472, || id:ebi-a-GCST90001737,TRUE,reported,igd
0.2694,103417030,3653,14,9.3319e-06,0.06071,ebi-a-GCST90001737,rs12100549,T,C,0.0402, || id:ebi-a-GCST90001737,TRUE,reported,igd
0.1154,65507482,3653,15,8.75105e-06,0.02592,ebi-a-GCST90001737,rs11855577,G,C,0.6428, || id:ebi-a-GCST90001737,TRUE,reported,igd
-0.937,88610884,3653,15,6.90796e-06,0.2081,ebi-a-GCST90001737,rs117634515,T,G,0.0031, || id:ebi-a-GCST90001737,TRUE,reported,igd
-1.027,32422808,3653,16,2.29599e-06,0.2171,ebi-a-GCST90001737,rs138920008,C,G,0.0041, || id:ebi-a-GCST90001737,TRUE,reported,igd
-0.1784,17323672,3653,16,4.176e-06,0.0387,ebi-a-GCST90001737,rs754067,C,T,0.1142, || id:ebi-a-GCST90001737,TRUE,reported,igd
-0.2588,63085557,3653,17,3.766e-06,0.05589,ebi-a-GCST90001737,rs148381451,T,C,0.0497, || id:ebi-a-GCST90001737,TRUE,reported,igd
-0.1792,56408295,3653,19,3.57998e-06,0.03861,ebi-a-GCST90001737,rs2903728,C,T,0.1148, || id:ebi-a-GCST90001737,TRUE,reported,igd
0.1409,50734394,3653,19,1.617e-06,0.02934,ebi-a-GCST90001737,rs593715,A,G,0.2224, || id:ebi-a-GCST90001737,TRUE,reported,igd
