samplesize.exposure,chr.exposure,pval.exposure,se.exposure,pos.exposure,beta.exposure,id.exposure,SNP,effect_allele.exposure,other_allele.exposure,eaf.exposure,exposure,mr_keep.exposure,pval_origin.exposure,data_source.exposure
3656,1,3.51901e-06,0.08527,8009985,-0.3961,ebi-a-GCST90001432,rs75766272,T,C,0.0201, || id:ebi-a-GCST90001432,TRUE,reported,igd
3656,3,6.29999e-06,0.0323,32512523,0.1461,ebi-a-GCST90001432,rs56326639,G,A,0.1761, || id:ebi-a-GCST90001432,TRUE,reported,igd
3656,6,3.62001e-06,0.03221,150197022,-0.1494,ebi-a-GCST90001432,rs6557137,T,C,0.1838, || id:ebi-a-GCST90001432,TRUE,reported,igd
3656,7,8.30004e-06,0.1343,7871676,0.5993,ebi-a-GCST90001432,rs144625305,T,C,0.0086, || id:ebi-a-GCST90001432,TRUE,reported,igd
3656,8,1.47099e-06,0.06746,1552537,-0.3254,ebi-a-GCST90001432,rs2956955,C,T,0.9661, || id:ebi-a-GCST90001432,TRUE,reported,igd
3656,8,3.34503e-06,0.06842,144986071,-0.3185,ebi-a-GCST90001432,rs141247883,G,A,0.0319, || id:ebi-a-GCST90001432,TRUE,reported,igd
3656,9,5.67806e-06,0.03523,37390411,-0.1601,ebi-a-GCST90001432,rs57757402,G,A,0.1435, || id:ebi-a-GCST90001432,TRUE,reported,igd
3656,9,1.12101e-06,0.02437,808529,0.1189,ebi-a-GCST90001432,rs11794578,G,T,0.4521, || id:ebi-a-GCST90001432,TRUE,reported,igd
3656,9,9.91197e-06,0.08185,16899526,0.3622,ebi-a-GCST90001432,rs10119513,A,G,0.9784, || id:ebi-a-GCST90001432,TRUE,reported,igd
3656,11,7.88206e-06,0.02642,10437096,-0.1182,ebi-a-GCST90001432,rs10840410,C,T,0.3087, || id:ebi-a-GCST90001432,TRUE,reported,igd
3656,11,9.00409e-06,0.03684,132159459,-0.1638,ebi-a-GCST90001432,rs10894530,A,C,0.1296, || id:ebi-a-GCST90001432,TRUE,reported,igd
3656,12,2.95801e-06,0.107,109368119,0.501,ebi-a-GCST90001432,rs143553941,C,G,0.013, || id:ebi-a-GCST90001432,TRUE,reported,igd
3656,12,7.30601e-07,0.0511,129349167,-0.2536,ebi-a-GCST90001432,rs12829274,G,A,0.0618, || id:ebi-a-GCST90001432,TRUE,reported,igd
3656,13,6.53597e-10,0.08807,50212885,0.5455,ebi-a-GCST90001432,rs73192651,T,C,0.02, || id:ebi-a-GCST90001432,TRUE,reported,igd
3656,13,4.02346e-12,0.02625,108993494,0.1827,ebi-a-GCST90001432,rs12874404,G,A,0.3256, || id:ebi-a-GCST90001432,TRUE,reported,igd
3656,13,2.857e-06,0.3838,46224092,1.799,ebi-a-GCST90001432,rs557577736,G,A,0.001, || id:ebi-a-GCST90001432,TRUE,reported,igd
3656,14,8.74903e-09,0.05701,96205838,0.3287,ebi-a-GCST90001432,rs77762131,C,G,0.045, || id:ebi-a-GCST90001432,TRUE,reported,igd
3656,14,1.08201e-06,0.02463,94936964,-0.1203,ebi-a-GCST90001432,rs8014978,C,T,0.5737, || id:ebi-a-GCST90001432,TRUE,reported,igd
3656,16,2.57099e-06,0.08833,86794463,0.416,ebi-a-GCST90001432,rs112135308,G,C,0.0174, || id:ebi-a-GCST90001432,TRUE,reported,igd
3656,17,1.16099e-07,0.02394,2715961,-0.1271,ebi-a-GCST90001432,rs11657759,C,A,0.4903, || id:ebi-a-GCST90001432,TRUE,reported,igd
3656,19,3.20797e-06,0.05778,14993354,-0.2695,ebi-a-GCST90001432,rs7254039,A,G,0.0435, || id:ebi-a-GCST90001432,TRUE,reported,igd
3656,20,7.19797e-09,0.02629,44730245,-0.1525,ebi-a-GCST90001432,rs6032660,A,G,0.6359, || id:ebi-a-GCST90001432,TRUE,reported,igd
3656,20,7.91699e-06,0.08274,10454080,-0.3702,ebi-a-GCST90001432,rs76762356,G,A,0.0228, || id:ebi-a-GCST90001432,TRUE,reported,igd
3656,22,1.467e-06,0.04694,22613458,0.2264,ebi-a-GCST90001432,rs55712190,T,C,0.074, || id:ebi-a-GCST90001432,TRUE,reported,igd
