beta.exposure,pval.exposure,samplesize.exposure,pos.exposure,chr.exposure,se.exposure,id.exposure,SNP,effect_allele.exposure,other_allele.exposure,eaf.exposure,exposure,mr_keep.exposure,pval_origin.exposure,data_source.exposure
-0.3548,1.52999e-06,3579,1220504,1,0.07367,ebi-a-GCST90001624,rs2064600,A,G,0.0295, || id:ebi-a-GCST90001624,TRUE,reported,igd
-0.4445,6.76005e-06,3579,121359390,2,0.09861,ebi-a-GCST90001624,rs62166973,A,G,0.0148, || id:ebi-a-GCST90001624,TRUE,reported,igd
0.1335,2.77901e-06,3579,179838990,3,0.02844,ebi-a-GCST90001624,rs6767083,A,C,0.2311, || id:ebi-a-GCST90001624,TRUE,reported,igd
-0.1129,3.68799e-06,3579,75122371,3,0.02435,ebi-a-GCST90001624,rs55849757,T,C,0.5545, || id:ebi-a-GCST90001624,TRUE,reported,igd
-0.9842,9.64007e-06,3579,5810961,3,0.2221,ebi-a-GCST90001624,rs17824379,G,A,0.0027, || id:ebi-a-GCST90001624,TRUE,reported,igd
0.3491,5.61798e-06,3579,155005574,5,0.07676,ebi-a-GCST90001624,rs6891593,A,G,0.0239, || id:ebi-a-GCST90001624,TRUE,reported,igd
0.3737,2.22602e-06,3579,32674059,6,0.07884,ebi-a-GCST90001624,rs3134968,G,A,0.9761, || id:ebi-a-GCST90001624,TRUE,reported,igd
-0.2281,1.92699e-06,3579,31266015,6,0.04783,ebi-a-GCST90001624,rs17198888,G,A,0.0802, || id:ebi-a-GCST90001624,TRUE,reported,igd
-0.1396,5.66905e-06,3579,114211974,6,0.03071,ebi-a-GCST90001624,rs62417423,G,A,0.1949, || id:ebi-a-GCST90001624,TRUE,reported,igd
-0.1766,9.98206e-06,3579,70660195,7,0.03991,ebi-a-GCST90001624,rs79769908,G,T,0.1023, || id:ebi-a-GCST90001624,TRUE,reported,igd
-0.1662,7.02603e-06,3579,1690475,8,0.03693,ebi-a-GCST90001624,rs2977197,C,G,0.8806, || id:ebi-a-GCST90001624,TRUE,reported,igd
-0.1511,4.75401e-09,3579,117660933,9,0.02575,ebi-a-GCST90001624,rs1322067,G,A,0.4173, || id:ebi-a-GCST90001624,TRUE,reported,igd
-0.1963,6.14299e-06,3579,118187405,10,0.04335,ebi-a-GCST90001624,rs10787670,C,T,0.9173, || id:ebi-a-GCST90001624,TRUE,reported,igd
0.1603,3.23102e-06,3579,11713685,10,0.03437,ebi-a-GCST90001624,rs78229126,A,C,0.1357, || id:ebi-a-GCST90001624,TRUE,reported,igd
0.1894,6.44199e-06,3579,3327039,10,0.04192,ebi-a-GCST90001624,rs11251832,A,G,0.0884, || id:ebi-a-GCST90001624,TRUE,reported,igd
0.1584,6.02907e-06,3579,14382617,12,0.03494,ebi-a-GCST90001624,rs10845930,C,T,0.8639, || id:ebi-a-GCST90001624,TRUE,reported,igd
-0.2544,7.63097e-07,3579,20261108,14,0.05136,ebi-a-GCST90001624,rs10148838,C,G,0.227, || id:ebi-a-GCST90001624,TRUE,reported,igd
0.1473,3.32598e-06,3579,80335426,14,0.03164,ebi-a-GCST90001624,rs7150202,T,A,0.1707, || id:ebi-a-GCST90001624,TRUE,reported,igd
-0.783,9.2871e-06,3579,45945654,15,0.1764,ebi-a-GCST90001624,rs117110835,A,G,0.0047, || id:ebi-a-GCST90001624,TRUE,reported,igd
-2.588,5.85706e-06,3579,80129450,15,0.5703,ebi-a-GCST90001624,rs142283210,G,T,4e-04, || id:ebi-a-GCST90001624,TRUE,reported,igd
-0.1151,3.35297e-06,3579,10829272,16,0.02473,ebi-a-GCST90001624,rs7405251,G,T,0.6014, || id:ebi-a-GCST90001624,TRUE,reported,igd
-0.2926,1.39798e-25,3579,10970902,16,0.02777,ebi-a-GCST90001624,rs3087456,A,G,0.766, || id:ebi-a-GCST90001624,TRUE,reported,igd
1.274,9.48397e-06,3579,56601692,19,0.2872,ebi-a-GCST90001624,rs609755,G,A,0.998, || id:ebi-a-GCST90001624,TRUE,reported,igd
-0.1553,2.503e-07,3579,26382004,22,0.03005,ebi-a-GCST90001624,rs9613063,T,C,0.1913, || id:ebi-a-GCST90001624,TRUE,reported,igd
0.1146,4.69505e-06,3579,44999166,22,0.025,ebi-a-GCST90001624,rs12166155,G,C,0.3564, || id:ebi-a-GCST90001624,TRUE,reported,igd
