se.exposure,pval.exposure,chr.exposure,samplesize.exposure,beta.exposure,pos.exposure,id.exposure,SNP,effect_allele.exposure,other_allele.exposure,eaf.exposure,exposure,mr_keep.exposure,pval_origin.exposure,data_source.exposure
0.05366,2.67898e-07,1,3657,-0.2766,61376720,ebi-a-GCST90001790,rs12139506,G,A,0.0543, || id:ebi-a-GCST90001790,TRUE,reported,igd
0.05627,1.09901e-06,1,3657,0.2747,214407674,ebi-a-GCST90001790,rs1660369,T,C,0.9512, || id:ebi-a-GCST90001790,TRUE,reported,igd
0.1567,9.32395e-06,2,3657,-0.6954,149979124,ebi-a-GCST90001790,rs141644939,T,C,0.0063, || id:ebi-a-GCST90001790,TRUE,reported,igd
0.04463,7.27394e-06,2,3657,-0.2005,15014620,ebi-a-GCST90001790,rs2139146,T,C,0.0796, || id:ebi-a-GCST90001790,TRUE,reported,igd
0.1256,5.58496e-06,3,3657,-0.5714,10050183,ebi-a-GCST90001790,rs138409352,T,A,0.0094, || id:ebi-a-GCST90001790,TRUE,reported,igd
0.5426,5.06104e-06,4,3657,2.479,142001552,ebi-a-GCST90001790,rs149522679,C,A,4e-04, || id:ebi-a-GCST90001790,TRUE,reported,igd
0.02461,6.25302e-06,5,3657,-0.1114,8141537,ebi-a-GCST90001790,rs17252295,T,A,0.5294, || id:ebi-a-GCST90001790,TRUE,reported,igd
0.1561,9.88098e-06,7,3657,-0.691,47871972,ebi-a-GCST90001790,rs149662107,A,G,0.0062, || id:ebi-a-GCST90001790,TRUE,reported,igd
0.02708,4.02903e-06,7,3657,0.125,25590299,ebi-a-GCST90001790,rs2999572,G,T,0.3095, || id:ebi-a-GCST90001790,TRUE,reported,igd
0.02894,2.04899e-08,9,3657,-0.1626,95886051,ebi-a-GCST90001790,rs3793662,T,C,0.7759, || id:ebi-a-GCST90001790,TRUE,reported,igd
0.04578,5.29602e-06,10,3657,0.2087,7830675,ebi-a-GCST90001790,rs2853765,C,G,0.9228, || id:ebi-a-GCST90001790,TRUE,reported,igd
0.03537,2.651e-06,10,3657,0.1664,126182752,ebi-a-GCST90001790,rs11245200,T,C,0.1303, || id:ebi-a-GCST90001790,TRUE,reported,igd
0.02736,1.16305e-51,10,3657,-0.4203,6113782,ebi-a-GCST90001790,rs1887027,T,C,0.2454, || id:ebi-a-GCST90001790,TRUE,reported,igd
0.02697,3.34734e-15,10,3657,-0.2133,6162476,ebi-a-GCST90001790,rs4747882,T,A,0.7132, || id:ebi-a-GCST90001790,TRUE,reported,igd
0.02448,6.08555e-13,10,3657,-0.1768,6178941,ebi-a-GCST90001790,rs11598494,C,T,0.5587, || id:ebi-a-GCST90001790,TRUE,reported,igd
0.02881,3.38704e-06,14,3657,-0.1341,100108322,ebi-a-GCST90001790,rs12886102,T,G,0.2186, || id:ebi-a-GCST90001790,TRUE,reported,igd
0.115,4.11301e-06,14,3657,-0.5305,89659141,ebi-a-GCST90001790,rs183975337,T,A,0.0108, || id:ebi-a-GCST90001790,TRUE,reported,igd
0.02601,2.246e-06,15,3657,0.1232,33478617,ebi-a-GCST90001790,rs11632374,G,A,0.3404, || id:ebi-a-GCST90001790,TRUE,reported,igd
0.02502,3.046e-06,15,3657,0.117,86804118,ebi-a-GCST90001790,rs62013832,T,A,0.3841, || id:ebi-a-GCST90001790,TRUE,reported,igd
0.02436,9.7389e-06,16,3657,-0.1079,25516463,ebi-a-GCST90001790,rs9972778,A,C,0.4796, || id:ebi-a-GCST90001790,TRUE,reported,igd
0.03435,9.58893e-06,17,3657,0.1523,44356694,ebi-a-GCST90001790,rs111912558,C,T,0.203, || id:ebi-a-GCST90001790,TRUE,reported,igd
0.02464,5.97407e-06,18,3657,-0.1117,67173624,ebi-a-GCST90001790,rs8097813,C,T,0.538, || id:ebi-a-GCST90001790,TRUE,reported,igd
0.03867,4.95199e-06,19,3657,0.1769,11184104,ebi-a-GCST90001790,rs8100828,T,C,0.1123, || id:ebi-a-GCST90001790,TRUE,reported,igd
0.2127,5.17595e-06,20,3657,-0.9708,50852063,ebi-a-GCST90001790,rs75727877,A,C,0.0034, || id:ebi-a-GCST90001790,TRUE,reported,igd
0.08698,5.97806e-06,21,3657,-0.3944,23113704,ebi-a-GCST90001790,rs144182927,T,G,0.0191, || id:ebi-a-GCST90001790,TRUE,reported,igd
0.05906,6.53702e-07,21,3657,-0.2943,44262209,ebi-a-GCST90001790,rs3862036,A,G,0.0424, || id:ebi-a-GCST90001790,TRUE,reported,igd
0.1461,2.98099e-06,22,3657,0.6837,22547864,ebi-a-GCST90001790,rs200381543,T,C,0.0074, || id:ebi-a-GCST90001790,TRUE,reported,igd
