samplesize.exposure,se.exposure,beta.exposure,chr.exposure,pos.exposure,pval.exposure,id.exposure,SNP,effect_allele.exposure,other_allele.exposure,eaf.exposure,exposure,mr_keep.exposure,pval_origin.exposure,data_source.exposure
3648,0.09444,0.4182,1,188139428,9.7481e-06,ebi-a-GCST90001769,rs142793352,C,A,0.0182, || id:ebi-a-GCST90001769,TRUE,reported,igd
3648,0.02722,0.121,1,237235986,9.01903e-06,ebi-a-GCST90001769,rs10925304,T,C,0.2862, || id:ebi-a-GCST90001769,TRUE,reported,igd
3648,0.04591,0.2059,1,54943264,7.53894e-06,ebi-a-GCST90001769,rs2173295,C,A,0.0799, || id:ebi-a-GCST90001769,TRUE,reported,igd
3648,0.06163,0.2988,2,73868977,1.302e-06,ebi-a-GCST90001769,rs72635970,G,T,0.0444, || id:ebi-a-GCST90001769,TRUE,reported,igd
3648,0.04332,-0.1982,3,164038932,4.92402e-06,ebi-a-GCST90001769,rs9811806,A,G,0.0975, || id:ebi-a-GCST90001769,TRUE,reported,igd
3648,0.02528,0.1798,6,106898421,1.36113e-12,ebi-a-GCST90001769,rs2236073,A,G,0.5996, || id:ebi-a-GCST90001769,TRUE,reported,igd
3648,0.04895,0.2326,6,23390794,2.09701e-06,ebi-a-GCST90001769,rs72829705,T,C,0.0739, || id:ebi-a-GCST90001769,TRUE,reported,igd
3648,0.05059,-0.5307,6,107164076,2.20902e-25,ebi-a-GCST90001769,rs9400058,G,A,0.0651, || id:ebi-a-GCST90001769,TRUE,reported,igd
3648,0.1288,0.6238,6,101131432,1.344e-06,ebi-a-GCST90001769,rs76990892,A,T,0.01, || id:ebi-a-GCST90001769,TRUE,reported,igd
3648,0.09854,-0.4765,6,12292528,1.38401e-06,ebi-a-GCST90001769,rs1800542,A,G,0.0158, || id:ebi-a-GCST90001769,TRUE,reported,igd
3648,0.2528,-1.174,8,84921322,3.53102e-06,ebi-a-GCST90001769,rs117066281,T,A,0.0022, || id:ebi-a-GCST90001769,TRUE,reported,igd
3648,0.03102,-0.1416,8,1284332,5.18203e-06,ebi-a-GCST90001769,rs17816653,A,C,0.1933, || id:ebi-a-GCST90001769,TRUE,reported,igd
3648,0.1651,0.7403,8,131650003,7.58997e-06,ebi-a-GCST90001769,rs75583168,A,G,0.0055, || id:ebi-a-GCST90001769,TRUE,reported,igd
3648,0.03313,-0.1587,9,4327663,1.72302e-06,ebi-a-GCST90001769,rs74343204,A,G,0.1771, || id:ebi-a-GCST90001769,TRUE,reported,igd
3648,0.3595,1.623,9,117755959,6.584e-06,ebi-a-GCST90001769,rs117049974,T,C,0.0012, || id:ebi-a-GCST90001769,TRUE,reported,igd
3648,0.1766,0.8833,9,28274639,5.94306e-07,ebi-a-GCST90001769,rs111701276,G,A,0.0049, || id:ebi-a-GCST90001769,TRUE,reported,igd
3648,0.0404,0.19,11,115341932,2.64899e-06,ebi-a-GCST90001769,rs314497,T,G,0.895, || id:ebi-a-GCST90001769,TRUE,reported,igd
3648,0.03162,-0.1487,12,77884772,2.65497e-06,ebi-a-GCST90001769,rs10777201,C,A,0.8052, || id:ebi-a-GCST90001769,TRUE,reported,igd
3648,0.02536,0.1219,13,80035438,1.591e-06,ebi-a-GCST90001769,rs9574429,G,A,0.4616, || id:ebi-a-GCST90001769,TRUE,reported,igd
3648,0.2572,1.145,13,102960469,8.75205e-06,ebi-a-GCST90001769,rs117080191,T,C,0.0025, || id:ebi-a-GCST90001769,TRUE,reported,igd
3648,0.06758,-0.326,14,43192207,1.46299e-06,ebi-a-GCST90001769,rs77636548,C,T,0.0345, || id:ebi-a-GCST90001769,TRUE,reported,igd
3648,0.1857,0.8445,15,96894306,5.62095e-06,ebi-a-GCST90001769,rs2895071,C,T,0.0051, || id:ebi-a-GCST90001769,TRUE,reported,igd
3648,0.02815,-0.1354,16,58051178,1.58402e-06,ebi-a-GCST90001769,rs4784022,T,C,0.7277, || id:ebi-a-GCST90001769,TRUE,reported,igd
3648,0.2345,1.2,17,4544520,3.271e-07,ebi-a-GCST90001769,rs11568076,G,A,0.0029, || id:ebi-a-GCST90001769,TRUE,reported,igd
3648,0.02927,0.1339,18,24190315,4.89497e-06,ebi-a-GCST90001769,rs113883551,C,T,0.237, || id:ebi-a-GCST90001769,TRUE,reported,igd
3648,0.08156,-0.3668,18,23625106,7.09594e-06,ebi-a-GCST90001769,rs12968683,A,G,0.0238, || id:ebi-a-GCST90001769,TRUE,reported,igd
3648,0.02836,0.1255,19,16423035,9.97103e-06,ebi-a-GCST90001769,rs4808045,T,C,0.7378, || id:ebi-a-GCST90001769,TRUE,reported,igd
3648,0.05728,-0.2589,20,52133353,6.38896e-06,ebi-a-GCST90001769,rs56913504,A,G,0.0459, || id:ebi-a-GCST90001769,TRUE,reported,igd
3648,0.06348,0.2895,20,41777449,5.26599e-06,ebi-a-GCST90001769,rs6073000,C,T,0.959, || id:ebi-a-GCST90001769,TRUE,reported,igd
