pos.exposure,chr.exposure,beta.exposure,samplesize.exposure,se.exposure,pval.exposure,id.exposure,SNP,effect_allele.exposure,other_allele.exposure,eaf.exposure,exposure,mr_keep.exposure,pval_origin.exposure,data_source.exposure
200021804,1,0.7369,3437,0.1443,3.47896e-07,ebi-a-GCST90001509,rs180839256,C,T,0.0077, || id:ebi-a-GCST90001509,TRUE,reported,igd
188691469,1,0.6084,3437,0.1074,1.57801e-08,ebi-a-GCST90001509,rs61836370,G,A,0.0145, || id:ebi-a-GCST90001509,TRUE,reported,igd
245389000,1,-0.3904,3437,0.08817,9.79603e-06,ebi-a-GCST90001509,rs76432001,A,C,0.0215, || id:ebi-a-GCST90001509,TRUE,reported,igd
188000439,1,0.4042,3437,0.08214,9.02402e-07,ebi-a-GCST90001509,rs144350975,A,C,0.0253, || id:ebi-a-GCST90001509,TRUE,reported,igd
198922068,1,1.875,3437,0.1906,1.49589e-22,ebi-a-GCST90001509,rs116517602,T,C,0.0041, || id:ebi-a-GCST90001509,TRUE,reported,igd
39112166,2,-0.1952,3437,0.02627,1.35988e-13,ebi-a-GCST90001509,rs11124653,A,C,0.5911, || id:ebi-a-GCST90001509,TRUE,reported,igd
38999003,2,-0.1472,3437,0.03298,8.32396e-06,ebi-a-GCST90001509,rs72797312,T,A,0.1865, || id:ebi-a-GCST90001509,TRUE,reported,igd
38895920,2,0.2465,3437,0.02917,4.21697e-17,ebi-a-GCST90001509,rs13024840,A,T,0.2587, || id:ebi-a-GCST90001509,TRUE,reported,igd
41884212,2,0.1985,3437,0.0414,1.7e-06,ebi-a-GCST90001509,rs17607399,T,C,0.1084, || id:ebi-a-GCST90001509,TRUE,reported,igd
227684292,2,-0.7964,3437,0.1773,7.27696e-06,ebi-a-GCST90001509,rs78032501,C,G,0.0055, || id:ebi-a-GCST90001509,TRUE,reported,igd
104762054,2,3.735,3437,0.7854,2.053e-06,ebi-a-GCST90001509,rs114780506,T,A,6e-04, || id:ebi-a-GCST90001509,TRUE,reported,igd
86967620,4,3.798,3437,0.8449,7.18704e-06,ebi-a-GCST90001509,rs114437347,C,G,3e-04, || id:ebi-a-GCST90001509,TRUE,reported,igd
129494174,5,-0.8751,3437,0.1977,9.834e-06,ebi-a-GCST90001509,rs75798204,T,C,0.0042, || id:ebi-a-GCST90001509,TRUE,reported,igd
109149543,5,-0.7381,3437,0.1609,4.64205e-06,ebi-a-GCST90001509,rs28446907,G,A,0.0063, || id:ebi-a-GCST90001509,TRUE,reported,igd
138060119,8,0.1911,3437,0.04292,8.77001e-06,ebi-a-GCST90001509,rs67017865,A,T,0.0979, || id:ebi-a-GCST90001509,TRUE,reported,igd
115299703,8,-0.4787,3437,0.1023,2.96299e-06,ebi-a-GCST90001509,rs4876568,T,G,0.0185, || id:ebi-a-GCST90001509,TRUE,reported,igd
102431583,8,0.1172,3437,0.02574,5.466e-06,ebi-a-GCST90001509,rs1264473,T,C,0.5914, || id:ebi-a-GCST90001509,TRUE,reported,igd
131423918,10,2.958,3437,0.5861,4.71802e-07,ebi-a-GCST90001509,rs117626397,G,A,4e-04, || id:ebi-a-GCST90001509,TRUE,reported,igd
6115171,10,0.1734,3437,0.03172,4.88495e-08,ebi-a-GCST90001509,rs10905719,A,G,0.2082, || id:ebi-a-GCST90001509,TRUE,reported,igd
119138812,10,0.2382,3437,0.05143,3.743e-06,ebi-a-GCST90001509,rs144105723,G,A,0.0649, || id:ebi-a-GCST90001509,TRUE,reported,igd
79203049,11,-0.1904,3437,0.03919,1.237e-06,ebi-a-GCST90001509,rs75958070,C,G,0.1219, || id:ebi-a-GCST90001509,TRUE,reported,igd
110766468,11,1.473,3437,0.3324,9.57591e-06,ebi-a-GCST90001509,rs112238613,C,T,0.0013, || id:ebi-a-GCST90001509,TRUE,reported,igd
78621679,15,0.4553,3437,0.09631,2.36102e-06,ebi-a-GCST90001509,rs79536602,G,T,0.0175, || id:ebi-a-GCST90001509,TRUE,reported,igd
78381297,16,0.1357,3437,0.02715,6.14795e-07,ebi-a-GCST90001509,rs28592611,T,G,0.3945, || id:ebi-a-GCST90001509,TRUE,reported,igd
42913522,18,1.778,3437,0.3739,2.06201e-06,ebi-a-GCST90001509,rs149429639,C,T,0.001, || id:ebi-a-GCST90001509,TRUE,reported,igd
6105334,18,0.3547,3437,0.07102,6.17106e-07,ebi-a-GCST90001509,rs117882514,C,A,0.0319, || id:ebi-a-GCST90001509,TRUE,reported,igd
16580644,19,0.332,3437,0.0722,4.41499e-06,ebi-a-GCST90001509,rs117520868,A,C,0.0343, || id:ebi-a-GCST90001509,TRUE,reported,igd
777304,19,2.205,3437,0.4844,5.53095e-06,ebi-a-GCST90001509,rs188418491,G,A,6e-04, || id:ebi-a-GCST90001509,TRUE,reported,igd
