pos.exposure,chr.exposure,pval.exposure,samplesize.exposure,se.exposure,beta.exposure,id.exposure,SNP,effect_allele.exposure,other_allele.exposure,eaf.exposure,exposure,mr_keep.exposure,pval_origin.exposure,data_source.exposure
161049358,1,8.69501e-09,1858,0.07422,0.4291,ebi-a-GCST90001528,rs3820097,A,G,0.9459, || id:ebi-a-GCST90001528,TRUE,reported,igd
105261254,1,1.256e-06,1858,0.1903,0.9251,ebi-a-GCST90001528,rs35006063,T,C,0.0073, || id:ebi-a-GCST90001528,TRUE,reported,igd
161479745,1,2.5293e-54,1858,0.03439,-0.5517,ebi-a-GCST90001528,rs1801274,G,A,0.3334, || id:ebi-a-GCST90001528,TRUE,reported,igd
180132004,2,3.724e-06,1858,0.08085,0.3752,ebi-a-GCST90001528,rs75239369,G,A,0.0439, || id:ebi-a-GCST90001528,TRUE,reported,igd
6504785,3,4.03097e-06,1858,0.1127,0.5212,ebi-a-GCST90001528,rs263715,A,G,0.0237, || id:ebi-a-GCST90001528,TRUE,reported,igd
113287778,3,5.43501e-06,1858,0.09632,0.4393,ebi-a-GCST90001528,rs139393711,G,C,0.0355, || id:ebi-a-GCST90001528,TRUE,reported,igd
31077545,4,5.68499e-06,1858,0.03427,0.1559,ebi-a-GCST90001528,rs6820873,C,A,0.4255, || id:ebi-a-GCST90001528,TRUE,reported,igd
50273359,5,4.38299e-06,1858,0.07508,0.3458,ebi-a-GCST90001528,rs115483539,A,G,0.053, || id:ebi-a-GCST90001528,TRUE,reported,igd
125978376,5,7.71898e-06,1858,0.3634,1.63,ebi-a-GCST90001528,rs114746765,C,T,0.0022, || id:ebi-a-GCST90001528,TRUE,reported,igd
151472251,6,2.87098e-06,1858,0.03551,0.1667,ebi-a-GCST90001528,rs942382,A,G,0.6359, || id:ebi-a-GCST90001528,TRUE,reported,igd
159180712,6,5.83902e-06,1858,0.06994,-0.3179,ebi-a-GCST90001528,rs112808189,T,C,0.0619, || id:ebi-a-GCST90001528,TRUE,reported,igd
112321582,7,6.925e-06,1858,0.1417,0.6389,ebi-a-GCST90001528,rs73203461,C,A,0.014, || id:ebi-a-GCST90001528,TRUE,reported,igd
84944448,7,6.84699e-06,1858,0.2345,1.058,ebi-a-GCST90001528,rs117229031,C,T,0.0054, || id:ebi-a-GCST90001528,TRUE,reported,igd
20155237,8,8.32492e-06,1858,0.1398,-0.625,ebi-a-GCST90001528,rs79573082,A,G,0.0135, || id:ebi-a-GCST90001528,TRUE,reported,igd
4886462,8,4.57899e-06,1858,0.1454,-0.6684,ebi-a-GCST90001528,rs111944709,C,G,0.0135, || id:ebi-a-GCST90001528,TRUE,reported,igd
97415144,8,4.64398e-06,1858,0.08902,-0.4089,ebi-a-GCST90001528,rs112330535,G,C,0.0439, || id:ebi-a-GCST90001528,TRUE,reported,igd
130168840,9,5.11199e-06,1858,0.03393,-0.1552,ebi-a-GCST90001528,rs11789887,A,G,0.5347, || id:ebi-a-GCST90001528,TRUE,reported,igd
30519550,10,3.52501e-06,1858,0.04942,-0.2299,ebi-a-GCST90001528,rs79027682,C,G,0.145, || id:ebi-a-GCST90001528,TRUE,reported,igd
73360670,10,4.06799e-06,1858,0.3996,-1.847,ebi-a-GCST90001528,rs78671194,G,A,0.0016, || id:ebi-a-GCST90001528,TRUE,reported,igd
11239846,11,6.00206e-06,1858,0.05414,0.2458,ebi-a-GCST90001528,rs72857552,T,C,0.109, || id:ebi-a-GCST90001528,TRUE,reported,igd
102533672,14,6.26801e-06,1858,0.03992,-0.1808,ebi-a-GCST90001528,rs7156568,C,T,0.7505, || id:ebi-a-GCST90001528,TRUE,reported,igd
80263217,15,3.70937e-18,1858,0.04034,-0.3541,ebi-a-GCST90001528,rs3826007,T,C,0.2209, || id:ebi-a-GCST90001528,TRUE,reported,igd
9531278,16,6.68898e-06,1858,0.2038,0.9203,ebi-a-GCST90001528,rs17443769,T,C,0.0073, || id:ebi-a-GCST90001528,TRUE,reported,igd
16785806,20,3.23102e-06,1858,0.03546,-0.1656,ebi-a-GCST90001528,rs6105661,A,G,0.3601, || id:ebi-a-GCST90001528,TRUE,reported,igd
49658809,22,6.18401e-06,1858,0.03573,-0.162,ebi-a-GCST90001528,rs2097380,G,C,0.6765, || id:ebi-a-GCST90001528,TRUE,reported,igd
