pos.exposure,samplesize.exposure,se.exposure,chr.exposure,beta.exposure,pval.exposure,id.exposure,SNP,effect_allele.exposure,other_allele.exposure,eaf.exposure,exposure,mr_keep.exposure,pval_origin.exposure,data_source.exposure
198283058,3440,0.255,1,-2.245,2.08978e-18,ebi-a-GCST90001668,rs541367304,A,G,0.0032, || id:ebi-a-GCST90001668,TRUE,reported,igd
190079170,3440,0.227,1,-1.146,4.68403e-07,ebi-a-GCST90001668,rs138915779,A,C,0.0035, || id:ebi-a-GCST90001668,TRUE,reported,igd
199999121,3440,0.1857,1,-1.217,6.36356e-11,ebi-a-GCST90001668,rs11579717,A,G,0.0044, || id:ebi-a-GCST90001668,TRUE,reported,igd
151909812,3440,0.4842,1,-2.221,4.66004e-06,ebi-a-GCST90001668,rs72694845,C,A,6e-04, || id:ebi-a-GCST90001668,TRUE,reported,igd
97340174,3440,0.03409,1,0.1594,3.05197e-06,ebi-a-GCST90001668,rs78170509,C,G,0.1584, || id:ebi-a-GCST90001668,TRUE,reported,igd
111845422,3440,0.03116,2,0.1586,3.79804e-07,ebi-a-GCST90001668,rs55711612,G,A,0.1955, || id:ebi-a-GCST90001668,TRUE,reported,igd
54934160,3440,0.1324,2,-0.6195,2.97797e-06,ebi-a-GCST90001668,rs78336738,T,C,0.0083, || id:ebi-a-GCST90001668,TRUE,reported,igd
107926407,3440,0.1061,2,0.4791,6.49696e-06,ebi-a-GCST90001668,rs111561108,A,G,0.0131, || id:ebi-a-GCST90001668,TRUE,reported,igd
46753355,3440,0.0359,3,-0.1828,3.76799e-07,ebi-a-GCST90001668,rs7649029,G,A,0.1472, || id:ebi-a-GCST90001668,TRUE,reported,igd
169596133,3440,0.02702,4,0.1241,4.54203e-06,ebi-a-GCST90001668,rs2710824,T,C,0.293, || id:ebi-a-GCST90001668,TRUE,reported,igd
182642975,3440,0.2458,4,1.093,8.94891e-06,ebi-a-GCST90001668,rs147207959,T,C,0.0023, || id:ebi-a-GCST90001668,TRUE,reported,igd
26288550,3440,0.02462,4,-0.1121,5.53197e-06,ebi-a-GCST90001668,rs7679241,A,G,0.4844, || id:ebi-a-GCST90001668,TRUE,reported,igd
44859711,3440,0.02678,4,-0.1189,9.22401e-06,ebi-a-GCST90001668,rs10517119,G,A,0.3176, || id:ebi-a-GCST90001668,TRUE,reported,igd
87220656,3440,0.21,5,0.9482,6.53206e-06,ebi-a-GCST90001668,rs1997323,A,G,0.0032, || id:ebi-a-GCST90001668,TRUE,reported,igd
32329150,3440,0.03698,6,0.1721,3.36698e-06,ebi-a-GCST90001668,rs137931178,G,A,0.1794, || id:ebi-a-GCST90001668,TRUE,reported,igd
37829371,3440,0.07262,7,-0.3326,4.79899e-06,ebi-a-GCST90001668,rs142531546,T,C,0.0317, || id:ebi-a-GCST90001668,TRUE,reported,igd
103052789,3440,0.5769,8,-2.683,3.42098e-06,ebi-a-GCST90001668,rs78310542,A,C,4e-04, || id:ebi-a-GCST90001668,TRUE,reported,igd
123605760,3440,0.1147,8,-0.5618,1.006e-06,ebi-a-GCST90001668,rs2177324,A,G,0.0118, || id:ebi-a-GCST90001668,TRUE,reported,igd
82705665,3440,0.05587,10,0.2511,7.19996e-06,ebi-a-GCST90001668,rs118141156,G,C,0.0517, || id:ebi-a-GCST90001668,TRUE,reported,igd
131423918,3440,0.5689,10,-2.612,4.57804e-06,ebi-a-GCST90001668,rs117626397,G,A,4e-04, || id:ebi-a-GCST90001668,TRUE,reported,igd
2957054,3440,0.03136,10,-0.1388,9.84011e-06,ebi-a-GCST90001668,rs72774994,T,C,0.189, || id:ebi-a-GCST90001668,TRUE,reported,igd
8243002,3440,0.04538,11,-0.205,6.44793e-06,ebi-a-GCST90001668,rs12576570,A,G,0.0808, || id:ebi-a-GCST90001668,TRUE,reported,igd
61924407,3440,0.04486,11,-0.2163,1.47999e-06,ebi-a-GCST90001668,rs2085746,T,C,0.9174, || id:ebi-a-GCST90001668,TRUE,reported,igd
33069361,3440,0.03255,12,-0.1515,3.39703e-06,ebi-a-GCST90001668,rs7316570,G,C,0.8179, || id:ebi-a-GCST90001668,TRUE,reported,igd
100112638,3440,0.02606,12,0.1154,9.86893e-06,ebi-a-GCST90001668,rs12231396,G,A,0.3503, || id:ebi-a-GCST90001668,TRUE,reported,igd
102846088,3440,0.05247,14,-0.2357,7.28601e-06,ebi-a-GCST90001668,rs149704972,A,T,0.0618, || id:ebi-a-GCST90001668,TRUE,reported,igd
12613868,3440,0.05056,16,-0.2381,2.59597e-06,ebi-a-GCST90001668,rs71386709,A,T,0.0641, || id:ebi-a-GCST90001668,TRUE,reported,igd
30933851,3440,0.441,16,2.135,1.35301e-06,ebi-a-GCST90001668,rs76919728,G,T,9e-04, || id:ebi-a-GCST90001668,TRUE,reported,igd
33814758,3440,0.03647,17,0.1982,5.93499e-08,ebi-a-GCST90001668,rs4796089,C,T,0.1343, || id:ebi-a-GCST90001668,TRUE,reported,igd
35329974,3440,0.02636,19,-0.1189,6.71197e-06,ebi-a-GCST90001668,rs56206359,G,A,0.3121, || id:ebi-a-GCST90001668,TRUE,reported,igd
