pval.exposure,beta.exposure,chr.exposure,samplesize.exposure,se.exposure,pos.exposure,id.exposure,SNP,effect_allele.exposure,other_allele.exposure,eaf.exposure,exposure,mr_keep.exposure,pval_origin.exposure,data_source.exposure
7.34903e-06,-0.6437,2,1837,0.1432,104459443,ebi-a-GCST90001706,rs2570487,A,T,0.9858, || id:ebi-a-GCST90001706,TRUE,reported,igd
7.81196e-06,0.2314,2,1837,0.05161,196505282,ebi-a-GCST90001706,rs59598877,G,T,0.1257, || id:ebi-a-GCST90001706,TRUE,reported,igd
8.25905e-06,-0.2297,3,1837,0.05138,61516583,ebi-a-GCST90001706,rs6804241,G,A,0.8737, || id:ebi-a-GCST90001706,TRUE,reported,igd
3.87998e-06,0.2446,3,1837,0.0528,153568131,ebi-a-GCST90001706,rs9815713,G,A,0.1173, || id:ebi-a-GCST90001706,TRUE,reported,igd
5.426e-06,0.1673,4,1837,0.03668,38927396,ebi-a-GCST90001706,rs10155189,C,T,0.6696, || id:ebi-a-GCST90001706,TRUE,reported,igd
8.24898e-06,0.3233,4,1837,0.07231,130179421,ebi-a-GCST90001706,rs55846026,C,T,0.0607, || id:ebi-a-GCST90001706,TRUE,reported,igd
6.67498e-07,-0.2285,5,1837,0.04582,168402085,ebi-a-GCST90001706,rs57736830,G,C,0.1644, || id:ebi-a-GCST90001706,TRUE,reported,igd
7.31105e-06,-0.1536,5,1837,0.03415,146926845,ebi-a-GCST90001706,rs1368364,G,C,0.5544, || id:ebi-a-GCST90001706,TRUE,reported,igd
5.07703e-06,0.162,5,1837,0.03541,1557372,ebi-a-GCST90001706,rs17596501,A,G,0.3606, || id:ebi-a-GCST90001706,TRUE,reported,igd
8.49005e-07,0.4597,7,1837,0.09304,137804100,ebi-a-GCST90001706,rs73451452,A,T,0.0362, || id:ebi-a-GCST90001706,TRUE,reported,igd
1.99301e-06,-0.4764,8,1837,0.09988,145510474,ebi-a-GCST90001706,rs115650989,A,G,0.0299, || id:ebi-a-GCST90001706,TRUE,reported,igd
4.69397e-06,0.3871,8,1837,0.08431,129239338,ebi-a-GCST90001706,rs75589560,G,C,0.0441, || id:ebi-a-GCST90001706,TRUE,reported,igd
8.15906e-06,0.4537,10,1837,0.1014,57677034,ebi-a-GCST90001706,rs150624416,A,G,0.0294, || id:ebi-a-GCST90001706,TRUE,reported,igd
1.844e-06,0.196,11,1837,0.04096,38419307,ebi-a-GCST90001706,rs11599977,A,G,0.7787, || id:ebi-a-GCST90001706,TRUE,reported,igd
2.69501e-06,-0.5787,11,1837,0.1229,109330334,ebi-a-GCST90001706,rs79451942,T,G,0.0193, || id:ebi-a-GCST90001706,TRUE,reported,igd
5.188e-06,-0.6514,16,1837,0.1425,1227020,ebi-a-GCST90001706,rs139758246,C,T,0.0152, || id:ebi-a-GCST90001706,TRUE,reported,igd
9.11402e-06,0.159,17,1837,0.03572,68048182,ebi-a-GCST90001706,rs9896701,G,A,0.3481, || id:ebi-a-GCST90001706,TRUE,reported,igd
7.97995e-06,-0.1806,18,1837,0.04032,10226551,ebi-a-GCST90001706,rs7504122,T,C,0.2548, || id:ebi-a-GCST90001706,TRUE,reported,igd
7.34193e-08,0.2993,21,1837,0.05538,42576275,ebi-a-GCST90001706,rs35291683,A,G,0.107, || id:ebi-a-GCST90001706,TRUE,reported,igd
4.83704e-06,1.122,21,1837,0.2447,26858465,ebi-a-GCST90001706,rs147730115,A,C,0.0046, || id:ebi-a-GCST90001706,TRUE,reported,igd
9.09913e-184,-1.52,22,1837,0.0467,42320547,ebi-a-GCST90001706,rs6002543,G,C,0.0947, || id:ebi-a-GCST90001706,TRUE,reported,igd
9.72076e-18,-0.607,22,1837,0.07005,40629980,ebi-a-GCST90001706,rs1894588,T,C,0.061, || id:ebi-a-GCST90001706,TRUE,reported,igd
1.741e-11,-0.7454,22,1837,0.1101,40246055,ebi-a-GCST90001706,rs76146864,T,C,0.025, || id:ebi-a-GCST90001706,TRUE,reported,igd
3.176e-10,-0.5047,22,1837,0.07979,40774205,ebi-a-GCST90001706,rs149806587,G,A,0.0517, || id:ebi-a-GCST90001706,TRUE,reported,igd
1.24595e-14,-0.7129,22,1837,0.09169,41957510,ebi-a-GCST90001706,rs117705111,A,G,0.0346, || id:ebi-a-GCST90001706,TRUE,reported,igd
2.81903e-10,0.2286,22,1837,0.03604,39843409,ebi-a-GCST90001706,rs5757678,T,C,0.6486, || id:ebi-a-GCST90001706,TRUE,reported,igd
9.88804e-06,0.3597,22,1837,0.08117,41998660,ebi-a-GCST90001706,rs117430146,C,G,0.0487, || id:ebi-a-GCST90001706,TRUE,reported,igd
8.86135e-18,-0.5202,22,1837,0.05995,42525756,ebi-a-GCST90001706,rs1081003,A,G,0.0887, || id:ebi-a-GCST90001706,TRUE,reported,igd
7.45247e-21,-0.472,22,1837,0.04978,43390319,ebi-a-GCST90001706,rs2018340,A,G,0.1375, || id:ebi-a-GCST90001706,TRUE,reported,igd
