samplesize.exposure,chr.exposure,pos.exposure,se.exposure,pval.exposure,beta.exposure,id.exposure,SNP,effect_allele.exposure,other_allele.exposure,eaf.exposure,exposure,mr_keep.exposure,pval_origin.exposure,data_source.exposure
2911,1,167173140,0.06162,2.0488e-11,0.4147,ebi-a-GCST90001845,rs4657649,C,T,0.051, || id:ebi-a-GCST90001845,TRUE,reported,igd
2911,1,117818054,0.02735,2.01799e-06,0.1302,ebi-a-GCST90001845,rs7536105,C,T,0.5488, || id:ebi-a-GCST90001845,TRUE,reported,igd
2911,1,118266529,0.02743,5.21399e-06,-0.1252,ebi-a-GCST90001845,rs4396110,A,G,0.4234, || id:ebi-a-GCST90001845,TRUE,reported,igd
2911,1,165904360,0.03573,3.34603e-07,-0.1828,ebi-a-GCST90001845,rs1317631,T,C,0.8155, || id:ebi-a-GCST90001845,TRUE,reported,igd
2911,1,167424924,0.02584,1.04809e-84,0.521,ebi-a-GCST90001845,rs2949661,T,C,0.4462, || id:ebi-a-GCST90001845,TRUE,reported,igd
2911,1,167113055,0.0445,1.17501e-09,0.2716,ebi-a-GCST90001845,rs61814872,T,C,0.1025, || id:ebi-a-GCST90001845,TRUE,reported,igd
2911,1,26589636,0.03779,9.26105e-07,-0.1858,ebi-a-GCST90001845,rs12141563,G,A,0.1534, || id:ebi-a-GCST90001845,TRUE,reported,igd
2911,2,8424313,0.05165,1.49101e-06,-0.2491,ebi-a-GCST90001845,rs7595804,C,T,0.0728, || id:ebi-a-GCST90001845,TRUE,reported,igd
2911,3,78194307,0.03198,7.99595e-06,-0.143,ebi-a-GCST90001845,rs12497487,T,C,0.7616, || id:ebi-a-GCST90001845,TRUE,reported,igd
2911,3,31848405,0.1504,5.41602e-06,0.6852,ebi-a-GCST90001845,rs138838112,T,C,0.0079, || id:ebi-a-GCST90001845,TRUE,reported,igd
2911,3,45919992,0.03623,1.573e-07,0.1904,ebi-a-GCST90001845,rs57319220,A,G,0.1714, || id:ebi-a-GCST90001845,TRUE,reported,igd
2911,3,158945280,0.03369,3.73302e-06,-0.1562,ebi-a-GCST90001845,rs1077544,T,A,0.7898, || id:ebi-a-GCST90001845,TRUE,reported,igd
2911,3,64581733,0.03339,1.85802e-06,0.1595,ebi-a-GCST90001845,rs11715223,A,G,0.215, || id:ebi-a-GCST90001845,TRUE,reported,igd
2911,5,2669391,0.0503,4.80397e-06,0.2305,ebi-a-GCST90001845,rs188669685,G,C,0.079, || id:ebi-a-GCST90001845,TRUE,reported,igd
2911,6,168668486,0.1573,5.13003e-06,0.7184,ebi-a-GCST90001845,rs62423936,T,C,0.0074, || id:ebi-a-GCST90001845,TRUE,reported,igd
2911,7,85315630,0.1633,5.94799e-06,-0.741,ebi-a-GCST90001845,rs117466579,C,A,0.0065, || id:ebi-a-GCST90001845,TRUE,reported,igd
2911,9,110688268,0.05191,2.64698e-06,-0.2443,ebi-a-GCST90001845,rs34201586,T,C,0.0788, || id:ebi-a-GCST90001845,TRUE,reported,igd
2911,10,26804638,0.0326,8.85503e-06,-0.1451,ebi-a-GCST90001845,rs11015146,C,T,0.2243, || id:ebi-a-GCST90001845,TRUE,reported,igd
2911,11,66182450,0.03122,3.44096e-06,-0.1452,ebi-a-GCST90001845,rs72940579,T,C,0.2707, || id:ebi-a-GCST90001845,TRUE,reported,igd
2911,12,64916291,0.09903,5.427e-06,-0.4512,ebi-a-GCST90001845,rs138909872,T,C,0.0194, || id:ebi-a-GCST90001845,TRUE,reported,igd
2911,13,48439005,0.04656,3.684e-07,0.2373,ebi-a-GCST90001845,rs28649534,T,C,0.0902, || id:ebi-a-GCST90001845,TRUE,reported,igd
2911,14,86036273,0.05221,7.02296e-06,0.235,ebi-a-GCST90001845,rs12884372,G,T,0.0761, || id:ebi-a-GCST90001845,TRUE,reported,igd
2911,15,27777649,0.3561,5.432e-06,1.622,ebi-a-GCST90001845,rs117171372,C,T,0.0014, || id:ebi-a-GCST90001845,TRUE,reported,igd
2911,15,54670902,0.05212,6.78907e-06,0.235,ebi-a-GCST90001845,rs72732798,A,G,0.0769, || id:ebi-a-GCST90001845,TRUE,reported,igd
2911,16,17996315,0.0812,5.84104e-07,0.4066,ebi-a-GCST90001845,rs59302791,T,C,0.0292, || id:ebi-a-GCST90001845,TRUE,reported,igd
2911,16,50221264,0.03814,2.98401e-07,0.1959,ebi-a-GCST90001845,rs9925166,T,C,0.1477, || id:ebi-a-GCST90001845,TRUE,reported,igd
2911,16,4725694,0.1289,2.26501e-06,-0.6105,ebi-a-GCST90001845,rs148932595,A,C,0.0101, || id:ebi-a-GCST90001845,TRUE,reported,igd
2911,17,6024786,0.0286,4.93799e-06,-0.1309,ebi-a-GCST90001845,rs3809841,T,G,0.3695, || id:ebi-a-GCST90001845,TRUE,reported,igd
2911,17,41589741,0.4165,2.43798e-06,1.967,ebi-a-GCST90001845,rs141467190,G,T,0.0012, || id:ebi-a-GCST90001845,TRUE,reported,igd
2911,22,45187219,0.02766,3.66902e-07,-0.141,ebi-a-GCST90001845,rs62232208,G,A,0.4265, || id:ebi-a-GCST90001845,TRUE,reported,igd
