chr.exposure,pval.exposure,pos.exposure,samplesize.exposure,se.exposure,beta.exposure,id.exposure,SNP,effect_allele.exposure,other_allele.exposure,eaf.exposure,exposure,mr_keep.exposure,pval_origin.exposure,data_source.exposure
1,2.48886e-14,167417884,2911,0.02706,0.2073,ebi-a-GCST90001840,rs2949669,T,C,0.472, || id:ebi-a-GCST90001840,TRUE,reported,igd
1,4.21105e-06,228601638,2911,0.03506,-0.1616,ebi-a-GCST90001840,rs472594,C,T,0.1889, || id:ebi-a-GCST90001840,TRUE,reported,igd
2,1.008e-06,47600591,2911,0.1868,-0.9152,ebi-a-GCST90001840,rs114241106,A,T,0.0053, || id:ebi-a-GCST90001840,TRUE,reported,igd
2,7.06496e-06,241562105,2911,0.03084,-0.1388,ebi-a-GCST90001840,rs11678793,G,A,0.2559, || id:ebi-a-GCST90001840,TRUE,reported,igd
2,9.44104e-06,229111257,2911,0.05914,0.2624,ebi-a-GCST90001840,rs116008125,T,C,0.0565, || id:ebi-a-GCST90001840,TRUE,reported,igd
2,4.41499e-06,68100469,2911,0.05955,0.2739,ebi-a-GCST90001840,rs6419642,A,G,0.9438, || id:ebi-a-GCST90001840,TRUE,reported,igd
3,5.546e-06,170163167,2911,0.113,-0.5141,ebi-a-GCST90001840,rs141566851,A,G,0.0149, || id:ebi-a-GCST90001840,TRUE,reported,igd
3,2.29398e-06,101677297,2911,0.09386,-0.4444,ebi-a-GCST90001840,rs115208823,T,C,0.023, || id:ebi-a-GCST90001840,TRUE,reported,igd
4,3.63597e-08,6388191,2911,0.03369,-0.1861,ebi-a-GCST90001840,rs4689428,G,C,0.2056, || id:ebi-a-GCST90001840,TRUE,reported,igd
4,4.68004e-06,1635134,2911,0.101,0.4633,ebi-a-GCST90001840,rs74596366,C,T,0.0187, || id:ebi-a-GCST90001840,TRUE,reported,igd
4,3.50897e-06,144501508,2911,0.2719,-1.264,ebi-a-GCST90001840,rs147934227,T,C,0.0024, || id:ebi-a-GCST90001840,TRUE,reported,igd
5,6.52004e-06,120282213,2911,0.09654,-0.4361,ebi-a-GCST90001840,rs72785901,T,C,0.0211, || id:ebi-a-GCST90001840,TRUE,reported,igd
6,1.13999e-06,32067435,2911,0.03516,-0.1714,ebi-a-GCST90001840,rs57740770,G,T,0.2547, || id:ebi-a-GCST90001840,TRUE,reported,igd
6,6.46904e-06,115127012,2911,0.07729,-0.3492,ebi-a-GCST90001840,rs146793472,C,T,0.0326, || id:ebi-a-GCST90001840,TRUE,reported,igd
9,9.20111e-06,116135431,2911,0.05552,-0.2467,ebi-a-GCST90001840,rs77727789,C,G,0.0646, || id:ebi-a-GCST90001840,TRUE,reported,igd
10,2.718e-06,133327489,2911,0.05062,0.2379,ebi-a-GCST90001840,rs7905582,G,T,0.0737, || id:ebi-a-GCST90001840,TRUE,reported,igd
10,2.70701e-06,102007714,2911,0.02737,-0.1287,ebi-a-GCST90001840,rs6584354,C,A,0.5634, || id:ebi-a-GCST90001840,TRUE,reported,igd
12,6.39102e-06,97805978,2911,0.09964,0.4505,ebi-a-GCST90001840,rs10860204,A,G,0.0186, || id:ebi-a-GCST90001840,TRUE,reported,igd
12,6.55602e-06,132107081,2911,0.04873,-0.2201,ebi-a-GCST90001840,rs73158979,C,T,0.0878, || id:ebi-a-GCST90001840,TRUE,reported,igd
12,3.25702e-06,15638143,2911,0.06931,0.3232,ebi-a-GCST90001840,rs111666485,A,C,0.0414, || id:ebi-a-GCST90001840,TRUE,reported,igd
13,9.87893e-07,23675156,2911,0.0339,0.1663,ebi-a-GCST90001840,rs945668,T,C,0.2071, || id:ebi-a-GCST90001840,TRUE,reported,igd
14,3.95503e-06,21114258,2911,0.03033,0.1402,ebi-a-GCST90001840,rs55823840,A,G,0.2736, || id:ebi-a-GCST90001840,TRUE,reported,igd
17,6.84305e-06,276230,2911,0.08999,-0.4056,ebi-a-GCST90001840,rs182175045,T,G,0.024, || id:ebi-a-GCST90001840,TRUE,reported,igd
19,4.89103e-06,31209621,2911,0.04427,-0.2026,ebi-a-GCST90001840,rs117286362,T,C,0.1048, || id:ebi-a-GCST90001840,TRUE,reported,igd
