pos.exposure,pval.exposure,beta.exposure,chr.exposure,samplesize.exposure,se.exposure,id.exposure,SNP,effect_allele.exposure,other_allele.exposure,eaf.exposure,exposure,mr_keep.exposure,pval_origin.exposure,data_source.exposure
2487766,2.74e-09,0.2382,1,1245,0.03976,ebi-a-GCST90001879,rs2227313,C,T,0.5747, || id:ebi-a-GCST90001879,TRUE,reported,igd
17473323,6.79595e-06,0.7224,1,1245,0.1598,ebi-a-GCST90001879,rs10888005,C,T,0.0165, || id:ebi-a-GCST90001879,TRUE,reported,igd
10709816,4.46396e-06,-0.2499,2,1245,0.05421,ebi-a-GCST90001879,rs759400,T,C,0.8414, || id:ebi-a-GCST90001879,TRUE,reported,igd
88351748,9.01198e-06,0.3467,2,1245,0.07776,ebi-a-GCST90001879,rs145042920,A,T,0.0739, || id:ebi-a-GCST90001879,TRUE,reported,igd
164927486,6.37793e-06,-0.2204,4,1245,0.04861,ebi-a-GCST90001879,rs56365633,C,T,0.2361, || id:ebi-a-GCST90001879,TRUE,reported,igd
53194393,6.86499e-07,0.207,5,1245,0.04148,ebi-a-GCST90001879,rs7735724,C,T,0.5365, || id:ebi-a-GCST90001879,TRUE,reported,igd
36237023,6.88795e-06,0.2491,6,1245,0.05515,ebi-a-GCST90001879,rs78318630,A,G,0.1639, || id:ebi-a-GCST90001879,TRUE,reported,igd
10747254,5.25606e-06,2.053,6,1245,0.4488,ebi-a-GCST90001879,rs34500563,A,G,0.002, || id:ebi-a-GCST90001879,TRUE,reported,igd
133783811,7.77893e-06,-0.8514,7,1245,0.1896,ebi-a-GCST90001879,rs78703228,T,C,0.012, || id:ebi-a-GCST90001879,TRUE,reported,igd
19764946,3.133e-06,-0.2028,7,1245,0.0433,ebi-a-GCST90001879,rs2158382,T,G,0.655, || id:ebi-a-GCST90001879,TRUE,reported,igd
147205421,4.31599e-06,-0.1882,7,1245,0.04078,ebi-a-GCST90001879,rs1541415,C,T,0.5566, || id:ebi-a-GCST90001879,TRUE,reported,igd
93360653,5.75798e-06,-0.2769,9,1245,0.06079,ebi-a-GCST90001879,rs7024801,T,A,0.1313, || id:ebi-a-GCST90001879,TRUE,reported,igd
7820271,4.36797e-06,-0.2229,9,1245,0.04832,ebi-a-GCST90001879,rs12378405,A,C,0.7703, || id:ebi-a-GCST90001879,TRUE,reported,igd
9681323,4.22202e-06,-0.2013,9,1245,0.04357,ebi-a-GCST90001879,rs2382040,A,T,0.3297, || id:ebi-a-GCST90001879,TRUE,reported,igd
96367900,4.43496e-07,-0.3326,9,1245,0.06552,ebi-a-GCST90001879,rs76025942,A,G,0.1112, || id:ebi-a-GCST90001879,TRUE,reported,igd
24786510,2.84603e-07,-0.217,10,1245,0.04205,ebi-a-GCST90001879,rs11014115,A,G,0.3944, || id:ebi-a-GCST90001879,TRUE,reported,igd
14316154,5.27096e-06,-0.3208,10,1245,0.07014,ebi-a-GCST90001879,rs11592466,T,C,0.094, || id:ebi-a-GCST90001879,TRUE,reported,igd
2506524,7.95994e-06,0.1867,10,1245,0.04163,ebi-a-GCST90001879,rs4880998,C,T,0.3703, || id:ebi-a-GCST90001879,TRUE,reported,igd
131682181,8.085e-06,1.004,10,1245,0.2241,ebi-a-GCST90001879,rs7918482,C,T,0.0084, || id:ebi-a-GCST90001879,TRUE,reported,igd
81008355,8.59706e-06,-0.2119,11,1245,0.04742,ebi-a-GCST90001879,rs11232580,A,G,0.2378, || id:ebi-a-GCST90001879,TRUE,reported,igd
128827397,5.82505e-06,-0.1846,11,1245,0.04054,ebi-a-GCST90001879,rs7122006,T,C,0.5984, || id:ebi-a-GCST90001879,TRUE,reported,igd
130668546,6.99198e-07,-0.2759,12,1245,0.05532,ebi-a-GCST90001879,rs12833432,T,C,0.1526, || id:ebi-a-GCST90001879,TRUE,reported,igd
70336135,5.81393e-06,-0.7418,13,1245,0.1629,ebi-a-GCST90001879,rs117920606,A,G,0.0161, || id:ebi-a-GCST90001879,TRUE,reported,igd
40707448,9.71494e-06,0.1826,13,1245,0.04111,ebi-a-GCST90001879,rs9549072,G,A,0.4618, || id:ebi-a-GCST90001879,TRUE,reported,igd
5862557,8.76193e-06,0.3514,18,1245,0.07871,ebi-a-GCST90001879,rs11659521,C,A,0.0719, || id:ebi-a-GCST90001879,TRUE,reported,igd
51797326,5.91303e-06,0.1859,19,1245,0.04086,ebi-a-GCST90001879,rs1399834,G,A,0.5695, || id:ebi-a-GCST90001879,TRUE,reported,igd
