chr.exposure,pval.exposure,pos.exposure,se.exposure,samplesize.exposure,beta.exposure,id.exposure,SNP,effect_allele.exposure,other_allele.exposure,eaf.exposure,exposure,mr_keep.exposure,pval_origin.exposure,data_source.exposure
1,2.28876e-11,161479745,0.02691,3657,-0.1805,ebi-a-GCST90001704,rs1801274,G,A,0.325, || id:ebi-a-GCST90001704,TRUE,reported,igd
1,4.31003e-06,164083691,0.03047,3657,0.1402,ebi-a-GCST90001704,rs6680891,T,A,0.2122, || id:ebi-a-GCST90001704,TRUE,reported,igd
2,8.66603e-06,142280835,0.1199,3657,-0.534,ebi-a-GCST90001704,rs149153670,C,T,0.0118, || id:ebi-a-GCST90001704,TRUE,reported,igd
3,2.67602e-06,101658926,0.02806,3657,-0.1319,ebi-a-GCST90001704,rs2925323,T,C,0.2923, || id:ebi-a-GCST90001704,TRUE,reported,igd
4,4.54496e-06,24492147,0.3285,3657,1.508,ebi-a-GCST90001704,rs116470335,A,G,0.0016, || id:ebi-a-GCST90001704,TRUE,reported,igd
10,9.80709e-06,132491701,0.02661,3657,0.1178,ebi-a-GCST90001704,rs2939924,T,C,0.3273, || id:ebi-a-GCST90001704,TRUE,reported,igd
10,8.72991e-06,1746219,0.03116,3657,-0.1388,ebi-a-GCST90001704,rs4880914,G,A,0.8043, || id:ebi-a-GCST90001704,TRUE,reported,igd
11,2.72201e-06,37670518,0.03174,3657,0.1491,ebi-a-GCST90001704,rs1563991,T,G,0.8063, || id:ebi-a-GCST90001704,TRUE,reported,igd
13,1.74799e-06,29908421,0.247,3657,-1.183,ebi-a-GCST90001704,rs143106266,A,C,0.0025, || id:ebi-a-GCST90001704,TRUE,reported,igd
15,5.58599e-06,51655048,0.02548,3657,-0.1159,ebi-a-GCST90001704,rs35754161,T,G,0.4649, || id:ebi-a-GCST90001704,TRUE,reported,igd
17,8.18898e-06,26045225,0.3067,3657,-1.37,ebi-a-GCST90001704,rs145868946,C,T,0.0018, || id:ebi-a-GCST90001704,TRUE,reported,igd
17,2.87799e-06,48145906,0.0856,3657,0.4012,ebi-a-GCST90001704,rs148563640,T,C,0.0219, || id:ebi-a-GCST90001704,TRUE,reported,igd
22,1.10002e-20,40246055,0.07763,3657,-0.7283,ebi-a-GCST90001704,rs76146864,T,C,0.0264, || id:ebi-a-GCST90001704,TRUE,reported,igd
22,3.82384e-17,39843409,0.0259,3657,0.2191,ebi-a-GCST90001704,rs5757678,T,C,0.6418, || id:ebi-a-GCST90001704,TRUE,reported,igd
22,9.76562e-21,40774205,0.05731,3657,-0.5384,ebi-a-GCST90001704,rs149806587,G,A,0.0526, || id:ebi-a-GCST90001704,TRUE,reported,igd
22,3.14297e-06,23924845,0.2393,3657,-1.117,ebi-a-GCST90001704,rs149398740,T,C,0.0027, || id:ebi-a-GCST90001704,TRUE,reported,igd
22,3.96917e-25,40629980,0.051,3657,-0.532,ebi-a-GCST90001704,rs1894588,T,C,0.0622, || id:ebi-a-GCST90001704,TRUE,reported,igd
22,3.3243e-28,42525756,0.0448,3657,-0.4975,ebi-a-GCST90001704,rs1081003,A,G,0.0874, || id:ebi-a-GCST90001704,TRUE,reported,igd
22,2.9662e-31,41957510,0.065,3657,-0.763,ebi-a-GCST90001704,rs117705111,A,G,0.0365, || id:ebi-a-GCST90001704,TRUE,reported,igd
22,1.45101e-08,41998660,0.0557,3657,0.3164,ebi-a-GCST90001704,rs117430146,C,G,0.0561, || id:ebi-a-GCST90001704,TRUE,reported,igd
22,3.27265e-32,43393437,0.03601,3657,-0.4296,ebi-a-GCST90001704,rs5759079,A,G,0.1406, || id:ebi-a-GCST90001704,TRUE,reported,igd
22,1e-200,42315371,0.03363,3657,-1.51,ebi-a-GCST90001704,rs73165129,T,C,0.099, || id:ebi-a-GCST90001704,TRUE,reported,igd
