se.exposure,pos.exposure,beta.exposure,chr.exposure,samplesize.exposure,pval.exposure,id.exposure,SNP,effect_allele.exposure,other_allele.exposure,eaf.exposure,exposure,mr_keep.exposure,pval_origin.exposure,data_source.exposure
0.05681,95254974,-0.2684,1,3427,2.40497e-06,ebi-a-GCST90001571,rs116230798,T,C,0.0505, || id:ebi-a-GCST90001571,TRUE,reported,igd
0.252,198283058,-1.24,1,3427,9.04795e-07,ebi-a-GCST90001571,rs541367304,A,G,0.0032, || id:ebi-a-GCST90001571,TRUE,reported,igd
0.08768,157954450,0.4328,1,3427,8.35007e-07,ebi-a-GCST90001571,rs111902980,A,G,0.0193, || id:ebi-a-GCST90001571,TRUE,reported,igd
0.03063,87021659,0.2019,2,3427,5.06058e-11,ebi-a-GCST90001571,rs34546581,A,G,0.1923, || id:ebi-a-GCST90001571,TRUE,reported,igd
0.02629,141557676,0.1258,3,3427,1.77701e-06,ebi-a-GCST90001571,rs28555522,G,A,0.3077, || id:ebi-a-GCST90001571,TRUE,reported,igd
0.3368,130189351,1.494,4,3427,9.40199e-06,ebi-a-GCST90001571,rs77784181,A,G,0.0012, || id:ebi-a-GCST90001571,TRUE,reported,igd
0.05553,108003824,0.2578,4,3427,3.57701e-06,ebi-a-GCST90001571,rs4583837,T,C,0.0519, || id:ebi-a-GCST90001571,TRUE,reported,igd
0.04026,179850567,0.1964,5,3427,1.11199e-06,ebi-a-GCST90001571,rs78522661,T,C,0.0976, || id:ebi-a-GCST90001571,TRUE,reported,igd
0.05465,101435600,0.2447,6,3427,7.787e-06,ebi-a-GCST90001571,rs113075410,G,A,0.0543, || id:ebi-a-GCST90001571,TRUE,reported,igd
0.07114,102272234,0.4707,6,3427,4.23545e-11,ebi-a-GCST90001571,rs13210358,T,C,0.0312, || id:ebi-a-GCST90001571,TRUE,reported,igd
0.0323,32795706,0.1501,6,3427,3.51504e-06,ebi-a-GCST90001571,rs55781756,A,G,0.2151, || id:ebi-a-GCST90001571,TRUE,reported,igd
0.05835,100774499,0.3476,6,3427,2.83498e-09,ebi-a-GCST90001571,rs113500908,T,C,0.0449, || id:ebi-a-GCST90001571,TRUE,reported,igd
0.02656,55150822,-0.1278,7,3427,1.55299e-06,ebi-a-GCST90001571,rs10225877,T,A,0.2946, || id:ebi-a-GCST90001571,TRUE,reported,igd
0.151,79800654,0.6931,7,3427,4.57299e-06,ebi-a-GCST90001571,rs76747637,A,G,0.0064, || id:ebi-a-GCST90001571,TRUE,reported,igd
0.05128,142106083,0.2288,8,3427,8.40892e-06,ebi-a-GCST90001571,rs28647367,A,G,0.0601, || id:ebi-a-GCST90001571,TRUE,reported,igd
0.04041,135490341,0.1973,8,3427,1.09199e-06,ebi-a-GCST90001571,rs116877116,A,G,0.1008, || id:ebi-a-GCST90001571,TRUE,reported,igd
0.03783,44090370,-0.1752,11,3427,3.79498e-06,ebi-a-GCST90001571,rs75679242,A,C,0.1148, || id:ebi-a-GCST90001571,TRUE,reported,igd
0.02756,107707464,-0.1278,11,3427,3.65603e-06,ebi-a-GCST90001571,rs78118522,C,A,0.2858, || id:ebi-a-GCST90001571,TRUE,reported,igd
0.02717,76371057,0.1213,12,3427,8.31209e-06,ebi-a-GCST90001571,rs11180778,C,T,0.272, || id:ebi-a-GCST90001571,TRUE,reported,igd
0.1834,107465525,-0.8611,13,3427,2.78298e-06,ebi-a-GCST90001571,rs527345021,C,T,0.0047, || id:ebi-a-GCST90001571,TRUE,reported,igd
0.02481,27177182,0.1159,15,3427,3.092e-06,ebi-a-GCST90001571,rs11635763,G,A,0.4234, || id:ebi-a-GCST90001571,TRUE,reported,igd
0.03911,14491395,0.1737,16,3427,9.22401e-06,ebi-a-GCST90001571,rs141519401,T,G,0.1099, || id:ebi-a-GCST90001571,TRUE,reported,igd
0.02587,33794697,0.1315,17,3427,3.91399e-07,ebi-a-GCST90001571,rs9896155,G,A,0.6738, || id:ebi-a-GCST90001571,TRUE,reported,igd
0.05542,1235562,-0.2519,17,3427,5.67701e-06,ebi-a-GCST90001571,rs140247402,T,C,0.049, || id:ebi-a-GCST90001571,TRUE,reported,igd
0.03568,43364569,-0.1625,21,3427,5.429e-06,ebi-a-GCST90001571,rs437936,G,T,0.1326, || id:ebi-a-GCST90001571,TRUE,reported,igd
