beta.exposure,samplesize.exposure,chr.exposure,pval.exposure,se.exposure,pos.exposure,id.exposure,SNP,effect_allele.exposure,other_allele.exposure,eaf.exposure,exposure,mr_keep.exposure,pval_origin.exposure,data_source.exposure
-0.1638,3130,1,8.30195e-06,0.03668,165421240,ebi-a-GCST90001681,rs285429,G,C,0.1522, || id:ebi-a-GCST90001681,TRUE,reported,igd
-0.2815,3130,1,2.80201e-06,0.05998,204152575,ebi-a-GCST90001681,rs12090749,T,A,0.0498, || id:ebi-a-GCST90001681,TRUE,reported,igd
0.3698,3130,2,3.58096e-06,0.07966,199736794,ebi-a-GCST90001681,rs72915262,T,C,0.0276, || id:ebi-a-GCST90001681,TRUE,reported,igd
1.319,3130,2,3.97402e-06,0.2855,233285448,ebi-a-GCST90001681,rs186153147,C,G,0.0021, || id:ebi-a-GCST90001681,TRUE,reported,igd
-0.5137,3130,2,2.063e-06,0.108,28165568,ebi-a-GCST90001681,rs147417158,G,T,0.0157, || id:ebi-a-GCST90001681,TRUE,reported,igd
-0.7492,3130,2,1.323e-08,0.1315,54957709,ebi-a-GCST90001681,rs78667279,A,G,0.0096, || id:ebi-a-GCST90001681,TRUE,reported,igd
-0.2529,3130,3,3.52996e-06,0.05444,189800760,ebi-a-GCST90001681,rs139199585,G,C,0.0613, || id:ebi-a-GCST90001681,TRUE,reported,igd
-0.1537,3130,3,3.159e-08,0.02772,76674553,ebi-a-GCST90001681,rs2875404,T,C,0.657, || id:ebi-a-GCST90001681,TRUE,reported,igd
-0.4806,3130,4,7.56693e-08,0.08917,40455868,ebi-a-GCST90001681,rs79068129,T,A,0.022, || id:ebi-a-GCST90001681,TRUE,reported,igd
0.4219,3130,5,1.95799e-06,0.08851,2863938,ebi-a-GCST90001681,rs115540740,A,G,0.0219, || id:ebi-a-GCST90001681,TRUE,reported,igd
-0.1198,3130,5,5.91003e-06,0.0264,174189338,ebi-a-GCST90001681,rs2381937,G,A,0.6182, || id:ebi-a-GCST90001681,TRUE,reported,igd
0.3022,3130,5,1.31401e-06,0.06234,170912245,ebi-a-GCST90001681,rs3112458,G,C,0.0454, || id:ebi-a-GCST90001681,TRUE,reported,igd
0.2385,3130,6,4.27898e-06,0.05178,148558828,ebi-a-GCST90001681,rs67795607,G,C,0.0706, || id:ebi-a-GCST90001681,TRUE,reported,igd
0.2098,3130,7,6.615e-07,0.0421,63496409,ebi-a-GCST90001681,rs113792557,C,T,0.1102, || id:ebi-a-GCST90001681,TRUE,reported,igd
1.07,3130,8,5.87003e-07,0.2137,142715815,ebi-a-GCST90001681,rs111066413,A,G,0.0038, || id:ebi-a-GCST90001681,TRUE,reported,igd
0.2655,3130,10,6.80393e-07,0.05335,6070276,ebi-a-GCST90001681,rs12722558,T,A,0.0674, || id:ebi-a-GCST90001681,TRUE,reported,igd
0.3208,3130,10,1.54e-06,0.06663,110696905,ebi-a-GCST90001681,rs145966061,A,G,0.0414, || id:ebi-a-GCST90001681,TRUE,reported,igd
-0.1933,3130,10,7.42694e-07,0.03896,56038091,ebi-a-GCST90001681,rs79217088,A,C,0.1358, || id:ebi-a-GCST90001681,TRUE,reported,igd
-0.1262,3130,13,9.08699e-06,0.02838,91588376,ebi-a-GCST90001681,rs9523198,C,A,0.6765, || id:ebi-a-GCST90001681,TRUE,reported,igd
0.5321,3130,13,5.02701e-06,0.1164,68739557,ebi-a-GCST90001681,rs76836923,C,T,0.0142, || id:ebi-a-GCST90001681,TRUE,reported,igd
0.1576,3130,13,9.683e-06,0.03556,86136478,ebi-a-GCST90001681,rs12873951,A,G,0.1674, || id:ebi-a-GCST90001681,TRUE,reported,igd
-0.2355,3130,14,5.00795e-06,0.05151,82650928,ebi-a-GCST90001681,rs61975285,G,A,0.073, || id:ebi-a-GCST90001681,TRUE,reported,igd
0.2546,3130,14,1.93099e-06,0.05338,66658886,ebi-a-GCST90001681,rs77859155,G,A,0.0671, || id:ebi-a-GCST90001681,TRUE,reported,igd
0.4369,3130,16,1.16799e-06,0.08969,77741894,ebi-a-GCST90001681,rs117603761,C,G,0.0211, || id:ebi-a-GCST90001681,TRUE,reported,igd
-0.2978,3130,17,6.76301e-06,0.06605,42759948,ebi-a-GCST90001681,rs117391590,A,G,0.0411, || id:ebi-a-GCST90001681,TRUE,reported,igd
-0.1717,3130,17,4.617e-06,0.03742,3394299,ebi-a-GCST90001681,rs6502728,A,C,0.8589, || id:ebi-a-GCST90001681,TRUE,reported,igd
0.2696,3130,18,8.818e-09,0.04674,30263492,ebi-a-GCST90001681,rs1403755,T,C,0.0864, || id:ebi-a-GCST90001681,TRUE,reported,igd
-0.1249,3130,18,1.88101e-06,0.02616,1728457,ebi-a-GCST90001681,rs67641209,T,C,0.453, || id:ebi-a-GCST90001681,TRUE,reported,igd
-0.1215,3130,19,8.09692e-06,0.02719,51460482,ebi-a-GCST90001681,rs268887,G,A,0.372, || id:ebi-a-GCST90001681,TRUE,reported,igd
-0.1465,3130,22,3.19102e-06,0.0314,26346108,ebi-a-GCST90001681,rs6004851,G,A,0.2187, || id:ebi-a-GCST90001681,TRUE,reported,igd
