pval.exposure,pos.exposure,chr.exposure,samplesize.exposure,beta.exposure,se.exposure,id.exposure,SNP,effect_allele.exposure,other_allele.exposure,eaf.exposure,exposure,mr_keep.exposure,pval_origin.exposure,data_source.exposure
9.36591e-06,247157835,1,3656,0.2198,0.04953,ebi-a-GCST90001723,rs6678796,T,C,0.9368, || id:ebi-a-GCST90001723,TRUE,reported,igd
5.392e-06,162624504,1,3656,0.1298,0.0285,ebi-a-GCST90001723,rs10917581,G,A,0.2533, || id:ebi-a-GCST90001723,TRUE,reported,igd
6.38293e-08,207276336,1,3656,0.4979,0.09189,ebi-a-GCST90001723,rs113812519,G,A,0.0185, || id:ebi-a-GCST90001723,TRUE,reported,igd
9.27598e-10,206855483,1,3656,0.5474,0.08918,ebi-a-GCST90001723,rs112417310,A,G,0.0201, || id:ebi-a-GCST90001723,TRUE,reported,igd
8.163e-06,10567711,1,3656,-0.1107,0.02478,ebi-a-GCST90001723,rs589151,T,C,0.4599, || id:ebi-a-GCST90001723,TRUE,reported,igd
3.96899e-07,25535823,1,3656,0.2157,0.04246,ebi-a-GCST90001723,rs4649079,T,C,0.0961, || id:ebi-a-GCST90001723,TRUE,reported,igd
6.45803e-07,207018206,1,3656,0.4457,0.08939,ebi-a-GCST90001723,rs144743804,A,G,0.0197, || id:ebi-a-GCST90001723,TRUE,reported,igd
1.027e-07,43810948,2,3656,0.1776,0.03331,ebi-a-GCST90001723,rs80268044,A,G,0.1766, || id:ebi-a-GCST90001723,TRUE,reported,igd
1.10499e-06,61094800,3,3656,-0.1201,0.0246,ebi-a-GCST90001723,rs1439005,C,G,0.4587, || id:ebi-a-GCST90001723,TRUE,reported,igd
2.99902e-06,26464043,4,3656,-0.7401,0.1582,ebi-a-GCST90001723,rs7665261,T,C,0.006, || id:ebi-a-GCST90001723,TRUE,reported,igd
4.87899e-06,70969845,5,3656,0.237,0.05178,ebi-a-GCST90001723,rs281142,A,G,0.0598, || id:ebi-a-GCST90001723,TRUE,reported,igd
6.38396e-07,173972852,5,3656,0.1236,0.02478,ebi-a-GCST90001723,rs7718237,A,G,0.4837, || id:ebi-a-GCST90001723,TRUE,reported,igd
9.64406e-08,36793516,6,3656,0.5734,0.1073,ebi-a-GCST90001723,rs764603,C,A,0.0131, || id:ebi-a-GCST90001723,TRUE,reported,igd
4.62498e-06,37456130,6,3656,-0.3694,0.08052,ebi-a-GCST90001723,rs35553650,A,G,0.0245, || id:ebi-a-GCST90001723,TRUE,reported,igd
3.59104e-07,19794487,6,3656,-0.2608,0.05115,ebi-a-GCST90001723,rs9350187,T,C,0.0607, || id:ebi-a-GCST90001723,TRUE,reported,igd
7.69095e-06,68486690,6,3656,-1.03,0.2298,ebi-a-GCST90001723,rs76162621,G,A,0.0027, || id:ebi-a-GCST90001723,TRUE,reported,igd
1.51999e-06,133189482,8,3656,-0.2189,0.04544,ebi-a-GCST90001723,rs78007482,A,T,0.0819, || id:ebi-a-GCST90001723,TRUE,reported,igd
4.96101e-06,37002142,9,3656,-0.1166,0.02549,ebi-a-GCST90001723,rs12554596,G,A,0.3892, || id:ebi-a-GCST90001723,TRUE,reported,igd
1.32099e-07,1717689,10,3656,-1.422,0.269,ebi-a-GCST90001723,rs560933055,A,T,0.0022, || id:ebi-a-GCST90001723,TRUE,reported,igd
4.18601e-06,29271392,12,3656,0.4536,0.09841,ebi-a-GCST90001723,rs17706571,T,C,0.0164, || id:ebi-a-GCST90001723,TRUE,reported,igd
2.25201e-06,111354000,12,3656,0.234,0.04939,ebi-a-GCST90001723,rs149168550,G,C,0.0673, || id:ebi-a-GCST90001723,TRUE,reported,igd
4.88405e-06,29813364,13,3656,-1.89,0.4129,ebi-a-GCST90001723,rs118134186,C,T,0.0011, || id:ebi-a-GCST90001723,TRUE,reported,igd
1.467e-06,92561395,14,3656,-0.1199,0.02485,ebi-a-GCST90001723,rs6575228,A,G,0.4126, || id:ebi-a-GCST90001723,TRUE,reported,igd
3.15428e-11,32422808,16,3656,-1.443,0.2168,ebi-a-GCST90001723,rs138920008,C,G,0.0041, || id:ebi-a-GCST90001723,TRUE,reported,igd
1.45499e-09,28973268,16,3656,0.1545,0.02548,ebi-a-GCST90001723,rs11643297,G,A,0.6109, || id:ebi-a-GCST90001723,TRUE,reported,igd
7.28199e-06,74304865,16,3656,-0.1153,0.02568,ebi-a-GCST90001723,rs1424083,G,A,0.6537, || id:ebi-a-GCST90001723,TRUE,reported,igd
3.10299e-06,7725660,17,3656,0.249,0.05331,ebi-a-GCST90001723,rs112846834,A,C,0.0563, || id:ebi-a-GCST90001723,TRUE,reported,igd
8.73494e-07,7114038,19,3656,0.1815,0.03684,ebi-a-GCST90001723,rs72988602,G,A,0.1347, || id:ebi-a-GCST90001723,TRUE,reported,igd
1.93999e-06,56408295,19,3656,-0.1849,0.03879,ebi-a-GCST90001723,rs2903728,C,T,0.1146, || id:ebi-a-GCST90001723,TRUE,reported,igd
3.58798e-06,44812456,20,3656,0.6689,0.1441,ebi-a-GCST90001723,rs117606004,T,C,0.0071, || id:ebi-a-GCST90001723,TRUE,reported,igd
8.14704e-07,27530934,22,3656,0.1546,0.0313,ebi-a-GCST90001723,rs5762000,T,C,0.1854, || id:ebi-a-GCST90001723,TRUE,reported,igd
1.409e-06,43167446,22,3656,-0.3031,0.06273,ebi-a-GCST90001723,rs113612962,C,G,0.0402, || id:ebi-a-GCST90001723,TRUE,reported,igd
