beta.exposure,samplesize.exposure,chr.exposure,pos.exposure,se.exposure,pval.exposure,id.exposure,SNP,effect_allele.exposure,other_allele.exposure,eaf.exposure,exposure,mr_keep.exposure,pval_origin.exposure,data_source.exposure
-0.1315,3657,1,161478859,0.02632,6.10506e-07,ebi-a-GCST90001758,rs4657041,C,T,0.3344, || id:ebi-a-GCST90001758,TRUE,reported,igd
-0.119,3657,1,24058449,0.0255,3.17198e-06,ebi-a-GCST90001758,rs2492599,T,C,0.6348, || id:ebi-a-GCST90001758,TRUE,reported,igd
0.3684,3657,2,178858731,0.07778,2.25798e-06,ebi-a-GCST90001758,rs187188344,G,C,0.0269, || id:ebi-a-GCST90001758,TRUE,reported,igd
0.1159,3657,3,111952407,0.02501,3.73104e-06,ebi-a-GCST90001758,rs13080324,A,C,0.4322, || id:ebi-a-GCST90001758,TRUE,reported,igd
0.1168,3657,4,100832060,0.025,3.12097e-06,ebi-a-GCST90001758,rs2114442,T,C,0.5751, || id:ebi-a-GCST90001758,TRUE,reported,igd
-0.119,3657,5,143621838,0.02595,4.68101e-06,ebi-a-GCST90001758,rs1422711,C,T,0.6626, || id:ebi-a-GCST90001758,TRUE,reported,igd
0.1171,3657,5,58107171,0.02541,4.23302e-06,ebi-a-GCST90001758,rs295654,T,C,0.6113, || id:ebi-a-GCST90001758,TRUE,reported,igd
0.3439,3657,5,162820460,0.07146,1.55099e-06,ebi-a-GCST90001758,rs77612075,T,C,0.0293, || id:ebi-a-GCST90001758,TRUE,reported,igd
0.207,3657,6,32921104,0.04641,8.40001e-06,ebi-a-GCST90001758,rs111369841,T,C,0.0967, || id:ebi-a-GCST90001758,TRUE,reported,igd
0.1821,3657,6,29905727,0.03141,7.35495e-09,ebi-a-GCST90001758,rs13190846,T,C,0.328, || id:ebi-a-GCST90001758,TRUE,reported,igd
0.1402,3657,6,32586922,0.02935,1.86402e-06,ebi-a-GCST90001758,rs13207893,C,T,0.2953, || id:ebi-a-GCST90001758,TRUE,reported,igd
0.2896,3657,6,29778271,0.05014,8.24803e-09,ebi-a-GCST90001758,rs9461562,G,A,0.1025, || id:ebi-a-GCST90001758,TRUE,reported,igd
-0.1142,3657,6,14806317,0.02469,3.86901e-06,ebi-a-GCST90001758,rs233495,T,C,0.5585, || id:ebi-a-GCST90001758,TRUE,reported,igd
0.2257,3657,6,15898884,0.03693,1.09999e-09,ebi-a-GCST90001758,rs1569590,G,A,0.8748, || id:ebi-a-GCST90001758,TRUE,reported,igd
0.2629,3657,6,31209854,0.04733,2.979e-08,ebi-a-GCST90001758,rs28572463,C,G,0.1081, || id:ebi-a-GCST90001758,TRUE,reported,igd
0.4237,3657,8,97002096,0.09413,6.95505e-06,ebi-a-GCST90001758,rs145640001,T,G,0.0161, || id:ebi-a-GCST90001758,TRUE,reported,igd
-0.1168,3657,9,37002142,0.02544,4.60098e-06,ebi-a-GCST90001758,rs12554596,G,A,0.3891, || id:ebi-a-GCST90001758,TRUE,reported,igd
0.2917,3657,9,95898832,0.06316,3.99098e-06,ebi-a-GCST90001758,rs7035906,A,G,0.0416, || id:ebi-a-GCST90001758,TRUE,reported,igd
0.2609,3657,9,75768836,0.05887,9.59091e-06,ebi-a-GCST90001758,rs75071948,G,T,0.0453, || id:ebi-a-GCST90001758,TRUE,reported,igd
0.1499,3657,10,94516008,0.03164,2.24502e-06,ebi-a-GCST90001758,rs11187166,T,C,0.1993, || id:ebi-a-GCST90001758,TRUE,reported,igd
-2.752,3657,10,75422693,0.5751,1.77399e-06,ebi-a-GCST90001758,rs182220218,G,A,5e-04, || id:ebi-a-GCST90001758,TRUE,reported,igd
0.1855,3657,11,60288804,0.04005,3.73001e-06,ebi-a-GCST90001758,rs149695230,G,T,0.1079, || id:ebi-a-GCST90001758,TRUE,reported,igd
-0.1214,3657,11,268078,0.02721,8.32492e-06,ebi-a-GCST90001758,rs7128035,C,T,0.7107, || id:ebi-a-GCST90001758,TRUE,reported,igd
-0.2717,3657,11,60230531,0.04169,8.12643e-11,ebi-a-GCST90001758,rs2070770,T,C,0.0965, || id:ebi-a-GCST90001758,TRUE,reported,igd
-0.114,3657,12,4101401,0.02575,9.93596e-06,ebi-a-GCST90001758,rs2578469,A,G,0.3246, || id:ebi-a-GCST90001758,TRUE,reported,igd
-0.5031,3657,12,32460708,0.1064,2.34099e-06,ebi-a-GCST90001758,rs193090598,C,T,0.013, || id:ebi-a-GCST90001758,TRUE,reported,igd
-0.212,3657,16,19308868,0.046,4.189e-06,ebi-a-GCST90001758,rs179212,C,T,0.0772, || id:ebi-a-GCST90001758,TRUE,reported,igd
-0.2482,3657,19,3361489,0.05368,3.89099e-06,ebi-a-GCST90001758,rs12460030,C,T,0.9445, || id:ebi-a-GCST90001758,TRUE,reported,igd
-0.2717,3657,19,49846398,0.02911,1.71199e-20,ebi-a-GCST90001758,rs30003,C,T,0.2304, || id:ebi-a-GCST90001758,TRUE,reported,igd
0.2065,3657,19,50940778,0.04212,9.84192e-07,ebi-a-GCST90001758,rs61731791,T,C,0.0972, || id:ebi-a-GCST90001758,TRUE,reported,igd
