pos.exposure,se.exposure,beta.exposure,samplesize.exposure,chr.exposure,pval.exposure,id.exposure,SNP,effect_allele.exposure,other_allele.exposure,eaf.exposure,exposure,mr_keep.exposure,pval_origin.exposure,data_source.exposure
208930710,0.1238,-0.5656,3668,1,5.07996e-06,ebi-a-GCST90001631,rs61815774,T,C,0.0087, || id:ebi-a-GCST90001631,TRUE,reported,igd
28413298,0.1182,-0.5427,3668,1,4.58205e-06,ebi-a-GCST90001631,rs115294653,A,G,0.0115, || id:ebi-a-GCST90001631,TRUE,reported,igd
115926543,0.08721,0.3864,3668,1,9.66496e-06,ebi-a-GCST90001631,rs147600774,T,A,0.0196, || id:ebi-a-GCST90001631,TRUE,reported,igd
137472168,0.04168,-0.193,3668,2,3.79001e-06,ebi-a-GCST90001631,rs34994982,G,A,0.0994, || id:ebi-a-GCST90001631,TRUE,reported,igd
113613580,0.0532,0.2426,3668,2,5.24602e-06,ebi-a-GCST90001631,rs7577330,T,A,0.0645, || id:ebi-a-GCST90001631,TRUE,reported,igd
183735909,0.3163,-1.451,3668,3,4.62498e-06,ebi-a-GCST90001631,rs60553229,A,G,0.0014, || id:ebi-a-GCST90001631,TRUE,reported,igd
24539202,0.04349,0.1933,3668,4,9.06004e-06,ebi-a-GCST90001631,rs12499194,T,C,0.0859, || id:ebi-a-GCST90001631,TRUE,reported,igd
9391367,0.03906,0.1762,3668,5,6.67006e-06,ebi-a-GCST90001631,rs17256404,C,A,0.1095, || id:ebi-a-GCST90001631,TRUE,reported,igd
44207850,0.04584,0.209,3668,6,5.31802e-06,ebi-a-GCST90001631,rs115889733,A,G,0.0777, || id:ebi-a-GCST90001631,TRUE,reported,igd
29976838,0.03045,0.1393,3668,6,4.93799e-06,ebi-a-GCST90001631,rs2275854,G,A,0.5643, || id:ebi-a-GCST90001631,TRUE,reported,igd
23209757,0.05684,0.2565,3668,7,6.62201e-06,ebi-a-GCST90001631,rs34575510,T,C,0.0488, || id:ebi-a-GCST90001631,TRUE,reported,igd
52581385,0.03242,0.1529,3668,7,2.49201e-06,ebi-a-GCST90001631,rs10276441,A,G,0.8246, || id:ebi-a-GCST90001631,TRUE,reported,igd
145057868,0.02512,0.1198,3668,8,1.91602e-06,ebi-a-GCST90001631,rs11544989,G,A,0.6125, || id:ebi-a-GCST90001631,TRUE,reported,igd
90258876,0.02542,-0.1196,3668,10,2.62597e-06,ebi-a-GCST90001631,rs725683,T,C,0.5781, || id:ebi-a-GCST90001631,TRUE,reported,igd
31701343,0.05153,-0.2409,3668,10,3.05598e-06,ebi-a-GCST90001631,rs161249,C,T,0.0609, || id:ebi-a-GCST90001631,TRUE,reported,igd
2325581,0.02454,-0.1212,3668,11,8.24708e-07,ebi-a-GCST90001631,rs2074023,T,C,0.4124, || id:ebi-a-GCST90001631,TRUE,reported,igd
112914680,0.03037,0.142,3668,11,3.01502e-06,ebi-a-GCST90001631,rs12224032,G,C,0.2087, || id:ebi-a-GCST90001631,TRUE,reported,igd
128060429,0.02466,0.1093,3668,11,9.52204e-06,ebi-a-GCST90001631,rs568739,C,T,0.5055, || id:ebi-a-GCST90001631,TRUE,reported,igd
70988762,0.06611,0.3243,3668,11,9.68992e-07,ebi-a-GCST90001631,rs144156455,C,T,0.0361, || id:ebi-a-GCST90001631,TRUE,reported,igd
116470289,0.113,-0.5116,3668,11,6.20098e-06,ebi-a-GCST90001631,rs145936741,G,A,0.012, || id:ebi-a-GCST90001631,TRUE,reported,igd
112189184,0.0657,-0.3117,3668,11,2.17701e-06,ebi-a-GCST90001631,rs12792298,T,C,0.0345, || id:ebi-a-GCST90001631,TRUE,reported,igd
112704995,0.03854,-0.406,3668,11,1.41286e-25,ebi-a-GCST90001631,rs76161425,T,C,0.1088, || id:ebi-a-GCST90001631,TRUE,reported,igd
109403845,0.1021,-0.4711,3668,13,4.07502e-06,ebi-a-GCST90001631,rs117122100,T,C,0.0142, || id:ebi-a-GCST90001631,TRUE,reported,igd
108484563,0.177,-0.8148,3668,13,4.27297e-06,ebi-a-GCST90001631,rs116179687,T,G,0.0046, || id:ebi-a-GCST90001631,TRUE,reported,igd
27907115,0.1621,-0.7571,3668,13,3.11997e-06,ebi-a-GCST90001631,rs61944019,A,G,0.0052, || id:ebi-a-GCST90001631,TRUE,reported,igd
7866604,0.0252,-0.116,3668,17,4.32305e-06,ebi-a-GCST90001631,rs11650003,G,A,0.3867, || id:ebi-a-GCST90001631,TRUE,reported,igd
74953080,0.02456,-0.1133,3668,17,4.11699e-06,ebi-a-GCST90001631,rs11658954,G,A,0.6265, || id:ebi-a-GCST90001631,TRUE,reported,igd
67865495,0.03086,-0.1378,3668,18,8.26304e-06,ebi-a-GCST90001631,rs56297703,C,T,0.2019, || id:ebi-a-GCST90001631,TRUE,reported,igd
49437976,0.04949,-0.2247,3668,22,5.78296e-06,ebi-a-GCST90001631,rs5769842,A,G,0.0626, || id:ebi-a-GCST90001631,TRUE,reported,igd
