beta.exposure,pval.exposure,pos.exposure,se.exposure,samplesize.exposure,chr.exposure,id.exposure,SNP,effect_allele.exposure,other_allele.exposure,eaf.exposure,exposure,mr_keep.exposure,pval_origin.exposure,data_source.exposure
-0.1679,9.14408e-06,164446649,0.03779,3629,1,ebi-a-GCST90001581,rs1338629,A,T,0.8794, || id:ebi-a-GCST90001581,TRUE,reported,igd
0.3274,9.29394e-24,161510516,0.03235,3629,1,ebi-a-GCST90001581,rs144126567,G,C,0.1737, || id:ebi-a-GCST90001581,TRUE,reported,igd
-0.2879,2.034e-06,241079307,0.06052,3629,1,ebi-a-GCST90001581,rs78327733,G,A,0.044, || id:ebi-a-GCST90001581,TRUE,reported,igd
-0.2609,2.044e-08,227562378,0.04641,3629,1,ebi-a-GCST90001581,rs3014270,T,C,0.0743, || id:ebi-a-GCST90001581,TRUE,reported,igd
-0.5466,1.539e-06,213883128,0.1136,3629,2,ebi-a-GCST90001581,rs147699975,T,C,0.0121, || id:ebi-a-GCST90001581,TRUE,reported,igd
-1.372,8.53395e-06,38775196,0.3077,3629,2,ebi-a-GCST90001581,rs79657767,T,C,0.0019, || id:ebi-a-GCST90001581,TRUE,reported,igd
-20.12,1.06699e-06,142724921,4.118,3629,2,ebi-a-GCST90001581,rs115510074,A,G,NA, || id:ebi-a-GCST90001581,TRUE,reported,igd
0.1119,5.74698e-06,24260048,0.02463,3629,4,ebi-a-GCST90001581,rs2324472,C,T,0.5503, || id:ebi-a-GCST90001581,TRUE,reported,igd
-0.1144,5.00795e-06,132729281,0.02503,3629,5,ebi-a-GCST90001581,rs2562375,C,T,0.6044, || id:ebi-a-GCST90001581,TRUE,reported,igd
1.197,9.0261e-06,86880856,0.2693,3629,5,ebi-a-GCST90001581,rs73161489,G,A,0.0023, || id:ebi-a-GCST90001581,TRUE,reported,igd
-2.368,2.298e-06,93853881,0.5003,3629,6,ebi-a-GCST90001581,rs17540814,C,T,6e-04, || id:ebi-a-GCST90001581,TRUE,reported,igd
0.1393,9.71002e-06,166039211,0.03144,3629,6,ebi-a-GCST90001581,rs6921349,C,T,0.1857, || id:ebi-a-GCST90001581,TRUE,reported,igd
-0.1786,6.34805e-09,92408370,0.03068,3629,7,ebi-a-GCST90001581,rs445,T,C,0.1941, || id:ebi-a-GCST90001581,TRUE,reported,igd
-0.4023,1.467e-06,39649629,0.08341,3629,7,ebi-a-GCST90001581,rs149241803,A,G,0.0218, || id:ebi-a-GCST90001581,TRUE,reported,igd
-0.806,5.96596e-06,139345466,0.1778,3629,9,ebi-a-GCST90001581,rs138772443,A,G,0.0047, || id:ebi-a-GCST90001581,TRUE,reported,igd
0.1413,7.69006e-06,32693485,0.03154,3629,10,ebi-a-GCST90001581,rs17296114,T,C,0.1877, || id:ebi-a-GCST90001581,TRUE,reported,igd
0.1659,9.0849e-06,22349620,0.03732,3629,12,ebi-a-GCST90001581,rs12301658,C,A,0.1232, || id:ebi-a-GCST90001581,TRUE,reported,igd
-0.7414,6.66807e-06,68363738,0.1644,3629,12,ebi-a-GCST90001581,rs76478186,A,G,0.0059, || id:ebi-a-GCST90001581,TRUE,reported,igd
0.3084,6.7936e-12,69744014,0.0448,3629,12,ebi-a-GCST90001581,rs1800973,A,C,0.0798, || id:ebi-a-GCST90001581,TRUE,reported,igd
-0.2121,2.81099e-06,5750222,0.04522,3629,16,ebi-a-GCST90001581,rs11865775,T,C,0.9212, || id:ebi-a-GCST90001581,TRUE,reported,igd
0.2183,1.68202e-06,53138692,0.04551,3629,18,ebi-a-GCST90001581,rs115758894,A,G,0.0789, || id:ebi-a-GCST90001581,TRUE,reported,igd
0.1365,1.123e-06,54337523,0.02798,3629,19,ebi-a-GCST90001581,rs4806508,A,G,0.7411, || id:ebi-a-GCST90001581,TRUE,reported,igd
0.1416,3.287e-06,46542662,0.03039,3629,20,ebi-a-GCST90001581,rs8122111,G,A,0.214, || id:ebi-a-GCST90001581,TRUE,reported,igd
5.611,5.57905e-06,7719687,1.234,3629,20,ebi-a-GCST90001581,rs17406122,A,T,1e-04, || id:ebi-a-GCST90001581,TRUE,reported,igd
-0.1574,4.00203e-06,912626,0.03409,3629,20,ebi-a-GCST90001581,rs761570,G,A,0.1547, || id:ebi-a-GCST90001581,TRUE,reported,igd
-0.1857,4.41001e-06,29959796,0.04039,3629,21,ebi-a-GCST90001581,rs2205245,T,G,0.8917, || id:ebi-a-GCST90001581,TRUE,reported,igd
