chr.exposure,samplesize.exposure,beta.exposure,se.exposure,pos.exposure,pval.exposure,id.exposure,SNP,effect_allele.exposure,other_allele.exposure,eaf.exposure,exposure,mr_keep.exposure,pval_origin.exposure,data_source.exposure
1,3653,-0.3926,0.06648,25076059,3.83001e-09,ebi-a-GCST90001645,rs183053322,T,C,0.0356, || id:ebi-a-GCST90001645,TRUE,reported,igd
1,3653,-0.1314,0.02854,161515326,4.29101e-06,ebi-a-GCST90001645,rs55971447,T,C,0.2368, || id:ebi-a-GCST90001645,TRUE,reported,igd
2,3653,0.1119,0.02443,111724375,4.75905e-06,ebi-a-GCST90001645,rs3789102,T,C,0.4744, || id:ebi-a-GCST90001645,TRUE,reported,igd
3,3653,-1.189,0.2213,5810961,8.28896e-08,ebi-a-GCST90001645,rs17824379,G,A,0.0027, || id:ebi-a-GCST90001645,TRUE,reported,igd
5,3653,0.1787,0.0392,40991344,5.302e-06,ebi-a-GCST90001645,rs7736582,T,C,0.8934, || id:ebi-a-GCST90001645,TRUE,reported,igd
5,3653,-0.3533,0.07486,89498010,2.45799e-06,ebi-a-GCST90001645,rs74938505,T,C,0.0272, || id:ebi-a-GCST90001645,TRUE,reported,igd
7,3653,0.1803,0.04037,126074598,8.19106e-06,ebi-a-GCST90001645,rs17605177,A,T,0.101, || id:ebi-a-GCST90001645,TRUE,reported,igd
8,3653,0.1148,0.02548,99861962,6.86104e-06,ebi-a-GCST90001645,rs2922076,A,G,0.3596, || id:ebi-a-GCST90001645,TRUE,reported,igd
9,3653,-0.1659,0.03479,126947962,1.92199e-06,ebi-a-GCST90001645,rs59536859,G,A,0.1404, || id:ebi-a-GCST90001645,TRUE,reported,igd
9,3653,0.1362,0.03024,133252691,6.86404e-06,ebi-a-GCST90001645,rs13287806,A,G,0.1904, || id:ebi-a-GCST90001645,TRUE,reported,igd
12,3653,-0.188,0.03968,58141602,2.227e-06,ebi-a-GCST90001645,rs184712,T,C,0.1046, || id:ebi-a-GCST90001645,TRUE,reported,igd
12,3653,-0.1204,0.02575,111973358,3.05e-06,ebi-a-GCST90001645,rs597808,G,A,0.5363, || id:ebi-a-GCST90001645,TRUE,reported,igd
13,3653,0.6198,0.1347,85391377,4.32195e-06,ebi-a-GCST90001645,rs78664638,C,T,0.0083, || id:ebi-a-GCST90001645,TRUE,reported,igd
13,3653,0.1561,0.0322,74994547,1.30401e-06,ebi-a-GCST90001645,rs34341378,T,A,0.1693, || id:ebi-a-GCST90001645,TRUE,reported,igd
14,3653,0.7623,0.1655,87892054,4.23302e-06,ebi-a-GCST90001645,rs541558027,C,A,0.0059, || id:ebi-a-GCST90001645,TRUE,reported,igd
14,3653,0.1177,0.02464,99784255,1.82898e-06,ebi-a-GCST90001645,rs1257331,T,C,0.3785, || id:ebi-a-GCST90001645,TRUE,reported,igd
15,3653,-0.8617,0.1945,46249557,9.71203e-06,ebi-a-GCST90001645,rs11637587,T,C,0.0037, || id:ebi-a-GCST90001645,TRUE,reported,igd
15,3653,-0.2003,0.04335,57644442,3.96004e-06,ebi-a-GCST90001645,rs935320,T,A,0.0829, || id:ebi-a-GCST90001645,TRUE,reported,igd
17,3653,0.2022,0.03265,33772954,6.55104e-10,ebi-a-GCST90001645,rs7216096,A,G,0.1622, || id:ebi-a-GCST90001645,TRUE,reported,igd
17,3653,-0.2005,0.02398,33797371,8.82064e-17,ebi-a-GCST90001645,rs9916257,T,G,0.5686, || id:ebi-a-GCST90001645,TRUE,reported,igd
17,3653,-0.1246,0.0276,35252013,6.55104e-06,ebi-a-GCST90001645,rs6607353,A,G,0.2453, || id:ebi-a-GCST90001645,TRUE,reported,igd
19,3653,-0.1121,0.0246,10409323,5.30103e-06,ebi-a-GCST90001645,rs150434441,G,A,0.4531, || id:ebi-a-GCST90001645,TRUE,reported,igd
