samplesize.exposure,chr.exposure,beta.exposure,pval.exposure,se.exposure,pos.exposure,id.exposure,SNP,effect_allele.exposure,other_allele.exposure,eaf.exposure,exposure,mr_keep.exposure,pval_origin.exposure,data_source.exposure
3668,1,0.3643,9.7051e-06,0.08223,248782956,ebi-a-GCST90001635,rs28628425,C,T,0.023, || id:ebi-a-GCST90001635,TRUE,reported,igd
3668,2,-0.1159,5.50199e-06,0.02547,99932255,ebi-a-GCST90001635,rs7589893,T,C,0.5634, || id:ebi-a-GCST90001635,TRUE,reported,igd
3668,2,0.1486,2.74e-06,0.03163,98843446,ebi-a-GCST90001635,rs4500996,T,C,0.1872, || id:ebi-a-GCST90001635,TRUE,reported,igd
3668,2,0.892,5.86206e-06,0.1966,7451357,ebi-a-GCST90001635,rs139090356,G,A,0.0038, || id:ebi-a-GCST90001635,TRUE,reported,igd
3668,2,-0.1753,8.63794e-06,0.03934,86018262,ebi-a-GCST90001635,rs11676464,A,G,0.1086, || id:ebi-a-GCST90001635,TRUE,reported,igd
3668,3,-0.16,7.59906e-06,0.03569,137239756,ebi-a-GCST90001635,rs73223508,T,A,0.1382, || id:ebi-a-GCST90001635,TRUE,reported,igd
3668,3,0.416,8.931e-06,0.09352,155664429,ebi-a-GCST90001635,rs62287820,G,A,0.0194, || id:ebi-a-GCST90001635,TRUE,reported,igd
3668,6,0.3457,3.57298e-09,0.05842,97889936,ebi-a-GCST90001635,rs9488834,A,G,0.0465, || id:ebi-a-GCST90001635,TRUE,reported,igd
3668,6,0.7078,1.50591e-20,0.07572,101980039,ebi-a-GCST90001635,rs117147408,G,A,0.0275, || id:ebi-a-GCST90001635,TRUE,reported,igd
3668,6,0.2428,1.305e-06,0.05008,98118004,ebi-a-GCST90001635,rs201024668,T,A,0.071, || id:ebi-a-GCST90001635,TRUE,reported,igd
3668,6,0.5857,2.47002e-19,0.06479,100468602,ebi-a-GCST90001635,rs79251210,A,G,0.0378, || id:ebi-a-GCST90001635,TRUE,reported,igd
3668,6,0.3865,1.34896e-12,0.05433,101417409,ebi-a-GCST90001635,rs115536607,T,C,0.0545, || id:ebi-a-GCST90001635,TRUE,reported,igd
3668,7,0.1164,8.71305e-06,0.02613,28913959,ebi-a-GCST90001635,rs6970303,C,T,0.3461, || id:ebi-a-GCST90001635,TRUE,reported,igd
3668,8,0.1407,2.551e-08,0.02521,145057868,ebi-a-GCST90001635,rs11544989,G,A,0.6125, || id:ebi-a-GCST90001635,TRUE,reported,igd
3668,11,-0.3205,5.3765e-16,0.03937,112751407,ebi-a-GCST90001635,rs77738700,A,G,0.1067, || id:ebi-a-GCST90001635,TRUE,reported,igd
3668,11,-0.1467,7.86792e-06,0.03278,99100867,ebi-a-GCST90001635,rs10892953,G,A,0.1734, || id:ebi-a-GCST90001635,TRUE,reported,igd
3668,12,-0.1853,1.84701e-06,0.03878,10511923,ebi-a-GCST90001635,rs73062743,T,C,0.1122, || id:ebi-a-GCST90001635,TRUE,reported,igd
3668,12,-0.4301,3.79298e-06,0.09291,61076597,ebi-a-GCST90001635,rs61925057,T,C,0.0176, || id:ebi-a-GCST90001635,TRUE,reported,igd
3668,13,-0.241,3.38003e-06,0.05179,26527159,ebi-a-GCST90001635,rs12871857,T,C,0.06, || id:ebi-a-GCST90001635,TRUE,reported,igd
3668,13,-0.157,2.70601e-06,0.03342,40673331,ebi-a-GCST90001635,rs7323005,G,A,0.1581, || id:ebi-a-GCST90001635,TRUE,reported,igd
3668,14,0.4611,1.048e-06,0.09428,66292007,ebi-a-GCST90001635,rs7152367,A,G,0.0166, || id:ebi-a-GCST90001635,TRUE,reported,igd
3668,14,0.4474,3.47296e-06,0.09626,102605308,ebi-a-GCST90001635,rs35237642,C,T,0.017, || id:ebi-a-GCST90001635,TRUE,reported,igd
3668,15,0.2515,7.10101e-06,0.05593,78982526,ebi-a-GCST90001635,rs113413210,C,T,0.0543, || id:ebi-a-GCST90001635,TRUE,reported,igd
3668,17,-0.4652,4.561e-06,0.1013,39953961,ebi-a-GCST90001635,rs191392302,G,T,0.0169, || id:ebi-a-GCST90001635,TRUE,reported,igd
3668,17,0.1437,5.79202e-09,0.02463,33797371,ebi-a-GCST90001635,rs9916257,T,G,0.5684, || id:ebi-a-GCST90001635,TRUE,reported,igd
3668,17,-0.1324,7.89896e-06,0.02959,79356092,ebi-a-GCST90001635,rs112895628,C,G,0.2199, || id:ebi-a-GCST90001635,TRUE,reported,igd
3668,17,-0.3543,4.19904e-07,0.0699,33128801,ebi-a-GCST90001635,rs7208329,T,C,0.0316, || id:ebi-a-GCST90001635,TRUE,reported,igd
3668,19,0.5445,7.13198e-06,0.1211,6095431,ebi-a-GCST90001635,rs17304450,A,G,0.0102, || id:ebi-a-GCST90001635,TRUE,reported,igd
3668,21,0.1265,7.23602e-06,0.02815,45423006,ebi-a-GCST90001635,rs8131290,T,A,0.2842, || id:ebi-a-GCST90001635,TRUE,reported,igd
3668,22,0.209,9.52708e-06,0.04714,31889080,ebi-a-GCST90001635,rs5998010,T,C,0.0819, || id:ebi-a-GCST90001635,TRUE,reported,igd
