beta.exposure,chr.exposure,pval.exposure,samplesize.exposure,pos.exposure,se.exposure,id.exposure,SNP,effect_allele.exposure,other_allele.exposure,eaf.exposure,exposure,mr_keep.exposure,pval_origin.exposure,data_source.exposure
-1.906,1,4.29299e-06,3655,173414084,0.414,ebi-a-GCST90001772,rs141846315,T,C,8e-04, || id:ebi-a-GCST90001772,TRUE,reported,igd
1.383,2,8.85401e-06,3655,113923281,0.3109,ebi-a-GCST90001772,rs2902453,G,A,0.0015, || id:ebi-a-GCST90001772,TRUE,reported,igd
0.2119,3,7.29693e-06,3655,125610212,0.04717,ebi-a-GCST90001772,rs112878393,A,G,0.078, || id:ebi-a-GCST90001772,TRUE,reported,igd
-0.1417,4,2.27002e-07,3655,185816062,0.02733,ebi-a-GCST90001772,rs4862454,A,G,0.2981, || id:ebi-a-GCST90001772,TRUE,reported,igd
0.8245,5,3.57199e-06,3655,168607069,0.1776,ebi-a-GCST90001772,rs77062870,T,C,0.0051, || id:ebi-a-GCST90001772,TRUE,reported,igd
-2.858,5,1.19699e-06,3655,122019220,0.5876,ebi-a-GCST90001772,rs74726196,A,G,4e-04, || id:ebi-a-GCST90001772,TRUE,reported,igd
0.188,5,4.60204e-06,3655,79153359,0.04097,ebi-a-GCST90001772,rs7705021,G,A,0.1005, || id:ebi-a-GCST90001772,TRUE,reported,igd
-0.1727,6,1.639e-07,3655,106962679,0.03293,ebi-a-GCST90001772,rs783418,C,G,0.8338, || id:ebi-a-GCST90001772,TRUE,reported,igd
-0.1202,6,1.893e-06,3655,106415916,0.02519,ebi-a-GCST90001772,rs9480626,C,A,0.3945, || id:ebi-a-GCST90001772,TRUE,reported,igd
-0.6739,6,3.93007e-41,3655,107164076,0.04955,ebi-a-GCST90001772,rs9400058,G,A,0.065, || id:ebi-a-GCST90001772,TRUE,reported,igd
0.1435,6,3.37901e-06,3655,32585068,0.03084,ebi-a-GCST90001772,rs28752534,C,T,0.3884, || id:ebi-a-GCST90001772,TRUE,reported,igd
0.1623,6,9.31322e-11,3655,106898421,0.02499,ebi-a-GCST90001772,rs2236073,A,G,0.5997, || id:ebi-a-GCST90001772,TRUE,reported,igd
-2.417,7,7.60099e-06,3655,103968091,0.5392,ebi-a-GCST90001772,rs117513979,C,T,4e-04, || id:ebi-a-GCST90001772,TRUE,reported,igd
0.1365,8,9.97792e-06,3655,120710403,0.03087,ebi-a-GCST90001772,rs34872621,C,T,0.2053, || id:ebi-a-GCST90001772,TRUE,reported,igd
-0.5035,8,6.36297e-06,3655,134992585,0.1114,ebi-a-GCST90001772,rs7835717,T,C,0.0114, || id:ebi-a-GCST90001772,TRUE,reported,igd
-0.3035,13,3.89601e-06,3655,83968655,0.06563,ebi-a-GCST90001772,rs77899115,C,T,0.0371, || id:ebi-a-GCST90001772,TRUE,reported,igd
0.1179,13,8.40795e-06,3655,80019033,0.02642,ebi-a-GCST90001772,rs61969021,C,T,0.3218, || id:ebi-a-GCST90001772,TRUE,reported,igd
-0.3067,14,4.42201e-06,3655,43192207,0.06672,ebi-a-GCST90001772,rs77636548,C,T,0.0345, || id:ebi-a-GCST90001772,TRUE,reported,igd
0.1555,14,1.126e-06,3655,89049488,0.03189,ebi-a-GCST90001772,rs7153153,A,T,0.1851, || id:ebi-a-GCST90001772,TRUE,reported,igd
-0.1357,16,3.03201e-06,3655,58054671,0.02902,ebi-a-GCST90001772,rs12930821,C,G,0.7592, || id:ebi-a-GCST90001772,TRUE,reported,igd
0.1791,17,5.94799e-07,3655,64969001,0.03582,ebi-a-GCST90001772,rs9916833,T,C,0.1343, || id:ebi-a-GCST90001772,TRUE,reported,igd
0.1633,18,6.93793e-06,3655,53832059,0.03627,ebi-a-GCST90001772,rs11661274,C,T,0.1349, || id:ebi-a-GCST90001772,TRUE,reported,igd
-0.3796,20,4.55502e-06,3655,40633066,0.08267,ebi-a-GCST90001772,rs117772689,G,T,0.0222, || id:ebi-a-GCST90001772,TRUE,reported,igd
-0.321,20,3.87597e-06,3655,46848498,0.06942,ebi-a-GCST90001772,rs74273424,G,A,0.0321, || id:ebi-a-GCST90001772,TRUE,reported,igd
-0.1444,20,1.378e-06,3655,52528229,0.02985,ebi-a-GCST90001772,rs6068718,C,T,0.2241, || id:ebi-a-GCST90001772,TRUE,reported,igd
