samplesize.exposure,beta.exposure,chr.exposure,se.exposure,pos.exposure,pval.exposure,id.exposure,SNP,effect_allele.exposure,other_allele.exposure,eaf.exposure,exposure,mr_keep.exposure,pval_origin.exposure,data_source.exposure
3596,0.3452,1,0.0745,78442686,3.73104e-06,ebi-a-GCST90001650,rs72685367,G,C,0.0261, || id:ebi-a-GCST90001650,TRUE,reported,igd
3596,-0.1254,1,0.02609,162879819,1.588e-06,ebi-a-GCST90001650,rs2880640,C,T,0.3411, || id:ebi-a-GCST90001650,TRUE,reported,igd
3596,0.3424,1,0.03788,161561151,2.52697e-19,ebi-a-GCST90001650,rs74341264,A,G,0.1218, || id:ebi-a-GCST90001650,TRUE,reported,igd
3596,-0.7124,1,0.02686,161526397,9.977e-142,ebi-a-GCST90001650,rs71632979,G,A,0.2474, || id:ebi-a-GCST90001650,TRUE,reported,igd
3596,-0.2746,1,0.04957,161937774,3.26798e-08,ebi-a-GCST90001650,rs71639910,A,G,0.0685, || id:ebi-a-GCST90001650,TRUE,reported,igd
3596,0.2654,2,0.05771,102532879,4.41103e-06,ebi-a-GCST90001650,rs79676986,C,A,0.0488, || id:ebi-a-GCST90001650,TRUE,reported,igd
3596,0.7938,2,0.1746,238315335,5.61203e-06,ebi-a-GCST90001650,rs71424967,T,C,0.0046, || id:ebi-a-GCST90001650,TRUE,reported,igd
3596,-0.2009,3,0.04435,1412674,6.07799e-06,ebi-a-GCST90001650,rs4684938,A,G,0.0829, || id:ebi-a-GCST90001650,TRUE,reported,igd
3596,-0.1168,4,0.02552,2399058,4.83905e-06,ebi-a-GCST90001650,rs3135080,G,A,0.642, || id:ebi-a-GCST90001650,TRUE,reported,igd
3596,-0.1461,5,0.02698,139730444,6.49905e-08,ebi-a-GCST90001650,rs1862176,A,G,0.6792, || id:ebi-a-GCST90001650,TRUE,reported,igd
3596,-0.3596,6,0.0779,47976361,4.03803e-06,ebi-a-GCST90001650,rs61745530,T,G,0.0263, || id:ebi-a-GCST90001650,TRUE,reported,igd
3596,-0.586,6,0.1301,153846268,6.83707e-06,ebi-a-GCST90001650,rs592776,A,T,0.9914, || id:ebi-a-GCST90001650,TRUE,reported,igd
3596,0.1447,7,0.03271,11300995,9.97011e-06,ebi-a-GCST90001650,rs10260467,T,A,0.8231, || id:ebi-a-GCST90001650,TRUE,reported,igd
3596,-0.4035,8,0.08761,98791630,4.25099e-06,ebi-a-GCST90001650,rs145013190,A,T,0.0209, || id:ebi-a-GCST90001650,TRUE,reported,igd
3596,-0.1148,10,0.0254,86885802,6.39602e-06,ebi-a-GCST90001650,rs4582908,G,C,0.5535, || id:ebi-a-GCST90001650,TRUE,reported,igd
3596,0.3054,10,0.06599,12408809,3.81804e-06,ebi-a-GCST90001650,rs11595870,A,G,0.0367, || id:ebi-a-GCST90001650,TRUE,reported,igd
3596,0.2779,11,0.06096,69354886,5.31998e-06,ebi-a-GCST90001650,rs117338457,T,G,0.0449, || id:ebi-a-GCST90001650,TRUE,reported,igd
3596,-0.5148,12,0.1156,104596209,8.76496e-06,ebi-a-GCST90001650,rs78479083,C,G,0.0122, || id:ebi-a-GCST90001650,TRUE,reported,igd
3596,-0.6247,13,0.1369,48165147,5.20403e-06,ebi-a-GCST90001650,rs144018284,T,C,0.0079, || id:ebi-a-GCST90001650,TRUE,reported,igd
3596,-0.1228,15,0.02737,67252716,7.39401e-06,ebi-a-GCST90001650,rs436053,A,G,0.2771, || id:ebi-a-GCST90001650,TRUE,reported,igd
3596,-0.2729,15,0.0334,80260273,4.21697e-16,ebi-a-GCST90001650,rs8025803,T,A,0.1783, || id:ebi-a-GCST90001650,TRUE,reported,igd
3596,-0.1225,16,0.0259,10961519,2.35001e-06,ebi-a-GCST90001650,rs62028061,C,T,0.6379, || id:ebi-a-GCST90001650,TRUE,reported,igd
3596,0.1225,16,0.02549,53157625,1.61002e-06,ebi-a-GCST90001650,rs28816203,A,G,0.4053, || id:ebi-a-GCST90001650,TRUE,reported,igd
3596,0.1116,17,0.02505,70686441,8.685e-06,ebi-a-GCST90001650,rs4076588,A,C,0.605, || id:ebi-a-GCST90001650,TRUE,reported,igd
3596,0.6357,17,0.135,61353821,2.59801e-06,ebi-a-GCST90001650,rs150102419,A,G,0.0074, || id:ebi-a-GCST90001650,TRUE,reported,igd
3596,-0.1188,19,0.02587,9110431,4.49697e-06,ebi-a-GCST90001650,rs1609454,G,A,0.3407, || id:ebi-a-GCST90001650,TRUE,reported,igd
