chr.exposure,pval.exposure,samplesize.exposure,se.exposure,beta.exposure,pos.exposure,id.exposure,SNP,effect_allele.exposure,other_allele.exposure,eaf.exposure,exposure,mr_keep.exposure,pval_origin.exposure,data_source.exposure
1,2.76198e-06,1247,0.04552,-0.2144,205745932,ebi-a-GCST90001878,rs1772154,T,C,0.7382, || id:ebi-a-GCST90001878,TRUE,reported,igd
1,3.85567e-13,1247,0.03927,0.2882,2499254,ebi-a-GCST90001878,rs2182176,A,G,0.5882, || id:ebi-a-GCST90001878,TRUE,reported,igd
1,6.16098e-06,1247,0.04078,-0.1852,167575104,ebi-a-GCST90001878,rs4657680,T,C,0.5842, || id:ebi-a-GCST90001878,TRUE,reported,igd
2,1.52398e-07,1247,0.04097,-0.2163,19497003,ebi-a-GCST90001878,rs2002586,G,A,0.3492, || id:ebi-a-GCST90001878,TRUE,reported,igd
2,4.88e-06,1247,0.1453,0.6668,241352278,ebi-a-GCST90001878,rs116838007,A,G,0.0209, || id:ebi-a-GCST90001878,TRUE,reported,igd
2,8.64291e-06,1247,0.05297,-0.2366,209630745,ebi-a-GCST90001878,rs12053385,G,C,0.174, || id:ebi-a-GCST90001878,TRUE,reported,igd
3,6.09495e-06,1247,0.09613,0.4367,100152337,ebi-a-GCST90001878,rs73150365,C,T,0.0493, || id:ebi-a-GCST90001878,TRUE,reported,igd
3,6.25893e-06,1247,0.05134,-0.2329,174773888,ebi-a-GCST90001878,rs115176674,G,A,0.2025, || id:ebi-a-GCST90001878,TRUE,reported,igd
3,7.305e-06,1247,0.2511,-1.131,139112247,ebi-a-GCST90001878,rs115725884,T,G,0.0068, || id:ebi-a-GCST90001878,TRUE,reported,igd
5,7.24002e-06,1247,0.04193,0.1889,172664163,ebi-a-GCST90001878,rs6882776,A,G,0.3745, || id:ebi-a-GCST90001878,TRUE,reported,igd
6,3.38003e-06,1247,0.1012,-0.4723,117867335,ebi-a-GCST90001878,rs11758857,C,T,0.0389, || id:ebi-a-GCST90001878,TRUE,reported,igd
6,1.78999e-07,1247,0.05775,0.3032,31254496,ebi-a-GCST90001878,rs7754903,T,G,0.1455, || id:ebi-a-GCST90001878,TRUE,reported,igd
6,9.54597e-06,1247,0.2087,0.9278,132490260,ebi-a-GCST90001878,rs142133424,A,G,0.01, || id:ebi-a-GCST90001878,TRUE,reported,igd
8,2.16601e-06,1247,0.09389,-0.4469,22024980,ebi-a-GCST90001878,rs117761782,T,G,0.0517, || id:ebi-a-GCST90001878,TRUE,reported,igd
8,9.64895e-06,1247,0.04354,0.1935,99010895,ebi-a-GCST90001878,rs2959645,T,A,0.686, || id:ebi-a-GCST90001878,TRUE,reported,igd
9,6.19398e-06,1247,0.124,0.5627,2029454,ebi-a-GCST90001878,rs7864163,A,C,0.0273, || id:ebi-a-GCST90001878,TRUE,reported,igd
10,3.21603e-06,1247,0.1182,0.5528,99831579,ebi-a-GCST90001878,rs61873707,A,G,0.0305, || id:ebi-a-GCST90001878,TRUE,reported,igd
11,4.30903e-07,1247,0.2514,-1.277,107670625,ebi-a-GCST90001878,rs524655,G,T,0.0064, || id:ebi-a-GCST90001878,TRUE,reported,igd
18,5.15205e-06,1247,0.06329,-0.2898,63124981,ebi-a-GCST90001878,rs74257706,G,C,0.1143, || id:ebi-a-GCST90001878,TRUE,reported,igd
18,6.13395e-07,1247,0.06505,-0.3261,610273,ebi-a-GCST90001878,rs557685,A,G,0.8905, || id:ebi-a-GCST90001878,TRUE,reported,igd
19,6.15999e-06,1247,0.05006,-0.2273,47040463,ebi-a-GCST90001878,rs4803979,C,T,0.7971, || id:ebi-a-GCST90001878,TRUE,reported,igd
19,4.18601e-06,1247,0.2139,0.9888,36235084,ebi-a-GCST90001878,rs147371997,G,A,0.0096, || id:ebi-a-GCST90001878,TRUE,reported,igd
