beta.exposure,chr.exposure,samplesize.exposure,pos.exposure,se.exposure,pval.exposure,id.exposure,SNP,effect_allele.exposure,other_allele.exposure,eaf.exposure,exposure,mr_keep.exposure,pval_origin.exposure,data_source.exposure
0.1339,1,3656,35281308,0.02945,5.57301e-06,ebi-a-GCST90001440,rs6687573,A,C,0.2311, || id:ebi-a-GCST90001440,TRUE,reported,igd
0.1417,1,3656,59740965,0.0299,2.21702e-06,ebi-a-GCST90001440,rs55756125,C,T,0.2289, || id:ebi-a-GCST90001440,TRUE,reported,igd
1.002,1,3656,163272701,0.226,9.47109e-06,ebi-a-GCST90001440,rs111237501,C,T,0.003, || id:ebi-a-GCST90001440,TRUE,reported,igd
0.2499,2,3656,60125363,0.05599,8.30309e-06,ebi-a-GCST90001440,rs11674994,C,T,0.0553, || id:ebi-a-GCST90001440,TRUE,reported,igd
0.1576,2,3656,238526279,0.03306,1.92699e-06,ebi-a-GCST90001440,rs72990172,A,G,0.1711, || id:ebi-a-GCST90001440,TRUE,reported,igd
-0.1917,4,3656,31594004,0.04317,9.29994e-06,ebi-a-GCST90001440,rs76225955,C,T,0.0909, || id:ebi-a-GCST90001440,TRUE,reported,igd
0.3433,4,3656,113331648,0.076,6.45194e-06,ebi-a-GCST90001440,rs17044633,G,A,0.0286, || id:ebi-a-GCST90001440,TRUE,reported,igd
-1.768,5,3656,62072324,0.393,7.04807e-06,ebi-a-GCST90001440,rs183821560,A,G,0.0016, || id:ebi-a-GCST90001440,TRUE,reported,igd
0.1202,6,3656,164610887,0.02568,2.99799e-06,ebi-a-GCST90001440,rs807894,G,T,0.5868, || id:ebi-a-GCST90001440,TRUE,reported,igd
0.2699,6,3656,107155687,0.05578,1.36301e-06,ebi-a-GCST90001440,rs9398107,G,A,0.0555, || id:ebi-a-GCST90001440,TRUE,reported,igd
-0.328,6,3656,19788226,0.07098,3.94003e-06,ebi-a-GCST90001440,rs75464772,T,C,0.0325, || id:ebi-a-GCST90001440,TRUE,reported,igd
-0.1156,8,3656,145050345,0.02534,5.19505e-06,ebi-a-GCST90001440,rs6991364,A,G,0.5149, || id:ebi-a-GCST90001440,TRUE,reported,igd
-1.07,11,3656,94920856,0.2371,6.59903e-06,ebi-a-GCST90001440,rs146221269,C,T,0.0029, || id:ebi-a-GCST90001440,TRUE,reported,igd
0.2673,12,3656,11974332,0.05558,1.58099e-06,ebi-a-GCST90001440,rs73277142,T,C,0.0555, || id:ebi-a-GCST90001440,TRUE,reported,igd
-0.1184,12,3656,112802224,0.02664,9.09306e-06,ebi-a-GCST90001440,rs11066272,T,A,0.557, || id:ebi-a-GCST90001440,TRUE,reported,igd
-0.2174,12,3656,54727027,0.0478,5.57995e-06,ebi-a-GCST90001440,rs139509958,A,G,0.0788, || id:ebi-a-GCST90001440,TRUE,reported,igd
0.3254,14,3656,31505138,0.07232,7.01504e-06,ebi-a-GCST90001440,rs191543445,G,A,0.031, || id:ebi-a-GCST90001440,TRUE,reported,igd
0.2573,14,3656,65283958,0.05689,6.28102e-06,ebi-a-GCST90001440,rs17102161,A,G,0.0506, || id:ebi-a-GCST90001440,TRUE,reported,igd
0.1187,15,3656,54695686,0.02657,8.15305e-06,ebi-a-GCST90001440,rs496760,A,G,0.6422, || id:ebi-a-GCST90001440,TRUE,reported,igd
-0.2581,16,3656,49238584,0.05593,4.05303e-06,ebi-a-GCST90001440,rs75150138,A,T,0.0517, || id:ebi-a-GCST90001440,TRUE,reported,igd
0.4267,16,3656,81239867,0.09042,2.464e-06,ebi-a-GCST90001440,rs11862268,A,G,0.0187, || id:ebi-a-GCST90001440,TRUE,reported,igd
-0.1174,16,3656,3463156,0.02499,2.72101e-06,ebi-a-GCST90001440,rs58904842,A,C,0.4768, || id:ebi-a-GCST90001440,TRUE,reported,igd
-0.4244,16,3656,14342183,0.09112,3.30697e-06,ebi-a-GCST90001440,rs30146,C,T,0.0198, || id:ebi-a-GCST90001440,TRUE,reported,igd
-0.1264,18,3656,60857793,0.02668,2.243e-06,ebi-a-GCST90001440,rs8098848,T,C,0.6704, || id:ebi-a-GCST90001440,TRUE,reported,igd
-0.1313,19,3656,16412842,0.0296,9.51305e-06,ebi-a-GCST90001440,rs451367,C,T,0.7674, || id:ebi-a-GCST90001440,TRUE,reported,igd
