samplesize.exposure,pval.exposure,chr.exposure,se.exposure,pos.exposure,beta.exposure,id.exposure,SNP,effect_allele.exposure,other_allele.exposure,eaf.exposure,exposure,mr_keep.exposure,pval_origin.exposure,data_source.exposure
3657,8.33508e-10,1,0.0907,206902437,0.5582,ebi-a-GCST90001742,rs55712453,G,A,0.0201, || id:ebi-a-GCST90001742,TRUE,reported,igd
3657,3.57503e-06,1,0.03355,86076069,0.1558,ebi-a-GCST90001742,rs2026774,C,T,0.8352, || id:ebi-a-GCST90001742,TRUE,reported,igd
3657,2.357e-09,1,0.09004,207018206,0.539,ebi-a-GCST90001742,rs144743804,A,G,0.0197, || id:ebi-a-GCST90001742,TRUE,reported,igd
3657,2.61198e-10,1,0.09251,207276336,0.5863,ebi-a-GCST90001742,rs113812519,G,A,0.0185, || id:ebi-a-GCST90001742,TRUE,reported,igd
3657,8.80704e-06,2,0.03174,208879261,0.1413,ebi-a-GCST90001742,rs13030427,A,G,0.1957, || id:ebi-a-GCST90001742,TRUE,reported,igd
3657,1.158e-07,3,0.03689,61084498,0.1959,ebi-a-GCST90001742,rs116180572,T,G,0.1325, || id:ebi-a-GCST90001742,TRUE,reported,igd
3657,4.57299e-06,3,0.03061,108549720,-0.1405,ebi-a-GCST90001742,rs2290055,G,T,0.2149, || id:ebi-a-GCST90001742,TRUE,reported,igd
3657,6.44303e-06,5,0.06029,9427816,0.2724,ebi-a-GCST90001742,rs77953960,T,C,0.0447, || id:ebi-a-GCST90001742,TRUE,reported,igd
3657,3.37303e-06,5,0.1338,82870211,0.6227,ebi-a-GCST90001742,rs13164259,A,C,0.0083, || id:ebi-a-GCST90001742,TRUE,reported,igd
3657,3.12903e-06,6,0.02982,165954369,-0.1392,ebi-a-GCST90001742,rs9459447,A,C,0.2211, || id:ebi-a-GCST90001742,TRUE,reported,igd
3657,1.226e-06,7,0.05419,56291533,0.2634,ebi-a-GCST90001742,rs12216684,A,G,0.0543, || id:ebi-a-GCST90001742,TRUE,reported,igd
3657,8.11596e-06,7,0.4924,43734219,2.2,ebi-a-GCST90001742,rs35904103,A,G,5e-04, || id:ebi-a-GCST90001742,TRUE,reported,igd
3657,9.10395e-06,8,0.04767,133193809,-0.2118,ebi-a-GCST90001742,rs62519592,G,A,0.076, || id:ebi-a-GCST90001742,TRUE,reported,igd
3657,4.596e-07,11,0.2552,72165045,-1.289,ebi-a-GCST90001742,rs11825488,A,G,0.0021, || id:ebi-a-GCST90001742,TRUE,reported,igd
3657,7.33905e-06,12,0.05852,25430787,-0.2627,ebi-a-GCST90001742,rs117442206,T,C,0.0481, || id:ebi-a-GCST90001742,TRUE,reported,igd
3657,2.72001e-06,14,0.03666,53874261,0.1722,ebi-a-GCST90001742,rs115570551,A,G,0.1319, || id:ebi-a-GCST90001742,TRUE,reported,igd
3657,5.23902e-06,15,0.02598,65625991,0.1185,ebi-a-GCST90001742,rs935131,A,G,0.3652, || id:ebi-a-GCST90001742,TRUE,reported,igd
3657,3.41303e-09,16,0.2194,32422808,-1.3,ebi-a-GCST90001742,rs138920008,C,G,0.0041, || id:ebi-a-GCST90001742,TRUE,reported,igd
3657,3.49897e-06,16,0.1128,84071182,0.524,ebi-a-GCST90001742,rs151295797,G,A,0.012, || id:ebi-a-GCST90001742,TRUE,reported,igd
3657,5.17905e-06,16,0.02824,24921264,-0.1289,ebi-a-GCST90001742,rs28626305,T,C,0.2648, || id:ebi-a-GCST90001742,TRUE,reported,igd
3657,3.41303e-06,16,0.02522,11760186,-0.1173,ebi-a-GCST90001742,rs933570,C,T,0.5816, || id:ebi-a-GCST90001742,TRUE,reported,igd
3657,7.02894e-07,17,0.05662,63085557,-0.2814,ebi-a-GCST90001742,rs148381451,T,C,0.0496, || id:ebi-a-GCST90001742,TRUE,reported,igd
3657,4.23302e-06,18,0.03432,54242149,0.1581,ebi-a-GCST90001742,rs9949821,A,G,0.1555, || id:ebi-a-GCST90001742,TRUE,reported,igd
3657,3.30103e-06,18,0.02914,74839524,0.1358,ebi-a-GCST90001742,rs1667906,G,T,0.2233, || id:ebi-a-GCST90001742,TRUE,reported,igd
3657,7.625e-06,20,0.1732,52477220,-0.7762,ebi-a-GCST90001742,rs73146562,T,C,0.0056, || id:ebi-a-GCST90001742,TRUE,reported,igd
3657,1.52799e-06,22,0.166,42680877,-0.7994,ebi-a-GCST90001742,rs117562840,A,G,0.0055, || id:ebi-a-GCST90001742,TRUE,reported,igd
