pval.exposure,pos.exposure,se.exposure,samplesize.exposure,chr.exposure,beta.exposure,id.exposure,SNP,effect_allele.exposure,other_allele.exposure,eaf.exposure,exposure,mr_keep.exposure,pval_origin.exposure,data_source.exposure
5.12495e-06,97773324,0.05794,3669,1,0.2646,ebi-a-GCST90001647,rs115644251,T,C,0.0414, || id:ebi-a-GCST90001647,TRUE,reported,igd
2.51299e-10,25076059,0.06431,3669,1,-0.408,ebi-a-GCST90001647,rs183053322,T,C,0.0354, || id:ebi-a-GCST90001647,TRUE,reported,igd
9.09494e-06,93553003,0.1242,3669,1,0.5517,ebi-a-GCST90001647,rs144650982,T,C,0.0093, || id:ebi-a-GCST90001647,TRUE,reported,igd
8.97594e-06,163251716,0.1644,3669,3,0.7308,ebi-a-GCST90001647,rs115345454,C,A,0.0053, || id:ebi-a-GCST90001647,TRUE,reported,igd
4e-06,185104503,0.04316,3669,4,-0.1993,ebi-a-GCST90001647,rs6552764,T,A,0.0767, || id:ebi-a-GCST90001647,TRUE,reported,igd
1.58099e-06,66776987,0.2353,3669,5,-1.131,ebi-a-GCST90001647,rs77438219,A,G,0.0022, || id:ebi-a-GCST90001647,TRUE,reported,igd
3.08702e-06,106196268,0.4905,3669,5,-2.292,ebi-a-GCST90001647,rs56311672,T,A,5e-04, || id:ebi-a-GCST90001647,TRUE,reported,igd
2.77198e-06,67413499,0.3583,3669,5,-1.682,ebi-a-GCST90001647,rs11954223,A,G,0.001, || id:ebi-a-GCST90001647,TRUE,reported,igd
8.16695e-06,168938336,0.0235,3669,5,0.105,ebi-a-GCST90001647,rs2546701,G,A,0.4158, || id:ebi-a-GCST90001647,TRUE,reported,igd
1.97201e-06,43280713,0.0236,3669,6,0.1124,ebi-a-GCST90001647,rs10948071,T,C,0.5327, || id:ebi-a-GCST90001647,TRUE,reported,igd
3.75604e-06,30656847,0.0362,3669,6,0.1676,ebi-a-GCST90001647,rs2269705,C,T,0.1956, || id:ebi-a-GCST90001647,TRUE,reported,igd
5.46903e-06,132608541,0.09585,3669,8,0.4364,ebi-a-GCST90001647,rs182077215,T,C,0.0149, || id:ebi-a-GCST90001647,TRUE,reported,igd
2.95903e-06,122199843,0.05864,3669,9,-0.2745,ebi-a-GCST90001647,rs10118740,A,G,0.0412, || id:ebi-a-GCST90001647,TRUE,reported,igd
6.18301e-06,88631496,0.07247,3669,9,0.328,ebi-a-GCST90001647,rs149863465,A,G,0.0281, || id:ebi-a-GCST90001647,TRUE,reported,igd
1.086e-06,86428029,0.0874,3669,11,-0.4268,ebi-a-GCST90001647,rs2433423,C,T,0.0177, || id:ebi-a-GCST90001647,TRUE,reported,igd
5.49503e-06,122327282,0.2183,3669,11,-0.9938,ebi-a-GCST90001647,rs73027720,T,C,0.0037, || id:ebi-a-GCST90001647,TRUE,reported,igd
6.58597e-06,110673614,0.0595,3669,13,0.2685,ebi-a-GCST90001647,rs7998044,C,T,0.9629, || id:ebi-a-GCST90001647,TRUE,reported,igd
1.97606e-15,33770802,0.03122,3669,17,0.249,ebi-a-GCST90001647,rs10512469,T,C,0.1639, || id:ebi-a-GCST90001647,TRUE,reported,igd
1.51391e-23,33797371,0.02306,3669,17,-0.2323,ebi-a-GCST90001647,rs9916257,T,G,0.5685, || id:ebi-a-GCST90001647,TRUE,reported,igd
6.43902e-06,16149107,0.2181,3669,17,-0.9855,ebi-a-GCST90001647,rs187230794,C,T,0.0037, || id:ebi-a-GCST90001647,TRUE,reported,igd
6.67406e-06,76674023,0.05635,3669,17,0.2542,ebi-a-GCST90001647,rs113667813,A,G,0.0448, || id:ebi-a-GCST90001647,TRUE,reported,igd
5.70296e-06,10450285,0.02964,3669,19,0.1347,ebi-a-GCST90001647,rs281414,A,G,0.1976, || id:ebi-a-GCST90001647,TRUE,reported,igd
4.08301e-06,57182897,0.2783,3669,19,-1.284,ebi-a-GCST90001647,rs62130952,A,G,0.0016, || id:ebi-a-GCST90001647,TRUE,reported,igd
2.19801e-06,49233335,0.0244,3669,19,0.1157,ebi-a-GCST90001647,rs281407,A,G,0.3684, || id:ebi-a-GCST90001647,TRUE,reported,igd
8.94891e-06,58174503,0.02301,3669,20,0.1023,ebi-a-GCST90001647,rs2426800,T,C,0.5067, || id:ebi-a-GCST90001647,TRUE,reported,igd
2.61e-06,60481054,0.04086,3669,20,-0.1923,ebi-a-GCST90001647,rs3787412,A,C,0.0837, || id:ebi-a-GCST90001647,TRUE,reported,igd
7.03801e-06,42516902,0.02954,3669,21,-0.1329,ebi-a-GCST90001647,rs57576269,A,C,0.1877, || id:ebi-a-GCST90001647,TRUE,reported,igd
6.25403e-07,43064030,0.03721,3669,22,-0.1857,ebi-a-GCST90001647,rs73174907,A,T,0.1066, || id:ebi-a-GCST90001647,TRUE,reported,igd
