se.exposure,beta.exposure,chr.exposure,pval.exposure,samplesize.exposure,pos.exposure,id.exposure,SNP,effect_allele.exposure,other_allele.exposure,eaf.exposure,exposure,mr_keep.exposure,pval_origin.exposure,data_source.exposure
0.09312,0.4243,1,5.365e-06,3657,68752573,ebi-a-GCST90001778,rs12739411,C,G,0.018, || id:ebi-a-GCST90001778,TRUE,reported,igd
0.05397,-0.2488,1,4.16198e-06,3657,61376720,ebi-a-GCST90001778,rs12139506,G,A,0.0543, || id:ebi-a-GCST90001778,TRUE,reported,igd
0.1039,0.4649,2,7.87408e-06,3657,178116262,ebi-a-GCST90001778,rs72944931,G,A,0.0138, || id:ebi-a-GCST90001778,TRUE,reported,igd
0.1238,0.5563,2,7.22104e-06,3657,119131895,ebi-a-GCST90001778,rs72840831,G,A,0.0094, || id:ebi-a-GCST90001778,TRUE,reported,igd
0.122,0.5515,3,6.31801e-06,3657,132485194,ebi-a-GCST90001778,rs11712686,A,G,0.0092, || id:ebi-a-GCST90001778,TRUE,reported,igd
0.03015,0.138,3,4.84697e-06,3657,109521072,ebi-a-GCST90001778,rs62282025,A,G,0.2208, || id:ebi-a-GCST90001778,TRUE,reported,igd
0.04416,-0.2013,3,5.30701e-06,3657,173712563,ebi-a-GCST90001778,rs6789981,G,A,0.0848, || id:ebi-a-GCST90001778,TRUE,reported,igd
0.7093,3.146,4,9.46194e-06,3657,106231334,ebi-a-GCST90001778,rs149905818,C,T,3e-04, || id:ebi-a-GCST90001778,TRUE,reported,igd
0.04664,0.2107,5,6.46696e-06,3657,178077656,ebi-a-GCST90001778,rs10903228,G,A,0.9264, || id:ebi-a-GCST90001778,TRUE,reported,igd
0.09952,-0.4735,7,2.03198e-06,3657,30546081,ebi-a-GCST90001778,rs181153632,G,A,0.0163, || id:ebi-a-GCST90001778,TRUE,reported,igd
0.02722,0.1212,7,8.73193e-06,3657,25590299,ebi-a-GCST90001778,rs2999572,G,T,0.3095, || id:ebi-a-GCST90001778,TRUE,reported,igd
0.1936,0.8603,7,9.1199e-06,3657,151448932,ebi-a-GCST90001778,rs145755586,T,C,0.0037, || id:ebi-a-GCST90001778,TRUE,reported,igd
0.0608,-0.2724,8,7.70194e-06,3657,75494833,ebi-a-GCST90001778,rs75711329,A,G,0.0422, || id:ebi-a-GCST90001778,TRUE,reported,igd
0.02909,-0.1558,9,9.12893e-08,3657,95886051,ebi-a-GCST90001778,rs3793662,T,C,0.7759, || id:ebi-a-GCST90001778,TRUE,reported,igd
0.04599,0.2202,10,1.75001e-06,3657,7830675,ebi-a-GCST90001778,rs2853765,C,G,0.9228, || id:ebi-a-GCST90001778,TRUE,reported,igd
0.03556,0.158,10,9.1679e-06,3657,126182752,ebi-a-GCST90001778,rs11245200,T,C,0.1303, || id:ebi-a-GCST90001778,TRUE,reported,igd
0.02715,-0.1921,10,1.79804e-12,3657,6162476,ebi-a-GCST90001778,rs4747882,T,A,0.7132, || id:ebi-a-GCST90001778,TRUE,reported,igd
0.0276,-0.3962,10,1.71199e-45,3657,6113782,ebi-a-GCST90001778,rs1887027,T,C,0.2454, || id:ebi-a-GCST90001778,TRUE,reported,igd
0.02465,-0.1524,10,6.89493e-10,3657,6178941,ebi-a-GCST90001778,rs11598494,C,T,0.5587, || id:ebi-a-GCST90001778,TRUE,reported,igd
0.04366,0.2078,11,2.01298e-06,3657,35069685,ebi-a-GCST90001778,rs59278703,A,C,0.0904, || id:ebi-a-GCST90001778,TRUE,reported,igd
0.02795,0.1306,12,3.08496e-06,3657,5968848,ebi-a-GCST90001778,rs4764609,G,A,0.7413, || id:ebi-a-GCST90001778,TRUE,reported,igd
0.1346,-0.6005,13,8.40195e-06,3657,74434331,ebi-a-GCST90001778,rs12428279,T,C,0.0081, || id:ebi-a-GCST90001778,TRUE,reported,igd
0.02515,0.1121,15,8.57294e-06,3657,86804118,ebi-a-GCST90001778,rs62013832,T,A,0.3841, || id:ebi-a-GCST90001778,TRUE,reported,igd
0.1211,-0.6004,17,7.44406e-07,3657,47002447,ebi-a-GCST90001778,rs8079462,A,C,0.0098, || id:ebi-a-GCST90001778,TRUE,reported,igd
0.02924,-0.1441,18,8.69301e-07,3657,25753552,ebi-a-GCST90001778,rs28365327,A,G,0.7747, || id:ebi-a-GCST90001778,TRUE,reported,igd
0.04243,0.1989,18,2.84702e-06,3657,34917959,ebi-a-GCST90001778,rs536374,C,T,0.9055, || id:ebi-a-GCST90001778,TRUE,reported,igd
0.2136,-1.061,20,7.05001e-07,3657,50852063,ebi-a-GCST90001778,rs75727877,A,C,0.0034, || id:ebi-a-GCST90001778,TRUE,reported,igd
