samplesize.exposure,pval.exposure,chr.exposure,pos.exposure,se.exposure,beta.exposure,id.exposure,SNP,effect_allele.exposure,other_allele.exposure,eaf.exposure,exposure,mr_keep.exposure,pval_origin.exposure,data_source.exposure
3425,3.34403e-07,1,46898789,2.594,13.26,ebi-a-GCST90001700,rs114021246,C,G,7e-04, || id:ebi-a-GCST90001700,TRUE,reported,igd
3425,8.58203e-07,1,223109887,3.164,15.6,ebi-a-GCST90001700,rs202047604,C,A,7e-04, || id:ebi-a-GCST90001700,TRUE,reported,igd
3425,1.72401e-06,1,160679804,2.647,12.68,ebi-a-GCST90001700,rs149050426,C,G,0.0013, || id:ebi-a-GCST90001700,TRUE,reported,igd
3425,6.90605e-06,1,115926543,0.5345,2.407,ebi-a-GCST90001700,rs147600774,T,A,0.0197, || id:ebi-a-GCST90001700,TRUE,reported,igd
3425,5.77404e-07,1,81185936,0.9868,4.942,ebi-a-GCST90001700,rs2152857,G,A,0.0063, || id:ebi-a-GCST90001700,TRUE,reported,igd
3425,2.32702e-07,1,207801545,3.028,15.69,ebi-a-GCST90001700,rs11580627,C,T,7e-04, || id:ebi-a-GCST90001700,TRUE,reported,igd
3425,4.16102e-06,1,6118693,2.988,13.78,ebi-a-GCST90001700,rs11576563,T,C,6e-04, || id:ebi-a-GCST90001700,TRUE,reported,igd
3425,1.862e-06,1,233943028,0.4741,2.264,ebi-a-GCST90001700,rs12068756,C,T,0.0263, || id:ebi-a-GCST90001700,TRUE,reported,igd
3425,3.437e-07,1,175366612,5.333,27.24,ebi-a-GCST90001700,rs72723467,A,G,1e-04, || id:ebi-a-GCST90001700,TRUE,reported,igd
3425,4.81615e-19,1,249084997,5.751,51.58,ebi-a-GCST90001700,rs76444609,A,G,1e-04, || id:ebi-a-GCST90001700,TRUE,reported,igd
3425,5.46802e-09,1,102796337,1.585,9.265,ebi-a-GCST90001700,rs114230155,A,G,0.0023, || id:ebi-a-GCST90001700,TRUE,reported,igd
3425,3.79804e-06,1,27963297,2.962,13.71,ebi-a-GCST90001700,rs77676367,C,T,7e-04, || id:ebi-a-GCST90001700,TRUE,reported,igd
3425,3.38602e-07,1,238644579,0.391,1.998,ebi-a-GCST90001700,rs61746209,C,G,0.0377, || id:ebi-a-GCST90001700,TRUE,reported,igd
3425,1.279e-06,1,4591565,1.619,7.853,ebi-a-GCST90001700,rs114672498,G,C,0.002, || id:ebi-a-GCST90001700,TRUE,reported,igd
3425,7.72592e-07,1,58381604,2.896,14.34,ebi-a-GCST90001700,rs141656769,T,G,6e-04, || id:ebi-a-GCST90001700,TRUE,reported,igd
3425,6.30202e-09,1,24640467,5.736,33.4,ebi-a-GCST90001700,rs140963286,T,C,1e-04, || id:ebi-a-GCST90001700,TRUE,reported,igd
3425,4.83704e-08,2,146371302,1.652,9.036,ebi-a-GCST90001700,rs79027575,C,T,0.0022, || id:ebi-a-GCST90001700,TRUE,reported,igd
3425,7.30466e-13,2,159316835,4.31,31.04,ebi-a-GCST90001700,rs72931475,G,A,3e-04, || id:ebi-a-GCST90001700,TRUE,reported,igd
3425,1.513e-08,2,235962017,1.564,8.874,ebi-a-GCST90001700,rs114581990,G,A,0.0022, || id:ebi-a-GCST90001700,TRUE,reported,igd
3425,4.78597e-06,2,81365670,0.6163,2.823,ebi-a-GCST90001700,rs146627868,A,G,0.0147, || id:ebi-a-GCST90001700,TRUE,reported,igd
3425,3.07298e-07,2,38932777,0.1507,0.773,ebi-a-GCST90001700,rs4670265,G,T,0.5263, || id:ebi-a-GCST90001700,TRUE,reported,igd
3425,5.9731e-11,2,83631928,4.452,29.23,ebi-a-GCST90001700,rs10176830,C,G,3e-04, || id:ebi-a-GCST90001700,TRUE,reported,igd
3425,5.56904e-08,2,129265130,17.04,92.8,ebi-a-GCST90001700,rs73956020,G,C,NA, || id:ebi-a-GCST90001700,TRUE,reported,igd
3425,6.57703e-08,2,10326418,1.533,8.302,ebi-a-GCST90001700,rs148947489,T,C,0.0022, || id:ebi-a-GCST90001700,TRUE,reported,igd
3425,9.17191e-06,2,240239970,8.915,39.6,ebi-a-GCST90001700,rs115943331,A,G,1e-04, || id:ebi-a-GCST90001700,TRUE,reported,igd
3425,4.43507e-18,2,106438361,4.058,35.37,ebi-a-GCST90001700,rs190665193,G,A,3e-04, || id:ebi-a-GCST90001700,TRUE,reported,igd
3425,7.65702e-06,2,59373057,1.184,5.306,ebi-a-GCST90001700,rs2192500,G,A,0.0038, || id:ebi-a-GCST90001700,TRUE,reported,igd
3425,3.74197e-08,2,75148081,1.681,9.274,ebi-a-GCST90001700,rs4853078,G,T,0.0019, || id:ebi-a-GCST90001700,TRUE,reported,igd
3425,7.30802e-09,3,152385976,5.744,33.31,ebi-a-GCST90001700,rs16864501,A,G,1e-04, || id:ebi-a-GCST90001700,TRUE,reported,igd
3425,7.22504e-06,3,109447837,2.227,10.01,ebi-a-GCST90001700,rs73218592,T,C,0.001, || id:ebi-a-GCST90001700,TRUE,reported,igd
3425,3.62101e-09,3,117384981,3.072,18.17,ebi-a-GCST90001700,rs185587352,A,G,6e-04, || id:ebi-a-GCST90001700,TRUE,reported,igd
3425,9.09704e-06,3,192001379,0.2045,0.9087,ebi-a-GCST90001700,rs76128446,G,A,0.1635, || id:ebi-a-GCST90001700,TRUE,reported,igd
3425,4.72999e-07,3,3132754,1.62,8.176,ebi-a-GCST90001700,rs17878699,A,G,0.0028, || id:ebi-a-GCST90001700,TRUE,reported,igd
3425,4.35702e-06,3,73306180,1.905,8.765,ebi-a-GCST90001700,rs73105597,G,C,0.0018, || id:ebi-a-GCST90001700,TRUE,reported,igd
3425,4.95804e-07,3,194347376,2.578,12.99,ebi-a-GCST90001700,rs115879183,G,A,9e-04, || id:ebi-a-GCST90001700,TRUE,reported,igd
3425,1.02499e-08,3,153311399,5.716,32.81,ebi-a-GCST90001700,rs148658406,T,C,1e-04, || id:ebi-a-GCST90001700,TRUE,reported,igd
3425,1.06901e-06,3,166969119,1.061,5.185,ebi-a-GCST90001700,rs139329941,T,C,0.0047, || id:ebi-a-GCST90001700,TRUE,reported,igd
3425,4.80596e-10,3,74016318,4.296,26.82,ebi-a-GCST90001700,rs111747460,A,G,3e-04, || id:ebi-a-GCST90001700,TRUE,reported,igd
3425,8.90902e-06,3,106957827,3.276,14.57,ebi-a-GCST90001700,rs114219959,T,G,4e-04, || id:ebi-a-GCST90001700,TRUE,reported,igd
3425,8.15906e-06,3,177136644,0.4185,1.87,ebi-a-GCST90001700,rs73173143,C,T,0.0337, || id:ebi-a-GCST90001700,TRUE,reported,igd
3425,5.38505e-07,3,31287377,2.132,10.71,ebi-a-GCST90001700,rs114827401,T,A,0.0012, || id:ebi-a-GCST90001700,TRUE,reported,igd
3425,2.07601e-07,4,130934266,1.67,8.69,ebi-a-GCST90001700,rs147841321,T,C,0.0019, || id:ebi-a-GCST90001700,TRUE,reported,igd
3425,2.27101e-08,4,176754667,3.205,17.96,ebi-a-GCST90001700,rs116399750,A,G,6e-04, || id:ebi-a-GCST90001700,TRUE,reported,igd
3425,4.38198e-10,4,176348299,4.191,26.23,ebi-a-GCST90001700,rs79395509,T,C,6e-04, || id:ebi-a-GCST90001700,TRUE,reported,igd
3425,7.94895e-08,4,4128043,0.5459,2.937,ebi-a-GCST90001700,rs189420173,G,T,0.0207, || id:ebi-a-GCST90001700,TRUE,reported,igd
3425,9.99793e-10,4,16986930,4.08,25,ebi-a-GCST90001700,rs114421150,A,C,3e-04, || id:ebi-a-GCST90001700,TRUE,reported,igd
3425,4.08301e-07,4,177338168,2.874,14.59,ebi-a-GCST90001700,rs193135177,A,G,7e-04, || id:ebi-a-GCST90001700,TRUE,reported,igd
3425,1.60498e-06,4,176614955,1.654,7.95,ebi-a-GCST90001700,rs77689186,A,C,0.0019, || id:ebi-a-GCST90001700,TRUE,reported,igd
3425,7.51398e-07,4,85213802,3.731,18.49,ebi-a-GCST90001700,rs114559319,A,T,4e-04, || id:ebi-a-GCST90001700,TRUE,reported,igd
3425,1.58599e-15,4,99029457,3.141,25.15,ebi-a-GCST90001700,rs12499962,G,A,6e-04, || id:ebi-a-GCST90001700,TRUE,reported,igd
3425,1.21501e-06,4,138349095,3.509,17.06,ebi-a-GCST90001700,rs114685875,A,G,4e-04, || id:ebi-a-GCST90001700,TRUE,reported,igd
3425,1.48501e-06,4,135635954,0.7669,3.698,ebi-a-GCST90001700,rs149021870,G,A,0.0096, || id:ebi-a-GCST90001700,TRUE,reported,igd
3425,9.73419e-16,4,55305871,4.737,38.22,ebi-a-GCST90001700,rs75993384,C,T,1e-04, || id:ebi-a-GCST90001700,TRUE,reported,igd
3425,2.41602e-06,4,102760648,4.31,20.36,ebi-a-GCST90001700,rs114430346,A,G,3e-04, || id:ebi-a-GCST90001700,TRUE,reported,igd
3425,1.228e-06,4,123414413,2.608,12.67,ebi-a-GCST90001700,rs191607214,A,C,7e-04, || id:ebi-a-GCST90001700,TRUE,reported,igd
3425,7.15105e-08,4,71875684,2.895,15.63,ebi-a-GCST90001700,rs114619811,G,A,6e-04, || id:ebi-a-GCST90001700,TRUE,reported,igd
3425,1.31199e-07,4,85578601,3.678,19.45,ebi-a-GCST90001700,rs146374482,A,G,4e-04, || id:ebi-a-GCST90001700,TRUE,reported,igd
3425,8.98607e-10,4,130098084,3.224,19.81,ebi-a-GCST90001700,rs78088167,G,A,6e-04, || id:ebi-a-GCST90001700,TRUE,reported,igd
3425,5.79095e-06,4,97392739,1.731,7.861,ebi-a-GCST90001700,rs146047936,C,A,0.0019, || id:ebi-a-GCST90001700,TRUE,reported,igd
3425,1.26386e-17,4,120605817,5.703,49,ebi-a-GCST90001700,rs62321187,T,C,1e-04, || id:ebi-a-GCST90001700,TRUE,reported,igd
3425,1.00399e-08,4,180565400,1.881,10.8,ebi-a-GCST90001700,rs12501785,A,G,0.0013, || id:ebi-a-GCST90001700,TRUE,reported,igd
3425,5.873e-06,5,1155401,1.616,7.334,ebi-a-GCST90001700,rs80181351,T,C,0.0023, || id:ebi-a-GCST90001700,TRUE,reported,igd
3425,2.85799e-07,5,168556910,2.744,14.11,ebi-a-GCST90001700,rs148291161,G,A,0.0012, || id:ebi-a-GCST90001700,TRUE,reported,igd
3425,4.63703e-06,5,120420356,0.7129,3.271,ebi-a-GCST90001700,rs140976870,T,C,0.0112, || id:ebi-a-GCST90001700,TRUE,reported,igd
3425,1.35207e-11,5,29413612,3.301,22.4,ebi-a-GCST90001700,rs116581718,C,T,6e-04, || id:ebi-a-GCST90001700,TRUE,reported,igd
3425,2.59801e-07,5,169422728,3.788,19.55,ebi-a-GCST90001700,rs112254351,A,G,4e-04, || id:ebi-a-GCST90001700,TRUE,reported,igd
3425,1.42801e-07,5,65455207,7.091,37.39,ebi-a-GCST90001700,rs75146333,C,G,1e-04, || id:ebi-a-GCST90001700,TRUE,reported,igd
3425,8.39595e-08,5,94705605,3.684,19.78,ebi-a-GCST90001700,rs79725470,C,T,4e-04, || id:ebi-a-GCST90001700,TRUE,reported,igd
3425,1.72699e-06,5,52147101,7.417,35.54,ebi-a-GCST90001700,rs146171997,G,A,1e-04, || id:ebi-a-GCST90001700,TRUE,reported,igd
3425,3.54397e-06,5,148699825,0.7857,3.649,ebi-a-GCST90001700,rs17642570,C,T,0.0091, || id:ebi-a-GCST90001700,TRUE,reported,igd
3425,7.39401e-06,5,11287269,2.525,11.34,ebi-a-GCST90001700,rs180927720,G,A,9e-04, || id:ebi-a-GCST90001700,TRUE,reported,igd
3425,5.03895e-07,5,81311763,0.7616,3.834,ebi-a-GCST90001700,rs144613377,C,T,0.0101, || id:ebi-a-GCST90001700,TRUE,reported,igd
3425,3.59104e-06,5,75564943,3.457,16.05,ebi-a-GCST90001700,rs189412340,T,C,4e-04, || id:ebi-a-GCST90001700,TRUE,reported,igd
3425,1.279e-06,5,68399621,5.685,27.58,ebi-a-GCST90001700,rs115715247,T,C,1e-04, || id:ebi-a-GCST90001700,TRUE,reported,igd
3425,3.71801e-06,6,24904561,3.316,15.37,ebi-a-GCST90001700,rs73400437,T,C,6e-04, || id:ebi-a-GCST90001700,TRUE,reported,igd
3425,1.071e-06,6,125051261,2.328,11.37,ebi-a-GCST90001700,rs150287087,C,G,7e-04, || id:ebi-a-GCST90001700,TRUE,reported,igd
3425,9.433e-07,6,124879601,0.6419,3.153,ebi-a-GCST90001700,rs117708929,C,T,0.0134, || id:ebi-a-GCST90001700,TRUE,reported,igd
3425,4.19199e-06,6,74134014,2.22,10.23,ebi-a-GCST90001700,rs151244510,A,G,0.0013, || id:ebi-a-GCST90001700,TRUE,reported,igd
3425,7.59399e-06,6,82300125,2.144,9.611,ebi-a-GCST90001700,rs76602542,T,C,0.0012, || id:ebi-a-GCST90001700,TRUE,reported,igd
3425,1.2249e-12,6,11491250,4.832,34.45,ebi-a-GCST90001700,rs145604620,G,A,3e-04, || id:ebi-a-GCST90001700,TRUE,reported,igd
3425,2.04099e-08,6,165166578,0.8043,4.521,ebi-a-GCST90001700,rs375356899,G,A,0.0092, || id:ebi-a-GCST90001700,TRUE,reported,igd
3425,4.37401e-08,6,28389143,4.474,24.55,ebi-a-GCST90001700,rs79518488,C,T,3e-04, || id:ebi-a-GCST90001700,TRUE,reported,igd
3425,5.25303e-08,6,6986777,0.5907,3.222,ebi-a-GCST90001700,rs73719023,C,G,0.0166, || id:ebi-a-GCST90001700,TRUE,reported,igd
3425,3.96899e-10,6,10017676,4.095,25.69,ebi-a-GCST90001700,rs149208831,C,A,3e-04, || id:ebi-a-GCST90001700,TRUE,reported,igd
3425,9.02007e-06,6,44289942,2.127,9.457,ebi-a-GCST90001700,rs115541238,A,G,0.0012, || id:ebi-a-GCST90001700,TRUE,reported,igd
3425,3.38104e-08,6,1730982,3.886,21.5,ebi-a-GCST90001700,rs138327786,A,G,3e-04, || id:ebi-a-GCST90001700,TRUE,reported,igd
3425,3.94003e-14,7,142438302,4.922,37.38,ebi-a-GCST90001700,rs79647440,T,C,4e-04, || id:ebi-a-GCST90001700,TRUE,reported,igd
3425,5.48201e-07,7,83499414,0.9092,4.563,ebi-a-GCST90001700,rs184379743,T,C,0.0066, || id:ebi-a-GCST90001700,TRUE,reported,igd
3425,2.13304e-11,7,47504039,1.94,13.03,ebi-a-GCST90001700,rs77465871,G,A,0.0015, || id:ebi-a-GCST90001700,TRUE,reported,igd
3425,2.34801e-06,7,13558580,2.974,14.06,ebi-a-GCST90001700,rs186251573,C,A,7e-04, || id:ebi-a-GCST90001700,TRUE,reported,igd
3425,2.80001e-06,7,125751,0.2179,1.023,ebi-a-GCST90001700,rs34947488,C,G,0.1425, || id:ebi-a-GCST90001700,TRUE,reported,igd
3425,4.402e-07,7,30944767,2.977,15.07,ebi-a-GCST90001700,rs149394991,A,C,6e-04, || id:ebi-a-GCST90001700,TRUE,reported,igd
3425,2.113e-06,7,67397567,0.9119,4.332,ebi-a-GCST90001700,rs71528265,C,G,0.0066, || id:ebi-a-GCST90001700,TRUE,reported,igd
3425,7.38601e-08,7,79791344,1.155,6.228,ebi-a-GCST90001700,rs117469911,A,C,0.0036, || id:ebi-a-GCST90001700,TRUE,reported,igd
3425,9.81296e-07,7,48369369,0.8427,4.133,ebi-a-GCST90001700,rs111065494,T,A,0.0079, || id:ebi-a-GCST90001700,TRUE,reported,igd
3425,1.69801e-06,7,45344881,4.1,19.66,ebi-a-GCST90001700,rs10274897,G,T,3e-04, || id:ebi-a-GCST90001700,TRUE,reported,igd
3425,4.90196e-08,7,62917010,1.56,8.527,ebi-a-GCST90001700,rs185754925,G,A,0.0025, || id:ebi-a-GCST90001700,TRUE,reported,igd
3425,9.65295e-06,7,41114935,4.4,19.5,ebi-a-GCST90001700,rs190764862,T,C,4e-04, || id:ebi-a-GCST90001700,TRUE,reported,igd
3425,2.69501e-06,7,136855654,1.748,8.214,ebi-a-GCST90001700,rs150400236,T,C,0.0018, || id:ebi-a-GCST90001700,TRUE,reported,igd
3425,1.007e-07,7,158334355,0.7324,3.909,ebi-a-GCST90001700,rs78470553,A,G,0.0096, || id:ebi-a-GCST90001700,TRUE,reported,igd
3425,1.89583e-11,7,84434549,2.753,18.54,ebi-a-GCST90001700,rs143845801,C,G,7e-04, || id:ebi-a-GCST90001700,TRUE,reported,igd
3425,1.237e-06,7,112589900,1.172,5.693,ebi-a-GCST90001700,rs62491100,T,C,0.0039, || id:ebi-a-GCST90001700,TRUE,reported,igd
3425,5.40804e-09,7,39587008,5.804,33.95,ebi-a-GCST90001700,rs117692894,T,G,1e-04, || id:ebi-a-GCST90001700,TRUE,reported,igd
3425,1.035e-06,7,31134950,1.203,5.888,ebi-a-GCST90001700,rs116979366,A,T,0.0041, || id:ebi-a-GCST90001700,TRUE,reported,igd
3425,2.1e-06,7,33902745,2.211,10.5,ebi-a-GCST90001700,rs117296998,T,C,0.001, || id:ebi-a-GCST90001700,TRUE,reported,igd
3425,1.532e-08,8,56081028,5.796,32.87,ebi-a-GCST90001700,rs117478414,T,C,1e-04, || id:ebi-a-GCST90001700,TRUE,reported,igd
3425,3.30499e-06,8,11660136,0.9611,4.477,ebi-a-GCST90001700,rs17524895,T,C,0.006, || id:ebi-a-GCST90001700,TRUE,reported,igd
3425,6.06206e-09,8,15699657,6.272,36.56,ebi-a-GCST90001700,rs117867588,A,G,1e-04, || id:ebi-a-GCST90001700,TRUE,reported,igd
3425,2.53898e-06,8,16615390,1.177,5.545,ebi-a-GCST90001700,rs7823439,C,T,0.0039, || id:ebi-a-GCST90001700,TRUE,reported,igd
3425,1.16001e-07,8,136875749,2.45,13.01,ebi-a-GCST90001700,rs72719812,G,A,9e-04, || id:ebi-a-GCST90001700,TRUE,reported,igd
3425,7.65896e-06,8,4172183,0.8104,3.632,ebi-a-GCST90001700,rs6982554,C,G,0.0089, || id:ebi-a-GCST90001700,TRUE,reported,igd
3425,5.92598e-07,8,143859934,3.059,15.3,ebi-a-GCST90001700,rs79218577,C,G,7e-04, || id:ebi-a-GCST90001700,TRUE,reported,igd
3425,7.89605e-06,8,73079210,1.557,6.969,ebi-a-GCST90001700,rs117808048,A,G,0.0026, || id:ebi-a-GCST90001700,TRUE,reported,igd
3425,1.58416e-11,8,12500832,1.85,12.51,ebi-a-GCST90001700,rs34039708,A,C,0.0019, || id:ebi-a-GCST90001700,TRUE,reported,igd
3425,1.439e-09,8,13716390,5.793,35.15,ebi-a-GCST90001700,rs79851411,A,G,1e-04, || id:ebi-a-GCST90001700,TRUE,reported,igd
3425,3.73999e-06,9,2517641,2.651,12.28,ebi-a-GCST90001700,rs138901088,A,C,9e-04, || id:ebi-a-GCST90001700,TRUE,reported,igd
3425,5.34097e-06,9,130626387,2.962,13.5,ebi-a-GCST90001700,rs142884906,A,G,6e-04, || id:ebi-a-GCST90001700,TRUE,reported,igd
3425,4.54904e-06,9,45362596,0.6636,3.047,ebi-a-GCST90001700,rs559632285,A,C,0.0158, || id:ebi-a-GCST90001700,TRUE,reported,igd
3425,7.28903e-06,9,102347204,1.27,5.704,ebi-a-GCST90001700,rs9408992,G,C,0.0036, || id:ebi-a-GCST90001700,TRUE,reported,igd
3425,6.996e-06,9,38278118,2.208,9.939,ebi-a-GCST90001700,rs111972324,A,C,0.0012, || id:ebi-a-GCST90001700,TRUE,reported,igd
3425,6.11998e-08,9,504491,1.196,6.492,ebi-a-GCST90001700,rs374964617,C,A,0.0038, || id:ebi-a-GCST90001700,TRUE,reported,igd
3425,3.77703e-06,9,16069316,3.168,-14.67,ebi-a-GCST90001700,rs7044904,G,A,0.9994, || id:ebi-a-GCST90001700,TRUE,reported,igd
3425,8.686e-08,10,119966169,1.693,9.082,ebi-a-GCST90001700,rs575794055,G,A,0.0019, || id:ebi-a-GCST90001700,TRUE,reported,igd
3425,2.65901e-06,10,89500755,2.792,13.13,ebi-a-GCST90001700,rs11202534,T,G,0.001, || id:ebi-a-GCST90001700,TRUE,reported,igd
3425,9.18692e-06,10,121973769,2.298,10.21,ebi-a-GCST90001700,rs74157741,T,C,0.001, || id:ebi-a-GCST90001700,TRUE,reported,igd
3425,7.91608e-09,10,69536834,8.845,51.17,ebi-a-GCST90001700,rs143395500,T,C,1e-04, || id:ebi-a-GCST90001700,TRUE,reported,igd
3425,5.07096e-09,10,9668124,7.967,46.68,ebi-a-GCST90001700,rs78069205,G,A,1e-04, || id:ebi-a-GCST90001700,TRUE,reported,igd
3425,5.37304e-06,10,125841271,3.443,15.69,ebi-a-GCST90001700,rs143129647,T,C,7e-04, || id:ebi-a-GCST90001700,TRUE,reported,igd
3425,1.20901e-06,10,85685084,1.165,5.664,ebi-a-GCST90001700,rs11200733,A,G,0.0039, || id:ebi-a-GCST90001700,TRUE,reported,igd
3425,1.06199e-07,10,31530534,2.792,14.87,ebi-a-GCST90001700,rs75772839,T,C,7e-04, || id:ebi-a-GCST90001700,TRUE,reported,igd
3425,1.62401e-08,10,53915868,1.725,9.768,ebi-a-GCST90001700,rs10824158,T,G,0.0019, || id:ebi-a-GCST90001700,TRUE,reported,igd
3425,3.89502e-07,10,101282501,0.2034,1.034,ebi-a-GCST90001700,rs4919341,T,A,0.1619, || id:ebi-a-GCST90001700,TRUE,reported,igd
3425,2e-06,10,54704473,0.9486,4.517,ebi-a-GCST90001700,rs147968748,G,A,0.0057, || id:ebi-a-GCST90001700,TRUE,reported,igd
3425,2.72703e-07,11,25534610,1.353,6.968,ebi-a-GCST90001700,rs78922116,T,C,0.0029, || id:ebi-a-GCST90001700,TRUE,reported,igd
3425,8.31994e-06,11,130773279,0.5897,2.632,ebi-a-GCST90001700,rs61759531,G,C,0.0164, || id:ebi-a-GCST90001700,TRUE,reported,igd
3425,4.59505e-08,11,84269972,2.92,16,ebi-a-GCST90001700,rs12279408,T,C,7e-04, || id:ebi-a-GCST90001700,TRUE,reported,igd
3425,2.33297e-08,11,121746998,3.407,19.07,ebi-a-GCST90001700,rs116916598,G,A,6e-04, || id:ebi-a-GCST90001700,TRUE,reported,igd
3425,9.66095e-06,11,6693054,0.2061,-0.9132,ebi-a-GCST90001700,rs10769706,A,T,0.8366, || id:ebi-a-GCST90001700,TRUE,reported,igd
3425,5.13594e-09,11,109281106,0.763,4.47,ebi-a-GCST90001700,rs189796120,T,C,0.0099, || id:ebi-a-GCST90001700,TRUE,reported,igd
3425,1.5729e-17,11,122918979,5.795,49.65,ebi-a-GCST90001700,rs117284243,T,A,1e-04, || id:ebi-a-GCST90001700,TRUE,reported,igd
3425,2.10199e-08,11,24544063,3.342,18.77,ebi-a-GCST90001700,rs117173207,A,G,4e-04, || id:ebi-a-GCST90001700,TRUE,reported,igd
3425,3.81997e-06,11,12065087,0.5792,2.681,ebi-a-GCST90001700,rs1106305,T,C,0.0172, || id:ebi-a-GCST90001700,TRUE,reported,igd
3425,6.60237e-19,11,83433494,5.557,49.64,ebi-a-GCST90001700,rs76552842,A,G,1e-04, || id:ebi-a-GCST90001700,TRUE,reported,igd
3425,3.92401e-09,12,48190275,4.049,23.9,ebi-a-GCST90001700,rs147107195,T,C,3e-04, || id:ebi-a-GCST90001700,TRUE,reported,igd
3425,1.15611e-20,12,83249816,5.64,52.91,ebi-a-GCST90001700,rs77113660,G,A,1e-04, || id:ebi-a-GCST90001700,TRUE,reported,igd
3425,5.78895e-08,12,132283582,2.395,13.02,ebi-a-GCST90001700,rs117785622,T,G,0.001, || id:ebi-a-GCST90001700,TRUE,reported,igd
3425,1.59001e-06,12,19311236,4.723,22.71,ebi-a-GCST90001700,rs188074116,A,G,1e-04, || id:ebi-a-GCST90001700,TRUE,reported,igd
3425,2.59998e-06,12,77297125,1.268,5.971,ebi-a-GCST90001700,rs73129374,A,G,0.0035, || id:ebi-a-GCST90001700,TRUE,reported,igd
3425,3.20597e-08,12,10043518,3.393,18.81,ebi-a-GCST90001700,rs10505739,C,A,4e-04, || id:ebi-a-GCST90001700,TRUE,reported,igd
3425,9.86098e-06,12,109036912,1.178,5.214,ebi-a-GCST90001700,rs139898536,T,A,0.0042, || id:ebi-a-GCST90001700,TRUE,reported,igd
3425,1.16799e-06,12,93329083,5.954,28.99,ebi-a-GCST90001700,rs138410422,A,G,1e-04, || id:ebi-a-GCST90001700,TRUE,reported,igd
3425,2.683e-09,12,130060949,2.379,14.19,ebi-a-GCST90001700,rs146822590,T,A,9e-04, || id:ebi-a-GCST90001700,TRUE,reported,igd
3425,1.85498e-07,12,79703102,1.027,5.366,ebi-a-GCST90001700,rs76337573,G,A,0.0054, || id:ebi-a-GCST90001700,TRUE,reported,igd
3425,6.91194e-07,13,114557883,0.6746,3.355,ebi-a-GCST90001700,rs59615051,C,T,0.0121, || id:ebi-a-GCST90001700,TRUE,reported,igd
3425,8.73193e-06,13,40914557,1.749,7.787,ebi-a-GCST90001700,rs113007178,A,T,0.0018, || id:ebi-a-GCST90001700,TRUE,reported,igd
3425,3.68638e-18,13,84005540,5.344,46.69,ebi-a-GCST90001700,rs77214871,T,A,1e-04, || id:ebi-a-GCST90001700,TRUE,reported,igd
3425,6.02795e-06,13,93311613,1.504,6.819,ebi-a-GCST90001700,rs190658660,A,T,0.0022, || id:ebi-a-GCST90001700,TRUE,reported,igd
3425,8.27999e-07,13,24658539,1.373,6.779,ebi-a-GCST90001700,rs76942041,A,G,0.0029, || id:ebi-a-GCST90001700,TRUE,reported,igd
3425,3.02301e-06,13,98908125,1.205,5.636,ebi-a-GCST90001700,rs10492710,A,G,0.0036, || id:ebi-a-GCST90001700,TRUE,reported,igd
3425,5.21075e-18,14,26308944,11.59,100.8,ebi-a-GCST90001700,rs78750136,C,T,NA, || id:ebi-a-GCST90001700,TRUE,reported,igd
3425,1.706e-07,14,54222912,1.747,9.155,ebi-a-GCST90001700,rs141850210,A,G,0.0018, || id:ebi-a-GCST90001700,TRUE,reported,igd
3425,5.21603e-06,14,29258015,2.452,11.19,ebi-a-GCST90001700,rs138547687,A,G,0.001, || id:ebi-a-GCST90001700,TRUE,reported,igd
3425,7.89805e-07,14,41636680,2.779,13.75,ebi-a-GCST90001700,rs183436787,T,C,7e-04, || id:ebi-a-GCST90001700,TRUE,reported,igd
3425,4.52699e-06,14,34065832,4.183,19.21,ebi-a-GCST90001700,rs144275943,G,T,3e-04, || id:ebi-a-GCST90001700,TRUE,reported,igd
3425,5.86813e-21,14,101798387,5.65,53.41,ebi-a-GCST90001700,rs35068665,G,T,1e-04, || id:ebi-a-GCST90001700,TRUE,reported,igd
3425,5.188e-09,15,69811049,5.644,33.05,ebi-a-GCST90001700,rs72758450,C,T,1e-04, || id:ebi-a-GCST90001700,TRUE,reported,igd
3425,5.29005e-06,15,30132737,0.8718,3.976,ebi-a-GCST90001700,rs74828441,C,A,0.0073, || id:ebi-a-GCST90001700,TRUE,reported,igd
3425,5.04998e-06,15,99398708,0.1475,-0.6741,ebi-a-GCST90001700,rs1879612,C,T,0.4747, || id:ebi-a-GCST90001700,TRUE,reported,igd
3425,8.16601e-10,15,21903587,36.58,225.3,ebi-a-GCST90001700,rs13380300,G,C,NA, || id:ebi-a-GCST90001700,TRUE,reported,igd
3425,7.70407e-09,15,59013643,7.703,44.6,ebi-a-GCST90001700,rs80331554,G,A,1e-04, || id:ebi-a-GCST90001700,TRUE,reported,igd
3425,7.01197e-06,15,54344919,1.919,8.634,ebi-a-GCST90001700,rs149908314,T,C,0.0016, || id:ebi-a-GCST90001700,TRUE,reported,igd
3425,9.91791e-06,15,101775026,0.1611,0.7129,ebi-a-GCST90001700,rs8040007,C,G,0.3301, || id:ebi-a-GCST90001700,TRUE,reported,igd
3425,2.03798e-06,15,29114742,1.516,7.213,ebi-a-GCST90001700,rs188087675,A,G,0.0032, || id:ebi-a-GCST90001700,TRUE,reported,igd
3425,9.65006e-09,15,81422902,7.413,42.63,ebi-a-GCST90001700,rs147093663,T,G,1e-04, || id:ebi-a-GCST90001700,TRUE,reported,igd
3425,7.38006e-06,15,60603443,2.665,11.96,ebi-a-GCST90001700,rs117038196,A,G,7e-04, || id:ebi-a-GCST90001700,TRUE,reported,igd
3425,3.271e-07,16,1824187,1.526,7.807,ebi-a-GCST90001700,rs141044525,T,C,0.0026, || id:ebi-a-GCST90001700,TRUE,reported,igd
3425,1.71498e-06,16,1058881,1.534,7.351,ebi-a-GCST90001700,rs12596264,A,G,0.0025, || id:ebi-a-GCST90001700,TRUE,reported,igd
3425,2.34202e-09,16,47727514,6.463,38.7,ebi-a-GCST90001700,rs35772393,T,C,NA, || id:ebi-a-GCST90001700,TRUE,reported,igd
3425,4.55596e-09,16,78662086,5.85,34.38,ebi-a-GCST90001700,rs77467380,T,C,1e-04, || id:ebi-a-GCST90001700,TRUE,reported,igd
3425,9.81206e-10,16,51095561,3.906,23.94,ebi-a-GCST90001700,rs138937927,T,C,3e-04, || id:ebi-a-GCST90001700,TRUE,reported,igd
3425,2.70402e-06,17,33814758,0.2225,-1.046,ebi-a-GCST90001700,rs4796089,C,T,0.1345, || id:ebi-a-GCST90001700,TRUE,reported,igd
3425,8.71405e-06,17,29972138,2.872,12.79,ebi-a-GCST90001700,rs138697156,G,A,6e-04, || id:ebi-a-GCST90001700,TRUE,reported,igd
3425,3.51099e-06,17,1649801,2.031,9.438,ebi-a-GCST90001700,rs180697858,G,A,0.0015, || id:ebi-a-GCST90001700,TRUE,reported,igd
3425,1.33401e-07,17,47337653,2.921,15.44,ebi-a-GCST90001700,rs138765259,G,T,6e-04, || id:ebi-a-GCST90001700,TRUE,reported,igd
3425,4.023e-06,17,54427514,1.424,6.576,ebi-a-GCST90001700,rs12450105,C,T,0.0031, || id:ebi-a-GCST90001700,TRUE,reported,igd
3425,2.80201e-07,17,22048470,4.072,20.95,ebi-a-GCST90001700,rs138281296,A,C,1e-04, || id:ebi-a-GCST90001700,TRUE,reported,igd
3425,7.31307e-07,17,5023557,3.08,15.28,ebi-a-GCST90001700,rs144104650,A,G,6e-04, || id:ebi-a-GCST90001700,TRUE,reported,igd
3425,6.58006e-06,17,20694000,2.038,9.197,ebi-a-GCST90001700,rs112048022,G,T,0.0012, || id:ebi-a-GCST90001700,TRUE,reported,igd
3425,3.07681e-15,17,49002799,3.924,31.1,ebi-a-GCST90001700,rs150885241,A,G,3e-04, || id:ebi-a-GCST90001700,TRUE,reported,igd
3425,7.28299e-06,17,51002048,0.9493,4.265,ebi-a-GCST90001700,rs142866937,C,A,0.0067, || id:ebi-a-GCST90001700,TRUE,reported,igd
3425,5.56096e-06,18,4348487,0.8896,4.047,ebi-a-GCST90001700,rs150156077,G,A,0.0069, || id:ebi-a-GCST90001700,TRUE,reported,igd
3425,1.046e-06,18,1699838,2.081,10.18,ebi-a-GCST90001700,rs184040186,A,T,0.0012, || id:ebi-a-GCST90001700,TRUE,reported,igd
3425,4.39097e-06,18,9944924,2.457,11.3,ebi-a-GCST90001700,rs113598754,G,A,9e-04, || id:ebi-a-GCST90001700,TRUE,reported,igd
3425,9.31108e-12,18,26017285,5.695,38.95,ebi-a-GCST90001700,rs75438005,A,G,1e-04, || id:ebi-a-GCST90001700,TRUE,reported,igd
3425,2.49701e-09,18,62442252,1.782,10.65,ebi-a-GCST90001700,rs116915023,T,C,0.0016, || id:ebi-a-GCST90001700,TRUE,reported,igd
3425,3.80601e-07,18,7853372,0.9808,4.991,ebi-a-GCST90001700,rs138766897,T,A,0.0058, || id:ebi-a-GCST90001700,TRUE,reported,igd
3425,4.21998e-07,19,2363095,1.357,6.88,ebi-a-GCST90001700,rs79290306,A,G,0.0031, || id:ebi-a-GCST90001700,TRUE,reported,igd
3425,2.18902e-07,19,22454852,1.757,9.123,ebi-a-GCST90001700,rs146650864,A,G,0.002, || id:ebi-a-GCST90001700,TRUE,reported,igd
3425,9.59599e-06,19,34075835,0.8973,3.978,ebi-a-GCST90001700,rs59745713,A,G,0.0069, || id:ebi-a-GCST90001700,TRUE,reported,igd
3425,1.44401e-06,19,49416171,3.001,14.48,ebi-a-GCST90001700,rs147572731,T,C,7e-04, || id:ebi-a-GCST90001700,TRUE,reported,igd
3425,1.62002e-08,19,18858754,0.8815,4.991,ebi-a-GCST90001700,rs191923221,A,G,0.0072, || id:ebi-a-GCST90001700,TRUE,reported,igd
3425,2.50098e-06,19,46387941,1.857,8.758,ebi-a-GCST90001700,rs200198801,A,G,0.0016, || id:ebi-a-GCST90001700,TRUE,reported,igd
3425,1.98299e-08,19,24477916,2.243,12.62,ebi-a-GCST90001700,rs118089863,T,C,0.0018, || id:ebi-a-GCST90001700,TRUE,reported,igd
3425,2.65699e-07,19,34111992,1.046,5.395,ebi-a-GCST90001700,rs145410896,G,C,0.005, || id:ebi-a-GCST90001700,TRUE,reported,igd
3425,2.44298e-06,19,45408564,0.1799,0.8492,ebi-a-GCST90001700,rs449647,T,A,0.2236, || id:ebi-a-GCST90001700,TRUE,reported,igd
3425,3.33903e-06,20,898372,6.045,28.15,ebi-a-GCST90001700,rs61578886,T,C,1e-04, || id:ebi-a-GCST90001700,TRUE,reported,igd
3425,8.98504e-06,20,41693849,5.734,25.5,ebi-a-GCST90001700,rs147207602,A,G,1e-04, || id:ebi-a-GCST90001700,TRUE,reported,igd
3425,1.57906e-13,20,33104122,3.154,23.37,ebi-a-GCST90001700,rs137942933,T,G,6e-04, || id:ebi-a-GCST90001700,TRUE,reported,igd
3425,2.10402e-08,20,17556587,2.811,15.79,ebi-a-GCST90001700,rs17791728,C,T,6e-04, || id:ebi-a-GCST90001700,TRUE,reported,igd
3425,7.99006e-07,20,37027035,2.356,11.65,ebi-a-GCST90001700,rs118180479,C,T,0.001, || id:ebi-a-GCST90001700,TRUE,reported,igd
3425,9.24698e-08,20,40197928,2.441,13.07,ebi-a-GCST90001700,rs75600477,G,T,9e-04, || id:ebi-a-GCST90001700,TRUE,reported,igd
3425,2.21998e-08,20,24457030,2.205,12.36,ebi-a-GCST90001700,rs180972485,A,G,0.001, || id:ebi-a-GCST90001700,TRUE,reported,igd
3425,2.20191e-11,20,37580670,2.254,15.14,ebi-a-GCST90001700,rs41276984,G,C,0.0012, || id:ebi-a-GCST90001700,TRUE,reported,igd
3425,4.53002e-11,21,14886111,7.773,51.35,ebi-a-GCST90001700,rs142933532,T,C,NA, || id:ebi-a-GCST90001700,TRUE,reported,igd
3425,9.93894e-07,21,35824714,0.5398,2.646,ebi-a-GCST90001700,rs7276763,A,G,0.0188, || id:ebi-a-GCST90001700,TRUE,reported,igd
3425,4.64997e-08,22,23072586,2.862,15.67,ebi-a-GCST90001700,rs62218442,A,T,7e-04, || id:ebi-a-GCST90001700,TRUE,reported,igd
3425,5.72796e-08,22,36610967,2.178,11.84,ebi-a-GCST90001700,rs132751,T,C,0.0012, || id:ebi-a-GCST90001700,TRUE,reported,igd
3425,3.68299e-06,22,25196811,0.2961,1.373,ebi-a-GCST90001700,rs8142081,A,G,0.0683, || id:ebi-a-GCST90001700,TRUE,reported,igd
