pos.exposure,se.exposure,pval.exposure,beta.exposure,samplesize.exposure,chr.exposure,id.exposure,SNP,effect_allele.exposure,other_allele.exposure,eaf.exposure,exposure,mr_keep.exposure,pval_origin.exposure,data_source.exposure
25076059,0.06592,5.72005e-08,0.3585,3669,1,ebi-a-GCST90001643,rs183053322,T,C,0.0354, || id:ebi-a-GCST90001643,TRUE,reported,igd
82243292,0.03618,8.38803e-07,0.1785,3669,1,ebi-a-GCST90001643,rs12087279,T,C,0.131, || id:ebi-a-GCST90001643,TRUE,reported,igd
8845344,0.02353,4.63298e-06,-0.1079,3669,3,ebi-a-GCST90001643,rs2679580,G,A,0.5181, || id:ebi-a-GCST90001643,TRUE,reported,igd
110029714,0.08975,4.03005e-06,-0.4144,3669,4,ebi-a-GCST90001643,rs191368650,T,G,0.0177, || id:ebi-a-GCST90001643,TRUE,reported,igd
109649839,0.2675,8.83304e-07,1.317,3669,4,ebi-a-GCST90001643,rs190518013,T,A,0.0019, || id:ebi-a-GCST90001643,TRUE,reported,igd
55012690,0.09129,2.03002e-06,-0.4344,3669,4,ebi-a-GCST90001643,rs34588768,T,C,0.017, || id:ebi-a-GCST90001643,TRUE,reported,igd
66776987,0.2377,1.09701e-06,1.16,3669,5,ebi-a-GCST90001643,rs77438219,A,G,0.0022, || id:ebi-a-GCST90001643,TRUE,reported,igd
106196268,0.5004,3.788e-06,2.317,3669,5,ebi-a-GCST90001643,rs56311672,T,A,5e-04, || id:ebi-a-GCST90001643,TRUE,reported,igd
67413499,0.3629,4.36204e-09,2.135,3669,5,ebi-a-GCST90001643,rs11954223,A,G,0.001, || id:ebi-a-GCST90001643,TRUE,reported,igd
98089427,0.04371,7.56693e-06,-0.196,3669,7,ebi-a-GCST90001643,rs117732815,A,G,0.0849, || id:ebi-a-GCST90001643,TRUE,reported,igd
28615433,0.02736,5.51404e-06,0.1245,3669,8,ebi-a-GCST90001643,rs2213306,A,G,0.251, || id:ebi-a-GCST90001643,TRUE,reported,igd
17769401,0.1625,3.16199e-06,0.7585,3669,8,ebi-a-GCST90001643,rs142527102,C,T,0.0061, || id:ebi-a-GCST90001643,TRUE,reported,igd
128278931,0.07049,8.86298e-06,0.3137,3669,9,ebi-a-GCST90001643,rs117515961,C,T,0.0309, || id:ebi-a-GCST90001643,TRUE,reported,igd
118756021,0.08311,5.79896e-07,0.4161,3669,9,ebi-a-GCST90001643,rs73520180,C,T,0.0217, || id:ebi-a-GCST90001643,TRUE,reported,igd
66556168,0.3691,2.99102e-07,1.895,3669,10,ebi-a-GCST90001643,rs1915649,T,C,0.0014, || id:ebi-a-GCST90001643,TRUE,reported,igd
95494689,0.0601,2.979e-06,-0.2812,3669,10,ebi-a-GCST90001643,rs72810613,G,A,0.0407, || id:ebi-a-GCST90001643,TRUE,reported,igd
105928767,0.04468,2.66901e-07,0.2303,3669,10,ebi-a-GCST90001643,rs17823772,T,C,0.0769, || id:ebi-a-GCST90001643,TRUE,reported,igd
74883577,0.03848,2.05201e-06,-0.183,3669,11,ebi-a-GCST90001643,rs12422149,A,G,0.1086, || id:ebi-a-GCST90001643,TRUE,reported,igd
86506048,0.06804,6.89303e-06,0.3064,3669,11,ebi-a-GCST90001643,rs75210520,C,T,0.03, || id:ebi-a-GCST90001643,TRUE,reported,igd
85235042,0.06991,7.62693e-06,0.3133,3669,12,ebi-a-GCST90001643,rs61928632,C,T,0.0337, || id:ebi-a-GCST90001643,TRUE,reported,igd
108957063,0.02361,8.45006e-09,0.1363,3669,13,ebi-a-GCST90001643,rs9520836,G,A,0.4999, || id:ebi-a-GCST90001643,TRUE,reported,igd
76781310,0.1399,6.82905e-06,-0.6305,3669,14,ebi-a-GCST90001643,rs78240988,A,C,0.0068, || id:ebi-a-GCST90001643,TRUE,reported,igd
50374150,0.05617,9.32095e-06,0.2493,3669,15,ebi-a-GCST90001643,rs77651542,C,T,0.0477, || id:ebi-a-GCST90001643,TRUE,reported,igd
33772954,0.03224,4.20097e-07,-0.1634,3669,17,ebi-a-GCST90001643,rs7216096,A,G,0.1623, || id:ebi-a-GCST90001643,TRUE,reported,igd
63434313,0.1201,7.79292e-06,0.5375,3669,17,ebi-a-GCST90001643,rs4239087,C,T,0.9898, || id:ebi-a-GCST90001643,TRUE,reported,igd
33797371,0.0237,1.08393e-12,0.1693,3669,17,ebi-a-GCST90001643,rs9916257,T,G,0.5685, || id:ebi-a-GCST90001643,TRUE,reported,igd
8581509,0.3949,1.54999e-06,1.901,3669,18,ebi-a-GCST90001643,rs78468114,T,C,8e-04, || id:ebi-a-GCST90001643,TRUE,reported,igd
49233335,0.02511,2.63099e-06,-0.1181,3669,19,ebi-a-GCST90001643,rs281407,A,G,0.3684, || id:ebi-a-GCST90001643,TRUE,reported,igd
43064030,0.03794,1.03801e-06,0.1856,3669,22,ebi-a-GCST90001643,rs73174907,A,T,0.1066, || id:ebi-a-GCST90001643,TRUE,reported,igd
