chr.exposure,pval.exposure,pos.exposure,samplesize.exposure,se.exposure,beta.exposure,id.exposure,SNP,effect_allele.exposure,other_allele.exposure,eaf.exposure,exposure,mr_keep.exposure,pval_origin.exposure,data_source.exposure
1,9.90399e-06,91894308,3425,3.78,16.73,ebi-a-GCST90001696,rs138758802,T,C,0.0016, || id:ebi-a-GCST90001696,TRUE,reported,igd
1,1.305e-07,34724192,3425,10.46,55.35,ebi-a-GCST90001696,rs55881385,T,G,1e-04, || id:ebi-a-GCST90001696,TRUE,reported,igd
1,8.29106e-06,6329089,3425,3.162,14.12,ebi-a-GCST90001696,rs138754438,T,C,0.0023, || id:ebi-a-GCST90001696,TRUE,reported,igd
1,1.52398e-06,209805394,3425,4.337,20.89,ebi-a-GCST90001696,rs17388638,A,G,0.001, || id:ebi-a-GCST90001696,TRUE,reported,igd
2,2.553e-06,194765458,3425,3.806,17.93,ebi-a-GCST90001696,rs77145525,T,G,0.0013, || id:ebi-a-GCST90001696,TRUE,reported,igd
2,3.71202e-06,40269291,3425,0.6515,3.019,ebi-a-GCST90001696,rs17556536,T,A,0.058, || id:ebi-a-GCST90001696,TRUE,reported,igd
2,1.17501e-07,100757118,3425,3.949,20.96,ebi-a-GCST90001696,rs112774387,G,A,0.0013, || id:ebi-a-GCST90001696,TRUE,reported,igd
2,6.98393e-10,8930530,3425,8.721,53.93,ebi-a-GCST90001696,rs114135956,C,T,3e-04, || id:ebi-a-GCST90001696,TRUE,reported,igd
2,2.15899e-09,80415786,3425,3.073,18.44,ebi-a-GCST90001696,rs72815709,C,T,0.0022, || id:ebi-a-GCST90001696,TRUE,reported,igd
2,3.08099e-08,38400812,3425,0.3071,-1.704,ebi-a-GCST90001696,rs450175,C,A,0.541, || id:ebi-a-GCST90001696,TRUE,reported,igd
2,2.90603e-28,38887964,3425,0.3183,3.541,ebi-a-GCST90001696,rs58905133,G,A,0.3523, || id:ebi-a-GCST90001696,TRUE,reported,igd
2,6.50894e-06,12784208,3425,3.422,15.46,ebi-a-GCST90001696,rs150146567,A,T,0.0019, || id:ebi-a-GCST90001696,TRUE,reported,igd
3,4.99804e-06,186382065,3425,0.4138,1.892,ebi-a-GCST90001696,rs66707192,A,G,0.1546, || id:ebi-a-GCST90001696,TRUE,reported,igd
3,7.22304e-06,115470787,3425,1.623,7.293,ebi-a-GCST90001696,rs113679275,C,A,0.0092, || id:ebi-a-GCST90001696,TRUE,reported,igd
3,1.76498e-06,133630044,3425,3.981,19.06,ebi-a-GCST90001696,rs72978357,A,G,0.0016, || id:ebi-a-GCST90001696,TRUE,reported,igd
4,1.23401e-06,188764989,3425,2.464,11.97,ebi-a-GCST90001696,rs142507918,A,G,0.0035, || id:ebi-a-GCST90001696,TRUE,reported,igd
5,5.72506e-06,114060904,3425,8.283,37.63,ebi-a-GCST90001696,rs116077033,T,C,4e-04, || id:ebi-a-GCST90001696,TRUE,reported,igd
5,2.95202e-06,179723042,3425,1.362,6.375,ebi-a-GCST90001696,rs77953154,T,C,0.012, || id:ebi-a-GCST90001696,TRUE,reported,igd
5,2.91199e-07,140131486,3425,11.01,56.58,ebi-a-GCST90001696,rs114216104,T,C,1e-04, || id:ebi-a-GCST90001696,TRUE,reported,igd
5,5.36896e-07,81353920,3425,3.684,18.5,ebi-a-GCST90001696,rs76343453,C,T,0.0018, || id:ebi-a-GCST90001696,TRUE,reported,igd
5,4.54601e-06,23996586,3425,1.661,7.629,ebi-a-GCST90001696,rs151336928,C,T,0.0082, || id:ebi-a-GCST90001696,TRUE,reported,igd
6,2.115e-06,45557327,3425,0.3207,1.524,ebi-a-GCST90001696,rs6941748,T,C,0.3556, || id:ebi-a-GCST90001696,TRUE,reported,igd
6,1.12199e-06,70855865,3425,5.484,26.75,ebi-a-GCST90001696,rs145613913,A,G,9e-04, || id:ebi-a-GCST90001696,TRUE,reported,igd
6,7.92793e-10,31116210,3425,0.4129,2.545,ebi-a-GCST90001696,rs130071,A,G,0.2185, || id:ebi-a-GCST90001696,TRUE,reported,igd
6,1.033e-08,32637474,3425,0.473,-2.715,ebi-a-GCST90001696,rs17212021,C,T,0.2372, || id:ebi-a-GCST90001696,TRUE,reported,igd
6,1.26101e-08,29704400,3425,0.3672,2.095,ebi-a-GCST90001696,rs1736913,C,T,0.6474, || id:ebi-a-GCST90001696,TRUE,reported,igd
6,3.51504e-06,29775939,3425,0.5907,-2.744,ebi-a-GCST90001696,rs9468632,T,C,0.1168, || id:ebi-a-GCST90001696,TRUE,reported,igd
6,2.58702e-06,9242018,3425,4.148,19.53,ebi-a-GCST90001696,rs149600977,G,A,0.0012, || id:ebi-a-GCST90001696,TRUE,reported,igd
8,3.27997e-06,104363126,3425,0.584,2.722,ebi-a-GCST90001696,rs3133835,A,G,0.0762, || id:ebi-a-GCST90001696,TRUE,reported,igd
8,4.53503e-07,131518018,3425,7.317,36.99,ebi-a-GCST90001696,rs149487182,T,C,4e-04, || id:ebi-a-GCST90001696,TRUE,reported,igd
8,7.70797e-07,7162695,3425,9.619,47.63,ebi-a-GCST90001696,rs62488802,T,C,3e-04, || id:ebi-a-GCST90001696,TRUE,reported,igd
9,1.37499e-06,3250025,3425,0.3153,1.525,ebi-a-GCST90001696,rs10970967,G,T,0.3676, || id:ebi-a-GCST90001696,TRUE,reported,igd
11,8.14292e-07,910259,3425,0.306,-1.512,ebi-a-GCST90001696,rs12791920,G,A,0.4593, || id:ebi-a-GCST90001696,TRUE,reported,igd
12,2.74202e-06,97040021,3425,8.177,38.41,ebi-a-GCST90001696,rs538264691,C,A,3e-04, || id:ebi-a-GCST90001696,TRUE,reported,igd
12,5.04406e-06,59068194,3425,1.259,5.753,ebi-a-GCST90001696,rs61188057,G,C,0.0153, || id:ebi-a-GCST90001696,TRUE,reported,igd
12,9.61701e-06,38143987,3425,4.089,18.12,ebi-a-GCST90001696,rs142399295,T,A,0.0013, || id:ebi-a-GCST90001696,TRUE,reported,igd
13,5.863e-06,93732550,3425,0.472,2.142,ebi-a-GCST90001696,rs66657257,G,T,0.1194, || id:ebi-a-GCST90001696,TRUE,reported,igd
14,3.49301e-08,68217724,3425,2.692,14.88,ebi-a-GCST90001696,rs742867,T,C,0.0029, || id:ebi-a-GCST90001696,TRUE,reported,igd
15,3.586e-08,69903187,3425,5.206,28.75,ebi-a-GCST90001696,rs140385926,G,A,9e-04, || id:ebi-a-GCST90001696,TRUE,reported,igd
16,8.007e-06,75062625,3425,1.937,8.664,ebi-a-GCST90001696,rs149716976,G,A,0.0057, || id:ebi-a-GCST90001696,TRUE,reported,igd
16,2.09701e-07,78214566,3425,5.048,26.26,ebi-a-GCST90001696,rs151237482,C,A,9e-04, || id:ebi-a-GCST90001696,TRUE,reported,igd
16,1.41501e-08,81625215,3425,4.629,26.32,ebi-a-GCST90001696,rs190312656,A,G,0.001, || id:ebi-a-GCST90001696,TRUE,reported,igd
16,4.00304e-06,26527473,3425,6.128,28.31,ebi-a-GCST90001696,rs150856260,T,C,7e-04, || id:ebi-a-GCST90001696,TRUE,reported,igd
16,1.273e-06,17388418,3425,4.049,19.65,ebi-a-GCST90001696,rs62033204,A,T,0.0015, || id:ebi-a-GCST90001696,TRUE,reported,igd
17,3.133e-06,67795226,3425,5.936,27.72,ebi-a-GCST90001696,rs77946649,A,G,6e-04, || id:ebi-a-GCST90001696,TRUE,reported,igd
17,5.90895e-07,71407818,3425,1.023,5.121,ebi-a-GCST90001696,rs148265436,T,C,0.0218, || id:ebi-a-GCST90001696,TRUE,reported,igd
18,1.13899e-07,39828718,3425,8.442,44.86,ebi-a-GCST90001696,rs75420474,C,T,3e-04, || id:ebi-a-GCST90001696,TRUE,reported,igd
18,7.57495e-06,72932358,3425,2.307,10.34,ebi-a-GCST90001696,rs75573571,A,T,0.0041, || id:ebi-a-GCST90001696,TRUE,reported,igd
19,3.36403e-06,17509059,3425,1.675,7.798,ebi-a-GCST90001696,rs55896100,T,C,0.0076, || id:ebi-a-GCST90001696,TRUE,reported,igd
19,3.87204e-06,3310194,3425,1.076,4.978,ebi-a-GCST90001696,rs117252706,G,C,0.0197, || id:ebi-a-GCST90001696,TRUE,reported,igd
19,4.40504e-06,43422957,3425,8.022,36.89,ebi-a-GCST90001696,rs117428784,A,C,4e-04, || id:ebi-a-GCST90001696,TRUE,reported,igd
20,3.94303e-06,55040109,3425,1.11,5.131,ebi-a-GCST90001696,rs77920451,G,A,0.0187, || id:ebi-a-GCST90001696,TRUE,reported,igd
20,8.77304e-06,59382138,3425,3.197,14.23,ebi-a-GCST90001696,rs75427771,A,C,0.002, || id:ebi-a-GCST90001696,TRUE,reported,igd
22,1.52999e-06,39345966,3425,0.3762,-1.811,ebi-a-GCST90001696,rs6001335,C,G,0.2091, || id:ebi-a-GCST90001696,TRUE,reported,igd
