beta.exposure,pval.exposure,samplesize.exposure,se.exposure,pos.exposure,chr.exposure,id.exposure,SNP,effect_allele.exposure,other_allele.exposure,eaf.exposure,exposure,mr_keep.exposure,pval_origin.exposure,data_source.exposure
0.184,5.88004e-06,3130,0.04055,188622706,1,ebi-a-GCST90001675,rs12038742,G,A,0.8895, || id:ebi-a-GCST90001675,TRUE,reported,igd
0.3032,1.41299e-06,3130,0.06273,57910243,1,ebi-a-GCST90001675,rs35089045,C,T,0.0436, || id:ebi-a-GCST90001675,TRUE,reported,igd
0.3431,2.43501e-06,3130,0.07265,120551817,1,ebi-a-GCST90001675,rs3879969,T,A,0.0323, || id:ebi-a-GCST90001675,TRUE,reported,igd
0.2961,2.53303e-06,3130,0.06281,122691344,2,ebi-a-GCST90001675,rs62166861,A,G,0.0428, || id:ebi-a-GCST90001675,TRUE,reported,igd
3.113,5.12094e-06,3130,0.6815,200181613,2,ebi-a-GCST90001675,rs72929459,T,C,3e-04, || id:ebi-a-GCST90001675,TRUE,reported,igd
-0.6309,5.01395e-06,3130,0.138,60344346,3,ebi-a-GCST90001675,rs115134707,C,T,0.0088, || id:ebi-a-GCST90001675,TRUE,reported,igd
-0.1279,8.74702e-06,3130,0.02873,76705353,3,ebi-a-GCST90001675,rs1839051,C,A,0.7407, || id:ebi-a-GCST90001675,TRUE,reported,igd
0.2101,8.38398e-06,3130,0.04708,172724426,3,ebi-a-GCST90001675,rs13068352,T,A,0.0792, || id:ebi-a-GCST90001675,TRUE,reported,igd
0.1749,7.68104e-06,3130,0.03902,161872855,4,ebi-a-GCST90001675,rs138505212,A,G,0.1209, || id:ebi-a-GCST90001675,TRUE,reported,igd
1.437,9.37303e-06,3130,0.3238,141162325,4,ebi-a-GCST90001675,rs115642223,C,T,0.0019, || id:ebi-a-GCST90001675,TRUE,reported,igd
0.1186,4.04902e-06,3130,0.02569,20984750,5,ebi-a-GCST90001675,rs6881158,T,C,0.5169, || id:ebi-a-GCST90001675,TRUE,reported,igd
0.1789,4.51804e-08,3130,0.03263,32446459,6,ebi-a-GCST90001675,rs17203563,A,G,0.2767, || id:ebi-a-GCST90001675,TRUE,reported,igd
-0.1603,1.41801e-06,3130,0.03317,7026245,7,ebi-a-GCST90001675,rs10952014,G,C,0.1823, || id:ebi-a-GCST90001675,TRUE,reported,igd
-0.1475,4.05005e-06,3130,0.03195,62998415,8,ebi-a-GCST90001675,rs77397960,C,T,0.2102, || id:ebi-a-GCST90001675,TRUE,reported,igd
-0.1252,8.33393e-06,3130,0.02806,4728523,9,ebi-a-GCST90001675,rs76210385,C,T,0.2863, || id:ebi-a-GCST90001675,TRUE,reported,igd
0.1111,9.99309e-06,3130,0.02511,119541778,11,ebi-a-GCST90001675,rs4459318,T,C,0.4709, || id:ebi-a-GCST90001675,TRUE,reported,igd
0.1917,5.70401e-06,3130,0.04218,52559164,12,ebi-a-GCST90001675,rs7963204,A,G,0.1002, || id:ebi-a-GCST90001675,TRUE,reported,igd
-0.1445,7.00293e-06,3130,0.0321,24865664,13,ebi-a-GCST90001675,rs57153567,A,G,0.1962, || id:ebi-a-GCST90001675,TRUE,reported,igd
-0.116,4.69602e-06,3130,0.0253,95276540,15,ebi-a-GCST90001675,rs1871360,A,T,0.4323, || id:ebi-a-GCST90001675,TRUE,reported,igd
0.4095,5.97599e-07,3130,0.08185,86074353,16,ebi-a-GCST90001675,rs66790175,G,T,0.0241, || id:ebi-a-GCST90001675,TRUE,reported,igd
0.1237,1.071e-06,3130,0.02531,74615933,17,ebi-a-GCST90001675,rs12450916,T,C,0.5425, || id:ebi-a-GCST90001675,TRUE,reported,igd
0.3988,7.35699e-06,3130,0.0888,67264572,17,ebi-a-GCST90001675,rs79000044,T,A,0.0209, || id:ebi-a-GCST90001675,TRUE,reported,igd
0.2525,9.06004e-07,3130,0.0513,29871886,17,ebi-a-GCST90001675,rs62063923,G,C,0.0642, || id:ebi-a-GCST90001675,TRUE,reported,igd
-0.1333,3.63999e-06,3130,0.02873,67151077,18,ebi-a-GCST90001675,rs9319779,T,C,0.7284, || id:ebi-a-GCST90001675,TRUE,reported,igd
0.1155,6.81805e-06,3130,0.02562,13114434,19,ebi-a-GCST90001675,rs10413329,G,A,0.5032, || id:ebi-a-GCST90001675,TRUE,reported,igd
0.2329,9.42302e-06,3130,0.05249,18052894,20,ebi-a-GCST90001675,rs117591947,A,G,0.0642, || id:ebi-a-GCST90001675,TRUE,reported,igd
0.248,3.323e-07,3130,0.04848,5222441,20,ebi-a-GCST90001675,rs6085043,G,T,0.0796, || id:ebi-a-GCST90001675,TRUE,reported,igd
-0.2097,6.346e-06,3130,0.04637,33611208,20,ebi-a-GCST90001675,rs75632179,G,T,0.0829, || id:ebi-a-GCST90001675,TRUE,reported,igd
0.3812,5.02505e-06,3130,0.08337,41072897,21,ebi-a-GCST90001675,rs79172657,T,C,0.024, || id:ebi-a-GCST90001675,TRUE,reported,igd
0.1463,5.33396e-06,3130,0.03208,24892018,22,ebi-a-GCST90001675,rs6004167,G,A,0.1875, || id:ebi-a-GCST90001675,TRUE,reported,igd
