pos.exposure,samplesize.exposure,beta.exposure,chr.exposure,se.exposure,pval.exposure,id.exposure,SNP,effect_allele.exposure,other_allele.exposure,eaf.exposure,exposure,mr_keep.exposure,pval_origin.exposure,data_source.exposure
165238114,2910,0.1586,1,0.03428,3.90904e-06,ebi-a-GCST90001838,rs4657430,C,T,0.1911, || id:ebi-a-GCST90001838,TRUE,reported,igd
26647949,2910,0.1671,1,0.03362,7.09692e-07,ebi-a-GCST90001838,rs7416513,C,G,0.7947, || id:ebi-a-GCST90001838,TRUE,reported,igd
118266529,2910,-0.1235,1,0.02768,8.41201e-06,ebi-a-GCST90001838,rs4396110,A,G,0.4232, || id:ebi-a-GCST90001838,TRUE,reported,igd
167136405,2910,0.3184,1,0.04432,8.58025e-13,ebi-a-GCST90001838,rs61814886,A,G,0.106, || id:ebi-a-GCST90001838,TRUE,reported,igd
167173140,2910,0.4823,1,0.06189,9.11381e-15,ebi-a-GCST90001838,rs4657649,C,T,0.051, || id:ebi-a-GCST90001838,TRUE,reported,igd
165191695,2910,-0.4992,1,0.08145,1.003e-09,ebi-a-GCST90001838,rs78132817,G,T,0.0296, || id:ebi-a-GCST90001838,TRUE,reported,igd
167728447,2910,0.1921,1,0.03327,8.64092e-09,ebi-a-GCST90001838,rs4657706,T,C,0.7893, || id:ebi-a-GCST90001838,TRUE,reported,igd
167431193,2910,0.6185,1,0.02534,6.62217e-120,ebi-a-GCST90001838,rs2995089,A,G,0.4459, || id:ebi-a-GCST90001838,TRUE,reported,igd
45448525,2910,-0.1477,2,0.03217,4.59103e-06,ebi-a-GCST90001838,rs12994487,G,T,0.2589, || id:ebi-a-GCST90001838,TRUE,reported,igd
53322015,2910,-0.2297,4,0.04947,3.58798e-06,ebi-a-GCST90001838,rs148965436,C,T,0.0854, || id:ebi-a-GCST90001838,TRUE,reported,igd
73709210,2910,0.888,4,0.1846,1.57601e-06,ebi-a-GCST90001838,rs115280990,A,G,0.0052, || id:ebi-a-GCST90001838,TRUE,reported,igd
70434581,2910,0.2805,7,0.06205,6.41904e-06,ebi-a-GCST90001838,rs112171230,T,C,0.0536, || id:ebi-a-GCST90001838,TRUE,reported,igd
89116077,2910,-0.3607,8,0.07641,2.45997e-06,ebi-a-GCST90001838,rs28906376,G,A,0.0321, || id:ebi-a-GCST90001838,TRUE,reported,igd
105868652,2910,-0.1266,9,0.02735,3.79402e-06,ebi-a-GCST90001838,rs6479155,C,T,0.4973, || id:ebi-a-GCST90001838,TRUE,reported,igd
22044904,2910,0.3883,9,0.07986,1.22101e-06,ebi-a-GCST90001838,rs74744824,G,A,0.0297, || id:ebi-a-GCST90001838,TRUE,reported,igd
132210362,2910,-0.3659,11,0.06602,3.25402e-08,ebi-a-GCST90001838,rs111780443,T,C,0.045, || id:ebi-a-GCST90001838,TRUE,reported,igd
2419083,2910,-0.6149,12,0.1327,3.76504e-06,ebi-a-GCST90001838,rs118065562,A,G,0.0108, || id:ebi-a-GCST90001838,TRUE,reported,igd
70243505,2910,-0.3439,14,0.07496,4.649e-06,ebi-a-GCST90001838,rs4646296,G,C,0.0344, || id:ebi-a-GCST90001838,TRUE,reported,igd
52876003,2910,-0.5466,14,0.1193,4.81105e-06,ebi-a-GCST90001838,rs75624489,A,G,0.0132, || id:ebi-a-GCST90001838,TRUE,reported,igd
430304,2910,-0.1937,16,0.03404,1.39701e-08,ebi-a-GCST90001838,rs12921174,C,T,0.2041, || id:ebi-a-GCST90001838,TRUE,reported,igd
50264054,2910,0.2399,16,0.05291,6.04895e-06,ebi-a-GCST90001838,rs62028293,C,T,0.0737, || id:ebi-a-GCST90001838,TRUE,reported,igd
70789650,2910,-0.1299,17,0.02894,7.40406e-06,ebi-a-GCST90001838,rs2714019,T,C,0.6704, || id:ebi-a-GCST90001838,TRUE,reported,igd
44040626,2910,-0.1613,17,0.0356,6.09102e-06,ebi-a-GCST90001838,rs16940758,T,C,0.1837, || id:ebi-a-GCST90001838,TRUE,reported,igd
60172299,2910,-0.2546,20,0.05714,8.66403e-06,ebi-a-GCST90001838,rs66774667,T,C,0.0598, || id:ebi-a-GCST90001838,TRUE,reported,igd
32779227,2910,0.1347,22,0.02749,1.003e-06,ebi-a-GCST90001838,rs2413113,C,T,0.5385, || id:ebi-a-GCST90001838,TRUE,reported,igd
