beta.exposure,se.exposure,samplesize.exposure,pos.exposure,pval.exposure,chr.exposure,id.exposure,SNP,effect_allele.exposure,other_allele.exposure,eaf.exposure,exposure,mr_keep.exposure,pval_origin.exposure,data_source.exposure
-0.1659,0.03734,3653,236468046,9.122e-06,2,ebi-a-GCST90001621,rs112708092,T,C,0.1181, || id:ebi-a-GCST90001621,TRUE,reported,igd
-0.4897,0.1087,3653,127072857,6.85204e-06,3,ebi-a-GCST90001621,rs72960531,T,C,0.0127, || id:ebi-a-GCST90001621,TRUE,reported,igd
-0.5201,0.1061,3653,110173445,9.84895e-07,4,ebi-a-GCST90001621,rs35164053,A,G,0.0151, || id:ebi-a-GCST90001621,TRUE,reported,igd
0.5615,0.1194,3653,46796462,2.65601e-06,4,ebi-a-GCST90001621,rs114574090,T,C,0.0109, || id:ebi-a-GCST90001621,TRUE,reported,igd
-0.1156,0.02498,3653,148807226,3.79603e-06,5,ebi-a-GCST90001621,rs353293,T,C,0.4316, || id:ebi-a-GCST90001621,TRUE,reported,igd
0.8601,0.1833,3653,39445552,2.81397e-06,5,ebi-a-GCST90001621,rs16868916,C,A,0.0042, || id:ebi-a-GCST90001621,TRUE,reported,igd
0.4706,0.07011,3653,101911859,2.22382e-11,6,ebi-a-GCST90001621,rs75494211,A,G,0.0328, || id:ebi-a-GCST90001621,TRUE,reported,igd
-0.1918,0.03901,3653,100143688,9.20492e-07,6,ebi-a-GCST90001621,rs511427,A,G,0.8837, || id:ebi-a-GCST90001621,TRUE,reported,igd
0.4624,0.07284,3653,102294761,2.44298e-10,6,ebi-a-GCST90001621,rs139249541,G,A,0.0316, || id:ebi-a-GCST90001621,TRUE,reported,igd
0.29,0.05936,3653,100317414,1.07599e-06,6,ebi-a-GCST90001621,rs117047316,T,C,0.048, || id:ebi-a-GCST90001621,TRUE,reported,igd
0.264,0.0552,3653,101417409,1.789e-06,6,ebi-a-GCST90001621,rs115536607,T,C,0.0547, || id:ebi-a-GCST90001621,TRUE,reported,igd
0.1548,0.03257,3653,52580478,2.088e-06,7,ebi-a-GCST90001621,rs2041561,C,G,0.8214, || id:ebi-a-GCST90001621,TRUE,reported,igd
0.1184,0.02522,3653,132413024,2.77997e-06,7,ebi-a-GCST90001621,rs640339,T,C,0.5463, || id:ebi-a-GCST90001621,TRUE,reported,igd
0.1838,0.04117,3653,12934776,8.22394e-06,7,ebi-a-GCST90001621,rs10256019,C,T,0.8968, || id:ebi-a-GCST90001621,TRUE,reported,igd
0.1387,0.02493,3653,144992862,2.844e-08,8,ebi-a-GCST90001621,rs7819099,G,A,0.5116, || id:ebi-a-GCST90001621,TRUE,reported,igd
0.231,0.05116,3653,25541959,6.51703e-06,8,ebi-a-GCST90001621,rs145191094,G,T,0.0623, || id:ebi-a-GCST90001621,TRUE,reported,igd
-0.1119,0.0249,3653,122546242,7.16292e-06,9,ebi-a-GCST90001621,rs2781107,C,T,0.5475, || id:ebi-a-GCST90001621,TRUE,reported,igd
-0.1122,0.02476,3653,36351694,6.01506e-06,9,ebi-a-GCST90001621,rs10972866,A,G,0.5059, || id:ebi-a-GCST90001621,TRUE,reported,igd
-0.2014,0.04411,3653,88396393,5.16297e-06,10,ebi-a-GCST90001621,rs113127552,C,T,0.088, || id:ebi-a-GCST90001621,TRUE,reported,igd
0.1234,0.02678,3653,131463916,4.19199e-06,11,ebi-a-GCST90001621,rs10750486,A,G,0.6731, || id:ebi-a-GCST90001621,TRUE,reported,igd
-0.3521,0.06692,3653,112189184,1.51001e-07,11,ebi-a-GCST90001621,rs12792298,T,C,0.0345, || id:ebi-a-GCST90001621,TRUE,reported,igd
-0.4086,0.03904,3653,112705025,2.79383e-25,11,ebi-a-GCST90001621,rs78268116,T,C,0.1096, || id:ebi-a-GCST90001621,TRUE,reported,igd
0.1721,0.03092,3653,112914680,2.78099e-08,11,ebi-a-GCST90001621,rs12224032,G,C,0.2087, || id:ebi-a-GCST90001621,TRUE,reported,igd
-0.1173,0.02511,3653,2306683,3.07199e-06,11,ebi-a-GCST90001621,rs10765907,C,T,0.5672, || id:ebi-a-GCST90001621,TRUE,reported,igd
0.7327,0.1613,3653,61383255,5.72598e-06,12,ebi-a-GCST90001621,rs73122728,T,A,0.0059, || id:ebi-a-GCST90001621,TRUE,reported,igd
0.3815,0.0753,3653,47944164,4.24405e-07,12,ebi-a-GCST90001621,rs73109444,T,C,0.0279, || id:ebi-a-GCST90001621,TRUE,reported,igd
0.117,0.02638,3653,71518033,9.44409e-06,12,ebi-a-GCST90001621,rs12817873,A,G,0.3622, || id:ebi-a-GCST90001621,TRUE,reported,igd
-0.346,0.07498,3653,109580017,4.06303e-06,13,ebi-a-GCST90001621,rs79649529,A,G,0.0271, || id:ebi-a-GCST90001621,TRUE,reported,igd
-0.207,0.04067,3653,99846398,3.79901e-07,14,ebi-a-GCST90001621,rs12895031,T,C,0.1044, || id:ebi-a-GCST90001621,TRUE,reported,igd
0.6919,0.1488,3653,33137651,3.41397e-06,15,ebi-a-GCST90001621,rs72717679,G,T,0.0068, || id:ebi-a-GCST90001621,TRUE,reported,igd
-0.1848,0.0342,3653,33769883,6.99906e-08,17,ebi-a-GCST90001621,rs11652532,A,G,0.1574, || id:ebi-a-GCST90001621,TRUE,reported,igd
0.1457,0.02472,3653,33796260,4.132e-09,17,ebi-a-GCST90001621,rs9916629,C,T,0.5123, || id:ebi-a-GCST90001621,TRUE,reported,igd
0.3817,0.0853,3653,61860478,7.87898e-06,18,ebi-a-GCST90001621,rs7232006,T,C,0.0227, || id:ebi-a-GCST90001621,TRUE,reported,igd
0.1274,0.0276,3653,32872109,4.01504e-06,19,ebi-a-GCST90001621,rs8104714,C,A,0.7178, || id:ebi-a-GCST90001621,TRUE,reported,igd
-0.4558,0.09222,3653,29982668,8.046e-07,21,ebi-a-GCST90001621,rs9983338,T,C,0.0188, || id:ebi-a-GCST90001621,TRUE,reported,igd
