samplesize.exposure,se.exposure,chr.exposure,beta.exposure,pval.exposure,pos.exposure,id.exposure,SNP,effect_allele.exposure,other_allele.exposure,eaf.exposure,exposure,mr_keep.exposure,pval_origin.exposure,data_source.exposure
3579,0.02952,1,-0.1377,3.21603e-06,34612610,ebi-a-GCST90001627,rs771140,G,C,0.7802, || id:ebi-a-GCST90001627,TRUE,reported,igd
3579,0.04753,1,0.2308,1.25e-06,120406847,ebi-a-GCST90001627,rs6686155,A,C,0.0739, || id:ebi-a-GCST90001627,TRUE,reported,igd
3579,0.0462,1,-0.2266,9.794e-07,230111146,ebi-a-GCST90001627,rs12029484,G,A,0.0768, || id:ebi-a-GCST90001627,TRUE,reported,igd
3579,0.04709,1,0.2173,4.05201e-06,168428587,ebi-a-GCST90001627,rs61500216,C,T,0.0742, || id:ebi-a-GCST90001627,TRUE,reported,igd
3579,0.09699,2,-0.4444,4.76497e-06,24474853,ebi-a-GCST90001627,rs78744340,A,G,0.0166, || id:ebi-a-GCST90001627,TRUE,reported,igd
3579,0.0435,3,0.196,6.79908e-06,29043472,ebi-a-GCST90001627,rs57068864,A,G,0.0852, || id:ebi-a-GCST90001627,TRUE,reported,igd
3579,0.06773,5,-0.3262,1.52598e-06,58125959,ebi-a-GCST90001627,rs17286630,G,A,0.0337, || id:ebi-a-GCST90001627,TRUE,reported,igd
3579,0.02924,6,-0.1305,8.31994e-06,109038333,ebi-a-GCST90001627,rs11153123,G,A,0.228, || id:ebi-a-GCST90001627,TRUE,reported,igd
3579,0.03361,6,-0.1496,8.81394e-06,50683009,ebi-a-GCST90001627,rs78648104,C,T,0.1707, || id:ebi-a-GCST90001627,TRUE,reported,igd
3579,0.03098,6,0.2434,5.15941e-15,32448398,ebi-a-GCST90001627,rs9378213,G,T,0.3061, || id:ebi-a-GCST90001627,TRUE,reported,igd
3579,0.09735,6,0.4692,1.49699e-06,142661594,ebi-a-GCST90001627,rs79684162,T,C,0.0169, || id:ebi-a-GCST90001627,TRUE,reported,igd
3579,0.03146,6,0.1607,3.43297e-07,31414906,ebi-a-GCST90001627,rs2516465,T,G,0.277, || id:ebi-a-GCST90001627,TRUE,reported,igd
3579,0.09112,7,-0.4225,3.67003e-06,115451309,ebi-a-GCST90001627,rs76997602,G,A,0.0176, || id:ebi-a-GCST90001627,TRUE,reported,igd
3579,0.06655,7,-0.2997,6.88002e-06,114787625,ebi-a-GCST90001627,rs75495211,T,G,0.0362, || id:ebi-a-GCST90001627,TRUE,reported,igd
3579,0.04705,8,-0.2114,7.26507e-06,103349435,ebi-a-GCST90001627,rs74743779,T,C,0.0735, || id:ebi-a-GCST90001627,TRUE,reported,igd
3579,0.1709,8,-0.8815,2.64698e-07,11817727,ebi-a-GCST90001627,rs138678763,C,T,0.005, || id:ebi-a-GCST90001627,TRUE,reported,igd
3579,0.02608,9,-0.1446,3.16599e-08,117649136,ebi-a-GCST90001627,rs2181036,C,T,0.4167, || id:ebi-a-GCST90001627,TRUE,reported,igd
3579,0.0261,10,0.1243,2.01099e-06,32045932,ebi-a-GCST90001627,rs2808067,C,T,0.6642, || id:ebi-a-GCST90001627,TRUE,reported,igd
3579,0.04575,10,0.2373,2.26699e-07,118142066,ebi-a-GCST90001627,rs11197647,T,G,0.0759, || id:ebi-a-GCST90001627,TRUE,reported,igd
3579,0.02459,11,-0.1197,1.17801e-06,107664900,ebi-a-GCST90001627,rs567794,A,G,0.5085, || id:ebi-a-GCST90001627,TRUE,reported,igd
3579,0.02977,12,0.1456,1.054e-06,85019560,ebi-a-GCST90001627,rs73365443,A,G,0.2195, || id:ebi-a-GCST90001627,TRUE,reported,igd
3579,0.2558,13,1.176,4.394e-06,50104582,ebi-a-GCST90001627,rs75799568,T,C,0.0021, || id:ebi-a-GCST90001627,TRUE,reported,igd
3579,0.08787,13,-0.4162,2.256e-06,110882752,ebi-a-GCST90001627,rs506151,T,C,0.0201, || id:ebi-a-GCST90001627,TRUE,reported,igd
3579,0.02769,14,0.1239,7.92702e-06,96082974,ebi-a-GCST90001627,rs59231583,T,G,0.733, || id:ebi-a-GCST90001627,TRUE,reported,igd
3579,0.02474,14,0.1133,4.81604e-06,100653131,ebi-a-GCST90001627,rs75913581,A,G,0.4202, || id:ebi-a-GCST90001627,TRUE,reported,igd
3579,0.04968,15,-0.2253,5.95799e-06,70048157,ebi-a-GCST90001627,rs10152591,C,A,0.0645, || id:ebi-a-GCST90001627,TRUE,reported,igd
3579,0.02498,16,-0.1331,1.06001e-07,10824872,ebi-a-GCST90001627,rs1084560,G,A,0.5721, || id:ebi-a-GCST90001627,TRUE,reported,igd
3579,0.0278,16,-0.4286,5.57057e-52,10970902,ebi-a-GCST90001627,rs3087456,A,G,0.766, || id:ebi-a-GCST90001627,TRUE,reported,igd
3579,0.07143,16,0.3535,7.79399e-07,10380785,ebi-a-GCST90001627,rs112455120,T,C,0.0302, || id:ebi-a-GCST90001627,TRUE,reported,igd
3579,0.03296,16,-0.2122,1.358e-10,10569039,ebi-a-GCST90001627,rs72779785,G,A,0.1636, || id:ebi-a-GCST90001627,TRUE,reported,igd
3579,0.02793,17,-0.1242,9.05295e-06,71372662,ebi-a-GCST90001627,rs35669214,C,T,0.2543, || id:ebi-a-GCST90001627,TRUE,reported,igd
3579,0.3314,18,1.495,6.68806e-06,55985546,ebi-a-GCST90001627,rs138213638,C,T,0.0014, || id:ebi-a-GCST90001627,TRUE,reported,igd
3579,0.3363,19,1.513,7.057e-06,38669622,ebi-a-GCST90001627,rs76443179,A,G,0.0014, || id:ebi-a-GCST90001627,TRUE,reported,igd
3579,0.04234,19,0.1906,6.97606e-06,17485805,ebi-a-GCST90001627,rs117517764,G,A,0.0911, || id:ebi-a-GCST90001627,TRUE,reported,igd
3579,0.0408,19,-0.1869,4.77903e-06,795371,ebi-a-GCST90001627,rs78581629,A,G,0.0965, || id:ebi-a-GCST90001627,TRUE,reported,igd
