pos.exposure,se.exposure,chr.exposure,beta.exposure,pval.exposure,samplesize.exposure,id.exposure,SNP,effect_allele.exposure,other_allele.exposure,eaf.exposure,exposure,mr_keep.exposure,pval_origin.exposure,data_source.exposure
167173140,0.06086,1,0.5489,3.33734e-19,2910,ebi-a-GCST90001842,rs4657649,C,T,0.051, || id:ebi-a-GCST90001842,TRUE,reported,igd
167424924,0.02442,1,0.6864,5.66239e-154,2910,ebi-a-GCST90001842,rs2949661,T,C,0.446, || id:ebi-a-GCST90001842,TRUE,reported,igd
118266529,0.0274,1,-0.1303,2.08699e-06,2910,ebi-a-GCST90001842,rs4396110,A,G,0.4232, || id:ebi-a-GCST90001842,TRUE,reported,igd
229528427,0.02737,1,0.1214,9.54091e-06,2910,ebi-a-GCST90001842,rs4925475,C,T,0.5027, || id:ebi-a-GCST90001842,TRUE,reported,igd
165888466,0.04997,1,0.2517,5.04696e-07,2910,ebi-a-GCST90001842,rs146330992,T,C,0.0844, || id:ebi-a-GCST90001842,TRUE,reported,igd
167113055,0.04422,1,0.3354,4.48229e-14,2910,ebi-a-GCST90001842,rs61814872,T,C,0.1024, || id:ebi-a-GCST90001842,TRUE,reported,igd
165671820,0.0278,1,-0.1373,8.23797e-07,2910,ebi-a-GCST90001842,rs7530127,C,T,0.407, || id:ebi-a-GCST90001842,TRUE,reported,igd
95285730,0.2163,1,-1.041,1.57699e-06,2910,ebi-a-GCST90001842,rs76066554,T,C,0.0036, || id:ebi-a-GCST90001842,TRUE,reported,igd
56038405,0.07384,2,-0.332,7.19002e-06,2910,ebi-a-GCST90001842,rs139257983,G,A,0.0361, || id:ebi-a-GCST90001842,TRUE,reported,igd
45913338,0.03629,3,0.2334,1.457e-10,2910,ebi-a-GCST90001842,rs28607988,C,A,0.1704, || id:ebi-a-GCST90001842,TRUE,reported,igd
64581733,0.03327,3,0.1539,3.90301e-06,2910,ebi-a-GCST90001842,rs11715223,A,G,0.2151, || id:ebi-a-GCST90001842,TRUE,reported,igd
183742136,0.04111,4,0.1895,4.20901e-06,2910,ebi-a-GCST90001842,rs28535434,C,T,0.8751, || id:ebi-a-GCST90001842,TRUE,reported,igd
186735780,0.02774,4,0.1301,2.86003e-06,2910,ebi-a-GCST90001842,rs12502302,T,C,0.4043, || id:ebi-a-GCST90001842,TRUE,reported,igd
64965028,0.1065,6,-0.4916,4.10696e-06,2910,ebi-a-GCST90001842,rs113731203,C,T,0.0184, || id:ebi-a-GCST90001842,TRUE,reported,igd
51722488,0.2364,7,1.065,6.83298e-06,2910,ebi-a-GCST90001842,rs62465786,T,C,0.0034, || id:ebi-a-GCST90001842,TRUE,reported,igd
70434581,0.06122,7,0.3132,3.31803e-07,2910,ebi-a-GCST90001842,rs112171230,T,C,0.0536, || id:ebi-a-GCST90001842,TRUE,reported,igd
48898926,0.02897,7,-0.1285,9.54597e-06,2910,ebi-a-GCST90001842,rs34064330,G,T,0.3459, || id:ebi-a-GCST90001842,TRUE,reported,igd
22044904,0.07893,9,0.3526,8.21902e-06,2910,ebi-a-GCST90001842,rs74744824,G,A,0.0297, || id:ebi-a-GCST90001842,TRUE,reported,igd
82439265,0.06124,10,0.2723,9.06108e-06,2910,ebi-a-GCST90001842,rs146993166,T,C,0.0509, || id:ebi-a-GCST90001842,TRUE,reported,igd
120364753,0.2145,11,-1.116,2.117e-07,2910,ebi-a-GCST90001842,rs141784254,G,A,0.0038, || id:ebi-a-GCST90001842,TRUE,reported,igd
117753136,0.246,11,-1.343,5.24602e-08,2910,ebi-a-GCST90001842,rs74620952,C,T,0.0031, || id:ebi-a-GCST90001842,TRUE,reported,igd
2419083,0.1307,12,-0.6044,3.91904e-06,2910,ebi-a-GCST90001842,rs118065562,A,G,0.0108, || id:ebi-a-GCST90001842,TRUE,reported,igd
75011432,0.03002,13,0.1354,6.71197e-06,2910,ebi-a-GCST90001842,rs9318267,G,T,0.7052, || id:ebi-a-GCST90001842,TRUE,reported,igd
430469,0.03343,16,-0.2093,4.44795e-10,2910,ebi-a-GCST90001842,rs2003830,G,C,0.2048, || id:ebi-a-GCST90001842,TRUE,reported,igd
2872116,0.02906,16,0.1419,1.09799e-06,2910,ebi-a-GCST90001842,rs62035375,C,G,0.6845, || id:ebi-a-GCST90001842,TRUE,reported,igd
70790532,0.0284,17,-0.1403,8.24992e-07,2910,ebi-a-GCST90001842,rs7502332,A,G,0.6644, || id:ebi-a-GCST90001842,TRUE,reported,igd
9979604,0.1285,20,0.6287,1.06001e-06,2910,ebi-a-GCST90001842,rs113208949,T,C,0.0112, || id:ebi-a-GCST90001842,TRUE,reported,igd
32779227,0.02724,22,0.13,1.90801e-06,2910,ebi-a-GCST90001842,rs2413113,C,T,0.5385, || id:ebi-a-GCST90001842,TRUE,reported,igd
37217172,0.03478,22,-0.1619,3.38197e-06,2910,ebi-a-GCST90001842,rs2213429,T,C,0.1854, || id:ebi-a-GCST90001842,TRUE,reported,igd
45187219,0.02751,22,-0.1325,1.532e-06,2910,ebi-a-GCST90001842,rs62232208,G,A,0.4265, || id:ebi-a-GCST90001842,TRUE,reported,igd
