pos.exposure,pval.exposure,se.exposure,beta.exposure,samplesize.exposure,chr.exposure,id.exposure,SNP,effect_allele.exposure,other_allele.exposure,eaf.exposure,exposure,mr_keep.exposure,pval_origin.exposure,data_source.exposure
2483961,1.72001e-06,0.04487,0.2157,1247,1,ebi-a-GCST90001874,rs2258734,A,G,0.2863, || id:ebi-a-GCST90001874,TRUE,reported,igd
210532944,4.28105e-06,0.1244,-0.5747,1247,1,ebi-a-GCST90001874,rs74414172,T,C,0.0281, || id:ebi-a-GCST90001874,TRUE,reported,igd
154560519,1.41801e-06,0.1053,-0.5104,1247,2,ebi-a-GCST90001874,rs16834073,C,T,0.0397, || id:ebi-a-GCST90001874,TRUE,reported,igd
58990485,6.85204e-06,0.04108,0.1856,1247,2,ebi-a-GCST90001874,rs2862874,T,G,0.4888, || id:ebi-a-GCST90001874,TRUE,reported,igd
34001527,4.797e-06,0.1043,0.479,1247,2,ebi-a-GCST90001874,rs112418980,T,C,0.0405, || id:ebi-a-GCST90001874,TRUE,reported,igd
60109679,6.27798e-06,0.06171,0.2799,1247,3,ebi-a-GCST90001874,rs80056411,G,C,0.1339, || id:ebi-a-GCST90001874,TRUE,reported,igd
83660842,7.36004e-06,0.06467,-0.2911,1247,4,ebi-a-GCST90001874,rs17354029,G,A,0.1191, || id:ebi-a-GCST90001874,TRUE,reported,igd
165479017,4.89204e-06,0.05322,-0.2443,1247,6,ebi-a-GCST90001874,rs227452,G,A,0.8228, || id:ebi-a-GCST90001874,TRUE,reported,igd
121724473,3.80601e-07,0.06514,0.3326,1247,6,ebi-a-GCST90001874,rs6903232,G,T,0.1159, || id:ebi-a-GCST90001874,TRUE,reported,igd
120117845,9.89601e-06,0.04323,0.1918,1247,6,ebi-a-GCST90001874,rs9489809,C,A,0.6712, || id:ebi-a-GCST90001874,TRUE,reported,igd
159828798,5.87395e-06,0.08381,-0.3814,1247,6,ebi-a-GCST90001874,rs80235303,T,C,0.0666, || id:ebi-a-GCST90001874,TRUE,reported,igd
54565976,3.84698e-06,0.3778,-1.753,1247,7,ebi-a-GCST90001874,rs111696805,A,G,0.0028, || id:ebi-a-GCST90001874,TRUE,reported,igd
34495959,2.229e-07,0.2642,-1.376,1247,7,ebi-a-GCST90001874,rs529163274,G,T,0.0064, || id:ebi-a-GCST90001874,TRUE,reported,igd
26754888,3.75898e-07,0.04273,-0.2183,1247,9,ebi-a-GCST90001874,rs9696823,G,A,0.3344, || id:ebi-a-GCST90001874,TRUE,reported,igd
95793215,3.66699e-06,0.07228,0.3361,1247,9,ebi-a-GCST90001874,rs75776206,C,T,0.091, || id:ebi-a-GCST90001874,TRUE,reported,igd
134924887,6.81397e-06,0.04527,0.2045,1247,11,ebi-a-GCST90001874,rs73597199,C,T,0.3256, || id:ebi-a-GCST90001874,TRUE,reported,igd
93741127,8.76698e-06,0.2007,0.8961,1247,11,ebi-a-GCST90001874,rs117738211,A,G,0.0108, || id:ebi-a-GCST90001874,TRUE,reported,igd
57036822,9.99402e-06,0.07662,0.3398,1247,11,ebi-a-GCST90001874,rs61622210,A,G,0.079, || id:ebi-a-GCST90001874,TRUE,reported,igd
26469016,6.39499e-06,0.05406,-0.245,1247,12,ebi-a-GCST90001874,rs10842705,G,A,0.1828, || id:ebi-a-GCST90001874,TRUE,reported,igd
50214637,7.45504e-06,0.04627,-0.2082,1247,12,ebi-a-GCST90001874,rs4075681,T,C,0.2759, || id:ebi-a-GCST90001874,TRUE,reported,igd
638012,8.57907e-06,0.04575,0.2044,1247,12,ebi-a-GCST90001874,rs6489587,G,A,0.7113, || id:ebi-a-GCST90001874,TRUE,reported,igd
106929985,6.98104e-06,0.04105,0.1853,1247,12,ebi-a-GCST90001874,rs2374621,T,A,0.4896, || id:ebi-a-GCST90001874,TRUE,reported,igd
55625565,3.51099e-06,0.0875,0.4077,1247,13,ebi-a-GCST90001874,rs76481969,A,G,0.0605, || id:ebi-a-GCST90001874,TRUE,reported,igd
57322045,6.48993e-06,0.04261,0.193,1247,14,ebi-a-GCST90001874,rs1483108,A,G,0.3998, || id:ebi-a-GCST90001874,TRUE,reported,igd
34314839,3.323e-06,0.1833,0.8563,1247,14,ebi-a-GCST90001874,rs78305076,G,A,0.0124, || id:ebi-a-GCST90001874,TRUE,reported,igd
96917459,3.71202e-06,0.1674,-0.7782,1247,15,ebi-a-GCST90001874,rs140287246,T,C,0.0148, || id:ebi-a-GCST90001874,TRUE,reported,igd
80431900,5.48504e-06,0.0506,-0.231,1247,16,ebi-a-GCST90001874,rs8057943,A,C,0.7887, || id:ebi-a-GCST90001874,TRUE,reported,igd
44220733,3.093e-06,0.04967,-0.2328,1247,19,ebi-a-GCST90001874,rs12972416,G,A,0.2069, || id:ebi-a-GCST90001874,TRUE,reported,igd
