chr.exposure,samplesize.exposure,beta.exposure,pval.exposure,se.exposure,pos.exposure,id.exposure,SNP,effect_allele.exposure,other_allele.exposure,eaf.exposure,exposure,mr_keep.exposure,pval_origin.exposure,data_source.exposure
1,3437,0.4208,6.01395e-07,0.08415,193263354,ebi-a-GCST90001485,rs61821998,A,T,0.0215, || id:ebi-a-GCST90001485,TRUE,reported,igd
1,3437,0.7843,1.293e-09,0.1289,195875605,ebi-a-GCST90001485,rs34645541,A,C,0.0095, || id:ebi-a-GCST90001485,TRUE,reported,igd
1,3437,2.837,5.74196e-06,0.6244,214625781,ebi-a-GCST90001485,rs150956189,C,T,3e-04, || id:ebi-a-GCST90001485,TRUE,reported,igd
1,3437,1.311,6.98232e-12,0.1905,194010208,ebi-a-GCST90001485,rs116794175,C,T,0.0042, || id:ebi-a-GCST90001485,TRUE,reported,igd
1,3437,2.267,3.79315e-25,0.2171,198151688,ebi-a-GCST90001485,rs113435341,G,A,0.0032, || id:ebi-a-GCST90001485,TRUE,reported,igd
1,3437,1.718,1.35114e-20,0.1835,199999121,ebi-a-GCST90001485,rs11579717,A,G,0.0044, || id:ebi-a-GCST90001485,TRUE,reported,igd
1,3437,0.8819,2.31702e-06,0.1864,182091538,ebi-a-GCST90001485,rs187089343,C,A,0.0047, || id:ebi-a-GCST90001485,TRUE,reported,igd
2,3437,1.581,1.46599e-06,0.3277,53370856,ebi-a-GCST90001485,rs78096816,C,A,0.0013, || id:ebi-a-GCST90001485,TRUE,reported,igd
2,3437,0.201,1.82684e-13,0.02719,38897249,ebi-a-GCST90001485,rs12712610,G,A,0.2975, || id:ebi-a-GCST90001485,TRUE,reported,igd
2,3437,0.6189,3.82904e-06,0.1337,160238519,ebi-a-GCST90001485,rs115977640,A,C,0.0077, || id:ebi-a-GCST90001485,TRUE,reported,igd
2,3437,-0.1612,7.94292e-09,0.02787,38745822,ebi-a-GCST90001485,rs11890666,A,G,0.2866, || id:ebi-a-GCST90001485,TRUE,reported,igd
3,3437,14.69,5.53095e-07,2.928,126743223,ebi-a-GCST90001485,rs150096082,A,G,NA, || id:ebi-a-GCST90001485,TRUE,reported,igd
5,3437,-0.1114,6.844e-06,0.02473,171129907,ebi-a-GCST90001485,rs884599,G,A,0.4491, || id:ebi-a-GCST90001485,TRUE,reported,igd
5,3437,0.1241,9.15398e-07,0.02523,85325148,ebi-a-GCST90001485,rs12518588,G,T,0.412, || id:ebi-a-GCST90001485,TRUE,reported,igd
7,3437,0.2772,9.87006e-06,0.06262,46328226,ebi-a-GCST90001485,rs113264169,T,C,0.0418, || id:ebi-a-GCST90001485,TRUE,reported,igd
7,3437,0.3075,6.32106e-06,0.06798,137976565,ebi-a-GCST90001485,rs357363,G,C,0.9674, || id:ebi-a-GCST90001485,TRUE,reported,igd
8,3437,-0.3668,6.37397e-06,0.08113,4556480,ebi-a-GCST90001485,rs78809247,T,C,0.0239, || id:ebi-a-GCST90001485,TRUE,reported,igd
8,3437,-0.1275,3.29602e-06,0.02736,132897157,ebi-a-GCST90001485,rs10086961,C,T,0.28, || id:ebi-a-GCST90001485,TRUE,reported,igd
10,3437,0.6998,4.23741e-22,0.0719,97972294,ebi-a-GCST90001485,rs11818051,T,C,0.0317, || id:ebi-a-GCST90001485,TRUE,reported,igd
10,3437,0.8426,1e-200,0.02078,97562938,ebi-a-GCST90001485,rs4918969,A,G,0.4267, || id:ebi-a-GCST90001485,TRUE,reported,igd
10,3437,0.3811,2.29901e-10,0.05993,98014850,ebi-a-GCST90001485,rs35909109,T,C,0.0464, || id:ebi-a-GCST90001485,TRUE,reported,igd
10,3437,-1.108,2.25299e-07,0.2135,109896541,ebi-a-GCST90001485,rs117572834,G,T,0.0031, || id:ebi-a-GCST90001485,TRUE,reported,igd
10,3437,0.5464,1.95119e-13,0.07402,96658384,ebi-a-GCST90001485,rs182702572,A,C,0.0295, || id:ebi-a-GCST90001485,TRUE,reported,igd
10,3437,-0.1514,8.80704e-06,0.03401,68394054,ebi-a-GCST90001485,rs12258674,T,A,0.165, || id:ebi-a-GCST90001485,TRUE,reported,igd
10,3437,-0.2216,3.58922e-18,0.02536,97070694,ebi-a-GCST90001485,rs1410600,T,C,0.4069, || id:ebi-a-GCST90001485,TRUE,reported,igd
10,3437,0.1965,1.5531e-13,0.02651,96998744,ebi-a-GCST90001485,rs12778837,C,T,0.3595, || id:ebi-a-GCST90001485,TRUE,reported,igd
10,3437,0.8056,1.05512e-36,0.06291,98139264,ebi-a-GCST90001485,rs111534725,T,G,0.0409, || id:ebi-a-GCST90001485,TRUE,reported,igd
10,3437,0.6853,1.85909e-41,0.05013,97881031,ebi-a-GCST90001485,rs17111341,C,T,0.0666, || id:ebi-a-GCST90001485,TRUE,reported,igd
10,3437,0.6067,4.4412e-25,0.05819,98160835,ebi-a-GCST90001485,rs77520132,A,G,0.0464, || id:ebi-a-GCST90001485,TRUE,reported,igd
12,3437,0.1209,9.08699e-06,0.02721,10389074,ebi-a-GCST90001485,rs7963011,T,C,0.2733, || id:ebi-a-GCST90001485,TRUE,reported,igd
12,3437,0.1246,7.79704e-06,0.02782,52495599,ebi-a-GCST90001485,rs7310854,C,T,0.2827, || id:ebi-a-GCST90001485,TRUE,reported,igd
12,3437,0.6146,2.17701e-06,0.1296,130031612,ebi-a-GCST90001485,rs78843390,T,C,0.0093, || id:ebi-a-GCST90001485,TRUE,reported,igd
16,3437,-0.3327,1.52999e-06,0.06909,83070118,ebi-a-GCST90001485,rs78654607,G,C,0.033, || id:ebi-a-GCST90001485,TRUE,reported,igd
18,3437,1.095,1.24799e-06,0.2254,34080354,ebi-a-GCST90001485,rs116988060,T,A,0.0031, || id:ebi-a-GCST90001485,TRUE,reported,igd
20,3437,-0.2311,3.34503e-06,0.04963,3033175,ebi-a-GCST90001485,rs2326054,C,T,0.0628, || id:ebi-a-GCST90001485,TRUE,reported,igd
22,3437,0.1309,9.80799e-06,0.02956,35786713,ebi-a-GCST90001485,rs5755717,C,A,0.22, || id:ebi-a-GCST90001485,TRUE,reported,igd
