pval.exposure,samplesize.exposure,chr.exposure,pos.exposure,beta.exposure,se.exposure,id.exposure,SNP,effect_allele.exposure,other_allele.exposure,eaf.exposure,exposure,mr_keep.exposure,pval_origin.exposure,data_source.exposure
9.1199e-06,3668,1,83469264,0.138,0.03106,ebi-a-GCST90001610,rs17530643,G,A,0.1895, || id:ebi-a-GCST90001610,TRUE,reported,igd
1.14501e-07,3668,1,90384101,0.1599,0.03009,ebi-a-GCST90001610,rs2816843,G,A,0.208, || id:ebi-a-GCST90001610,TRUE,reported,igd
2.04602e-07,3668,2,85647906,-0.299,0.05744,ebi-a-GCST90001610,rs150339178,T,C,0.0496, || id:ebi-a-GCST90001610,TRUE,reported,igd
1.7049e-36,3668,2,87023103,-0.3858,0.03024,ebi-a-GCST90001610,rs35290870,C,G,0.1948, || id:ebi-a-GCST90001610,TRUE,reported,igd
8.23607e-06,3668,3,196485831,0.2782,0.0623,ebi-a-GCST90001610,rs147195040,A,G,0.0369, || id:ebi-a-GCST90001610,TRUE,reported,igd
1.33101e-06,3668,3,42512599,0.1444,0.02982,ebi-a-GCST90001610,rs150052968,C,T,0.2531, || id:ebi-a-GCST90001610,TRUE,reported,igd
9.24698e-06,3668,4,36081878,-0.5696,0.1283,ebi-a-GCST90001610,rs4833069,T,C,0.9907, || id:ebi-a-GCST90001610,TRUE,reported,igd
7.97609e-06,3668,5,86468013,0.3761,0.08411,ebi-a-GCST90001610,rs6870700,T,G,0.0213, || id:ebi-a-GCST90001610,TRUE,reported,igd
6.16098e-07,3668,6,33133040,0.2491,0.04987,ebi-a-GCST90001610,rs79131379,A,G,0.0687, || id:ebi-a-GCST90001610,TRUE,reported,igd
1.40702e-18,3668,6,32383138,0.2877,0.03253,ebi-a-GCST90001610,rs4959028,G,A,0.2297, || id:ebi-a-GCST90001610,TRUE,reported,igd
2.64698e-07,3668,6,32514288,-0.2634,0.05109,ebi-a-GCST90001610,rs73729106,T,G,0.437, || id:ebi-a-GCST90001610,TRUE,reported,igd
8.46642e-13,3668,6,32560262,0.252,0.0351,ebi-a-GCST90001610,rs28366280,G,A,0.2492, || id:ebi-a-GCST90001610,TRUE,reported,igd
9.28902e-06,3668,6,160524578,0.1278,0.02878,ebi-a-GCST90001610,rs755884,G,C,0.2358, || id:ebi-a-GCST90001610,TRUE,reported,igd
5.58097e-07,3668,7,154998925,0.2039,0.04066,ebi-a-GCST90001610,rs78510378,G,A,0.0998, || id:ebi-a-GCST90001610,TRUE,reported,igd
7.89805e-06,3668,8,90257990,0.1116,0.02495,ebi-a-GCST90001610,rs2338695,T,C,0.4009, || id:ebi-a-GCST90001610,TRUE,reported,igd
7.61307e-06,3668,8,68301618,0.8104,0.1808,ebi-a-GCST90001610,rs149551255,C,A,0.0045, || id:ebi-a-GCST90001610,TRUE,reported,igd
9.89396e-06,3668,10,26886249,0.2386,0.0539,ebi-a-GCST90001610,rs66907047,C,T,0.0543, || id:ebi-a-GCST90001610,TRUE,reported,igd
3.46497e-06,3668,11,128099099,0.114,0.02453,ebi-a-GCST90001610,rs511713,A,G,0.5162, || id:ebi-a-GCST90001610,TRUE,reported,igd
5.65002e-06,3668,12,87312997,-0.1117,0.02458,ebi-a-GCST90001610,rs10858526,A,C,0.5018, || id:ebi-a-GCST90001610,TRUE,reported,igd
2.52302e-06,3668,12,45991896,0.1156,0.02452,ebi-a-GCST90001610,rs10880825,A,C,0.4475, || id:ebi-a-GCST90001610,TRUE,reported,igd
6.03101e-06,3668,15,84131989,-0.119,0.02626,ebi-a-GCST90001610,rs28521508,G,A,0.3212, || id:ebi-a-GCST90001610,TRUE,reported,igd
4.16102e-06,3668,16,28583610,0.1223,0.02654,ebi-a-GCST90001610,rs111693583,T,C,0.4027, || id:ebi-a-GCST90001610,TRUE,reported,igd
2.427e-06,3668,16,16206042,-0.1247,0.02641,ebi-a-GCST90001610,rs903881,T,C,0.3138, || id:ebi-a-GCST90001610,TRUE,reported,igd
