pos.exposure,se.exposure,beta.exposure,pval.exposure,chr.exposure,samplesize.exposure,id.exposure,SNP,effect_allele.exposure,other_allele.exposure,eaf.exposure,exposure,mr_keep.exposure,pval_origin.exposure,data_source.exposure
40387371,0.5843,2.959,4.27701e-07,1,3656,ebi-a-GCST90001430,rs143109147,C,T,4e-04, || id:ebi-a-GCST90001430,TRUE,reported,igd
12243809,0.0327,0.1449,9.68902e-06,2,3656,ebi-a-GCST90001430,rs55877424,A,G,0.1607, || id:ebi-a-GCST90001430,TRUE,reported,igd
41659628,0.1427,0.6348,8.93902e-06,3,3656,ebi-a-GCST90001430,rs149290264,T,C,0.007, || id:ebi-a-GCST90001430,TRUE,reported,igd
80085882,0.5502,2.439,9.58893e-06,3,3656,ebi-a-GCST90001430,rs182174914,A,T,4e-04, || id:ebi-a-GCST90001430,TRUE,reported,igd
193840329,0.02775,-0.1262,5.61798e-06,3,3656,ebi-a-GCST90001430,rs10933716,T,C,0.2486, || id:ebi-a-GCST90001430,TRUE,reported,igd
115393238,0.0308,0.1411,4.74395e-06,3,3656,ebi-a-GCST90001430,rs28399382,T,C,0.1982, || id:ebi-a-GCST90001430,TRUE,reported,igd
61631854,0.02842,0.1272,7.89405e-06,4,3656,ebi-a-GCST90001430,rs28654727,A,C,0.2433, || id:ebi-a-GCST90001430,TRUE,reported,igd
170331972,0.02467,0.1165,2.42298e-06,4,3656,ebi-a-GCST90001430,rs6831487,G,T,0.4702, || id:ebi-a-GCST90001430,TRUE,reported,igd
158317602,0.04633,-0.2112,5.32304e-06,5,3656,ebi-a-GCST90001430,rs75512885,A,T,0.0788, || id:ebi-a-GCST90001430,TRUE,reported,igd
118216796,0.04413,-0.2012,5.292e-06,5,3656,ebi-a-GCST90001430,rs1510971,A,T,0.0826, || id:ebi-a-GCST90001430,TRUE,reported,igd
160198880,0.03243,0.1502,3.75301e-06,5,3656,ebi-a-GCST90001430,rs12516105,C,T,0.1737, || id:ebi-a-GCST90001430,TRUE,reported,igd
31240635,0.04275,-0.1912,7.92501e-06,6,3656,ebi-a-GCST90001430,rs4361609,C,G,0.1131, || id:ebi-a-GCST90001430,TRUE,reported,igd
166502048,0.0246,0.1106,7.11607e-06,6,3656,ebi-a-GCST90001430,rs9459562,C,G,0.4346, || id:ebi-a-GCST90001430,TRUE,reported,igd
77469688,0.05663,-0.2544,7.26106e-06,7,3656,ebi-a-GCST90001430,rs34910780,T,A,0.048, || id:ebi-a-GCST90001430,TRUE,reported,igd
123275484,0.04179,0.2018,1.417e-06,7,3656,ebi-a-GCST90001430,rs62474511,T,A,0.0927, || id:ebi-a-GCST90001430,TRUE,reported,igd
155224134,0.07465,-0.3385,5.96898e-06,7,3656,ebi-a-GCST90001430,rs4716961,C,T,0.0265, || id:ebi-a-GCST90001430,TRUE,reported,igd
130582787,0.03026,-0.1537,3.95704e-07,8,3656,ebi-a-GCST90001430,rs7840067,C,T,0.1978, || id:ebi-a-GCST90001430,TRUE,reported,igd
75515052,0.06365,0.3011,2.32199e-06,8,3656,ebi-a-GCST90001430,rs533239981,C,G,0.0387, || id:ebi-a-GCST90001430,TRUE,reported,igd
60077245,0.08863,-0.4228,1.91298e-06,8,3656,ebi-a-GCST90001430,rs60953943,A,G,0.0204, || id:ebi-a-GCST90001430,TRUE,reported,igd
56638876,0.0485,0.2233,4.30299e-06,10,3656,ebi-a-GCST90001430,rs76400856,C,A,0.0639, || id:ebi-a-GCST90001430,TRUE,reported,igd
97801073,0.07127,0.348,1.09199e-06,10,3656,ebi-a-GCST90001430,rs74151247,A,C,0.0302, || id:ebi-a-GCST90001430,TRUE,reported,igd
110312229,0.07896,0.3651,3.91201e-06,12,3656,ebi-a-GCST90001430,rs75319860,C,T,0.0249, || id:ebi-a-GCST90001430,TRUE,reported,igd
104519594,0.3506,1.581,6.69006e-06,13,3656,ebi-a-GCST90001430,rs139695291,G,A,0.0011, || id:ebi-a-GCST90001430,TRUE,reported,igd
72428296,0.1077,0.503,3.125e-06,13,3656,ebi-a-GCST90001430,rs75474045,A,G,0.0126, || id:ebi-a-GCST90001430,TRUE,reported,igd
108993494,0.02617,0.1366,1.89601e-07,13,3656,ebi-a-GCST90001430,rs12874404,G,A,0.3256, || id:ebi-a-GCST90001430,TRUE,reported,igd
65713895,0.04969,-0.2347,2.40099e-06,14,3656,ebi-a-GCST90001430,rs116844769,A,G,0.0662, || id:ebi-a-GCST90001430,TRUE,reported,igd
84754964,0.02445,0.1233,4.77903e-07,16,3656,ebi-a-GCST90001430,rs16974449,A,C,0.4851, || id:ebi-a-GCST90001430,TRUE,reported,igd
8639905,0.02433,0.1214,6.26095e-07,17,3656,ebi-a-GCST90001430,rs60521331,A,G,0.5022, || id:ebi-a-GCST90001430,TRUE,reported,igd
2731370,0.0237,-0.1167,8.83894e-07,17,3656,ebi-a-GCST90001430,rs11657531,T,C,0.4884, || id:ebi-a-GCST90001430,TRUE,reported,igd
11508177,0.04406,0.1953,9.56996e-06,19,3656,ebi-a-GCST90001430,rs2291516,A,G,0.0793, || id:ebi-a-GCST90001430,TRUE,reported,igd
53039110,0.02423,0.1258,2.18902e-07,19,3656,ebi-a-GCST90001430,rs655580,A,G,0.4571, || id:ebi-a-GCST90001430,TRUE,reported,igd
44724305,0.02588,-0.1184,4.94698e-06,20,3656,ebi-a-GCST90001430,rs6131010,G,A,0.6172, || id:ebi-a-GCST90001430,TRUE,reported,igd
16767346,0.08736,-0.4222,1.39801e-06,21,3656,ebi-a-GCST90001430,rs55708924,G,A,0.0185, || id:ebi-a-GCST90001430,TRUE,reported,igd
36295623,0.09996,-0.4492,7.21207e-06,21,3656,ebi-a-GCST90001430,rs143518319,A,C,0.015, || id:ebi-a-GCST90001430,TRUE,reported,igd
47606966,0.05243,0.2463,2.72101e-06,21,3656,ebi-a-GCST90001430,rs142838362,T,C,0.0577, || id:ebi-a-GCST90001430,TRUE,reported,igd
