pos.exposure,pval.exposure,beta.exposure,se.exposure,samplesize.exposure,chr.exposure,id.exposure,SNP,effect_allele.exposure,other_allele.exposure,eaf.exposure,exposure,mr_keep.exposure,pval_origin.exposure,data_source.exposure
156896164,4.96604e-08,-0.1371,0.02509,3596,1,ebi-a-GCST90001649,rs865239,G,A,0.5004, || id:ebi-a-GCST90001649,TRUE,reported,igd
161533055,1.30317e-124,-0.6848,0.02772,3596,1,ebi-a-GCST90001649,rs71632989,G,T,0.2474, || id:ebi-a-GCST90001649,TRUE,reported,igd
78442686,1.42699e-06,0.3669,0.07597,3596,1,ebi-a-GCST90001649,rs72685367,G,C,0.0261, || id:ebi-a-GCST90001649,TRUE,reported,igd
161561151,1.13006e-17,0.3328,0.03867,3596,1,ebi-a-GCST90001649,rs74341264,A,G,0.1218, || id:ebi-a-GCST90001649,TRUE,reported,igd
161078909,1.32099e-07,0.1389,0.02628,3596,1,ebi-a-GCST90001649,rs4656984,C,T,0.6023, || id:ebi-a-GCST90001649,TRUE,reported,igd
238315335,1.47601e-06,0.8583,0.178,3596,2,ebi-a-GCST90001649,rs71424967,T,C,0.0046, || id:ebi-a-GCST90001649,TRUE,reported,igd
69059451,2.49098e-06,-0.1619,0.03433,3596,2,ebi-a-GCST90001649,rs80171191,T,C,0.1623, || id:ebi-a-GCST90001649,TRUE,reported,igd
2399058,2.76802e-06,-0.1222,0.02602,3596,4,ebi-a-GCST90001649,rs3135080,G,A,0.642, || id:ebi-a-GCST90001649,TRUE,reported,igd
24948155,3.26498e-06,0.1416,0.03037,3596,4,ebi-a-GCST90001649,rs6833916,T,G,0.2045, || id:ebi-a-GCST90001649,TRUE,reported,igd
1488517,7.91097e-06,-0.3236,0.07233,3596,4,ebi-a-GCST90001649,rs142307180,T,C,0.0327, || id:ebi-a-GCST90001649,TRUE,reported,igd
139730444,3.87097e-07,-0.14,0.02753,3596,5,ebi-a-GCST90001649,rs1862176,A,G,0.6792, || id:ebi-a-GCST90001649,TRUE,reported,igd
47976361,6.33403e-06,-0.3593,0.07947,3596,6,ebi-a-GCST90001649,rs61745530,T,G,0.0263, || id:ebi-a-GCST90001649,TRUE,reported,igd
153846268,1.23101e-06,-0.6443,0.1326,3596,6,ebi-a-GCST90001649,rs592776,A,T,0.9914, || id:ebi-a-GCST90001649,TRUE,reported,igd
11300995,6.94704e-06,0.1502,0.03335,3596,7,ebi-a-GCST90001649,rs10260467,T,A,0.8231, || id:ebi-a-GCST90001649,TRUE,reported,igd
60104360,3.28201e-06,-0.5233,0.1123,3596,8,ebi-a-GCST90001649,rs17307458,T,C,0.0128, || id:ebi-a-GCST90001649,TRUE,reported,igd
98791630,7.00293e-07,-0.4439,0.08931,3596,8,ebi-a-GCST90001649,rs145013190,A,T,0.0209, || id:ebi-a-GCST90001649,TRUE,reported,igd
118136745,6.34702e-06,-1.166,0.258,3596,9,ebi-a-GCST90001649,rs56329333,A,C,0.0024, || id:ebi-a-GCST90001649,TRUE,reported,igd
69354886,2.40497e-06,0.2936,0.06216,3596,11,ebi-a-GCST90001649,rs117338457,T,G,0.0449, || id:ebi-a-GCST90001649,TRUE,reported,igd
84382486,8.15399e-06,0.2832,0.06339,3596,14,ebi-a-GCST90001649,rs17119267,A,G,0.0414, || id:ebi-a-GCST90001649,TRUE,reported,igd
80259074,8.73575e-17,-0.2525,0.03019,3596,15,ebi-a-GCST90001649,rs7180804,A,G,0.2162, || id:ebi-a-GCST90001649,TRUE,reported,igd
10973612,4.26e-06,-0.1367,0.02968,3596,16,ebi-a-GCST90001649,rs72770017,A,G,0.7729, || id:ebi-a-GCST90001649,TRUE,reported,igd
33797371,6.72094e-09,0.1457,0.02506,3596,17,ebi-a-GCST90001649,rs9916257,T,G,0.5698, || id:ebi-a-GCST90001649,TRUE,reported,igd
29496714,8.44209e-06,-0.112,0.02511,3596,19,ebi-a-GCST90001649,rs12462814,C,T,0.4573, || id:ebi-a-GCST90001649,TRUE,reported,igd
709089,1.79999e-06,-0.5897,0.1233,3596,20,ebi-a-GCST90001649,rs148177889,T,C,0.0096, || id:ebi-a-GCST90001649,TRUE,reported,igd
