pos.exposure,samplesize.exposure,se.exposure,beta.exposure,pval.exposure,chr.exposure,id.exposure,SNP,effect_allele.exposure,other_allele.exposure,eaf.exposure,exposure,mr_keep.exposure,pval_origin.exposure,data_source.exposure
54532130,3437,0.1026,-0.4841,2.47799e-06,1,ebi-a-GCST90001500,rs76882749,C,T,0.0141, || id:ebi-a-GCST90001500,TRUE,reported,igd
208455675,3437,0.0555,-0.2458,9.80302e-06,1,ebi-a-GCST90001500,rs147104104,C,T,0.055, || id:ebi-a-GCST90001500,TRUE,reported,igd
197924770,3437,0.2239,1.827,4.63981e-16,1,ebi-a-GCST90001500,rs17583875,A,G,0.0029, || id:ebi-a-GCST90001500,TRUE,reported,igd
194010208,3437,0.1912,0.9735,3.74602e-07,1,ebi-a-GCST90001500,rs116794175,C,T,0.0042, || id:ebi-a-GCST90001500,TRUE,reported,igd
199471227,3437,0.1214,0.5843,1.55801e-06,1,ebi-a-GCST90001500,rs190023756,A,G,0.01, || id:ebi-a-GCST90001500,TRUE,reported,igd
239509035,3437,0.3391,1.603,2.36903e-06,1,ebi-a-GCST90001500,rs572410764,T,A,0.0013, || id:ebi-a-GCST90001500,TRUE,reported,igd
38897810,3437,0.02476,0.2086,5.19278e-17,2,ebi-a-GCST90001500,rs6751481,C,T,0.4709, || id:ebi-a-GCST90001500,TRUE,reported,igd
39177320,3437,0.03216,-0.2228,5.06058e-12,2,ebi-a-GCST90001500,rs408686,A,C,0.8142, || id:ebi-a-GCST90001500,TRUE,reported,igd
38678651,3437,0.02487,0.1161,3.145e-06,2,ebi-a-GCST90001500,rs6724848,A,G,0.4951, || id:ebi-a-GCST90001500,TRUE,reported,igd
148248261,3437,0.03282,-0.1467,8.07904e-06,2,ebi-a-GCST90001500,rs1371033,C,T,0.1666, || id:ebi-a-GCST90001500,TRUE,reported,igd
25499867,3437,0.02498,-0.1107,9.6781e-06,2,ebi-a-GCST90001500,rs6733868,G,C,0.5835, || id:ebi-a-GCST90001500,TRUE,reported,igd
161139489,3437,0.06565,-0.2939,7.82402e-06,2,ebi-a-GCST90001500,rs13410035,T,C,0.0346, || id:ebi-a-GCST90001500,TRUE,reported,igd
43022720,3437,0.02909,-0.1319,5.93403e-06,2,ebi-a-GCST90001500,rs13006059,G,A,0.7496, || id:ebi-a-GCST90001500,TRUE,reported,igd
2721613,3437,0.1,0.459,4.60098e-06,3,ebi-a-GCST90001500,rs73009664,C,T,0.0147, || id:ebi-a-GCST90001500,TRUE,reported,igd
1731279,3437,0.04243,-0.1995,2.666e-06,4,ebi-a-GCST90001500,rs62285107,T,C,0.0912, || id:ebi-a-GCST90001500,TRUE,reported,igd
58622934,3437,0.03414,0.1562,4.93003e-06,5,ebi-a-GCST90001500,rs17780836,T,C,0.1529, || id:ebi-a-GCST90001500,TRUE,reported,igd
14892248,3437,0.1176,0.5437,3.89798e-06,6,ebi-a-GCST90001500,rs62390348,T,C,0.0106, || id:ebi-a-GCST90001500,TRUE,reported,igd
32440792,3437,0.1027,0.4712,4.63596e-06,6,ebi-a-GCST90001500,rs9269074,A,G,0.0177, || id:ebi-a-GCST90001500,TRUE,reported,igd
124005085,3437,0.2291,1.044,5.35205e-06,6,ebi-a-GCST90001500,rs137997033,T,C,0.0029, || id:ebi-a-GCST90001500,TRUE,reported,igd
112101909,3437,0.03579,-0.1626,5.68499e-06,7,ebi-a-GCST90001500,rs2708609,A,T,0.8519, || id:ebi-a-GCST90001500,TRUE,reported,igd
51393519,3437,0.02511,-0.1155,4.36305e-06,7,ebi-a-GCST90001500,rs56090633,T,A,0.4773, || id:ebi-a-GCST90001500,TRUE,reported,igd
3654985,3437,0.08591,0.3934,4.81804e-06,8,ebi-a-GCST90001500,rs76225340,T,G,0.022, || id:ebi-a-GCST90001500,TRUE,reported,igd
21371903,3437,0.1022,-0.5131,5.38505e-07,8,ebi-a-GCST90001500,rs145165211,A,G,0.0167, || id:ebi-a-GCST90001500,TRUE,reported,igd
11577096,3437,0.09297,-0.4186,6.93793e-06,9,ebi-a-GCST90001500,rs114400243,A,T,0.0198, || id:ebi-a-GCST90001500,TRUE,reported,igd
8084573,3437,0.02507,-0.1167,3.37404e-06,10,ebi-a-GCST90001500,rs514150,C,T,0.6045, || id:ebi-a-GCST90001500,TRUE,reported,igd
79922768,3437,0.02948,0.1384,2.79299e-06,11,ebi-a-GCST90001500,rs1247730,T,C,0.2232, || id:ebi-a-GCST90001500,TRUE,reported,igd
99174032,3437,0.1105,0.5039,5.27497e-06,12,ebi-a-GCST90001500,rs11109601,C,T,0.0129, || id:ebi-a-GCST90001500,TRUE,reported,igd
25650645,3437,0.1664,0.7724,3.59302e-06,12,ebi-a-GCST90001500,rs61924635,C,T,0.0055, || id:ebi-a-GCST90001500,TRUE,reported,igd
23501010,3437,0.05283,-0.2529,1.75902e-06,12,ebi-a-GCST90001500,rs77071786,C,G,0.0598, || id:ebi-a-GCST90001500,TRUE,reported,igd
67699975,3437,0.1559,0.726,3.31597e-06,13,ebi-a-GCST90001500,rs370689709,A,G,0.0081, || id:ebi-a-GCST90001500,TRUE,reported,igd
36528979,3437,0.07796,-0.3468,8.89406e-06,13,ebi-a-GCST90001500,rs186940149,T,A,0.0256, || id:ebi-a-GCST90001500,TRUE,reported,igd
75514711,3437,0.07659,0.352,4.454e-06,16,ebi-a-GCST90001500,rs113376235,A,C,0.0278, || id:ebi-a-GCST90001500,TRUE,reported,igd
29355773,3437,0.02721,-0.1207,9.50408e-06,16,ebi-a-GCST90001500,rs60174426,C,T,0.7186, || id:ebi-a-GCST90001500,TRUE,reported,igd
47666711,3437,0.02704,-0.1276,2.46598e-06,19,ebi-a-GCST90001500,rs461709,A,G,0.2789, || id:ebi-a-GCST90001500,TRUE,reported,igd
