samplesize.exposure,se.exposure,pos.exposure,pval.exposure,beta.exposure,chr.exposure,id.exposure,SNP,effect_allele.exposure,other_allele.exposure,eaf.exposure,exposure,mr_keep.exposure,pval_origin.exposure,data_source.exposure
2971,0.03117,161536758,1.7869e-14,0.2402,1,ebi-a-GCST90001885,rs147640330,C,T,0.2437, || id:ebi-a-GCST90001885,TRUE,reported,igd
2971,0.03758,26780538,2.68701e-06,-0.1767,2,ebi-a-GCST90001885,rs72815294,T,C,0.1444, || id:ebi-a-GCST90001885,TRUE,reported,igd
2971,0.07297,144642201,1.48501e-06,-0.3519,3,ebi-a-GCST90001885,rs75586628,T,C,0.0362, || id:ebi-a-GCST90001885,TRUE,reported,igd
2971,0.04006,9905680,3.91598e-06,0.1853,3,ebi-a-GCST90001885,rs62247496,G,T,0.1294, || id:ebi-a-GCST90001885,TRUE,reported,igd
2971,0.03357,47026596,3.86696e-06,0.1553,3,ebi-a-GCST90001885,rs4683278,G,T,0.2013, || id:ebi-a-GCST90001885,TRUE,reported,igd
2971,0.02677,96713626,8.97594e-06,-0.1191,4,ebi-a-GCST90001885,rs13132013,T,C,0.519, || id:ebi-a-GCST90001885,TRUE,reported,igd
2971,0.04808,119959773,7.79597e-06,0.2153,5,ebi-a-GCST90001885,rs17146863,T,A,0.0838, || id:ebi-a-GCST90001885,TRUE,reported,igd
2971,0.02767,33866241,3.20302e-06,-0.1291,5,ebi-a-GCST90001885,rs4866395,A,G,0.3734, || id:ebi-a-GCST90001885,TRUE,reported,igd
2971,0.03992,85124635,7.465e-06,-0.1792,7,ebi-a-GCST90001885,rs2463678,C,T,0.1304, || id:ebi-a-GCST90001885,TRUE,reported,igd
2971,0.05561,108731721,6.90303e-07,-0.2767,7,ebi-a-GCST90001885,rs149897374,T,C,0.0608, || id:ebi-a-GCST90001885,TRUE,reported,igd
2971,0.08056,3406535,2.96797e-06,0.3772,8,ebi-a-GCST90001885,rs78309366,C,G,0.0289, || id:ebi-a-GCST90001885,TRUE,reported,igd
2971,0.1865,2285910,4.622e-06,0.8559,9,ebi-a-GCST90001885,rs72693216,A,T,0.005, || id:ebi-a-GCST90001885,TRUE,reported,igd
2971,0.02717,13601074,5.236e-06,-0.124,9,ebi-a-GCST90001885,rs1590409,C,T,0.5653, || id:ebi-a-GCST90001885,TRUE,reported,igd
2971,0.02747,94163116,9.23592e-06,0.122,10,ebi-a-GCST90001885,rs2260397,C,T,0.5902, || id:ebi-a-GCST90001885,TRUE,reported,igd
2971,0.2141,769015,8.43393e-06,0.9552,11,ebi-a-GCST90001885,rs4963162,T,C,0.0039, || id:ebi-a-GCST90001885,TRUE,reported,igd
2971,0.04218,112751974,1.16788e-15,-0.3396,11,ebi-a-GCST90001885,rs78358948,A,G,0.1096, || id:ebi-a-GCST90001885,TRUE,reported,igd
2971,0.0271,55061239,8.43607e-06,0.1209,11,ebi-a-GCST90001885,rs11229021,A,G,0.4923, || id:ebi-a-GCST90001885,TRUE,reported,igd
2971,0.2071,1119270,2.76898e-06,0.9725,11,ebi-a-GCST90001885,rs369336153,T,A,0.0042, || id:ebi-a-GCST90001885,TRUE,reported,igd
2971,0.02904,125621066,9.91905e-07,-0.1424,12,ebi-a-GCST90001885,rs12580221,C,T,0.3036, || id:ebi-a-GCST90001885,TRUE,reported,igd
2971,0.05236,42267311,1.97201e-06,-0.2496,12,ebi-a-GCST90001885,rs543548673,T,C,0.0705, || id:ebi-a-GCST90001885,TRUE,reported,igd
2971,0.1272,5507432,3.80899e-07,-0.6472,12,ebi-a-GCST90001885,rs79850036,C,T,0.0108, || id:ebi-a-GCST90001885,TRUE,reported,igd
2971,0.05822,71723360,7.43601e-06,-0.2613,14,ebi-a-GCST90001885,rs117051465,C,T,0.056, || id:ebi-a-GCST90001885,TRUE,reported,igd
2971,0.3655,100538763,9.10899e-06,1.625,15,ebi-a-GCST90001885,rs11634090,T,C,0.0013, || id:ebi-a-GCST90001885,TRUE,reported,igd
2971,0.3117,68042518,9.44409e-07,-1.531,15,ebi-a-GCST90001885,rs62015176,A,G,0.0019, || id:ebi-a-GCST90001885,TRUE,reported,igd
2971,0.02896,3308357,4.61796e-07,0.1463,16,ebi-a-GCST90001885,rs224230,A,G,0.6939, || id:ebi-a-GCST90001885,TRUE,reported,igd
2971,0.2743,43204977,7.04093e-06,1.234,20,ebi-a-GCST90001885,rs74783293,T,C,0.0024, || id:ebi-a-GCST90001885,TRUE,reported,igd
