chr.exposure,pval.exposure,pos.exposure,beta.exposure,samplesize.exposure,se.exposure,id.exposure,SNP,effect_allele.exposure,other_allele.exposure,eaf.exposure,exposure,mr_keep.exposure,pval_origin.exposure,data_source.exposure
1,2.84302e-07,198283058,-1.307,3427,0.2542,ebi-a-GCST90001550,rs541367304,A,G,0.0032, || id:ebi-a-GCST90001550,TRUE,reported,igd
2,1.28499e-06,38892836,-0.1296,3427,0.02672,ebi-a-GCST90001550,rs10865142,C,T,0.3097, || id:ebi-a-GCST90001550,TRUE,reported,igd
3,7.85507e-06,33874255,0.3907,3427,0.08729,ebi-a-GCST90001550,rs76516141,T,C,0.0203, || id:ebi-a-GCST90001550,TRUE,reported,igd
5,5.73495e-06,10806765,0.1865,3427,0.04105,ebi-a-GCST90001550,rs4702732,G,A,0.9044, || id:ebi-a-GCST90001550,TRUE,reported,igd
7,4.84998e-06,26455241,0.1577,3427,0.03445,ebi-a-GCST90001550,rs78708224,C,T,0.1512, || id:ebi-a-GCST90001550,TRUE,reported,igd
7,8.94396e-06,155951234,-0.191,3427,0.04295,ebi-a-GCST90001550,rs117410040,G,A,0.0903, || id:ebi-a-GCST90001550,TRUE,reported,igd
7,4.27996e-06,17645647,0.5711,3427,0.124,ebi-a-GCST90001550,rs117299036,T,G,0.0099, || id:ebi-a-GCST90001550,TRUE,reported,igd
7,1.68601e-06,157454257,-0.117,3427,0.0244,ebi-a-GCST90001550,rs35069110,A,G,0.4613, || id:ebi-a-GCST90001550,TRUE,reported,igd
8,8.87994e-06,144992862,-0.109,3427,0.0245,ebi-a-GCST90001550,rs7819099,G,A,0.5133, || id:ebi-a-GCST90001550,TRUE,reported,igd
8,6.96594e-06,60906565,0.3586,3427,0.07965,ebi-a-GCST90001550,rs149060712,G,A,0.0258, || id:ebi-a-GCST90001550,TRUE,reported,igd
8,2.391e-06,2918034,-0.2129,3427,0.04505,ebi-a-GCST90001550,rs75442393,A,C,0.0778, || id:ebi-a-GCST90001550,TRUE,reported,igd
9,7.20294e-06,10726150,0.2977,3427,0.06623,ebi-a-GCST90001550,rs192459369,G,T,0.0372, || id:ebi-a-GCST90001550,TRUE,reported,igd
9,9.63896e-06,88850694,-0.1558,3427,0.03515,ebi-a-GCST90001550,rs10868399,G,A,0.1369, || id:ebi-a-GCST90001550,TRUE,reported,igd
11,9.77597e-06,67813671,0.3679,3427,0.08308,ebi-a-GCST90001550,rs75837226,T,C,0.0241, || id:ebi-a-GCST90001550,TRUE,reported,igd
11,7.11902e-06,121805674,-0.1405,3427,0.03125,ebi-a-GCST90001550,rs59708244,A,G,0.1853, || id:ebi-a-GCST90001550,TRUE,reported,igd
14,8.492e-06,68973250,0.1247,3427,0.02797,ebi-a-GCST90001550,rs8003606,T,G,0.2721, || id:ebi-a-GCST90001550,TRUE,reported,igd
16,9.41499e-06,59183550,0.4428,3427,0.09979,ebi-a-GCST90001550,rs139325044,A,G,0.0156, || id:ebi-a-GCST90001550,TRUE,reported,igd
16,6.67498e-06,11828567,-0.1586,3427,0.03517,ebi-a-GCST90001550,rs56392104,A,G,0.1412, || id:ebi-a-GCST90001550,TRUE,reported,igd
16,9.31301e-07,12230161,-0.1242,3427,0.02527,ebi-a-GCST90001550,rs173262,T,C,0.4116, || id:ebi-a-GCST90001550,TRUE,reported,igd
16,1.68702e-06,53339004,-0.1238,3427,0.02581,ebi-a-GCST90001550,rs140690408,T,C,0.3637, || id:ebi-a-GCST90001550,TRUE,reported,igd
19,6.047e-06,45038267,0.2929,3427,0.06464,ebi-a-GCST90001550,rs34353535,A,G,0.0366, || id:ebi-a-GCST90001550,TRUE,reported,igd
22,1.376e-06,45749966,0.292,3427,0.06037,ebi-a-GCST90001550,rs61735519,C,G,0.0417, || id:ebi-a-GCST90001550,TRUE,reported,igd
