chr.exposure,se.exposure,samplesize.exposure,beta.exposure,pos.exposure,pval.exposure,id.exposure,SNP,effect_allele.exposure,other_allele.exposure,eaf.exposure,exposure,mr_keep.exposure,pval_origin.exposure,data_source.exposure
1,0.1242,3656,-0.6197,168227395,6.33199e-07,ebi-a-GCST90001420,rs115156019,T,C,0.0081, || id:ebi-a-GCST90001420,TRUE,reported,igd
1,0.02437,3656,-0.108,213100225,9.59909e-06,ebi-a-GCST90001420,rs2792563,A,G,0.5671, || id:ebi-a-GCST90001420,TRUE,reported,igd
2,0.2832,3656,-1.339,204476635,2.33099e-06,ebi-a-GCST90001420,rs138158989,A,G,0.0018, || id:ebi-a-GCST90001420,TRUE,reported,igd
2,0.1259,3656,0.5637,237823477,7.81592e-06,ebi-a-GCST90001420,rs114044800,C,G,0.0086, || id:ebi-a-GCST90001420,TRUE,reported,igd
2,0.5292,3656,2.541,187165335,1.64101e-06,ebi-a-GCST90001420,rs148362575,T,A,8e-04, || id:ebi-a-GCST90001420,TRUE,reported,igd
3,0.02957,3656,-0.1466,20980398,7.43293e-07,ebi-a-GCST90001420,rs66491584,A,G,0.1991, || id:ebi-a-GCST90001420,TRUE,reported,igd
3,0.08506,3656,0.3828,149265655,6.98506e-06,ebi-a-GCST90001420,rs141490841,A,G,0.02, || id:ebi-a-GCST90001420,TRUE,reported,igd
4,0.07709,3656,0.3438,168102710,8.48301e-06,ebi-a-GCST90001420,rs62353585,C,T,0.0227, || id:ebi-a-GCST90001420,TRUE,reported,igd
5,0.07754,3656,0.3462,36474634,8.27409e-06,ebi-a-GCST90001420,rs3105149,T,A,0.0239, || id:ebi-a-GCST90001420,TRUE,reported,igd
7,0.03819,3656,-0.1707,105792831,8.03193e-06,ebi-a-GCST90001420,rs78678130,A,G,0.1076, || id:ebi-a-GCST90001420,TRUE,reported,igd
7,0.1449,3656,-0.6658,132571443,4.47497e-06,ebi-a-GCST90001420,rs138058221,T,C,0.0068, || id:ebi-a-GCST90001420,TRUE,reported,igd
9,0.0538,3656,0.2526,8537763,2.75797e-06,ebi-a-GCST90001420,rs10815908,T,G,0.0511, || id:ebi-a-GCST90001420,TRUE,reported,igd
10,0.5255,3656,-2.494,7484185,2.16202e-06,ebi-a-GCST90001420,rs912755,C,G,0.9996, || id:ebi-a-GCST90001420,TRUE,reported,igd
11,0.03191,3656,0.1457,19547027,5.15905e-06,ebi-a-GCST90001420,rs11605946,A,G,0.1637, || id:ebi-a-GCST90001420,TRUE,reported,igd
11,0.04374,3656,0.1973,97756814,6.68606e-06,ebi-a-GCST90001420,rs79801395,C,G,0.0799, || id:ebi-a-GCST90001420,TRUE,reported,igd
11,0.03431,3656,0.1689,127827727,8.85503e-07,ebi-a-GCST90001420,rs478251,C,A,0.1332, || id:ebi-a-GCST90001420,TRUE,reported,igd
11,0.1224,3656,-0.5657,111211623,3.92401e-06,ebi-a-GCST90001420,rs147319637,A,G,0.0094, || id:ebi-a-GCST90001420,TRUE,reported,igd
12,0.03014,3656,-0.1355,14317207,7.11295e-06,ebi-a-GCST90001420,rs11609248,G,A,0.1916, || id:ebi-a-GCST90001420,TRUE,reported,igd
12,0.07236,3656,-0.3311,106098314,4.90501e-06,ebi-a-GCST90001420,rs17037450,A,G,0.0264, || id:ebi-a-GCST90001420,TRUE,reported,igd
12,0.02477,3656,-0.1142,31092966,4.14801e-06,ebi-a-GCST90001420,rs2075365,A,G,0.6518, || id:ebi-a-GCST90001420,TRUE,reported,igd
15,0.04113,3656,0.1928,47631034,2.869e-06,ebi-a-GCST90001420,rs74011406,A,G,0.093, || id:ebi-a-GCST90001420,TRUE,reported,igd
16,0.07762,3656,0.3465,81821361,8.30501e-06,ebi-a-GCST90001420,rs72834736,C,G,0.0248, || id:ebi-a-GCST90001420,TRUE,reported,igd
