chr.exposure,beta.exposure,se.exposure,samplesize.exposure,pval.exposure,pos.exposure,id.exposure,SNP,effect_allele.exposure,other_allele.exposure,eaf.exposure,exposure,mr_keep.exposure,pval_origin.exposure,data_source.exposure
1,0.8456,0.1708,3408,7.69804e-07,176186935,ebi-a-GCST90001666,rs2185480,T,A,0.0051, || id:ebi-a-GCST90001666,TRUE,reported,igd
1,2.141,0.2281,3408,1.10306e-20,198283058,ebi-a-GCST90001666,rs541367304,A,G,0.0032, || id:ebi-a-GCST90001666,TRUE,reported,igd
1,0.3324,0.07207,3408,4.11604e-06,191433917,ebi-a-GCST90001666,rs1341624,T,C,0.0255, || id:ebi-a-GCST90001666,TRUE,reported,igd
1,-0.3874,0.07271,3408,1.06101e-07,195825276,ebi-a-GCST90001666,rs7530076,A,G,0.9746, || id:ebi-a-GCST90001666,TRUE,reported,igd
1,1.176,0.1662,3408,1.76889e-12,199999121,ebi-a-GCST90001666,rs11579717,A,G,0.0044, || id:ebi-a-GCST90001666,TRUE,reported,igd
1,0.9379,0.2012,3408,3.23802e-06,213203523,ebi-a-GCST90001666,rs138298107,T,C,0.0034, || id:ebi-a-GCST90001666,TRUE,reported,igd
1,1.018,0.1715,3408,3.23303e-09,194010208,ebi-a-GCST90001666,rs116794175,C,T,0.0043, || id:ebi-a-GCST90001666,TRUE,reported,igd
1,-0.1218,0.02593,3408,2.73602e-06,97288628,ebi-a-GCST90001666,rs10875036,C,T,0.2377, || id:ebi-a-GCST90001666,TRUE,reported,igd
2,0.3781,0.07295,3408,2.323e-07,189898847,ebi-a-GCST90001666,rs78905646,A,G,0.0232, || id:ebi-a-GCST90001666,TRUE,reported,igd
2,1.428,0.3057,3408,3.093e-06,45403427,ebi-a-GCST90001666,rs139618773,A,G,0.0012, || id:ebi-a-GCST90001666,TRUE,reported,igd
2,0.1631,0.02442,3408,2.82293e-11,38897249,ebi-a-GCST90001666,rs12712610,G,A,0.2974, || id:ebi-a-GCST90001666,TRUE,reported,igd
2,-0.1308,0.02599,3408,5.07306e-07,240520878,ebi-a-GCST90001666,rs7557121,T,C,0.2347, || id:ebi-a-GCST90001666,TRUE,reported,igd
2,0.1398,0.02509,3408,2.72101e-08,87061070,ebi-a-GCST90001666,rs61038907,A,C,0.2664, || id:ebi-a-GCST90001666,TRUE,reported,igd
2,-0.2254,0.04283,3408,1.508e-07,38431267,ebi-a-GCST90001666,rs79827501,T,G,0.0734, || id:ebi-a-GCST90001666,TRUE,reported,igd
2,-0.3532,0.07162,3408,8.57591e-07,26163168,ebi-a-GCST90001666,rs35884179,A,G,0.0248, || id:ebi-a-GCST90001666,TRUE,reported,igd
2,0.1794,0.02218,3408,8.33681e-16,38921934,ebi-a-GCST90001666,rs7583259,G,C,0.5021, || id:ebi-a-GCST90001666,TRUE,reported,igd
2,0.9633,0.2113,3408,5.29798e-06,230763199,ebi-a-GCST90001666,rs115376296,C,T,0.0025, || id:ebi-a-GCST90001666,TRUE,reported,igd
3,3.341,0.5986,3408,2.58399e-08,84799491,ebi-a-GCST90001666,rs74577787,T,C,3e-04, || id:ebi-a-GCST90001666,TRUE,reported,igd
3,-0.1157,0.02368,3408,1.085e-06,137006597,ebi-a-GCST90001666,rs56112048,A,C,0.3385, || id:ebi-a-GCST90001666,TRUE,reported,igd
3,0.5934,0.1201,3408,8.24404e-07,59914042,ebi-a-GCST90001666,rs76313555,T,C,0.0082, || id:ebi-a-GCST90001666,TRUE,reported,igd
3,0.1195,0.02587,3408,4.018e-06,13489292,ebi-a-GCST90001666,rs468979,C,T,0.755, || id:ebi-a-GCST90001666,TRUE,reported,igd
3,6.548,1.434,3408,5.15905e-06,170169608,ebi-a-GCST90001666,rs146985291,G,A,1e-04, || id:ebi-a-GCST90001666,TRUE,reported,igd
4,3.498,0.739,3408,2.30102e-06,86967620,ebi-a-GCST90001666,rs114437347,C,G,3e-04, || id:ebi-a-GCST90001666,TRUE,reported,igd
4,-0.239,0.05133,3408,3.36302e-06,37794059,ebi-a-GCST90001666,rs35471013,T,C,0.0502, || id:ebi-a-GCST90001666,TRUE,reported,igd
4,2.077,0.4504,3408,4.12696e-06,123422719,ebi-a-GCST90001666,rs138960714,C,A,6e-04, || id:ebi-a-GCST90001666,TRUE,reported,igd
4,10.19,2.198,3408,3.71501e-06,83970127,ebi-a-GCST90001666,rs112471936,A,T,NA, || id:ebi-a-GCST90001666,TRUE,reported,igd
6,-0.1044,0.02294,3408,5.47394e-06,145543700,ebi-a-GCST90001666,rs574807,A,G,0.3999, || id:ebi-a-GCST90001666,TRUE,reported,igd
6,3.334,0.5986,3408,2.75797e-08,149114553,ebi-a-GCST90001666,rs112637846,A,C,3e-04, || id:ebi-a-GCST90001666,TRUE,reported,igd
6,3.627,0.7884,3408,4.38299e-06,84554072,ebi-a-GCST90001666,rs113098887,A,C,1e-04, || id:ebi-a-GCST90001666,TRUE,reported,igd
6,3.552,0.785,3408,6.22702e-06,93203850,ebi-a-GCST90001666,rs117403703,C,T,1e-04, || id:ebi-a-GCST90001666,TRUE,reported,igd
7,3.826,0.8172,3408,2.95298e-06,92791863,ebi-a-GCST90001666,rs184082746,C,T,1e-04, || id:ebi-a-GCST90001666,TRUE,reported,igd
7,0.2289,0.05146,3408,8.92011e-06,110737584,ebi-a-GCST90001666,rs80172536,C,G,0.0508, || id:ebi-a-GCST90001666,TRUE,reported,igd
7,4.616,1.03,3408,7.68493e-06,124954943,ebi-a-GCST90001666,rs182236332,G,A,1e-04, || id:ebi-a-GCST90001666,TRUE,reported,igd
7,3.637,0.7844,3408,3.68299e-06,80880540,ebi-a-GCST90001666,rs13243221,G,T,1e-04, || id:ebi-a-GCST90001666,TRUE,reported,igd
8,8.236,1.851,3408,8.85605e-06,33736052,ebi-a-GCST90001666,rs189717624,C,T,NA, || id:ebi-a-GCST90001666,TRUE,reported,igd
9,5.687,1.277,3408,8.67801e-06,33552507,ebi-a-GCST90001666,rs192475369,T,A,1e-04, || id:ebi-a-GCST90001666,TRUE,reported,igd
10,1.253,0.2725,3408,4.39198e-06,119371841,ebi-a-GCST90001666,rs7096922,G,A,0.0015, || id:ebi-a-GCST90001666,TRUE,reported,igd
10,4.583,1.034,3408,9.5971e-06,91332621,ebi-a-GCST90001666,rs80194890,G,T,1e-04, || id:ebi-a-GCST90001666,TRUE,reported,igd
12,8.184,1.461,3408,2.27101e-08,79661771,ebi-a-GCST90001666,rs12314907,G,A,NA, || id:ebi-a-GCST90001666,TRUE,reported,igd
12,1.37,0.2927,3408,2.96101e-06,126913667,ebi-a-GCST90001666,rs117513254,G,C,0.0018, || id:ebi-a-GCST90001666,TRUE,reported,igd
14,2.128,0.4805,3408,9.73195e-06,52982783,ebi-a-GCST90001666,rs141049772,C,T,6e-04, || id:ebi-a-GCST90001666,TRUE,reported,igd
15,-0.1189,0.02586,3408,4.42904e-06,36040048,ebi-a-GCST90001666,rs1948650,G,A,0.7676, || id:ebi-a-GCST90001666,TRUE,reported,igd
15,-0.4449,0.09964,3408,8.25905e-06,97953052,ebi-a-GCST90001666,rs72763382,G,A,0.012, || id:ebi-a-GCST90001666,TRUE,reported,igd
15,-0.1409,0.03043,3408,3.78704e-06,36349479,ebi-a-GCST90001666,rs12907798,T,C,0.1533, || id:ebi-a-GCST90001666,TRUE,reported,igd
16,3.192,0.7035,3408,5.90201e-06,89718638,ebi-a-GCST90001666,rs149948027,T,C,3e-04, || id:ebi-a-GCST90001666,TRUE,reported,igd
16,4.225,0.9315,3408,5.95306e-06,15158014,ebi-a-GCST90001666,rs117733745,A,T,3e-04, || id:ebi-a-GCST90001666,TRUE,reported,igd
16,3.931,0.8878,3408,9.84306e-06,59010741,ebi-a-GCST90001666,rs144591335,G,A,1e-04, || id:ebi-a-GCST90001666,TRUE,reported,igd
16,5.52,1.213,3408,5.54894e-06,78252575,ebi-a-GCST90001666,rs112280034,G,A,NA, || id:ebi-a-GCST90001666,TRUE,reported,igd
17,0.12,0.02541,3408,2.45002e-06,49196918,ebi-a-GCST90001666,rs1005513,C,T,0.2531, || id:ebi-a-GCST90001666,TRUE,reported,igd
18,1.742,0.3906,3408,8.43393e-06,9939517,ebi-a-GCST90001666,rs10451363,C,T,7e-04, || id:ebi-a-GCST90001666,TRUE,reported,igd
18,3.776,0.8468,3408,8.48907e-06,68968361,ebi-a-GCST90001666,rs77935824,G,A,1e-04, || id:ebi-a-GCST90001666,TRUE,reported,igd
19,13.25,2.801,3408,2.30898e-06,8271140,ebi-a-GCST90001666,rs188748536,C,T,NA, || id:ebi-a-GCST90001666,TRUE,reported,igd
20,5.042,1.068,3408,2.45997e-06,57132122,ebi-a-GCST90001666,rs145827119,T,C,1e-04, || id:ebi-a-GCST90001666,TRUE,reported,igd
20,-0.3021,0.06636,3408,5.50503e-06,50098150,ebi-a-GCST90001666,rs62229786,A,G,0.0283, || id:ebi-a-GCST90001666,TRUE,reported,igd
21,0.2069,0.04657,3408,9.19708e-06,32665618,ebi-a-GCST90001666,rs73193728,C,T,0.0609, || id:ebi-a-GCST90001666,TRUE,reported,igd
22,2.219,0.5005,3408,9.57194e-06,28323098,ebi-a-GCST90001666,rs140816141,A,G,4e-04, || id:ebi-a-GCST90001666,TRUE,reported,igd
