beta.exposure,pos.exposure,chr.exposure,pval.exposure,se.exposure,samplesize.exposure,id.exposure,SNP,effect_allele.exposure,other_allele.exposure,eaf.exposure,exposure,mr_keep.exposure,pval_origin.exposure,data_source.exposure
0.4366,188000439,1,2.03901e-07,0.08386,3405,ebi-a-GCST90001507,rs144350975,A,C,0.0251, || id:ebi-a-GCST90001507,TRUE,reported,igd
0.7554,182131075,1,1.88699e-06,0.1582,3405,ebi-a-GCST90001507,rs141541045,T,A,0.0066, || id:ebi-a-GCST90001507,TRUE,reported,igd
0.7176,200021804,1,8.28095e-07,0.1453,3405,ebi-a-GCST90001507,rs180839256,C,T,0.0078, || id:ebi-a-GCST90001507,TRUE,reported,igd
0.5142,244367408,1,7.18307e-06,0.1144,3405,ebi-a-GCST90001507,rs55728470,G,A,0.0131, || id:ebi-a-GCST90001507,TRUE,reported,igd
1.029,194010208,1,2.646e-07,0.1996,3405,ebi-a-GCST90001507,rs116794175,C,T,0.0043, || id:ebi-a-GCST90001507,TRUE,reported,igd
1.722,198922068,1,3.67282e-19,0.1913,3405,ebi-a-GCST90001507,rs116517602,T,C,0.0041, || id:ebi-a-GCST90001507,TRUE,reported,igd
-0.1861,39112166,2,3.74197e-12,0.0267,3405,ebi-a-GCST90001507,rs11124653,A,C,0.5907, || id:ebi-a-GCST90001507,TRUE,reported,igd
3.538,104762054,2,8.42093e-06,0.7931,3405,ebi-a-GCST90001507,rs114780506,T,A,6e-04, || id:ebi-a-GCST90001507,TRUE,reported,igd
0.2347,38897249,2,2.14981e-16,0.02843,3405,ebi-a-GCST90001507,rs12712610,G,A,0.2972, || id:ebi-a-GCST90001507,TRUE,reported,igd
0.1969,41884212,2,3.34203e-06,0.04229,3405,ebi-a-GCST90001507,rs17607399,T,C,0.1084, || id:ebi-a-GCST90001507,TRUE,reported,igd
-0.1896,120485053,2,9.30701e-06,0.0427,3405,ebi-a-GCST90001507,rs11693193,A,G,0.1041, || id:ebi-a-GCST90001507,TRUE,reported,igd
-0.2899,145915913,3,6.61104e-06,0.06424,3405,ebi-a-GCST90001507,rs116368402,T,C,0.0399, || id:ebi-a-GCST90001507,TRUE,reported,igd
0.4242,93093634,4,9.56093e-06,0.09568,3405,ebi-a-GCST90001507,rs76537963,T,C,0.0191, || id:ebi-a-GCST90001507,TRUE,reported,igd
-0.8126,109149543,5,5.37106e-07,0.1618,3405,ebi-a-GCST90001507,rs28446907,G,A,0.0063, || id:ebi-a-GCST90001507,TRUE,reported,igd
-0.9619,129494174,5,1.457e-06,0.1993,3405,ebi-a-GCST90001507,rs75798204,T,C,0.0043, || id:ebi-a-GCST90001507,TRUE,reported,igd
-0.3121,106225233,5,4.62903e-06,0.06802,3405,ebi-a-GCST90001507,rs73777152,T,C,0.0372, || id:ebi-a-GCST90001507,TRUE,reported,igd
0.1573,6115171,10,1.262e-06,0.03239,3405,ebi-a-GCST90001507,rs10905719,A,G,0.2093, || id:ebi-a-GCST90001507,TRUE,reported,igd
-0.205,79203049,11,2.93697e-07,0.03989,3405,ebi-a-GCST90001507,rs75958070,C,G,0.1217, || id:ebi-a-GCST90001507,TRUE,reported,igd
1.573,110766468,11,2.323e-06,0.3324,3405,ebi-a-GCST90001507,rs112238613,C,T,0.0013, || id:ebi-a-GCST90001507,TRUE,reported,igd
0.4748,78621679,15,1.14501e-06,0.09741,3405,ebi-a-GCST90001507,rs79536602,G,T,0.0175, || id:ebi-a-GCST90001507,TRUE,reported,igd
-0.1593,57340615,16,5.00196e-06,0.03483,3405,ebi-a-GCST90001507,rs1645894,C,G,0.8327, || id:ebi-a-GCST90001507,TRUE,reported,igd
0.3206,6105334,18,7.92903e-06,0.07165,3405,ebi-a-GCST90001507,rs117882514,C,A,0.0322, || id:ebi-a-GCST90001507,TRUE,reported,igd
0.2509,17018604,19,9.63696e-06,0.05661,3405,ebi-a-GCST90001507,rs116034876,G,A,0.0546, || id:ebi-a-GCST90001507,TRUE,reported,igd
0.3096,15750527,19,1.84302e-06,0.06479,3405,ebi-a-GCST90001507,rs75952429,G,T,0.0439, || id:ebi-a-GCST90001507,TRUE,reported,igd
0.3347,16483486,19,1.03001e-06,0.06838,3405,ebi-a-GCST90001507,rs148388592,A,G,0.0377, || id:ebi-a-GCST90001507,TRUE,reported,igd
0.1319,1298257,20,7.41293e-06,0.02938,3405,ebi-a-GCST90001507,rs1018576,G,C,0.7458, || id:ebi-a-GCST90001507,TRUE,reported,igd
-0.1531,24096941,22,4.77298e-06,0.0334,3405,ebi-a-GCST90001507,rs57061667,G,A,0.2043, || id:ebi-a-GCST90001507,TRUE,reported,igd
