se.exposure,pval.exposure,pos.exposure,beta.exposure,samplesize.exposure,chr.exposure,id.exposure,SNP,effect_allele.exposure,other_allele.exposure,eaf.exposure,exposure,mr_keep.exposure,pval_origin.exposure,data_source.exposure
0.04509,1.656e-06,230111146,-0.2164,3595,1,ebi-a-GCST90001629,rs12029484,G,A,0.0769, || id:ebi-a-GCST90001629,TRUE,reported,igd
0.0628,5.12897e-06,244492916,-0.2868,3595,1,ebi-a-GCST90001629,rs147143327,C,G,0.0369, || id:ebi-a-GCST90001629,TRUE,reported,igd
0.02879,6.81805e-06,34612610,-0.1297,3595,1,ebi-a-GCST90001629,rs771140,G,C,0.7801, || id:ebi-a-GCST90001629,TRUE,reported,igd
0.03031,1.10892e-12,32448398,0.2165,3595,6,ebi-a-GCST90001629,rs9378213,G,T,0.3057, || id:ebi-a-GCST90001629,TRUE,reported,igd
0.02777,5.48706e-06,82348481,-0.1264,3595,7,ebi-a-GCST90001629,rs6975360,G,A,0.2338, || id:ebi-a-GCST90001629,TRUE,reported,igd
0.08847,7.92501e-06,115451309,-0.3958,3595,7,ebi-a-GCST90001629,rs76997602,G,A,0.0178, || id:ebi-a-GCST90001629,TRUE,reported,igd
0.03411,1.68202e-06,131627162,-0.1636,3595,7,ebi-a-GCST90001629,rs78456529,T,C,0.1401, || id:ebi-a-GCST90001629,TRUE,reported,igd
0.1673,1.79201e-06,11817727,-0.8001,3595,8,ebi-a-GCST90001629,rs138678763,C,T,0.005, || id:ebi-a-GCST90001629,TRUE,reported,igd
0.04937,5.84898e-06,107775474,-0.2241,3595,8,ebi-a-GCST90001629,rs78867731,T,A,0.0622, || id:ebi-a-GCST90001629,TRUE,reported,igd
0.025,3.298e-06,101567115,-0.1165,3595,9,ebi-a-GCST90001629,rs2146255,C,A,0.347, || id:ebi-a-GCST90001629,TRUE,reported,igd
0.02544,7.38006e-08,117651780,-0.1372,3595,9,ebi-a-GCST90001629,rs1407309,A,G,0.4179, || id:ebi-a-GCST90001629,TRUE,reported,igd
0.05156,1.501e-06,101028704,0.2485,3595,9,ebi-a-GCST90001629,rs144674286,A,G,0.0629, || id:ebi-a-GCST90001629,TRUE,reported,igd
0.2159,2.02502e-06,76609571,-1.027,3595,10,ebi-a-GCST90001629,rs11598687,C,G,0.0028, || id:ebi-a-GCST90001629,TRUE,reported,igd
0.04329,3.74404e-06,118193216,-0.2005,3595,10,ebi-a-GCST90001629,rs1431485,C,T,0.9184, || id:ebi-a-GCST90001629,TRUE,reported,igd
0.02399,1.61499e-07,107676543,-0.1259,3595,11,ebi-a-GCST90001629,rs542160,T,C,0.5089, || id:ebi-a-GCST90001629,TRUE,reported,igd
0.04602,6.08401e-06,107259543,0.2085,3595,11,ebi-a-GCST90001629,rs79132531,G,A,0.075, || id:ebi-a-GCST90001629,TRUE,reported,igd
0.02906,4.75598e-06,85019560,0.1332,3595,12,ebi-a-GCST90001629,rs73365443,A,G,0.2195, || id:ebi-a-GCST90001629,TRUE,reported,igd
0.06587,2.29499e-06,12457054,0.3118,3595,12,ebi-a-GCST90001629,rs11054779,T,G,0.0331, || id:ebi-a-GCST90001629,TRUE,reported,igd
0.08593,4.47404e-06,110882752,-0.3949,3595,13,ebi-a-GCST90001629,rs506151,T,C,0.02, || id:ebi-a-GCST90001629,TRUE,reported,igd
0.2778,6.92102e-06,104939039,-1.251,3595,14,ebi-a-GCST90001629,rs34287418,G,C,0.0019, || id:ebi-a-GCST90001629,TRUE,reported,igd
0.05545,5.15597e-06,10380869,0.2531,3595,16,ebi-a-GCST90001629,rs60923927,A,T,0.0494, || id:ebi-a-GCST90001629,TRUE,reported,igd
0.02433,1.63799e-06,11518708,0.1168,3595,16,ebi-a-GCST90001629,rs4527037,G,T,0.4408, || id:ebi-a-GCST90001629,TRUE,reported,igd
0.06983,1.65501e-07,10380785,0.3662,3595,16,ebi-a-GCST90001629,rs112455120,T,C,0.03, || id:ebi-a-GCST90001629,TRUE,reported,igd
0.027,9.22784e-61,10970902,-0.4525,3595,16,ebi-a-GCST90001629,rs3087456,A,G,0.7662, || id:ebi-a-GCST90001629,TRUE,reported,igd
0.03221,2.311e-09,10569039,-0.1929,3595,16,ebi-a-GCST90001629,rs72779785,G,A,0.1634, || id:ebi-a-GCST90001629,TRUE,reported,igd
0.07898,7.37598e-08,10651993,0.4259,3595,16,ebi-a-GCST90001629,rs62029480,T,C,0.0236, || id:ebi-a-GCST90001629,TRUE,reported,igd
0.04133,8.71505e-06,17485805,0.1841,3595,19,ebi-a-GCST90001629,rs117517764,G,A,0.0911, || id:ebi-a-GCST90001629,TRUE,reported,igd
0.03797,7.56293e-06,53321356,0.1702,3595,19,ebi-a-GCST90001629,rs113162001,T,C,0.1093, || id:ebi-a-GCST90001629,TRUE,reported,igd
0.03982,2.96401e-06,795371,-0.1864,3595,19,ebi-a-GCST90001629,rs78581629,A,G,0.0968, || id:ebi-a-GCST90001629,TRUE,reported,igd
0.3593,2.47098e-06,38996871,1.695,3595,19,ebi-a-GCST90001629,rs73030989,T,C,0.0013, || id:ebi-a-GCST90001629,TRUE,reported,igd
0.03148,3.42003e-06,49449929,0.1464,3595,20,ebi-a-GCST90001629,rs6020784,G,A,0.1819, || id:ebi-a-GCST90001629,TRUE,reported,igd
0.05652,4.74602e-06,43304155,0.259,3595,21,ebi-a-GCST90001629,rs4920093,G,A,0.0477, || id:ebi-a-GCST90001629,TRUE,reported,igd
