pos.exposure,beta.exposure,samplesize.exposure,pval.exposure,chr.exposure,se.exposure,id.exposure,SNP,effect_allele.exposure,other_allele.exposure,eaf.exposure,exposure,mr_keep.exposure,pval_origin.exposure,data_source.exposure
237971051,-0.2433,3395,9.47393e-06,1,0.05486,ebi-a-GCST90001560,rs17655711,C,T,0.0406, || id:ebi-a-GCST90001560,TRUE,reported,igd
249084997,3.806,3395,5.34097e-06,1,0.8351,ebi-a-GCST90001560,rs76444609,A,G,1e-04, || id:ebi-a-GCST90001560,TRUE,reported,igd
38899155,0.1216,3395,9.482e-08,2,0.02273,ebi-a-GCST90001560,rs28578699,C,A,0.3664, || id:ebi-a-GCST90001560,TRUE,reported,igd
38925155,0.197,3395,3.30598e-18,2,0.02252,ebi-a-GCST90001560,rs11896593,C,G,0.371, || id:ebi-a-GCST90001560,TRUE,reported,igd
25717920,0.9887,3395,6.21599e-07,3,0.198,ebi-a-GCST90001560,rs79777035,C,T,0.0034, || id:ebi-a-GCST90001560,TRUE,reported,igd
117384981,1.982,3395,8.00203e-06,3,0.4431,ebi-a-GCST90001560,rs185587352,A,G,6e-04, || id:ebi-a-GCST90001560,TRUE,reported,igd
120605817,3.706,3395,7.703e-06,4,0.8273,ebi-a-GCST90001560,rs62321187,T,C,1e-04, || id:ebi-a-GCST90001560,TRUE,reported,igd
27430294,0.2664,3395,1.64199e-06,5,0.05548,ebi-a-GCST90001560,rs114799586,T,C,0.0396, || id:ebi-a-GCST90001560,TRUE,reported,igd
20193704,-0.1555,3395,6.50504e-06,6,0.03443,ebi-a-GCST90001560,rs72826622,T,C,0.1144, || id:ebi-a-GCST90001560,TRUE,reported,igd
32666960,-0.1586,3395,1.47901e-08,6,0.02793,ebi-a-GCST90001560,rs114968045,C,T,0.2996, || id:ebi-a-GCST90001560,TRUE,reported,igd
32602482,0.1747,3395,1.222e-09,6,0.02866,ebi-a-GCST90001560,rs3104369,C,T,0.7732, || id:ebi-a-GCST90001560,TRUE,reported,igd
109644613,-0.4537,3395,9.41196e-06,6,0.1023,ebi-a-GCST90001560,rs72933273,T,C,0.0109, || id:ebi-a-GCST90001560,TRUE,reported,igd
10075089,0.1253,3395,4.10998e-06,7,0.02717,ebi-a-GCST90001560,rs6943221,A,T,0.2028, || id:ebi-a-GCST90001560,TRUE,reported,igd
5871144,3.282,3395,2.39502e-06,8,0.6946,ebi-a-GCST90001560,rs75402344,T,G,3e-04, || id:ebi-a-GCST90001560,TRUE,reported,igd
117805397,-0.1222,3395,4.15901e-06,8,0.02651,ebi-a-GCST90001560,rs1550856,G,A,0.7779, || id:ebi-a-GCST90001560,TRUE,reported,igd
128850262,-0.616,3395,5.91194e-06,9,0.1358,ebi-a-GCST90001560,rs140940501,A,G,0.0062, || id:ebi-a-GCST90001560,TRUE,reported,igd
83433494,4.001,3395,7.32403e-07,11,0.8064,ebi-a-GCST90001560,rs76552842,A,G,1e-04, || id:ebi-a-GCST90001560,TRUE,reported,igd
122918979,3.818,3395,5.76899e-06,11,0.8406,ebi-a-GCST90001560,rs117284243,T,A,1e-04, || id:ebi-a-GCST90001560,TRUE,reported,igd
100186724,0.1248,3395,4.51804e-06,12,0.02717,ebi-a-GCST90001560,rs11110042,T,C,0.204, || id:ebi-a-GCST90001560,TRUE,reported,igd
48342339,0.3584,3395,8.84199e-06,12,0.08052,ebi-a-GCST90001560,rs138746551,G,A,0.0196, || id:ebi-a-GCST90001560,TRUE,reported,igd
26308944,7.755,3395,4.15901e-06,14,1.682,ebi-a-GCST90001560,rs78750136,C,T,NA, || id:ebi-a-GCST90001560,TRUE,reported,igd
71472800,0.1782,3395,7.25905e-06,15,0.03967,ebi-a-GCST90001560,rs35644926,C,T,0.0813, || id:ebi-a-GCST90001560,TRUE,reported,igd
57560762,-0.1561,3395,6.13494e-06,16,0.03447,ebi-a-GCST90001560,rs72791631,A,T,0.1165, || id:ebi-a-GCST90001560,TRUE,reported,igd
31692448,0.4151,3395,9.53411e-06,17,0.09362,ebi-a-GCST90001560,rs16968252,A,G,0.013, || id:ebi-a-GCST90001560,TRUE,reported,igd
13390635,-0.6898,3395,3.81197e-06,18,0.149,ebi-a-GCST90001560,rs118124576,G,T,0.0052, || id:ebi-a-GCST90001560,TRUE,reported,igd
62334258,0.0983,3395,6.43502e-06,18,0.02175,ebi-a-GCST90001560,rs13381634,G,A,0.4177, || id:ebi-a-GCST90001560,TRUE,reported,igd
27887990,0.1285,3395,2.65399e-07,18,0.02492,ebi-a-GCST90001560,rs62077212,C,T,0.2498, || id:ebi-a-GCST90001560,TRUE,reported,igd
42191862,0.1995,3395,1.275e-06,21,0.04112,ebi-a-GCST90001560,rs2837838,G,A,0.9264, || id:ebi-a-GCST90001560,TRUE,reported,igd
