pos.exposure,pval.exposure,samplesize.exposure,beta.exposure,chr.exposure,se.exposure,id.exposure,SNP,effect_allele.exposure,other_allele.exposure,eaf.exposure,exposure,mr_keep.exposure,pval_origin.exposure,data_source.exposure
61679283,5.41402e-07,3427,0.1138,1,0.02267,ebi-a-GCST90001567,rs332818,G,A,0.5573, || id:ebi-a-GCST90001567,TRUE,reported,igd
237168044,3.31497e-06,3427,0.8619,1,0.185,ebi-a-GCST90001567,rs1252165,T,C,0.0035, || id:ebi-a-GCST90001567,TRUE,reported,igd
240939082,5.42201e-06,3427,-0.6498,2,0.1426,ebi-a-GCST90001567,rs114187856,T,C,0.0063, || id:ebi-a-GCST90001567,TRUE,reported,igd
59914042,4.11898e-06,3427,0.5738,3,0.1244,ebi-a-GCST90001567,rs76313555,T,C,0.008, || id:ebi-a-GCST90001567,TRUE,reported,igd
149134594,5.94196e-06,3427,-0.1222,4,0.02695,ebi-a-GCST90001567,rs7699349,C,T,0.7693, || id:ebi-a-GCST90001567,TRUE,reported,igd
73116673,5.04499e-07,3427,1.751,5,0.3478,ebi-a-GCST90001567,rs13359589,T,C,0.0012, || id:ebi-a-GCST90001567,TRUE,reported,igd
145631468,4.24004e-06,3427,0.494,6,0.1072,ebi-a-GCST90001567,rs141935759,A,G,0.0108, || id:ebi-a-GCST90001567,TRUE,reported,igd
150715047,1.68702e-06,3427,0.3892,6,0.08116,ebi-a-GCST90001567,rs148768795,A,G,0.0198, || id:ebi-a-GCST90001567,TRUE,reported,igd
30800068,5.41502e-06,3427,0.1325,6,0.0291,ebi-a-GCST90001567,rs1264345,A,G,0.7569, || id:ebi-a-GCST90001567,TRUE,reported,igd
57131203,1.06601e-06,3427,-0.2442,7,0.04996,ebi-a-GCST90001567,rs140929446,A,C,0.0598, || id:ebi-a-GCST90001567,TRUE,reported,igd
23640174,9.04399e-06,3427,-0.148,7,0.03329,ebi-a-GCST90001567,rs17779181,C,T,0.1348, || id:ebi-a-GCST90001567,TRUE,reported,igd
153543926,2.72703e-06,3427,-0.1284,7,0.02733,ebi-a-GCST90001567,rs12537183,C,T,0.2221, || id:ebi-a-GCST90001567,TRUE,reported,igd
45898582,4.62605e-06,3427,0.1064,7,0.02318,ebi-a-GCST90001567,rs2331387,A,T,0.3748, || id:ebi-a-GCST90001567,TRUE,reported,igd
22747751,7.23203e-08,3427,0.1481,7,0.02743,ebi-a-GCST90001567,rs4386870,T,C,0.2228, || id:ebi-a-GCST90001567,TRUE,reported,igd
89666365,1.986e-06,3427,0.6688,8,0.1404,ebi-a-GCST90001567,rs149868216,A,T,0.0066, || id:ebi-a-GCST90001567,TRUE,reported,igd
78567264,9.0261e-06,3427,-0.1317,9,0.02963,ebi-a-GCST90001567,rs4504704,C,T,0.8226, || id:ebi-a-GCST90001567,TRUE,reported,igd
32399394,8.8249e-06,3427,-0.1024,10,0.02301,ebi-a-GCST90001567,rs2988087,A,G,0.5327, || id:ebi-a-GCST90001567,TRUE,reported,igd
95116986,3.95804e-06,3427,0.4381,12,0.0948,ebi-a-GCST90001567,rs755280,G,T,0.0146, || id:ebi-a-GCST90001567,TRUE,reported,igd
69856859,4.73195e-06,3427,-0.126,14,0.02748,ebi-a-GCST90001567,rs1290035,C,T,0.7776, || id:ebi-a-GCST90001567,TRUE,reported,igd
64652871,7.20195e-06,3427,0.3673,15,0.08172,ebi-a-GCST90001567,rs139496000,A,G,0.0198, || id:ebi-a-GCST90001567,TRUE,reported,igd
78156295,4.79303e-06,3427,-0.1196,16,0.02611,ebi-a-GCST90001567,rs13339407,G,A,0.2569, || id:ebi-a-GCST90001567,TRUE,reported,igd
38082831,9.6781e-06,3427,-0.1307,17,0.0295,ebi-a-GCST90001567,rs17608925,C,T,0.1866, || id:ebi-a-GCST90001567,TRUE,reported,igd
70184940,3.36202e-06,3427,-0.1076,17,0.02312,ebi-a-GCST90001567,rs55748312,T,C,0.3783, || id:ebi-a-GCST90001567,TRUE,reported,igd
