chr.exposure,pos.exposure,samplesize.exposure,se.exposure,beta.exposure,pval.exposure,id.exposure,SNP,effect_allele.exposure,other_allele.exposure,eaf.exposure,exposure,mr_keep.exposure,pval_origin.exposure,data_source.exposure
1,8009985,3657,0.08737,-0.4552,1.99402e-07,ebi-a-GCST90001411,rs75766272,T,C,0.0201, || id:ebi-a-GCST90001411,TRUE,reported,igd
1,230130712,3657,0.03015,-0.1336,9.70197e-06,ebi-a-GCST90001411,rs11584183,C,T,0.2311, || id:ebi-a-GCST90001411,TRUE,reported,igd
2,73679013,3657,0.063,0.2797,9.25295e-06,ebi-a-GCST90001411,rs45608038,G,A,0.0421, || id:ebi-a-GCST90001411,TRUE,reported,igd
3,4408435,3657,0.08216,0.3685,7.49307e-06,ebi-a-GCST90001411,rs6781675,C,G,0.0235, || id:ebi-a-GCST90001411,TRUE,reported,igd
5,175234476,3657,0.02723,-0.1214,8.45999e-06,ebi-a-GCST90001411,rs11134931,A,G,0.6924, || id:ebi-a-GCST90001411,TRUE,reported,igd
6,32553200,3657,0.09069,0.4368,1.52398e-06,ebi-a-GCST90001411,rs34418535,G,A,0.064, || id:ebi-a-GCST90001411,TRUE,reported,igd
6,133003242,3657,0.0367,-0.1674,5.27898e-06,ebi-a-GCST90001411,rs45575344,C,T,0.1333, || id:ebi-a-GCST90001411,TRUE,reported,igd
6,169106376,3657,0.06299,-0.2834,7.04693e-06,ebi-a-GCST90001411,rs147867176,T,A,0.0418, || id:ebi-a-GCST90001411,TRUE,reported,igd
6,42013868,3657,0.02675,-0.1237,3.92103e-06,ebi-a-GCST90001411,rs9369326,C,T,0.3121, || id:ebi-a-GCST90001411,TRUE,reported,igd
7,66493985,3657,0.02875,-0.1289,7.625e-06,ebi-a-GCST90001411,rs7457479,C,T,0.2762, || id:ebi-a-GCST90001411,TRUE,reported,igd
9,21576571,3657,0.09145,-0.4312,2.51102e-06,ebi-a-GCST90001411,rs62562996,A,G,0.0172, || id:ebi-a-GCST90001411,TRUE,reported,igd
12,2866164,3657,0.1031,-0.4808,3.23601e-06,ebi-a-GCST90001411,rs112570989,T,C,0.0149, || id:ebi-a-GCST90001411,TRUE,reported,igd
13,108993494,3657,0.027,0.1313,1.20301e-06,ebi-a-GCST90001411,rs12874404,G,A,0.3257, || id:ebi-a-GCST90001411,TRUE,reported,igd
13,51367583,3657,0.02683,-0.1353,4.79204e-07,ebi-a-GCST90001411,rs7988851,T,C,0.3266, || id:ebi-a-GCST90001411,TRUE,reported,igd
13,50147180,3657,0.08918,0.4747,1.07999e-07,ebi-a-GCST90001411,rs76477280,G,A,0.0206, || id:ebi-a-GCST90001411,TRUE,reported,igd
13,70325772,3657,0.09065,0.4126,5.50402e-06,ebi-a-GCST90001411,rs145371905,T,G,0.0194, || id:ebi-a-GCST90001411,TRUE,reported,igd
14,96205838,3657,0.05855,0.2816,1.567e-06,ebi-a-GCST90001411,rs77762131,C,G,0.045, || id:ebi-a-GCST90001411,TRUE,reported,igd
14,65673804,3657,0.05457,0.2453,7.14595e-06,ebi-a-GCST90001411,rs78269238,T,C,0.0582, || id:ebi-a-GCST90001411,TRUE,reported,igd
14,93256694,3657,0.02707,-0.1204,9.00306e-06,ebi-a-GCST90001411,rs35130455,A,T,0.704, || id:ebi-a-GCST90001411,TRUE,reported,igd
16,4127619,3657,0.02634,0.1207,4.73097e-06,ebi-a-GCST90001411,rs17256322,A,T,0.3234, || id:ebi-a-GCST90001411,TRUE,reported,igd
18,23575118,3657,0.06339,0.2862,6.54395e-06,ebi-a-GCST90001411,rs144479315,T,A,0.0418, || id:ebi-a-GCST90001411,TRUE,reported,igd
