samplesize.exposure,beta.exposure,chr.exposure,pos.exposure,se.exposure,pval.exposure,id.exposure,SNP,effect_allele.exposure,other_allele.exposure,eaf.exposure,exposure,mr_keep.exposure,pval_origin.exposure,data_source.exposure
1858,0.7558,1,90495703,0.1608,2.80899e-06,ebi-a-GCST90001517,rs2703989,T,C,0.0105, || id:ebi-a-GCST90001517,TRUE,reported,igd
1858,0.1593,1,87752464,0.03298,1.483e-06,ebi-a-GCST90001517,rs11161969,G,A,0.4128, || id:ebi-a-GCST90001517,TRUE,reported,igd
1858,0.2285,2,147077389,0.0465,9.69304e-07,ebi-a-GCST90001517,rs5020267,G,A,0.1453, || id:ebi-a-GCST90001517,TRUE,reported,igd
1858,-1.096,2,227300526,0.2455,8.54496e-06,ebi-a-GCST90001517,rs150886675,A,G,0.004, || id:ebi-a-GCST90001517,TRUE,reported,igd
1858,0.1643,2,206649338,0.03508,3.02002e-06,ebi-a-GCST90001517,rs3770997,C,T,0.3103, || id:ebi-a-GCST90001517,TRUE,reported,igd
1858,-0.7744,3,15416436,0.1677,4.14801e-06,ebi-a-GCST90001517,rs143438920,A,C,0.01, || id:ebi-a-GCST90001517,TRUE,reported,igd
1858,3.847,4,130012204,0.8008,1.67498e-06,ebi-a-GCST90001517,rs115418145,T,G,5e-04, || id:ebi-a-GCST90001517,TRUE,reported,igd
1858,0.1792,4,27723538,0.03652,1.011e-06,ebi-a-GCST90001517,rs73248200,G,T,0.2801, || id:ebi-a-GCST90001517,TRUE,reported,igd
1858,0.1809,5,29036863,0.03789,1.93402e-06,ebi-a-GCST90001517,rs505769,A,C,0.2672, || id:ebi-a-GCST90001517,TRUE,reported,igd
1858,0.4335,5,162397650,0.09504,5.41502e-06,ebi-a-GCST90001517,rs1902950,C,G,0.0293, || id:ebi-a-GCST90001517,TRUE,reported,igd
1858,-0.6389,5,133807831,0.1429,8.26894e-06,ebi-a-GCST90001517,rs141849324,A,C,0.0137, || id:ebi-a-GCST90001517,TRUE,reported,igd
1858,1.586,6,125326624,0.3361,2.54097e-06,ebi-a-GCST90001517,rs77906933,G,A,0.0022, || id:ebi-a-GCST90001517,TRUE,reported,igd
1858,0.564,6,135523741,0.1251,6.98297e-06,ebi-a-GCST90001517,rs183489799,A,G,0.0178, || id:ebi-a-GCST90001517,TRUE,reported,igd
1858,0.6932,6,19571542,0.1563,9.78994e-06,ebi-a-GCST90001517,rs34908874,G,A,0.01, || id:ebi-a-GCST90001517,TRUE,reported,igd
1858,-1.666,6,23419953,0.3698,7.05602e-06,ebi-a-GCST90001517,rs142786778,A,G,0.0019, || id:ebi-a-GCST90001517,TRUE,reported,igd
1858,1.986,7,134917158,0.4445,8.35603e-06,ebi-a-GCST90001517,rs1647900,T,A,0.9984, || id:ebi-a-GCST90001517,TRUE,reported,igd
1858,-2.346,7,141084101,0.4382,9.67008e-08,ebi-a-GCST90001517,rs182908654,C,T,0.0019, || id:ebi-a-GCST90001517,TRUE,reported,igd
1858,-0.1958,8,127623130,0.04267,4.77705e-06,ebi-a-GCST90001517,rs11777538,G,A,0.1889, || id:ebi-a-GCST90001517,TRUE,reported,igd
1858,0.3546,10,90000206,0.07364,1.59001e-06,ebi-a-GCST90001517,rs182483660,T,C,0.0533, || id:ebi-a-GCST90001517,TRUE,reported,igd
1858,-0.1538,10,61890937,0.03237,2.15799e-06,ebi-a-GCST90001517,rs10740011,T,G,0.4594, || id:ebi-a-GCST90001517,TRUE,reported,igd
1858,3.416,10,112429560,0.6702,3.79901e-07,ebi-a-GCST90001517,rs143612223,T,A,5e-04, || id:ebi-a-GCST90001517,TRUE,reported,igd
1858,0.2229,11,101619255,0.04674,2e-06,ebi-a-GCST90001517,rs61916462,A,G,0.1418, || id:ebi-a-GCST90001517,TRUE,reported,igd
1858,0.2117,12,1731406,0.0447,2.34801e-06,ebi-a-GCST90001517,rs12297491,A,C,0.1671, || id:ebi-a-GCST90001517,TRUE,reported,igd
1858,-0.155,14,78420741,0.03431,6.64707e-06,ebi-a-GCST90001517,rs4020134,G,A,0.6284, || id:ebi-a-GCST90001517,TRUE,reported,igd
1858,3.05,16,69342268,0.6706,5.78802e-06,ebi-a-GCST90001517,rs117019089,T,G,5e-04, || id:ebi-a-GCST90001517,TRUE,reported,igd
1858,0.2079,16,5666157,0.04443,3.09899e-06,ebi-a-GCST90001517,rs35948572,T,C,0.1593, || id:ebi-a-GCST90001517,TRUE,reported,igd
1858,0.1693,16,8615510,0.03482,1.262e-06,ebi-a-GCST90001517,rs13334605,G,C,0.6631, || id:ebi-a-GCST90001517,TRUE,reported,igd
1858,0.1771,18,5327059,0.03884,5.44703e-06,ebi-a-GCST90001517,rs111715212,A,C,0.2279, || id:ebi-a-GCST90001517,TRUE,reported,igd
1858,-0.2048,18,5858361,0.0394,2.249e-07,ebi-a-GCST90001517,rs74253876,T,C,0.2177, || id:ebi-a-GCST90001517,TRUE,reported,igd
1858,-0.3814,18,4762780,0.08257,4.12895e-06,ebi-a-GCST90001517,rs117285079,G,C,0.0401, || id:ebi-a-GCST90001517,TRUE,reported,igd
1858,-0.3696,19,51727962,0.03875,4.35913e-21,ebi-a-GCST90001517,rs3865444,A,C,0.2131, || id:ebi-a-GCST90001517,TRUE,reported,igd
