beta.exposure,samplesize.exposure,se.exposure,pos.exposure,pval.exposure,chr.exposure,id.exposure,SNP,effect_allele.exposure,other_allele.exposure,eaf.exposure,exposure,mr_keep.exposure,pval_origin.exposure,data_source.exposure
18.78,3425,4.013,198524264,2.97303e-06,1,ebi-a-GCST90001699,rs146620586,T,G,0.0032, || id:ebi-a-GCST90001699,TRUE,reported,igd
-2.987,3425,0.6613,4985225,6.47903e-06,1,ebi-a-GCST90001699,rs74055305,T,C,0.0749, || id:ebi-a-GCST90001699,TRUE,reported,igd
60.43,3425,13.57,249084997,8.67002e-06,1,ebi-a-GCST90001699,rs76444609,A,G,1e-04, || id:ebi-a-GCST90001699,TRUE,reported,igd
18.22,3425,3.787,146317203,1.557e-06,2,ebi-a-GCST90001699,rs184701860,G,A,0.0022, || id:ebi-a-GCST90001699,TRUE,reported,igd
17.66,3425,3.916,75148081,6.74497e-06,2,ebi-a-GCST90001699,rs4853078,G,T,0.0019, || id:ebi-a-GCST90001699,TRUE,reported,igd
49.13,3425,10.45,83631928,2.678e-06,2,ebi-a-GCST90001699,rs10176830,C,G,3e-04, || id:ebi-a-GCST90001699,TRUE,reported,igd
1.721,3425,0.3841,133321163,7.69609e-06,2,ebi-a-GCST90001699,rs7605634,C,T,0.2791, || id:ebi-a-GCST90001699,TRUE,reported,igd
-2.745,3425,0.372,38892207,1.962e-13,2,ebi-a-GCST90001699,rs7559619,G,A,0.3508, || id:ebi-a-GCST90001699,TRUE,reported,igd
11.65,3425,2.417,185618728,1.47798e-06,3,ebi-a-GCST90001699,rs148524572,C,T,0.0054, || id:ebi-a-GCST90001699,TRUE,reported,igd
11.48,3425,2.466,166969119,3.37497e-06,3,ebi-a-GCST90001699,rs139329941,T,C,0.0047, || id:ebi-a-GCST90001699,TRUE,reported,igd
27.8,3425,6.049,183402200,4.47703e-06,4,ebi-a-GCST90001699,rs79638560,A,C,9e-04, || id:ebi-a-GCST90001699,TRUE,reported,igd
37.99,3425,6.487,120352238,5.19601e-09,4,ebi-a-GCST90001699,rs199797711,C,T,0.001, || id:ebi-a-GCST90001699,TRUE,reported,igd
1.65,3425,0.3487,67792751,2.326e-06,4,ebi-a-GCST90001699,rs13133130,G,A,0.5321, || id:ebi-a-GCST90001699,TRUE,reported,igd
17.82,3425,3.901,130934266,5.13299e-06,4,ebi-a-GCST90001699,rs147841321,T,C,0.0019, || id:ebi-a-GCST90001699,TRUE,reported,igd
5.776,3425,1.273,4128043,5.91998e-06,4,ebi-a-GCST90001699,rs189420173,G,T,0.0207, || id:ebi-a-GCST90001699,TRUE,reported,igd
36.64,3425,6.772,103535765,6.71506e-08,4,ebi-a-GCST90001699,rs4648125,A,G,6e-04, || id:ebi-a-GCST90001699,TRUE,reported,igd
16.82,3425,3.744,1155401,7.26708e-06,5,ebi-a-GCST90001699,rs80181351,T,C,0.0023, || id:ebi-a-GCST90001699,TRUE,reported,igd
9.772,3425,1.873,165166578,1.92602e-07,6,ebi-a-GCST90001699,rs375356899,G,A,0.0092, || id:ebi-a-GCST90001699,TRUE,reported,igd
3.713,3425,0.8179,108456796,5.81902e-06,6,ebi-a-GCST90001699,rs56306620,C,T,0.0512, || id:ebi-a-GCST90001699,TRUE,reported,igd
6.923,3425,1.375,6986777,5.05196e-07,6,ebi-a-GCST90001699,rs73719023,C,G,0.0166, || id:ebi-a-GCST90001699,TRUE,reported,igd
3.528,3425,0.7953,77674010,9.46194e-06,7,ebi-a-GCST90001699,rs62461164,C,G,0.0558, || id:ebi-a-GCST90001699,TRUE,reported,igd
7.144,3425,1.487,128071585,1.62499e-06,7,ebi-a-GCST90001699,rs117858699,T,C,0.0136, || id:ebi-a-GCST90001699,TRUE,reported,igd
1.611,3425,0.3496,144992862,4.21502e-06,8,ebi-a-GCST90001699,rs7819099,G,A,0.5133, || id:ebi-a-GCST90001699,TRUE,reported,igd
1.727,3425,0.3828,139041212,6.67606e-06,9,ebi-a-GCST90001699,rs1747869,C,G,0.7149, || id:ebi-a-GCST90001699,TRUE,reported,igd
9.884,3425,2.114,60542770,3.04201e-06,10,ebi-a-GCST90001699,rs144378515,G,C,0.0069, || id:ebi-a-GCST90001699,TRUE,reported,igd
21.72,3425,4.38,12757694,7.46793e-07,10,ebi-a-GCST90001699,rs142420464,T,C,0.0016, || id:ebi-a-GCST90001699,TRUE,reported,igd
9.832,3425,2.207,15607755,8.6451e-06,10,ebi-a-GCST90001699,rs147119730,T,A,0.0067, || id:ebi-a-GCST90001699,TRUE,reported,igd
64.01,3425,13.7,122918979,3.07603e-06,11,ebi-a-GCST90001699,rs117284243,T,A,1e-04, || id:ebi-a-GCST90001699,TRUE,reported,igd
59.5,3425,13.1,83433494,5.81902e-06,11,ebi-a-GCST90001699,rs76552842,A,G,1e-04, || id:ebi-a-GCST90001699,TRUE,reported,igd
2.222,3425,0.4886,23151353,5.61694e-06,12,ebi-a-GCST90001699,rs17175340,T,C,0.147, || id:ebi-a-GCST90001699,TRUE,reported,igd
-3.328,3425,0.7255,96304050,4.65704e-06,13,ebi-a-GCST90001699,rs7989683,T,C,0.9397, || id:ebi-a-GCST90001699,TRUE,reported,igd
130.7,3425,27.4,26308944,1.92398e-06,14,ebi-a-GCST90001699,rs78750136,C,T,NA, || id:ebi-a-GCST90001699,TRUE,reported,igd
10.36,3425,2.03,30132737,3.55304e-07,15,ebi-a-GCST90001699,rs74828441,C,A,0.0073, || id:ebi-a-GCST90001699,TRUE,reported,igd
2.946,3425,0.6206,79282813,2.142e-06,16,ebi-a-GCST90001699,rs7186214,C,T,0.0867, || id:ebi-a-GCST90001699,TRUE,reported,igd
42.58,3425,9.265,49002799,4.46498e-06,17,ebi-a-GCST90001699,rs150885241,A,G,3e-04, || id:ebi-a-GCST90001699,TRUE,reported,igd
-2.611,3425,0.517,33814758,4.622e-07,17,ebi-a-GCST90001699,rs4796089,C,T,0.1345, || id:ebi-a-GCST90001699,TRUE,reported,igd
5.923,3425,1.324,22006601,8.00092e-06,18,ebi-a-GCST90001699,rs45609839,T,G,0.019, || id:ebi-a-GCST90001699,TRUE,reported,igd
