pval.exposure,se.exposure,beta.exposure,samplesize.exposure,pos.exposure,chr.exposure,id.exposure,SNP,effect_allele.exposure,other_allele.exposure,eaf.exposure,exposure,mr_keep.exposure,pval_origin.exposure,data_source.exposure
4.35602e-06,0.03688,0.1697,3657,12240824,1,ebi-a-GCST90001751,rs616645,G,T,0.128, || id:ebi-a-GCST90001751,TRUE,reported,igd
5.16904e-06,0.02702,0.1233,3657,58879185,1,ebi-a-GCST90001751,rs56031692,G,T,0.2976, || id:ebi-a-GCST90001751,TRUE,reported,igd
2.66397e-06,0.02539,-0.1194,3657,61051498,2,ebi-a-GCST90001751,rs7568308,A,T,0.4688, || id:ebi-a-GCST90001751,TRUE,reported,igd
7.36597e-06,0.1378,0.6185,3657,184424836,2,ebi-a-GCST90001751,rs115361290,G,A,0.0081, || id:ebi-a-GCST90001751,TRUE,reported,igd
2.35603e-06,0.06762,-0.3197,3657,200547937,2,ebi-a-GCST90001751,rs116393510,T,C,0.0328, || id:ebi-a-GCST90001751,TRUE,reported,igd
4.652e-06,0.03703,-0.1698,3657,183075828,3,ebi-a-GCST90001751,rs2136235,A,C,0.1278, || id:ebi-a-GCST90001751,TRUE,reported,igd
1.58001e-06,0.05989,0.288,3657,185524179,3,ebi-a-GCST90001751,rs73175579,A,C,0.0435, || id:ebi-a-GCST90001751,TRUE,reported,igd
8.40408e-06,0.06277,-0.28,3657,22458923,5,ebi-a-GCST90001751,rs1313625,A,G,0.0388, || id:ebi-a-GCST90001751,TRUE,reported,igd
1.1311e-25,0.03177,0.3353,3657,15880540,6,ebi-a-GCST90001751,rs2066399,A,G,0.821, || id:ebi-a-GCST90001751,TRUE,reported,igd
4.06097e-07,0.03444,0.1748,3657,32205324,6,ebi-a-GCST90001751,rs111983490,A,G,0.2097, || id:ebi-a-GCST90001751,TRUE,reported,igd
3.046e-08,0.03073,-0.1706,3657,32560752,6,ebi-a-GCST90001751,rs7768875,T,C,0.461, || id:ebi-a-GCST90001751,TRUE,reported,igd
9.822e-07,0.02554,-0.1252,3657,14804334,6,ebi-a-GCST90001751,rs233493,A,G,0.6339, || id:ebi-a-GCST90001751,TRUE,reported,igd
2.45002e-08,0.02674,0.1494,3657,14091682,6,ebi-a-GCST90001751,rs72836542,T,C,0.3161, || id:ebi-a-GCST90001751,TRUE,reported,igd
2.80698e-06,0.03114,-0.1461,3657,32593198,6,ebi-a-GCST90001751,rs9271700,C,G,0.6628, || id:ebi-a-GCST90001751,TRUE,reported,igd
8.71907e-06,0.07013,0.3123,3657,68325252,7,ebi-a-GCST90001751,rs150896136,A,G,0.0306, || id:ebi-a-GCST90001751,TRUE,reported,igd
2.121e-06,0.03837,0.1822,3657,23378556,9,ebi-a-GCST90001751,rs10965813,G,C,0.111, || id:ebi-a-GCST90001751,TRUE,reported,igd
5.423e-06,0.2194,-0.9992,3657,137841245,9,ebi-a-GCST90001751,rs116910507,A,G,0.003, || id:ebi-a-GCST90001751,TRUE,reported,igd
8.84891e-06,0.2075,-0.9231,3657,107505960,10,ebi-a-GCST90001751,rs17233534,C,A,0.0034, || id:ebi-a-GCST90001751,TRUE,reported,igd
6.72667e-13,0.02475,-0.1785,3657,60266070,11,ebi-a-GCST90001751,rs7939177,T,C,0.6102, || id:ebi-a-GCST90001751,TRUE,reported,igd
2.36102e-06,0.02976,0.1407,3657,55336327,12,ebi-a-GCST90001751,rs7307681,T,C,0.2186, || id:ebi-a-GCST90001751,TRUE,reported,igd
9.52708e-06,0.3764,-1.669,3657,81350884,14,ebi-a-GCST90001751,rs117266160,A,G,0.0011, || id:ebi-a-GCST90001751,TRUE,reported,igd
6.80801e-06,0.07807,-0.3518,3657,20477419,16,ebi-a-GCST90001751,rs532803692,C,A,0.0265, || id:ebi-a-GCST90001751,TRUE,reported,igd
3.476e-06,0.0922,0.4285,3657,6772746,17,ebi-a-GCST90001751,rs146797770,C,T,0.0179, || id:ebi-a-GCST90001751,TRUE,reported,igd
1.75102e-10,0.02631,0.1684,3657,49915911,19,ebi-a-GCST90001751,rs34486765,A,G,0.3094, || id:ebi-a-GCST90001751,TRUE,reported,igd
4.54496e-06,0.02817,0.1293,3657,57483655,20,ebi-a-GCST90001751,rs234630,C,T,0.2484, || id:ebi-a-GCST90001751,TRUE,reported,igd
1.06699e-06,0.0397,-0.194,3657,44569390,22,ebi-a-GCST90001751,rs139106,A,G,0.1043, || id:ebi-a-GCST90001751,TRUE,reported,igd
3.91598e-06,0.02524,-0.1167,3657,39829973,22,ebi-a-GCST90001751,rs5750823,T,C,0.6225, || id:ebi-a-GCST90001751,TRUE,reported,igd
