pval.exposure,samplesize.exposure,chr.exposure,beta.exposure,se.exposure,pos.exposure,id.exposure,SNP,effect_allele.exposure,other_allele.exposure,eaf.exposure,exposure,mr_keep.exposure,pval_origin.exposure,data_source.exposure
5.83902e-06,3656,1,-0.1215,0.02676,233503875,ebi-a-GCST90001577,rs1294253,C,T,0.7254, || id:ebi-a-GCST90001577,TRUE,reported,igd
2.98099e-06,3656,1,0.6676,0.1427,200858159,ebi-a-GCST90001577,rs116285595,T,C,0.0068, || id:ebi-a-GCST90001577,TRUE,reported,igd
2.24698e-06,3656,1,0.1161,0.02451,99311831,ebi-a-GCST90001577,rs1384162,G,A,0.6035, || id:ebi-a-GCST90001577,TRUE,reported,igd
1.00201e-06,3656,2,-0.3106,0.0634,105581937,ebi-a-GCST90001577,rs140088532,C,T,0.0368, || id:ebi-a-GCST90001577,TRUE,reported,igd
4.80397e-06,3656,2,1.479,0.3229,155636739,ebi-a-GCST90001577,rs78188887,G,A,0.0014, || id:ebi-a-GCST90001577,TRUE,reported,igd
9.8349e-06,3656,2,0.2817,0.06363,219236436,ebi-a-GCST90001577,rs3845834,T,C,0.0386, || id:ebi-a-GCST90001577,TRUE,reported,igd
8.40292e-06,3656,2,-0.3238,0.07259,128428350,ebi-a-GCST90001577,rs113965271,C,G,0.0286, || id:ebi-a-GCST90001577,TRUE,reported,igd
4.26e-06,3656,2,-0.1258,0.02732,16464227,ebi-a-GCST90001577,rs733555,T,G,0.2637, || id:ebi-a-GCST90001577,TRUE,reported,igd
7.38703e-06,3656,3,0.5918,0.1318,163801921,ebi-a-GCST90001577,rs374727947,G,T,0.0098, || id:ebi-a-GCST90001577,TRUE,reported,igd
7.27797e-06,3656,3,-0.1101,0.02452,74778821,ebi-a-GCST90001577,rs34161184,A,G,0.5109, || id:ebi-a-GCST90001577,TRUE,reported,igd
3.071e-06,3656,4,-0.1686,0.03609,42452429,ebi-a-GCST90001577,rs35949974,A,T,0.1239, || id:ebi-a-GCST90001577,TRUE,reported,igd
1.69399e-07,3656,4,-0.4544,0.08671,15915069,ebi-a-GCST90001577,rs76112278,A,G,0.0194, || id:ebi-a-GCST90001577,TRUE,reported,igd
6.56705e-06,3656,4,-0.1082,0.02396,5229884,ebi-a-GCST90001577,rs985222,C,T,0.5315, || id:ebi-a-GCST90001577,TRUE,reported,igd
9.20195e-09,3656,5,-0.2625,0.04559,158317602,ebi-a-GCST90001577,rs75512885,A,T,0.0788, || id:ebi-a-GCST90001577,TRUE,reported,igd
6.05996e-06,3656,5,-0.1682,0.03711,143071654,ebi-a-GCST90001577,rs929786,T,A,0.8786, || id:ebi-a-GCST90001577,TRUE,reported,igd
1.92801e-06,3656,5,0.3305,0.0693,153628389,ebi-a-GCST90001577,rs77886121,A,G,0.0321, || id:ebi-a-GCST90001577,TRUE,reported,igd
1.62301e-06,3656,7,-0.4629,0.09637,12847391,ebi-a-GCST90001577,rs143397127,C,T,0.0157, || id:ebi-a-GCST90001577,TRUE,reported,igd
3.59402e-06,3656,7,0.1135,0.02446,121174063,ebi-a-GCST90001577,rs12535189,T,C,0.4795, || id:ebi-a-GCST90001577,TRUE,reported,igd
2.74202e-06,3656,7,-0.1674,0.03565,2204473,ebi-a-GCST90001577,rs1639898,G,A,0.8777, || id:ebi-a-GCST90001577,TRUE,reported,igd
7.31105e-07,3656,8,0.2433,0.04904,3638250,ebi-a-GCST90001577,rs55798372,T,C,0.0654, || id:ebi-a-GCST90001577,TRUE,reported,igd
6.93394e-07,3656,8,-0.1334,0.02683,130617819,ebi-a-GCST90001577,rs2395904,G,T,0.2657, || id:ebi-a-GCST90001577,TRUE,reported,igd
1.01e-06,3656,8,0.4201,0.08577,102770464,ebi-a-GCST90001577,rs16868356,C,T,0.0198, || id:ebi-a-GCST90001577,TRUE,reported,igd
4.13504e-07,3656,10,0.3278,0.06464,24415064,ebi-a-GCST90001577,rs190371014,G,C,0.0371, || id:ebi-a-GCST90001577,TRUE,reported,igd
9.73599e-06,3656,11,0.1214,0.02741,119980729,ebi-a-GCST90001577,rs12799241,A,G,0.2619, || id:ebi-a-GCST90001577,TRUE,reported,igd
4.29903e-06,3656,11,-0.2724,0.05916,115433689,ebi-a-GCST90001577,rs75505900,T,G,0.0439, || id:ebi-a-GCST90001577,TRUE,reported,igd
6.78297e-06,3656,14,-0.1458,0.03236,81466662,ebi-a-GCST90001577,rs11159480,T,G,0.8166, || id:ebi-a-GCST90001577,TRUE,reported,igd
5.07797e-06,3656,16,-0.3934,0.08611,8263526,ebi-a-GCST90001577,rs146347064,A,C,0.0187, || id:ebi-a-GCST90001577,TRUE,reported,igd
8.94396e-07,3656,16,0.2696,0.05477,55449193,ebi-a-GCST90001577,rs117518951,C,T,0.049, || id:ebi-a-GCST90001577,TRUE,reported,igd
3.10599e-06,3656,16,0.1156,0.02476,88060989,ebi-a-GCST90001577,rs8045732,C,G,0.3554, || id:ebi-a-GCST90001577,TRUE,reported,igd
6.02601e-08,3656,17,-0.1444,0.0266,38038389,ebi-a-GCST90001577,rs12939565,T,A,0.4267, || id:ebi-a-GCST90001577,TRUE,reported,igd
8.18408e-06,3656,18,0.1227,0.02748,75135714,ebi-a-GCST90001577,rs8092698,A,T,0.2438, || id:ebi-a-GCST90001577,TRUE,reported,igd
4.94903e-06,3656,19,-0.2101,0.04594,32443306,ebi-a-GCST90001577,rs78943781,C,T,0.0744, || id:ebi-a-GCST90001577,TRUE,reported,igd
5.26296e-06,3656,19,0.1093,0.02397,53039110,ebi-a-GCST90001577,rs655580,A,G,0.4571, || id:ebi-a-GCST90001577,TRUE,reported,igd
