samplesize.exposure,beta.exposure,se.exposure,chr.exposure,pos.exposure,pval.exposure,id.exposure,SNP,effect_allele.exposure,other_allele.exposure,eaf.exposure,exposure,mr_keep.exposure,pval_origin.exposure,data_source.exposure
3657,0.3659,0.07788,2,178858731,2.72898e-06,ebi-a-GCST90001745,rs187188344,G,C,0.0269, || id:ebi-a-GCST90001745,TRUE,reported,igd
3657,0.1124,0.02505,3,111952407,7.45006e-06,ebi-a-GCST90001745,rs13080324,A,C,0.4322, || id:ebi-a-GCST90001745,TRUE,reported,igd
3657,-1.321,0.2913,3,27240644,5.94402e-06,ebi-a-GCST90001745,rs149204679,G,A,0.0018, || id:ebi-a-GCST90001745,TRUE,reported,igd
3657,-0.1508,0.03126,4,190508875,1.45499e-06,ebi-a-GCST90001745,rs62340965,A,T,0.2158, || id:ebi-a-GCST90001745,TRUE,reported,igd
3657,0.1204,0.02503,4,100832060,1.57101e-06,ebi-a-GCST90001745,rs2114442,T,C,0.5751, || id:ebi-a-GCST90001745,TRUE,reported,igd
3657,0.3243,0.07158,5,162820460,6.047e-06,ebi-a-GCST90001745,rs77612075,T,C,0.0293, || id:ebi-a-GCST90001745,TRUE,reported,igd
3657,0.2952,0.06578,5,98564385,7.43995e-06,ebi-a-GCST90001745,rs114915558,G,A,0.0384, || id:ebi-a-GCST90001745,TRUE,reported,igd
3657,0.1139,0.02545,5,58107171,7.89005e-06,ebi-a-GCST90001745,rs295654,T,C,0.6113, || id:ebi-a-GCST90001745,TRUE,reported,igd
3657,0.2138,0.03693,6,15858996,7.66602e-09,ebi-a-GCST90001745,rs6459417,T,C,0.8737, || id:ebi-a-GCST90001745,TRUE,reported,igd
3657,0.256,0.05363,6,107162216,1.88101e-06,ebi-a-GCST90001745,rs9400057,A,G,0.0567, || id:ebi-a-GCST90001745,TRUE,reported,igd
3657,0.2545,0.04474,6,32640351,1.38401e-08,ebi-a-GCST90001745,rs111259171,G,A,0.1947, || id:ebi-a-GCST90001745,TRUE,reported,igd
3657,0.2387,0.04602,6,31005483,2.27101e-07,ebi-a-GCST90001745,rs12196019,A,C,0.1117, || id:ebi-a-GCST90001745,TRUE,reported,igd
3657,0.2943,0.05167,6,29765925,1.32099e-08,ebi-a-GCST90001745,rs9461557,T,C,0.1124, || id:ebi-a-GCST90001745,TRUE,reported,igd
3657,0.2142,0.04001,6,31321238,9.15503e-08,ebi-a-GCST90001745,rs6922309,C,G,0.1468, || id:ebi-a-GCST90001745,TRUE,reported,igd
3657,-0.1172,0.02548,9,37002142,4.39198e-06,ebi-a-GCST90001745,rs12554596,G,A,0.3891, || id:ebi-a-GCST90001745,TRUE,reported,igd
3657,0.2833,0.06325,9,95898832,7.73891e-06,ebi-a-GCST90001745,rs7035906,A,G,0.0416, || id:ebi-a-GCST90001745,TRUE,reported,igd
3657,0.2686,0.05894,9,75768836,5.34897e-06,ebi-a-GCST90001745,rs75071948,G,T,0.0453, || id:ebi-a-GCST90001745,TRUE,reported,igd
3657,-0.3566,0.07941,10,99560231,7.33703e-06,ebi-a-GCST90001745,rs78850316,T,C,0.025, || id:ebi-a-GCST90001745,TRUE,reported,igd
3657,0.1756,0.03165,10,94516008,3.07298e-08,ebi-a-GCST90001745,rs11187166,T,C,0.1993, || id:ebi-a-GCST90001745,TRUE,reported,igd
3657,-0.2878,0.04216,11,60166613,1.02589e-11,ebi-a-GCST90001745,rs74621542,C,T,0.0917, || id:ebi-a-GCST90001745,TRUE,reported,igd
3657,-0.1306,0.02723,11,268078,1.68298e-06,ebi-a-GCST90001745,rs7128035,C,T,0.7107, || id:ebi-a-GCST90001745,TRUE,reported,igd
3657,0.1899,0.04009,11,60288804,2.27002e-06,ebi-a-GCST90001745,rs149695230,G,T,0.1079, || id:ebi-a-GCST90001745,TRUE,reported,igd
3657,0.2156,0.04829,12,45116844,8.27904e-06,ebi-a-GCST90001745,rs111896387,T,C,0.0786, || id:ebi-a-GCST90001745,TRUE,reported,igd
3657,-0.117,0.02578,12,4101401,5.91494e-06,ebi-a-GCST90001745,rs2578469,A,G,0.3246, || id:ebi-a-GCST90001745,TRUE,reported,igd
3657,-0.3982,0.08835,13,72232674,6.78297e-06,ebi-a-GCST90001745,rs61958965,T,C,0.0198, || id:ebi-a-GCST90001745,TRUE,reported,igd
3657,-0.782,0.1638,13,64174465,1.86599e-06,ebi-a-GCST90001745,rs149214933,G,T,0.0062, || id:ebi-a-GCST90001745,TRUE,reported,igd
3657,-0.8478,0.1832,15,31184858,3.81698e-06,ebi-a-GCST90001745,rs62000215,T,C,0.0049, || id:ebi-a-GCST90001745,TRUE,reported,igd
3657,0.7689,0.171,16,61118647,7.13001e-06,ebi-a-GCST90001745,rs141211110,T,C,0.0051, || id:ebi-a-GCST90001745,TRUE,reported,igd
3657,-0.2158,0.04605,16,19308868,2.877e-06,ebi-a-GCST90001745,rs179212,C,T,0.0772, || id:ebi-a-GCST90001745,TRUE,reported,igd
3657,0.2393,0.05016,19,49998328,1.91201e-06,ebi-a-GCST90001745,rs141121779,A,G,0.0647, || id:ebi-a-GCST90001745,TRUE,reported,igd
3657,0.2236,0.04215,19,50940778,1.19699e-07,ebi-a-GCST90001745,rs61731791,T,C,0.0972, || id:ebi-a-GCST90001745,TRUE,reported,igd
3657,-0.283,0.0286,19,49872521,8.18088e-23,ebi-a-GCST90001745,rs55809481,C,T,0.2425, || id:ebi-a-GCST90001745,TRUE,reported,igd
