chr.exposure,samplesize.exposure,se.exposure,pos.exposure,pval.exposure,beta.exposure,id.exposure,SNP,effect_allele.exposure,other_allele.exposure,eaf.exposure,exposure,mr_keep.exposure,pval_origin.exposure,data_source.exposure
1,3427,0.1723,199999121,1.33401e-06,0.8342,ebi-a-GCST90001541,rs11579717,A,G,0.0044, || id:ebi-a-GCST90001541,TRUE,reported,igd
1,3427,0.2604,198524264,1.012e-08,1.495,ebi-a-GCST90001541,rs146620586,T,G,0.0032, || id:ebi-a-GCST90001541,TRUE,reported,igd
1,3427,0.03063,94176595,4.30596e-06,0.141,ebi-a-GCST90001541,rs12121018,A,G,0.1882, || id:ebi-a-GCST90001541,TRUE,reported,igd
1,3427,0.08333,101526164,1.98399e-07,0.4343,ebi-a-GCST90001541,rs114825362,C,G,0.0201, || id:ebi-a-GCST90001541,TRUE,reported,igd
1,3427,0.09195,239680551,1.38899e-06,0.4446,ebi-a-GCST90001541,rs150607181,C,G,0.0168, || id:ebi-a-GCST90001541,TRUE,reported,igd
2,3427,0.02548,38897249,1.17501e-08,0.1457,ebi-a-GCST90001541,rs12712610,G,A,0.2969, || id:ebi-a-GCST90001541,TRUE,reported,igd
2,3427,0.0239,39112166,2.04498e-06,-0.1137,ebi-a-GCST90001541,rs11124653,A,C,0.5909, || id:ebi-a-GCST90001541,TRUE,reported,igd
2,3427,0.06105,197060767,1.36e-06,-0.2955,ebi-a-GCST90001541,rs72613709,G,T,0.0376, || id:ebi-a-GCST90001541,TRUE,reported,igd
3,3427,0.02387,174932703,9.01903e-06,0.1061,ebi-a-GCST90001541,rs11716653,C,G,0.3843, || id:ebi-a-GCST90001541,TRUE,reported,igd
3,3427,0.05424,103225168,5.79002e-06,0.2463,ebi-a-GCST90001541,rs62274365,G,A,0.0474, || id:ebi-a-GCST90001541,TRUE,reported,igd
3,3427,0.0321,186606581,9.93596e-06,0.1421,ebi-a-GCST90001541,rs7636470,G,C,0.152, || id:ebi-a-GCST90001541,TRUE,reported,igd
4,3427,0.03422,11877955,3.225e-06,0.1596,ebi-a-GCST90001541,rs36088117,T,G,0.132, || id:ebi-a-GCST90001541,TRUE,reported,igd
4,3427,0.132,40884597,1.38701e-06,0.6384,ebi-a-GCST90001541,rs140125890,C,G,0.0071, || id:ebi-a-GCST90001541,TRUE,reported,igd
5,3427,0.03657,15902603,6.45595e-07,-0.1823,ebi-a-GCST90001541,rs4702116,C,G,0.1094, || id:ebi-a-GCST90001541,TRUE,reported,igd
6,3427,0.02371,6026750,2.66201e-06,-0.1115,ebi-a-GCST90001541,rs4959365,G,A,0.3713, || id:ebi-a-GCST90001541,TRUE,reported,igd
6,3427,0.05086,31148873,1.45301e-06,-0.2454,ebi-a-GCST90001541,rs148031710,C,T,0.1083, || id:ebi-a-GCST90001541,TRUE,reported,igd
6,3427,0.03331,32589978,3.59832e-12,0.2324,ebi-a-GCST90001541,rs9271536,T,A,0.7798, || id:ebi-a-GCST90001541,TRUE,reported,igd
6,3427,0.03639,32585071,8.06102e-09,-0.2104,ebi-a-GCST90001541,rs113243185,C,G,0.1996, || id:ebi-a-GCST90001541,TRUE,reported,igd
6,3427,0.03524,32637333,2.53402e-06,-0.1661,ebi-a-GCST90001541,rs17205612,T,C,0.4183, || id:ebi-a-GCST90001541,TRUE,reported,igd
7,3427,0.07583,103375873,1.92699e-06,0.3616,ebi-a-GCST90001541,rs7798224,C,G,0.0251, || id:ebi-a-GCST90001541,TRUE,reported,igd
10,3427,0.1447,81110536,8.03896e-06,-0.6472,ebi-a-GCST90001541,rs113763504,A,G,0.0061, || id:ebi-a-GCST90001541,TRUE,reported,igd
10,3427,0.1363,2787360,4.17802e-06,-0.6285,ebi-a-GCST90001541,rs76139558,C,G,0.0067, || id:ebi-a-GCST90001541,TRUE,reported,igd
12,3427,0.03631,108927798,4.53002e-06,0.1668,ebi-a-GCST90001541,rs73189225,A,G,0.1103, || id:ebi-a-GCST90001541,TRUE,reported,igd
12,3427,0.02393,43674787,5.25098e-06,0.1091,ebi-a-GCST90001541,rs1849779,T,C,0.3826, || id:ebi-a-GCST90001541,TRUE,reported,igd
13,3427,0.02637,100509066,7.29794e-06,0.1185,ebi-a-GCST90001541,rs146180953,T,C,0.2526, || id:ebi-a-GCST90001541,TRUE,reported,igd
14,3427,0.06393,89433599,6.03295e-07,-0.3196,ebi-a-GCST90001541,rs146329634,T,C,0.0328, || id:ebi-a-GCST90001541,TRUE,reported,igd
15,3427,0.1797,63059380,8.9809e-06,0.799,ebi-a-GCST90001541,rs77572771,G,A,0.0039, || id:ebi-a-GCST90001541,TRUE,reported,igd
17,3427,0.02423,47988216,9.91608e-06,0.1072,ebi-a-GCST90001541,rs8071815,C,A,0.3251, || id:ebi-a-GCST90001541,TRUE,reported,igd
17,3427,0.02374,4224639,2.80098e-07,-0.1222,ebi-a-GCST90001541,rs66679234,T,C,0.4246, || id:ebi-a-GCST90001541,TRUE,reported,igd
17,3427,0.03087,41761741,7.63906e-06,-0.1384,ebi-a-GCST90001541,rs11652705,G,A,0.1707, || id:ebi-a-GCST90001541,TRUE,reported,igd
18,3427,0.06446,65226341,9.378e-06,-0.286,ebi-a-GCST90001541,rs12607959,G,C,0.0341, || id:ebi-a-GCST90001541,TRUE,reported,igd
18,3427,0.03134,74288206,3.555e-06,-0.1455,ebi-a-GCST90001541,rs8091016,G,C,0.8462, || id:ebi-a-GCST90001541,TRUE,reported,igd
18,3427,0.06183,54960800,4.51398e-06,0.284,ebi-a-GCST90001541,rs79538978,C,T,0.0357, || id:ebi-a-GCST90001541,TRUE,reported,igd
20,3427,0.02378,20238128,9.12809e-06,0.1057,ebi-a-GCST90001541,rs6046769,G,A,0.6265, || id:ebi-a-GCST90001541,TRUE,reported,igd
22,3427,0.08375,19597257,6.39499e-06,0.3785,ebi-a-GCST90001541,rs117262034,T,G,0.0212, || id:ebi-a-GCST90001541,TRUE,reported,igd
22,3427,0.03482,46980774,4.97096e-06,0.1592,ebi-a-GCST90001541,rs5767274,T,C,0.1228, || id:ebi-a-GCST90001541,TRUE,reported,igd
