pval.exposure,samplesize.exposure,pos.exposure,beta.exposure,se.exposure,chr.exposure,id.exposure,SNP,effect_allele.exposure,other_allele.exposure,eaf.exposure,exposure,mr_keep.exposure,pval_origin.exposure,data_source.exposure
5.36896e-07,3657,107824037,-0.1927,0.03837,1,ebi-a-GCST90001763,rs12026973,T,G,0.1162, || id:ebi-a-GCST90001763,TRUE,reported,igd
9.81002e-06,3657,78106407,-0.4311,0.09737,1,ebi-a-GCST90001763,rs72683667,T,C,0.0164, || id:ebi-a-GCST90001763,TRUE,reported,igd
3.89404e-06,3657,174337105,-0.245,0.05299,2,ebi-a-GCST90001763,rs114212270,C,T,0.0569, || id:ebi-a-GCST90001763,TRUE,reported,igd
8.07198e-06,3657,115568051,-0.2733,0.06115,2,ebi-a-GCST90001763,rs12473410,G,C,0.0421, || id:ebi-a-GCST90001763,TRUE,reported,igd
6.29898e-07,3657,185524179,0.3017,0.06046,3,ebi-a-GCST90001763,rs73175579,A,C,0.0435, || id:ebi-a-GCST90001763,TRUE,reported,igd
8.42403e-06,3657,42912480,-2.951,0.6615,3,ebi-a-GCST90001763,rs114984432,A,G,3e-04, || id:ebi-a-GCST90001763,TRUE,reported,igd
6.21498e-06,3657,25162256,0.1762,0.03894,4,ebi-a-GCST90001763,rs73252531,C,A,0.1136, || id:ebi-a-GCST90001763,TRUE,reported,igd
8.16206e-06,3657,158703283,0.6145,0.1376,5,ebi-a-GCST90001763,rs146974582,G,A,0.0083, || id:ebi-a-GCST90001763,TRUE,reported,igd
6.36063e-19,3657,15897007,0.287,0.03212,6,ebi-a-GCST90001763,rs879299,G,T,0.8198, || id:ebi-a-GCST90001763,TRUE,reported,igd
7.25705e-07,3657,14806317,-0.1237,0.02493,6,ebi-a-GCST90001763,rs233495,T,C,0.5585, || id:ebi-a-GCST90001763,TRUE,reported,igd
7.55092e-06,3657,32627042,0.159,0.03546,6,ebi-a-GCST90001763,rs9273390,C,G,0.1922, || id:ebi-a-GCST90001763,TRUE,reported,igd
2.42801e-06,3657,14091682,0.1277,0.02705,6,ebi-a-GCST90001763,rs72836542,T,C,0.3161, || id:ebi-a-GCST90001763,TRUE,reported,igd
5.79602e-06,3657,56434969,0.1194,0.02629,7,ebi-a-GCST90001763,rs61011928,T,A,0.3251, || id:ebi-a-GCST90001763,TRUE,reported,igd
8.77001e-06,3657,148563716,0.2107,0.04732,7,ebi-a-GCST90001763,rs34900401,G,A,0.0756, || id:ebi-a-GCST90001763,TRUE,reported,igd
9.16094e-06,3657,41641075,0.1208,0.0272,8,ebi-a-GCST90001763,rs10958698,T,C,0.3013, || id:ebi-a-GCST90001763,TRUE,reported,igd
7.34108e-06,3657,83114502,0.29,0.06458,9,ebi-a-GCST90001763,rs76437378,C,A,0.0372, || id:ebi-a-GCST90001763,TRUE,reported,igd
6.47799e-06,3657,95731909,-0.1644,0.0364,10,ebi-a-GCST90001763,rs978366,G,C,0.1321, || id:ebi-a-GCST90001763,TRUE,reported,igd
7.11541e-14,3657,60266070,-0.1877,0.02497,11,ebi-a-GCST90001763,rs7939177,T,C,0.6102, || id:ebi-a-GCST90001763,TRUE,reported,igd
7.12902e-06,3657,13754468,0.1658,0.03686,12,ebi-a-GCST90001763,rs11055535,C,T,0.1313, || id:ebi-a-GCST90001763,TRUE,reported,igd
7.12098e-06,3657,26441807,-0.1949,0.04334,14,ebi-a-GCST90001763,rs11627327,G,A,0.0908, || id:ebi-a-GCST90001763,TRUE,reported,igd
9.64606e-06,3657,55101477,0.1127,0.02543,14,ebi-a-GCST90001763,rs145131147,A,G,0.5766, || id:ebi-a-GCST90001763,TRUE,reported,igd
4.95097e-06,3657,2801009,-0.1755,0.03837,17,ebi-a-GCST90001763,rs9910861,A,T,0.8853, || id:ebi-a-GCST90001763,TRUE,reported,igd
5.49199e-06,3657,47434681,2.021,0.4439,18,ebi-a-GCST90001763,rs117413283,T,C,0.0011, || id:ebi-a-GCST90001763,TRUE,reported,igd
3.06302e-06,3657,17549328,-0.2376,0.05084,19,ebi-a-GCST90001763,rs118186161,G,C,0.0643, || id:ebi-a-GCST90001763,TRUE,reported,igd
3.82499e-06,3657,49915911,0.1233,0.02664,19,ebi-a-GCST90001763,rs34486765,A,G,0.3094, || id:ebi-a-GCST90001763,TRUE,reported,igd
5.28798e-06,3657,46442156,-1.087,0.2385,21,ebi-a-GCST90001763,rs149341358,T,C,0.0027, || id:ebi-a-GCST90001763,TRUE,reported,igd
