pos.exposure,samplesize.exposure,beta.exposure,pval.exposure,se.exposure,chr.exposure,id.exposure,SNP,effect_allele.exposure,other_allele.exposure,eaf.exposure,exposure,mr_keep.exposure,pval_origin.exposure,data_source.exposure
235018206,3427,-0.1216,9.03109e-06,0.02734,1,ebi-a-GCST90001539,rs10495355,T,C,0.3204, || id:ebi-a-GCST90001539,TRUE,reported,igd
110998348,3427,-0.1924,4.78795e-06,0.042,1,ebi-a-GCST90001539,rs12409155,T,C,0.1058, || id:ebi-a-GCST90001539,TRUE,reported,igd
240644644,3427,0.1218,2.246e-06,0.02571,1,ebi-a-GCST90001539,rs12734326,T,C,0.3881, || id:ebi-a-GCST90001539,TRUE,reported,igd
110018647,3427,1.287,9.83105e-06,0.2906,2,ebi-a-GCST90001539,rs143570471,T,G,0.0018, || id:ebi-a-GCST90001539,TRUE,reported,igd
38897810,3427,-0.1403,7.72894e-08,0.02605,2,ebi-a-GCST90001539,rs6751481,C,T,0.4704, || id:ebi-a-GCST90001539,TRUE,reported,igd
177034032,3427,0.2413,1.32599e-06,0.04981,3,ebi-a-GCST90001539,rs73171187,G,T,0.0667, || id:ebi-a-GCST90001539,TRUE,reported,igd
194035416,3427,0.2134,6.08906e-07,0.04271,3,ebi-a-GCST90001539,rs148365679,A,G,0.098, || id:ebi-a-GCST90001539,TRUE,reported,igd
5821635,3427,0.4581,1.12899e-06,0.09395,4,ebi-a-GCST90001539,rs73206223,G,C,0.0196, || id:ebi-a-GCST90001539,TRUE,reported,igd
182072648,3427,-0.131,9.36203e-06,0.02952,4,ebi-a-GCST90001539,rs715997,T,C,0.2572, || id:ebi-a-GCST90001539,TRUE,reported,igd
112434921,3427,0.3613,8.93593e-06,0.08122,4,ebi-a-GCST90001539,rs149778510,T,G,0.0251, || id:ebi-a-GCST90001539,TRUE,reported,igd
55480792,3427,-0.1343,5.37799e-06,0.02948,4,ebi-a-GCST90001539,rs17230697,T,C,0.2669, || id:ebi-a-GCST90001539,TRUE,reported,igd
43356042,3427,0.2494,2.38902e-06,0.05278,5,ebi-a-GCST90001539,rs114753591,A,G,0.0603, || id:ebi-a-GCST90001539,TRUE,reported,igd
172260234,3427,0.1194,3.29503e-06,0.02563,5,ebi-a-GCST90001539,rs2127105,T,C,0.4281, || id:ebi-a-GCST90001539,TRUE,reported,igd
103618303,3427,0.4412,5.03605e-06,0.09654,6,ebi-a-GCST90001539,rs7757458,G,A,0.0179, || id:ebi-a-GCST90001539,TRUE,reported,igd
130980127,3427,0.1171,6.45699e-06,0.02593,7,ebi-a-GCST90001539,rs13233481,G,A,0.4365, || id:ebi-a-GCST90001539,TRUE,reported,igd
131783062,3427,0.1821,8.34891e-06,0.0408,7,ebi-a-GCST90001539,rs1983285,C,T,0.1126, || id:ebi-a-GCST90001539,TRUE,reported,igd
87705654,3427,-0.1353,2.61999e-06,0.02875,8,ebi-a-GCST90001539,rs62525675,T,A,0.3014, || id:ebi-a-GCST90001539,TRUE,reported,igd
4651962,3427,0.3096,4.21299e-07,0.06107,9,ebi-a-GCST90001539,rs72694085,G,T,0.0474, || id:ebi-a-GCST90001539,TRUE,reported,igd
97164068,3427,-0.2293,5.44503e-06,0.05034,11,ebi-a-GCST90001539,rs12805205,C,G,0.0702, || id:ebi-a-GCST90001539,TRUE,reported,igd
16811638,3427,0.4485,7.91699e-07,0.09067,12,ebi-a-GCST90001539,rs151245760,C,T,0.0209, || id:ebi-a-GCST90001539,TRUE,reported,igd
16252521,3427,0.257,9.73599e-06,0.05801,12,ebi-a-GCST90001539,rs10846286,G,A,0.0515, || id:ebi-a-GCST90001539,TRUE,reported,igd
131363533,3427,0.1443,6.11097e-06,0.03187,12,ebi-a-GCST90001539,rs7963505,T,A,0.2235, || id:ebi-a-GCST90001539,TRUE,reported,igd
51479349,3427,0.1198,5.938e-06,0.0264,16,ebi-a-GCST90001539,rs4784296,A,G,0.3947, || id:ebi-a-GCST90001539,TRUE,reported,igd
38177839,3427,-0.1373,1.70699e-06,0.02865,17,ebi-a-GCST90001539,rs12453732,C,A,0.3439, || id:ebi-a-GCST90001539,TRUE,reported,igd
48024935,3427,0.1552,5.75599e-06,0.03416,20,ebi-a-GCST90001539,rs13041294,T,G,0.1711, || id:ebi-a-GCST90001539,TRUE,reported,igd
59473649,3427,0.1465,9.10899e-06,0.03297,20,ebi-a-GCST90001539,rs10485474,A,G,0.1901, || id:ebi-a-GCST90001539,TRUE,reported,igd
