beta.exposure,pval.exposure,samplesize.exposure,se.exposure,pos.exposure,chr.exposure,id.exposure,SNP,effect_allele.exposure,other_allele.exposure,eaf.exposure,exposure,mr_keep.exposure,pval_origin.exposure,data_source.exposure
0.145,7.58193e-06,3668,0.03234,26322081,1,ebi-a-GCST90001591,rs1932067,C,T,0.1779, || id:ebi-a-GCST90001591,TRUE,reported,igd
0.5431,3.75198e-06,3668,0.1173,167583792,1,ebi-a-GCST90001591,rs75478218,A,G,0.0109, || id:ebi-a-GCST90001591,TRUE,reported,igd
0.8837,7.67308e-06,3668,0.1972,176311434,2,ebi-a-GCST90001591,rs10497440,A,G,0.004, || id:ebi-a-GCST90001591,TRUE,reported,igd
-0.1299,1.31099e-06,3668,0.02681,212828793,2,ebi-a-GCST90001591,rs6744796,G,A,0.2854, || id:ebi-a-GCST90001591,TRUE,reported,igd
-0.1382,9.86007e-06,3668,0.03123,113838725,2,ebi-a-GCST90001591,rs55699240,C,G,0.1936, || id:ebi-a-GCST90001591,TRUE,reported,igd
-0.5469,1.15699e-06,3668,0.1123,149887929,2,ebi-a-GCST90001591,rs114828374,G,A,0.012, || id:ebi-a-GCST90001591,TRUE,reported,igd
0.5956,7.18704e-06,3668,0.1325,96614918,3,ebi-a-GCST90001591,rs76397707,A,T,0.0083, || id:ebi-a-GCST90001591,TRUE,reported,igd
-0.2714,7.07196e-06,3668,0.06035,132826728,3,ebi-a-GCST90001591,rs147164127,G,C,0.0432, || id:ebi-a-GCST90001591,TRUE,reported,igd
-0.1368,4.38299e-06,3668,0.02974,1685211,4,ebi-a-GCST90001591,rs798726,C,T,0.7814, || id:ebi-a-GCST90001591,TRUE,reported,igd
-0.5192,9.29202e-06,3668,0.1169,46796462,4,ebi-a-GCST90001591,rs114574090,T,C,0.011, || id:ebi-a-GCST90001591,TRUE,reported,igd
0.1665,1.348e-06,3668,0.0344,31328612,6,ebi-a-GCST90001591,rs9266287,G,A,0.3092, || id:ebi-a-GCST90001591,TRUE,reported,igd
-0.3507,1.10701e-06,3668,0.07187,102272234,6,ebi-a-GCST90001591,rs13210358,T,C,0.0315, || id:ebi-a-GCST90001591,TRUE,reported,igd
-0.1388,3.23899e-06,3668,0.02977,30466596,6,ebi-a-GCST90001591,rs2516660,A,G,0.4903, || id:ebi-a-GCST90001591,TRUE,reported,igd
0.2398,5.65705e-06,3668,0.05276,52601846,7,ebi-a-GCST90001591,rs60342399,T,C,0.059, || id:ebi-a-GCST90001591,TRUE,reported,igd
-0.2316,3.54797e-06,3668,0.04988,132484052,7,ebi-a-GCST90001591,rs56009006,T,C,0.0667, || id:ebi-a-GCST90001591,TRUE,reported,igd
-0.2963,5.34195e-06,3668,0.065,136778540,8,ebi-a-GCST90001591,rs72735973,C,T,0.0367, || id:ebi-a-GCST90001591,TRUE,reported,igd
0.1237,1.126e-06,3668,0.02537,90271135,10,ebi-a-GCST90001591,rs2576166,G,C,0.5532, || id:ebi-a-GCST90001591,TRUE,reported,igd
-0.1105,8.051e-06,3668,0.02471,78570914,12,ebi-a-GCST90001591,rs1020462,C,G,0.3851, || id:ebi-a-GCST90001591,TRUE,reported,igd
0.1324,9.87507e-06,3668,0.0299,5424569,12,ebi-a-GCST90001591,rs74950524,A,G,0.217, || id:ebi-a-GCST90001591,TRUE,reported,igd
0.4469,9.8349e-06,3668,0.101,101667739,13,ebi-a-GCST90001591,rs16958131,C,G,0.0147, || id:ebi-a-GCST90001591,TRUE,reported,igd
1.04,4.57699e-06,3668,0.2266,68353355,17,ebi-a-GCST90001591,rs3914424,A,G,0.0026, || id:ebi-a-GCST90001591,TRUE,reported,igd
0.1252,3.23303e-06,3668,0.02684,74602286,17,ebi-a-GCST90001591,rs2590261,T,C,0.2902, || id:ebi-a-GCST90001591,TRUE,reported,igd
-0.1197,1.032e-06,3668,0.02447,33775713,17,ebi-a-GCST90001591,rs11869223,G,C,0.4388, || id:ebi-a-GCST90001591,TRUE,reported,igd
-0.1982,9.7389e-06,3668,0.04474,33068962,21,ebi-a-GCST90001591,rs7280330,C,T,0.0792, || id:ebi-a-GCST90001591,TRUE,reported,igd
-0.2038,7.32706e-06,3668,0.04539,28078166,22,ebi-a-GCST90001591,rs73162393,T,C,0.0789, || id:ebi-a-GCST90001591,TRUE,reported,igd
