chr.exposure,pos.exposure,pval.exposure,se.exposure,samplesize.exposure,beta.exposure,id.exposure,SNP,effect_allele.exposure,other_allele.exposure,eaf.exposure,exposure,mr_keep.exposure,pval_origin.exposure,data_source.exposure
4,178658413,1.21099e-06,0.06147,3656,-0.2989,ebi-a-GCST90001416,rs71615254,C,A,0.0406, || id:ebi-a-GCST90001416,TRUE,reported,igd
5,158285953,3.98602e-06,0.04553,3656,-0.2103,ebi-a-GCST90001416,rs17056318,C,T,0.081, || id:ebi-a-GCST90001416,TRUE,reported,igd
5,21916806,5.30506e-06,0.3297,3656,1.503,ebi-a-GCST90001416,rs141108367,A,G,0.0012, || id:ebi-a-GCST90001416,TRUE,reported,igd
5,146138788,5.73099e-06,0.5765,3656,2.619,ebi-a-GCST90001416,rs115150472,T,C,4e-04, || id:ebi-a-GCST90001416,TRUE,reported,igd
6,100821460,2.63099e-06,0.4501,3656,2.118,ebi-a-GCST90001416,rs12197153,A,G,7e-04, || id:ebi-a-GCST90001416,TRUE,reported,igd
6,67039330,4.42099e-07,0.02729,3656,0.138,ebi-a-GCST90001416,rs9354413,C,T,0.2964, || id:ebi-a-GCST90001416,TRUE,reported,igd
7,12847391,6.50999e-06,0.09885,3656,-0.4464,ebi-a-GCST90001416,rs143397127,C,T,0.0157, || id:ebi-a-GCST90001416,TRUE,reported,igd
7,87868543,8.64908e-06,0.07548,3656,0.3363,ebi-a-GCST90001416,rs190448231,G,T,0.028, || id:ebi-a-GCST90001416,TRUE,reported,igd
7,77469688,2.94198e-06,0.05716,3656,-0.2677,ebi-a-GCST90001416,rs34910780,T,A,0.048, || id:ebi-a-GCST90001416,TRUE,reported,igd
8,130617819,1.26e-06,0.0275,3656,-0.1335,ebi-a-GCST90001416,rs2395904,G,T,0.2657, || id:ebi-a-GCST90001416,TRUE,reported,igd
8,2044843,5.02597e-06,0.04387,3656,-0.2005,ebi-a-GCST90001416,rs150663332,T,C,0.084, || id:ebi-a-GCST90001416,TRUE,reported,igd
8,75563339,3.642e-07,0.08139,3656,0.4148,ebi-a-GCST90001416,rs117190494,A,G,0.022, || id:ebi-a-GCST90001416,TRUE,reported,igd
10,102955294,5.63106e-06,0.02791,3656,0.1269,ebi-a-GCST90001416,rs701839,G,A,0.7124, || id:ebi-a-GCST90001416,TRUE,reported,igd
10,125485345,6.72404e-06,0.1702,3656,0.7675,ebi-a-GCST90001416,rs189761842,T,C,0.0055, || id:ebi-a-GCST90001416,TRUE,reported,igd
11,119980729,2.391e-06,0.02794,3656,0.132,ebi-a-GCST90001416,rs12799241,A,G,0.2619, || id:ebi-a-GCST90001416,TRUE,reported,igd
12,14302579,4.43598e-06,0.08033,3656,-0.3693,ebi-a-GCST90001416,rs34771848,T,C,0.023, || id:ebi-a-GCST90001416,TRUE,reported,igd
13,105214810,5.73905e-06,0.0697,3656,0.3166,ebi-a-GCST90001416,rs76578043,A,G,0.0298, || id:ebi-a-GCST90001416,TRUE,reported,igd
13,72428296,6.24899e-06,0.1086,3656,0.4915,ebi-a-GCST90001416,rs75474045,A,G,0.0126, || id:ebi-a-GCST90001416,TRUE,reported,igd
14,22954777,2.59801e-06,0.02685,3656,-0.1264,ebi-a-GCST90001416,rs3811215,T,G,0.3032, || id:ebi-a-GCST90001416,TRUE,reported,igd
16,84305239,7.18208e-06,0.404,3656,1.816,ebi-a-GCST90001416,rs143176410,C,G,0.001, || id:ebi-a-GCST90001416,TRUE,reported,igd
17,77637123,3.09699e-06,0.03458,3656,-0.1616,ebi-a-GCST90001416,rs73426855,C,T,0.1469, || id:ebi-a-GCST90001416,TRUE,reported,igd
17,7316027,5.22902e-06,0.06682,3656,-0.3049,ebi-a-GCST90001416,rs77983244,A,G,0.0325, || id:ebi-a-GCST90001416,TRUE,reported,igd
17,38038391,2.61198e-08,0.02856,3656,-0.1593,ebi-a-GCST90001416,rs62067029,T,A,0.4148, || id:ebi-a-GCST90001416,TRUE,reported,igd
20,59926554,6.69607e-06,0.04786,3656,-0.2158,ebi-a-GCST90001416,rs34764986,C,T,0.0699, || id:ebi-a-GCST90001416,TRUE,reported,igd
