beta.exposure,pos.exposure,samplesize.exposure,se.exposure,chr.exposure,pval.exposure,id.exposure,SNP,effect_allele.exposure,other_allele.exposure,eaf.exposure,exposure,mr_keep.exposure,pval_origin.exposure,data_source.exposure
0.2407,17595034,3657,0.05062,1,2.06101e-06,ebi-a-GCST90001747,rs113371046,A,G,0.0639, || id:ebi-a-GCST90001747,TRUE,reported,igd
0.1171,25709104,3657,0.02621,1,8.12905e-06,ebi-a-GCST90001747,rs1293260,G,C,0.3388, || id:ebi-a-GCST90001747,TRUE,reported,igd
-2.647,48095312,3657,0.5709,1,3.67299e-06,ebi-a-GCST90001747,rs111741355,A,G,4e-04, || id:ebi-a-GCST90001747,TRUE,reported,igd
-2.452,229499798,3657,0.5179,2,2.27698e-06,ebi-a-GCST90001747,rs149360160,T,C,5e-04, || id:ebi-a-GCST90001747,TRUE,reported,igd
0.1195,61085723,3657,0.02528,2,2.38699e-06,ebi-a-GCST90001747,rs842631,T,C,0.5088, || id:ebi-a-GCST90001747,TRUE,reported,igd
0.1113,176369881,3657,0.02461,3,6.28507e-06,ebi-a-GCST90001747,rs6443362,T,C,0.4837, || id:ebi-a-GCST90001747,TRUE,reported,igd
-0.1205,56847945,3657,0.02576,3,2.98903e-06,ebi-a-GCST90001747,rs13070807,G,C,0.6374, || id:ebi-a-GCST90001747,TRUE,reported,igd
0.4287,43987474,3657,0.09254,4,3.743e-06,ebi-a-GCST90001747,rs73245560,C,T,0.0182, || id:ebi-a-GCST90001747,TRUE,reported,igd
-0.3388,178957291,3657,0.07403,5,4.88304e-06,ebi-a-GCST90001747,rs80155794,A,G,0.0267, || id:ebi-a-GCST90001747,TRUE,reported,igd
0.1253,161458204,3657,0.0252,5,7.00503e-07,ebi-a-GCST90001747,rs3933208,A,T,0.4126, || id:ebi-a-GCST90001747,TRUE,reported,igd
0.1645,14091682,3657,0.02685,6,9.87006e-10,ebi-a-GCST90001747,rs72836542,T,C,0.3161, || id:ebi-a-GCST90001747,TRUE,reported,igd
-0.2783,33947909,3657,0.05397,6,2.66502e-07,ebi-a-GCST90001747,rs55643835,T,C,0.0567, || id:ebi-a-GCST90001747,TRUE,reported,igd
0.1942,32451834,3657,0.02853,6,1.15398e-11,ebi-a-GCST90001747,rs62405562,G,A,0.455, || id:ebi-a-GCST90001747,TRUE,reported,igd
0.2255,15880540,3657,0.03219,6,2.94781e-12,ebi-a-GCST90001747,rs2066399,A,G,0.821, || id:ebi-a-GCST90001747,TRUE,reported,igd
-0.124,14806317,3657,0.02479,6,5.90201e-07,ebi-a-GCST90001747,rs233495,T,C,0.5585, || id:ebi-a-GCST90001747,TRUE,reported,igd
-0.1682,32560741,3657,0.02952,6,1.31401e-08,ebi-a-GCST90001747,rs9270560,C,T,0.5889, || id:ebi-a-GCST90001747,TRUE,reported,igd
-0.1327,40190449,3657,0.0244,7,5.70598e-08,ebi-a-GCST90001747,rs388354,C,A,0.5205, || id:ebi-a-GCST90001747,TRUE,reported,igd
0.2859,22717779,3657,0.06402,10,8.22906e-06,ebi-a-GCST90001747,rs12771377,G,A,0.0383, || id:ebi-a-GCST90001747,TRUE,reported,igd
-0.2046,60273642,3657,0.02482,11,2.29192e-16,ebi-a-GCST90001747,rs4939384,G,A,0.6088, || id:ebi-a-GCST90001747,TRUE,reported,igd
0.1427,128795644,3657,0.03038,12,2.73798e-06,ebi-a-GCST90001747,rs11059642,A,G,0.201, || id:ebi-a-GCST90001747,TRUE,reported,igd
-0.3439,32330242,3657,0.07379,12,3.27801e-06,ebi-a-GCST90001747,rs11051833,T,C,0.0286, || id:ebi-a-GCST90001747,TRUE,reported,igd
-0.3532,61644977,3657,0.07788,14,5.92298e-06,ebi-a-GCST90001747,rs56132967,T,G,0.0258, || id:ebi-a-GCST90001747,TRUE,reported,igd
-0.2998,86988686,3657,0.06337,15,2.31499e-06,ebi-a-GCST90001747,rs6496328,T,C,0.0387, || id:ebi-a-GCST90001747,TRUE,reported,igd
-0.1349,89600226,3657,0.02937,15,4.50101e-06,ebi-a-GCST90001747,rs8025257,C,T,0.2286, || id:ebi-a-GCST90001747,TRUE,reported,igd
0.1749,11007193,3657,0.03258,16,8.42403e-08,ebi-a-GCST90001747,rs7404890,A,G,0.8208, || id:ebi-a-GCST90001747,TRUE,reported,igd
-0.155,49896752,3657,0.02995,19,2.41102e-07,ebi-a-GCST90001747,rs11083972,G,C,0.2234, || id:ebi-a-GCST90001747,TRUE,reported,igd
-0.2701,11850850,3657,0.06014,20,7.31796e-06,ebi-a-GCST90001747,rs73086355,A,C,0.0432, || id:ebi-a-GCST90001747,TRUE,reported,igd
-0.1254,39781585,3657,0.02513,22,6.28001e-07,ebi-a-GCST90001747,rs1007337,T,C,0.6024, || id:ebi-a-GCST90001747,TRUE,reported,igd
