pval.exposure,beta.exposure,samplesize.exposure,chr.exposure,pos.exposure,se.exposure,id.exposure,SNP,effect_allele.exposure,other_allele.exposure,eaf.exposure,exposure,mr_keep.exposure,pval_origin.exposure,data_source.exposure
4.61902e-06,0.2183,3427,1,243020284,0.04757,ebi-a-GCST90001552,rs4658869,C,G,0.0407, || id:ebi-a-GCST90001552,TRUE,reported,igd
2.115e-07,-0.1251,3427,1,114687316,0.02406,ebi-a-GCST90001552,rs2629824,G,A,0.8226, || id:ebi-a-GCST90001552,TRUE,reported,igd
2.174e-06,-0.5394,3427,1,200202822,0.1137,ebi-a-GCST90001552,rs150213926,G,C,0.0067, || id:ebi-a-GCST90001552,TRUE,reported,igd
7.88098e-08,-12.2,3427,2,167484735,2.267,ebi-a-GCST90001552,rs143809235,G,T,NA, || id:ebi-a-GCST90001552,TRUE,reported,igd
3.98199e-07,0.5039,3427,2,103587624,0.0992,ebi-a-GCST90001552,rs76668354,G,C,0.0089, || id:ebi-a-GCST90001552,TRUE,reported,igd
8.57294e-07,0.09386,3427,2,111616141,0.01904,ebi-a-GCST90001552,rs1533299,T,C,0.3786, || id:ebi-a-GCST90001552,TRUE,reported,igd
1.38099e-06,3.437,3427,2,120240225,0.7107,ebi-a-GCST90001552,rs142772175,T,C,1e-04, || id:ebi-a-GCST90001552,TRUE,reported,igd
4.56405e-08,-0.1062,3427,2,237034061,0.01937,ebi-a-GCST90001552,rs1064086,A,G,0.328, || id:ebi-a-GCST90001552,TRUE,reported,igd
8.23398e-06,-0.1394,3427,3,106253801,0.03121,ebi-a-GCST90001552,rs12631411,C,G,0.9004, || id:ebi-a-GCST90001552,TRUE,reported,igd
8.55008e-06,1.648,3427,4,6612728,0.3696,ebi-a-GCST90001552,rs116495677,T,C,6e-04, || id:ebi-a-GCST90001552,TRUE,reported,igd
9.06609e-06,1.36,3427,4,154029285,0.3061,ebi-a-GCST90001552,rs149655274,T,C,0.0012, || id:ebi-a-GCST90001552,TRUE,reported,igd
7.05505e-06,-0.0871,3427,4,185923329,0.01936,ebi-a-GCST90001552,rs4862490,C,G,0.3611, || id:ebi-a-GCST90001552,TRUE,reported,igd
6.34001e-07,1.382,3427,5,73116673,0.2769,ebi-a-GCST90001552,rs13359589,T,C,0.0012, || id:ebi-a-GCST90001552,TRUE,reported,igd
3.70604e-06,2.318,3427,5,145928905,0.5001,ebi-a-GCST90001552,rs72811823,A,G,4e-04, || id:ebi-a-GCST90001552,TRUE,reported,igd
5.15395e-06,0.3912,3427,6,167353961,0.08568,ebi-a-GCST90001552,rs76508332,T,C,0.0112, || id:ebi-a-GCST90001552,TRUE,reported,igd
2.68398e-06,0.1093,3427,6,31395062,0.02325,ebi-a-GCST90001552,rs114559146,C,G,0.4561, || id:ebi-a-GCST90001552,TRUE,reported,igd
4.30497e-07,-0.1204,3427,6,29947740,0.02377,ebi-a-GCST90001552,rs9260902,C,T,0.4708, || id:ebi-a-GCST90001552,TRUE,reported,igd
2.67898e-06,-0.1443,3427,7,31164655,0.03069,ebi-a-GCST90001552,rs9792050,T,G,0.8995, || id:ebi-a-GCST90001552,TRUE,reported,igd
3.52103e-06,0.1693,3427,7,8319424,0.03644,ebi-a-GCST90001552,rs117111088,T,C,0.0697, || id:ebi-a-GCST90001552,TRUE,reported,igd
8.97697e-06,1.367,3427,7,28687227,0.3075,ebi-a-GCST90001552,rs141596789,C,G,9e-04, || id:ebi-a-GCST90001552,TRUE,reported,igd
7.27394e-06,-0.2144,3427,8,62835179,0.04773,ebi-a-GCST90001552,rs13253487,G,A,0.04, || id:ebi-a-GCST90001552,TRUE,reported,igd
9.38404e-06,1.964,3427,8,18461126,0.4426,ebi-a-GCST90001552,rs77779289,G,T,4e-04, || id:ebi-a-GCST90001552,TRUE,reported,igd
5.41701e-06,0.3549,3427,9,114635416,0.07792,ebi-a-GCST90001552,rs62572630,A,G,0.0169, || id:ebi-a-GCST90001552,TRUE,reported,igd
4.24102e-06,0.5275,3427,9,12807800,0.1145,ebi-a-GCST90001552,rs185397210,T,C,0.0069, || id:ebi-a-GCST90001552,TRUE,reported,igd
8.66204e-06,0.1571,3427,9,113053653,0.03526,ebi-a-GCST90001552,rs72757070,T,A,0.0741, || id:ebi-a-GCST90001552,TRUE,reported,igd
6.71707e-06,-0.2178,3427,10,54725683,0.04829,ebi-a-GCST90001552,rs77986171,A,G,0.0369, || id:ebi-a-GCST90001552,TRUE,reported,igd
1.35201e-06,2.033,3427,12,85949580,0.42,ebi-a-GCST90001552,rs78038265,G,A,4e-04, || id:ebi-a-GCST90001552,TRUE,reported,igd
7.27093e-06,-0.5805,3427,13,98313824,0.1292,ebi-a-GCST90001552,rs7981825,A,G,0.0048, || id:ebi-a-GCST90001552,TRUE,reported,igd
4.64098e-06,0.1098,3427,13,114096507,0.02393,ebi-a-GCST90001552,rs9577271,G,A,0.1819, || id:ebi-a-GCST90001552,TRUE,reported,igd
4.74602e-06,0.08333,3427,15,99398708,0.01818,ebi-a-GCST90001552,rs1879612,C,T,0.4765, || id:ebi-a-GCST90001552,TRUE,reported,igd
8.46292e-06,-0.08846,3427,16,85990923,0.01983,ebi-a-GCST90001552,rs8057009,G,T,0.3077, || id:ebi-a-GCST90001552,TRUE,reported,igd
6.75694e-06,0.1436,3427,16,28114995,0.03185,ebi-a-GCST90001552,rs205358,T,C,0.0919, || id:ebi-a-GCST90001552,TRUE,reported,igd
6.11097e-06,2.18,3427,16,21569690,0.4814,ebi-a-GCST90001552,rs181235482,T,A,3e-04, || id:ebi-a-GCST90001552,TRUE,reported,igd
1.486e-06,-0.09626,3427,17,41759061,0.01996,ebi-a-GCST90001552,rs5011724,C,T,0.3208, || id:ebi-a-GCST90001552,TRUE,reported,igd
4.34901e-06,0.1025,3427,17,31363767,0.02227,ebi-a-GCST90001552,rs8067835,G,A,0.2155, || id:ebi-a-GCST90001552,TRUE,reported,igd
3.65898e-06,0.4915,3427,17,57361218,0.106,ebi-a-GCST90001552,rs143788880,A,G,0.0074, || id:ebi-a-GCST90001552,TRUE,reported,igd
9.89692e-06,2.976,3427,17,16863687,0.6725,ebi-a-GCST90001552,rs34001747,G,C,1e-04, || id:ebi-a-GCST90001552,TRUE,reported,igd
3.58204e-06,-0.09028,3427,19,48876190,0.01945,ebi-a-GCST90001552,rs275837,A,C,0.6472, || id:ebi-a-GCST90001552,TRUE,reported,igd
8.92997e-06,1.268,3427,21,46904641,0.2851,ebi-a-GCST90001552,rs139415527,G,A,9e-04, || id:ebi-a-GCST90001552,TRUE,reported,igd
3.62502e-06,0.3428,3427,21,43795055,0.07388,ebi-a-GCST90001552,rs118003243,C,T,0.016, || id:ebi-a-GCST90001552,TRUE,reported,igd
