chr.exposure,beta.exposure,samplesize.exposure,se.exposure,pval.exposure,pos.exposure,id.exposure,SNP,effect_allele.exposure,other_allele.exposure,eaf.exposure,exposure,mr_keep.exposure,pval_origin.exposure,data_source.exposure
1,-0.128,2919,0.02752,3.44897e-06,26527699,ebi-a-GCST90001855,rs869139,C,T,0.5111, || id:ebi-a-GCST90001855,TRUE,reported,igd
1,-0.6777,2919,0.105,1.293e-10,168306279,ebi-a-GCST90001855,rs114672530,A,G,0.0173, || id:ebi-a-GCST90001855,TRUE,reported,igd
1,0.6149,2919,0.02529,4.32514e-119,167424924,ebi-a-GCST90001855,rs2949661,T,C,0.4466, || id:ebi-a-GCST90001855,TRUE,reported,igd
1,-0.1308,2919,0.02757,2.197e-06,118266529,ebi-a-GCST90001855,rs4396110,A,G,0.4239, || id:ebi-a-GCST90001855,TRUE,reported,igd
1,-0.4329,2919,0.0965,7.53703e-06,75888556,ebi-a-GCST90001855,rs115839712,A,T,0.02, || id:ebi-a-GCST90001855,TRUE,reported,igd
1,-0.2656,2919,0.03889,1.02494e-11,166485891,ebi-a-GCST90001855,rs6684311,G,C,0.1439, || id:ebi-a-GCST90001855,TRUE,reported,igd
1,-0.3547,2919,0.06338,2.38902e-08,165218634,ebi-a-GCST90001855,rs4656440,G,C,0.049, || id:ebi-a-GCST90001855,TRUE,reported,igd
1,0.6893,2919,0.1357,3.99604e-07,166075360,ebi-a-GCST90001855,rs142130759,A,G,0.0113, || id:ebi-a-GCST90001855,TRUE,reported,igd
1,0.3533,2919,0.062,1.33101e-08,167173140,ebi-a-GCST90001855,rs4657649,C,T,0.0512, || id:ebi-a-GCST90001855,TRUE,reported,igd
2,0.2643,2919,0.05917,8.241e-06,44973335,ebi-a-GCST90001855,rs75466245,C,T,0.0558, || id:ebi-a-GCST90001855,TRUE,reported,igd
3,0.3747,2919,0.0807,3.57701e-06,127163016,ebi-a-GCST90001855,rs57844740,A,G,0.03, || id:ebi-a-GCST90001855,TRUE,reported,igd
4,-0.4436,2919,0.09767,5.79802e-06,181401728,ebi-a-GCST90001855,rs116168222,T,C,0.0195, || id:ebi-a-GCST90001855,TRUE,reported,igd
6,-0.1502,2919,0.0289,2.17901e-07,88822616,ebi-a-GCST90001855,rs1324073,C,G,0.6519, || id:ebi-a-GCST90001855,TRUE,reported,igd
6,-0.9409,2919,0.1983,2.17801e-06,68280346,ebi-a-GCST90001855,rs142935756,G,A,0.0046, || id:ebi-a-GCST90001855,TRUE,reported,igd
10,0.1386,2919,0.03123,9.36095e-06,67598745,ebi-a-GCST90001855,rs7094641,A,G,0.267, || id:ebi-a-GCST90001855,TRUE,reported,igd
11,-1.108,2919,0.2485,8.48106e-06,117753136,ebi-a-GCST90001855,rs74620952,C,T,0.0031, || id:ebi-a-GCST90001855,TRUE,reported,igd
12,1.75,2919,0.3921,8.38108e-06,14119860,ebi-a-GCST90001855,rs4763361,G,C,0.9988, || id:ebi-a-GCST90001855,TRUE,reported,igd
14,0.2567,2919,0.05224,9.41694e-07,86036273,ebi-a-GCST90001855,rs12884372,G,T,0.0766, || id:ebi-a-GCST90001855,TRUE,reported,igd
15,0.4272,2919,0.09325,4.80895e-06,36121803,ebi-a-GCST90001855,rs78042544,G,A,0.0214, || id:ebi-a-GCST90001855,TRUE,reported,igd
15,-0.1356,2919,0.02784,1.17501e-06,97334659,ebi-a-GCST90001855,rs8024202,A,G,0.3678, || id:ebi-a-GCST90001855,TRUE,reported,igd
16,-0.131,2919,0.02933,8.25696e-06,90107716,ebi-a-GCST90001855,rs55799444,T,C,0.5166, || id:ebi-a-GCST90001855,TRUE,reported,igd
17,1.882,2919,0.4178,6.92293e-06,41589741,ebi-a-GCST90001855,rs141467190,G,T,0.0012, || id:ebi-a-GCST90001855,TRUE,reported,igd
