chr.exposure,se.exposure,samplesize.exposure,beta.exposure,pos.exposure,pval.exposure,id.exposure,SNP,effect_allele.exposure,other_allele.exposure,eaf.exposure,exposure,mr_keep.exposure,pval_origin.exposure,data_source.exposure
2,0.1664,3408,0.7449,99679099,7.85507e-06,ebi-a-GCST90001672,rs62156361,A,G,0.0065, || id:ebi-a-GCST90001672,TRUE,reported,igd
3,0.02615,3408,-0.1164,60364770,8.84504e-06,ebi-a-GCST90001672,rs11718018,C,T,0.4134, || id:ebi-a-GCST90001672,TRUE,reported,igd
3,0.2209,3408,1.055,145339577,1.86402e-06,ebi-a-GCST90001672,rs113398680,A,G,0.0032, || id:ebi-a-GCST90001672,TRUE,reported,igd
4,0.04304,3408,0.2206,82648490,3.15602e-07,ebi-a-GCST90001672,rs7677831,G,A,0.0977, || id:ebi-a-GCST90001672,TRUE,reported,igd
4,0.2266,3408,1.007,42155788,9.18608e-06,ebi-a-GCST90001672,rs149697028,G,C,0.0031, || id:ebi-a-GCST90001672,TRUE,reported,igd
7,0.02614,3408,0.1191,97100379,5.40306e-06,ebi-a-GCST90001672,rs1861381,G,A,0.6012, || id:ebi-a-GCST90001672,TRUE,reported,igd
8,0.03695,3408,-0.1641,113175429,9.15503e-06,ebi-a-GCST90001672,rs34664008,C,A,0.1425, || id:ebi-a-GCST90001672,TRUE,reported,igd
9,0.03264,3408,-0.1551,362917,2.09899e-06,ebi-a-GCST90001672,rs750587,G,A,0.8141, || id:ebi-a-GCST90001672,TRUE,reported,igd
10,0.0271,3408,0.2118,96998688,7.19283e-15,ebi-a-GCST90001672,rs12778797,C,T,0.3841, || id:ebi-a-GCST90001672,TRUE,reported,igd
10,0.05954,3408,0.6785,95845989,1.48594e-29,ebi-a-GCST90001672,rs72812685,A,G,0.0481, || id:ebi-a-GCST90001672,TRUE,reported,igd
10,0.03985,3408,-0.1908,80490882,1.75999e-06,ebi-a-GCST90001672,rs35664,T,G,0.8854, || id:ebi-a-GCST90001672,TRUE,reported,igd
10,0.06583,3408,0.7282,98139264,5.68853e-28,ebi-a-GCST90001672,rs111534725,T,G,0.0409, || id:ebi-a-GCST90001672,TRUE,reported,igd
10,0.09405,3408,0.4798,99903526,3.56197e-07,ebi-a-GCST90001672,rs72826245,T,C,0.0204, || id:ebi-a-GCST90001672,TRUE,reported,igd
10,0.02091,3408,-0.9143,97472570,1e-200,ebi-a-GCST90001672,rs4918960,A,T,0.4862, || id:ebi-a-GCST90001672,TRUE,reported,igd
10,0.05064,3408,0.2538,93057020,5.69403e-07,ebi-a-GCST90001672,rs2631687,A,C,0.0731, || id:ebi-a-GCST90001672,TRUE,reported,igd
10,0.08976,3408,-0.4226,93272233,2.594e-06,ebi-a-GCST90001672,rs140079267,G,T,0.0226, || id:ebi-a-GCST90001672,TRUE,reported,igd
10,0.06178,3408,0.8528,95633120,3.22701e-42,ebi-a-GCST90001672,rs12778618,C,T,0.0461, || id:ebi-a-GCST90001672,TRUE,reported,igd
10,0.07506,3408,0.7156,97972294,2.78676e-21,ebi-a-GCST90001672,rs11818051,T,C,0.0317, || id:ebi-a-GCST90001672,TRUE,reported,igd
10,0.05263,3408,0.6424,97881031,1.4471e-33,ebi-a-GCST90001672,rs17111341,C,T,0.0668, || id:ebi-a-GCST90001672,TRUE,reported,igd
10,0.05387,3408,-0.2939,99452494,5.24397e-08,ebi-a-GCST90001672,rs146426185,C,A,0.064, || id:ebi-a-GCST90001672,TRUE,reported,igd
10,0.03571,3408,0.1764,70317419,8.19408e-07,ebi-a-GCST90001672,rs111899271,G,T,0.1611, || id:ebi-a-GCST90001672,TRUE,reported,igd
10,0.03921,3408,0.1771,11874754,6.52604e-06,ebi-a-GCST90001672,rs11257350,T,C,0.1158, || id:ebi-a-GCST90001672,TRUE,reported,igd
15,0.4485,3408,2.067,94946993,4.20804e-06,ebi-a-GCST90001672,rs146940094,T,G,7e-04, || id:ebi-a-GCST90001672,TRUE,reported,igd
15,0.07186,3408,0.322,50717609,7.69502e-06,ebi-a-GCST90001672,rs17509944,T,G,0.0339, || id:ebi-a-GCST90001672,TRUE,reported,igd
18,0.09369,3408,0.4576,67477449,1.084e-06,ebi-a-GCST90001672,rs149574697,T,C,0.018, || id:ebi-a-GCST90001672,TRUE,reported,igd
