samplesize.exposure,pos.exposure,se.exposure,chr.exposure,beta.exposure,pval.exposure,id.exposure,SNP,effect_allele.exposure,other_allele.exposure,eaf.exposure,exposure,mr_keep.exposure,pval_origin.exposure,data_source.exposure
3437,189980053,0.206,1,1.067,2.33099e-07,ebi-a-GCST90001508,rs182812626,G,C,0.0042, || id:ebi-a-GCST90001508,TRUE,reported,igd
3437,198922068,0.1905,1,1.941,4.75554e-24,ebi-a-GCST90001508,rs116517602,T,C,0.0041, || id:ebi-a-GCST90001508,TRUE,reported,igd
3437,226986331,0.03648,1,-0.1628,8.31706e-06,ebi-a-GCST90001508,rs77180728,C,G,0.1466, || id:ebi-a-GCST90001508,TRUE,reported,igd
3437,200021804,0.1444,1,0.7622,1.37899e-07,ebi-a-GCST90001508,rs180839256,C,T,0.0077, || id:ebi-a-GCST90001508,TRUE,reported,igd
3437,188691469,0.1074,1,0.6318,4.41896e-09,ebi-a-GCST90001508,rs61836370,G,A,0.0145, || id:ebi-a-GCST90001508,TRUE,reported,igd
3437,182131075,0.1572,1,0.7445,2.28102e-06,ebi-a-GCST90001508,rs141541045,T,A,0.0065, || id:ebi-a-GCST90001508,TRUE,reported,igd
3437,38807441,0.07231,2,0.342,2.34698e-06,ebi-a-GCST90001508,rs17022951,A,G,0.0326, || id:ebi-a-GCST90001508,TRUE,reported,igd
3437,39112166,0.02624,2,-0.2138,5.22878e-16,ebi-a-GCST90001508,rs11124653,A,C,0.5911, || id:ebi-a-GCST90001508,TRUE,reported,igd
3437,38895920,0.02911,2,0.2764,4.04762e-21,ebi-a-GCST90001508,rs13024840,A,T,0.2587, || id:ebi-a-GCST90001508,TRUE,reported,igd
3437,104762054,0.7859,2,3.688,2.80899e-06,ebi-a-GCST90001508,rs114780506,T,A,6e-04, || id:ebi-a-GCST90001508,TRUE,reported,igd
3437,38132316,0.04369,2,-0.2323,1.12699e-07,ebi-a-GCST90001508,rs1430018,C,T,0.9022, || id:ebi-a-GCST90001508,TRUE,reported,igd
3437,175199869,0.02764,2,0.1237,7.921e-06,ebi-a-GCST90001508,rs56000618,T,G,0.2963, || id:ebi-a-GCST90001508,TRUE,reported,igd
3437,87854860,0.02862,2,0.127,9.34308e-06,ebi-a-GCST90001508,rs71339620,G,T,0.6989, || id:ebi-a-GCST90001508,TRUE,reported,igd
3437,86967620,0.8453,4,3.89,4.33202e-06,ebi-a-GCST90001508,rs114437347,C,G,3e-04, || id:ebi-a-GCST90001508,TRUE,reported,igd
3437,109149543,0.161,5,-0.7343,5.25606e-06,ebi-a-GCST90001508,rs28446907,G,A,0.0063, || id:ebi-a-GCST90001508,TRUE,reported,igd
3437,129494174,0.1978,5,-0.8787,9.15103e-06,ebi-a-GCST90001508,rs75798204,T,C,0.0042, || id:ebi-a-GCST90001508,TRUE,reported,igd
3437,44763296,0.151,7,-0.6809,6.70101e-06,ebi-a-GCST90001508,rs73329062,A,G,0.0065, || id:ebi-a-GCST90001508,TRUE,reported,igd
3437,49024059,0.05042,8,0.225,8.33105e-06,ebi-a-GCST90001508,rs73579441,C,T,0.0716, || id:ebi-a-GCST90001508,TRUE,reported,igd
3437,14028645,0.0255,8,-0.1147,6.99794e-06,ebi-a-GCST90001508,rs13260343,G,A,0.4776, || id:ebi-a-GCST90001508,TRUE,reported,igd
3437,102431583,0.02576,8,0.1141,9.69192e-06,ebi-a-GCST90001508,rs1264473,T,C,0.5914, || id:ebi-a-GCST90001508,TRUE,reported,igd
3437,137525725,0.1,9,0.4488,7.43293e-06,ebi-a-GCST90001508,rs150635171,T,C,0.0166, || id:ebi-a-GCST90001508,TRUE,reported,igd
3437,131423918,0.5864,10,3.007,3.095e-07,ebi-a-GCST90001508,rs117626397,G,A,4e-04, || id:ebi-a-GCST90001508,TRUE,reported,igd
3437,6115171,0.03172,10,0.1841,7.05797e-09,ebi-a-GCST90001508,rs10905719,A,G,0.2082, || id:ebi-a-GCST90001508,TRUE,reported,igd
3437,113754024,0.03245,10,-0.1482,5.11599e-06,ebi-a-GCST90001508,rs11195783,A,G,0.1907, || id:ebi-a-GCST90001508,TRUE,reported,igd
3437,79203049,0.03924,11,-0.1771,6.579e-06,ebi-a-GCST90001508,rs75958070,C,G,0.1219, || id:ebi-a-GCST90001508,TRUE,reported,igd
3437,15408104,0.08806,12,0.4045,4.517e-06,ebi-a-GCST90001508,rs149541387,A,T,0.0212, || id:ebi-a-GCST90001508,TRUE,reported,igd
3437,60389778,0.1074,13,0.4908,5e-06,ebi-a-GCST90001508,rs116850494,A,G,0.0145, || id:ebi-a-GCST90001508,TRUE,reported,igd
3437,78621679,0.09637,15,0.4559,2.32097e-06,ebi-a-GCST90001508,rs79536602,G,T,0.0175, || id:ebi-a-GCST90001508,TRUE,reported,igd
3437,57340615,0.03429,16,-0.1536,7.77302e-06,ebi-a-GCST90001508,rs1645894,C,G,0.8323, || id:ebi-a-GCST90001508,TRUE,reported,igd
3437,78381297,0.02717,16,0.1378,4.108e-07,ebi-a-GCST90001508,rs28592611,T,G,0.3945, || id:ebi-a-GCST90001508,TRUE,reported,igd
3437,6060693,0.05331,18,0.2701,4.25696e-07,ebi-a-GCST90001508,rs12958644,C,A,0.0599, || id:ebi-a-GCST90001508,TRUE,reported,igd
3437,42913522,0.3741,18,1.783,1.96499e-06,ebi-a-GCST90001508,rs149429639,C,T,0.001, || id:ebi-a-GCST90001508,TRUE,reported,igd
3437,777304,0.4847,19,2.218,4.88405e-06,ebi-a-GCST90001508,rs188418491,G,A,6e-04, || id:ebi-a-GCST90001508,TRUE,reported,igd
3437,20836911,0.04348,19,0.1936,8.76395e-06,ebi-a-GCST90001508,rs274814,C,T,0.0989, || id:ebi-a-GCST90001508,TRUE,reported,igd
3437,49372052,0.02959,22,0.1331,7.11492e-06,ebi-a-GCST90001508,rs738595,C,T,0.7597, || id:ebi-a-GCST90001508,TRUE,reported,igd
