pval.exposure,samplesize.exposure,pos.exposure,se.exposure,chr.exposure,beta.exposure,id.exposure,SNP,effect_allele.exposure,other_allele.exposure,eaf.exposure,exposure,mr_keep.exposure,pval_origin.exposure,data_source.exposure
7.79992e-06,3656,170103711,0.1522,1,-0.6814,ebi-a-GCST90001820,rs147051683,G,C,0.0071, || id:ebi-a-GCST90001820,TRUE,reported,igd
6.50999e-06,3656,151000647,0.02654,2,-0.1198,ebi-a-GCST90001820,rs72871227,T,C,0.3189, || id:ebi-a-GCST90001820,TRUE,reported,igd
8.17203e-06,3656,216742657,0.2862,2,1.279,ebi-a-GCST90001820,rs72944511,T,G,0.0021, || id:ebi-a-GCST90001820,TRUE,reported,igd
8.47793e-06,3656,217837059,0.05897,2,0.263,ebi-a-GCST90001820,rs144583907,G,A,0.0472, || id:ebi-a-GCST90001820,TRUE,reported,igd
7.13296e-07,3656,180583707,0.02641,2,0.1312,ebi-a-GCST90001820,rs9288041,A,T,0.6474, || id:ebi-a-GCST90001820,TRUE,reported,igd
8.11092e-08,3656,130367811,0.03944,4,0.212,ebi-a-GCST90001820,rs12505403,A,G,0.1156, || id:ebi-a-GCST90001820,TRUE,reported,igd
6.346e-06,3656,1980101,0.04342,5,-0.1963,ebi-a-GCST90001820,rs73031919,C,T,0.0904, || id:ebi-a-GCST90001820,TRUE,reported,igd
1.44301e-06,3656,150649861,0.1283,5,0.6192,ebi-a-GCST90001820,rs10076053,A,G,0.0092, || id:ebi-a-GCST90001820,TRUE,reported,igd
6.87385e-13,3656,32671207,0.03383,6,-0.2439,ebi-a-GCST90001820,rs1794511,G,T,0.2594, || id:ebi-a-GCST90001820,TRUE,reported,igd
5.50503e-10,3656,43351686,0.05776,6,0.3593,ebi-a-GCST90001820,rs139084170,A,C,0.052, || id:ebi-a-GCST90001820,TRUE,reported,igd
1.20088e-11,3656,31297744,0.03249,6,-0.221,ebi-a-GCST90001820,rs9265515,C,T,0.3368, || id:ebi-a-GCST90001820,TRUE,reported,igd
1.09001e-07,3656,31895973,0.02993,6,-0.1593,ebi-a-GCST90001820,rs7746553,G,C,0.3559, || id:ebi-a-GCST90001820,TRUE,reported,igd
9.91494e-07,3656,143010177,0.1487,6,0.7291,ebi-a-GCST90001820,rs147854460,A,T,0.0067, || id:ebi-a-GCST90001820,TRUE,reported,igd
1.695e-08,3656,28205826,0.03505,6,-0.1982,ebi-a-GCST90001820,rs112421400,T,C,0.2101, || id:ebi-a-GCST90001820,TRUE,reported,igd
4.948e-06,3656,164591715,0.0531,6,0.2429,ebi-a-GCST90001820,rs73022545,A,G,0.0557, || id:ebi-a-GCST90001820,TRUE,reported,igd
8.45298e-06,3656,76993184,0.04095,7,0.1826,ebi-a-GCST90001820,rs1181899,C,T,0.8967, || id:ebi-a-GCST90001820,TRUE,reported,igd
5.16904e-06,3656,145314534,0.02823,7,-0.1289,ebi-a-GCST90001820,rs850492,A,G,0.7326, || id:ebi-a-GCST90001820,TRUE,reported,igd
7.18092e-06,3656,2250057,0.04876,7,-0.2192,ebi-a-GCST90001820,rs149401019,A,G,0.0785, || id:ebi-a-GCST90001820,TRUE,reported,igd
1.29101e-06,3656,120027617,0.1531,8,0.7425,ebi-a-GCST90001820,rs80149865,G,C,0.0068, || id:ebi-a-GCST90001820,TRUE,reported,igd
7.75408e-06,3656,69860366,0.1631,10,0.7304,ebi-a-GCST90001820,rs74143009,A,G,0.0056, || id:ebi-a-GCST90001820,TRUE,reported,igd
3.42003e-06,3656,210957,0.0715,12,0.3325,ebi-a-GCST90001820,rs55675835,A,G,0.031, || id:ebi-a-GCST90001820,TRUE,reported,igd
1.38201e-10,3656,105445412,0.04177,14,0.2689,ebi-a-GCST90001820,rs2819455,C,G,0.0952, || id:ebi-a-GCST90001820,TRUE,reported,igd
4.42486e-87,3656,106306841,0.03013,14,-0.6123,ebi-a-GCST90001820,rs709589,T,C,0.4558, || id:ebi-a-GCST90001820,TRUE,reported,igd
2.68497e-08,3656,106875768,0.04375,14,-0.2438,ebi-a-GCST90001820,rs11621990,T,C,0.4199, || id:ebi-a-GCST90001820,TRUE,reported,igd
4.02597e-07,3656,107284188,0.07898,14,0.401,ebi-a-GCST90001820,rs58259062,C,T,0.0274, || id:ebi-a-GCST90001820,TRUE,reported,igd
8.09003e-06,3656,40971835,0.02528,15,-0.113,ebi-a-GCST90001820,rs28866515,A,T,0.4075, || id:ebi-a-GCST90001820,TRUE,reported,igd
7.55005e-06,3656,33330150,0.02647,17,0.1187,ebi-a-GCST90001820,rs4796030,C,A,0.658, || id:ebi-a-GCST90001820,TRUE,reported,igd
9.11591e-06,3656,68538485,0.02605,17,0.1157,ebi-a-GCST90001820,rs2630640,A,C,0.6265, || id:ebi-a-GCST90001820,TRUE,reported,igd
7.39503e-07,3656,57875874,0.0948,19,0.4701,ebi-a-GCST90001820,rs151050474,A,G,0.0163, || id:ebi-a-GCST90001820,TRUE,reported,igd
