pval.exposure,chr.exposure,beta.exposure,se.exposure,samplesize.exposure,pos.exposure,id.exposure,SNP,effect_allele.exposure,other_allele.exposure,eaf.exposure,exposure,mr_keep.exposure,pval_origin.exposure,data_source.exposure
9.65695e-06,1,0.3133,0.07061,1832,40242025,ebi-a-GCST90001767,rs114017670,G,A,0.0614, || id:ebi-a-GCST90001767,TRUE,reported,igd
6.57007e-06,1,0.4927,0.109,1832,9926086,ebi-a-GCST90001767,rs139742955,C,T,0.0267, || id:ebi-a-GCST90001767,TRUE,reported,igd
5.52993e-06,2,-0.3454,0.07579,1832,121363691,ebi-a-GCST90001767,rs34396417,C,G,0.0535, || id:ebi-a-GCST90001767,TRUE,reported,igd
3.384e-06,3,0.1655,0.03551,1832,148279147,ebi-a-GCST90001767,rs150910045,C,T,0.4078, || id:ebi-a-GCST90001767,TRUE,reported,igd
8.07607e-06,3,-0.4509,0.1007,1832,175401058,ebi-a-GCST90001767,rs1889263,C,T,0.0287, || id:ebi-a-GCST90001767,TRUE,reported,igd
2.91897e-09,6,0.2114,0.03543,1832,106898421,ebi-a-GCST90001767,rs2236073,A,G,0.5961, || id:ebi-a-GCST90001767,TRUE,reported,igd
3.42216e-30,6,-0.8239,0.07087,1832,107164076,ebi-a-GCST90001767,rs9400058,G,A,0.0617, || id:ebi-a-GCST90001767,TRUE,reported,igd
4.23399e-07,6,0.4841,0.09535,1832,139700367,ebi-a-GCST90001767,rs117218666,T,C,0.0366, || id:ebi-a-GCST90001767,TRUE,reported,igd
4.64098e-06,6,0.2768,0.06026,1832,33963845,ebi-a-GCST90001767,rs55929002,C,G,0.0936, || id:ebi-a-GCST90001767,TRUE,reported,igd
1.69899e-07,6,-0.2432,0.04632,1832,106966701,ebi-a-GCST90001767,rs783414,G,A,0.8343, || id:ebi-a-GCST90001767,TRUE,reported,igd
2.10499e-06,11,-0.4227,0.08883,1832,131992482,ebi-a-GCST90001767,rs76624974,G,A,0.0401, || id:ebi-a-GCST90001767,TRUE,reported,igd
8.57196e-06,11,-0.3336,0.07475,1832,2579163,ebi-a-GCST90001767,rs2283164,G,A,0.0532, || id:ebi-a-GCST90001767,TRUE,reported,igd
7.38907e-07,13,-0.7224,0.1454,1832,29183168,ebi-a-GCST90001767,rs117488563,A,G,0.0147, || id:ebi-a-GCST90001767,TRUE,reported,igd
9.28902e-06,14,0.2403,0.05406,1832,88302344,ebi-a-GCST90001767,rs35851357,A,G,0.1179, || id:ebi-a-GCST90001767,TRUE,reported,igd
5.26502e-06,14,0.3129,0.0685,1832,44731074,ebi-a-GCST90001767,rs72682699,T,C,0.0718, || id:ebi-a-GCST90001767,TRUE,reported,igd
6.98908e-06,14,1.545,0.3429,1832,20362976,ebi-a-GCST90001767,rs74833732,A,G,0.0044, || id:ebi-a-GCST90001767,TRUE,reported,igd
7.15303e-06,14,0.5485,0.1218,1832,30498909,ebi-a-GCST90001767,rs34534209,C,T,0.0207, || id:ebi-a-GCST90001767,TRUE,reported,igd
5.767e-06,16,-0.4025,0.0885,1832,87098993,ebi-a-GCST90001767,rs16942616,T,C,0.0401, || id:ebi-a-GCST90001767,TRUE,reported,igd
5.45494e-06,16,-0.2637,0.05783,1832,82557069,ebi-a-GCST90001767,rs4569270,T,A,0.0988, || id:ebi-a-GCST90001767,TRUE,reported,igd
6.28898e-06,16,0.2308,0.05094,1832,71565056,ebi-a-GCST90001767,rs75645526,A,G,0.1359, || id:ebi-a-GCST90001767,TRUE,reported,igd
6.22401e-06,20,-0.2836,0.06257,1832,62864471,ebi-a-GCST90001767,rs58241910,C,T,0.0898, || id:ebi-a-GCST90001767,TRUE,reported,igd
4.15901e-06,21,-0.238,0.05155,1832,16838053,ebi-a-GCST90001767,rs78409132,C,T,0.128, || id:ebi-a-GCST90001767,TRUE,reported,igd
