samplesize.exposure,se.exposure,pos.exposure,pval.exposure,beta.exposure,chr.exposure,id.exposure,SNP,effect_allele.exposure,other_allele.exposure,eaf.exposure,exposure,mr_keep.exposure,pval_origin.exposure,data_source.exposure
3440,0.07665,195825276,9.59202e-08,-0.4098,1,ebi-a-GCST90001664,rs7530076,A,G,0.9749, || id:ebi-a-GCST90001664,TRUE,reported,igd
3440,0.1222,195875605,3.98502e-07,0.6208,1,ebi-a-GCST90001664,rs34645541,A,C,0.0094, || id:ebi-a-GCST90001664,TRUE,reported,igd
3440,0.1805,194010208,1.30101e-10,1.164,1,ebi-a-GCST90001664,rs116794175,C,T,0.0042, || id:ebi-a-GCST90001664,TRUE,reported,igd
3440,0.2385,198283058,9.13692e-26,2.523,1,ebi-a-GCST90001664,rs541367304,A,G,0.0032, || id:ebi-a-GCST90001664,TRUE,reported,igd
3440,0.07604,191433917,4.57804e-06,0.349,1,ebi-a-GCST90001664,rs1341624,T,C,0.0253, || id:ebi-a-GCST90001664,TRUE,reported,igd
3440,0.0309,160654786,8.34008e-06,0.1379,1,ebi-a-GCST90001664,rs1980606,A,G,0.1676, || id:ebi-a-GCST90001664,TRUE,reported,igd
3440,0.1744,199999121,1.01508e-13,1.303,1,ebi-a-GCST90001664,rs11579717,A,G,0.0044, || id:ebi-a-GCST90001664,TRUE,reported,igd
3440,0.02569,38897249,2.273e-11,0.1724,2,ebi-a-GCST90001664,rs12712610,G,A,0.2977, || id:ebi-a-GCST90001664,TRUE,reported,igd
3440,0.07687,189898847,4.24796e-06,0.3541,2,ebi-a-GCST90001664,rs78905646,A,G,0.023, || id:ebi-a-GCST90001664,TRUE,reported,igd
3440,0.02726,240520878,4.49997e-06,-0.1252,2,ebi-a-GCST90001664,rs7557121,T,C,0.235, || id:ebi-a-GCST90001664,TRUE,reported,igd
3440,0.02712,87058580,2.208e-10,0.1726,2,ebi-a-GCST90001664,rs4832054,A,G,0.243, || id:ebi-a-GCST90001664,TRUE,reported,igd
3440,0.02331,38921934,8.40814e-17,0.1951,2,ebi-a-GCST90001664,rs7583259,G,C,0.502, || id:ebi-a-GCST90001664,TRUE,reported,igd
3440,0.04503,38431267,3.34103e-09,-0.267,2,ebi-a-GCST90001664,rs79827501,T,G,0.0731, || id:ebi-a-GCST90001664,TRUE,reported,igd
3440,0.02721,13489292,3.45597e-06,0.1265,3,ebi-a-GCST90001664,rs468979,C,T,0.7549, || id:ebi-a-GCST90001664,TRUE,reported,igd
3440,0.6241,84799491,6.60602e-08,3.379,3,ebi-a-GCST90001664,rs74577787,T,C,3e-04, || id:ebi-a-GCST90001664,TRUE,reported,igd
3440,0.08725,108545856,3.983e-06,-0.4031,3,ebi-a-GCST90001664,rs73197004,A,G,0.019, || id:ebi-a-GCST90001664,TRUE,reported,igd
3440,2.301,83970127,4.91405e-06,10.53,4,ebi-a-GCST90001664,rs112471936,A,T,NA, || id:ebi-a-GCST90001664,TRUE,reported,igd
3440,0.7678,86967620,1.26e-06,3.727,4,ebi-a-GCST90001664,rs114437347,C,G,3e-04, || id:ebi-a-GCST90001664,TRUE,reported,igd
3440,0.03729,25959751,6.91305e-06,0.1679,4,ebi-a-GCST90001664,rs17627427,T,C,0.1099, || id:ebi-a-GCST90001664,TRUE,reported,igd
3440,0.2169,19034933,2.80498e-06,1.018,5,ebi-a-GCST90001664,rs183337752,A,G,0.0029, || id:ebi-a-GCST90001664,TRUE,reported,igd
3440,0.02361,119666172,4.108e-06,0.1089,5,ebi-a-GCST90001664,rs17480640,C,T,0.5573, || id:ebi-a-GCST90001664,TRUE,reported,igd
3440,0.8185,84554072,5.64898e-06,3.721,6,ebi-a-GCST90001664,rs113098887,A,C,1e-04, || id:ebi-a-GCST90001664,TRUE,reported,igd
3440,0.0336,31461613,2.16701e-06,-0.1595,6,ebi-a-GCST90001664,rs2252937,C,T,0.2231, || id:ebi-a-GCST90001664,TRUE,reported,igd
3440,0.03497,31382675,1.45301e-07,0.1843,6,ebi-a-GCST90001664,rs78470849,T,C,0.1856, || id:ebi-a-GCST90001664,TRUE,reported,igd
3440,0.04772,31207763,5.90405e-07,0.2388,6,ebi-a-GCST90001664,rs9461666,G,T,0.1129, || id:ebi-a-GCST90001664,TRUE,reported,igd
3440,0.6241,149114553,7.13707e-08,3.37,6,ebi-a-GCST90001664,rs112637846,A,C,3e-04, || id:ebi-a-GCST90001664,TRUE,reported,igd
3440,0.6254,17606838,1.217e-06,3.04,8,ebi-a-GCST90001664,rs117174937,G,T,3e-04, || id:ebi-a-GCST90001664,TRUE,reported,igd
3440,0.5367,131423918,3.46003e-07,2.741,10,ebi-a-GCST90001664,rs117626397,G,A,4e-04, || id:ebi-a-GCST90001664,TRUE,reported,igd
3440,1.525,79661771,6.72295e-08,8.253,12,ebi-a-GCST90001664,rs12314907,G,A,NA, || id:ebi-a-GCST90001664,TRUE,reported,igd
3440,0.02369,109318834,7.171e-06,0.1065,12,ebi-a-GCST90001664,rs4964285,T,C,0.3737, || id:ebi-a-GCST90001664,TRUE,reported,igd
3440,0.04112,14397702,4.19798e-06,0.1895,12,ebi-a-GCST90001664,rs12424807,C,T,0.0875, || id:ebi-a-GCST90001664,TRUE,reported,igd
3440,0.4989,52982783,9.2809e-06,2.215,14,ebi-a-GCST90001664,rs141049772,C,T,6e-04, || id:ebi-a-GCST90001664,TRUE,reported,igd
3440,0.05228,102531420,8.02602e-06,0.2338,14,ebi-a-GCST90001664,rs11848822,C,T,0.0544, || id:ebi-a-GCST90001664,TRUE,reported,igd
3440,0.3744,36549557,7.40696e-06,1.681,15,ebi-a-GCST90001664,rs538856056,C,T,9e-04, || id:ebi-a-GCST90001664,TRUE,reported,igd
3440,0.03062,32997150,3.57199e-06,0.1422,15,ebi-a-GCST90001664,rs3861195,A,G,0.1741, || id:ebi-a-GCST90001664,TRUE,reported,igd
3440,0.02689,99661608,3.71099e-06,0.1246,15,ebi-a-GCST90001664,rs925236,T,C,0.2458, || id:ebi-a-GCST90001664,TRUE,reported,igd
3440,0.02709,36040048,1.438e-06,-0.1308,15,ebi-a-GCST90001664,rs1948650,G,A,0.768, || id:ebi-a-GCST90001664,TRUE,reported,igd
3440,0.7368,89718638,5.89495e-06,3.343,16,ebi-a-GCST90001664,rs149948027,T,C,3e-04, || id:ebi-a-GCST90001664,TRUE,reported,igd
3440,1.268,78252575,6.62598e-06,5.721,16,ebi-a-GCST90001664,rs112280034,G,A,NA, || id:ebi-a-GCST90001664,TRUE,reported,igd
3440,0.1499,71781635,6.25101e-06,0.6783,17,ebi-a-GCST90001664,rs117988108,T,C,0.0057, || id:ebi-a-GCST90001664,TRUE,reported,igd
3440,0.05861,30042758,5.87395e-07,0.2933,19,ebi-a-GCST90001664,rs75024282,A,G,0.0407, || id:ebi-a-GCST90001664,TRUE,reported,igd
3440,1.119,57132122,5.11399e-06,5.111,20,ebi-a-GCST90001664,rs145827119,T,C,1e-04, || id:ebi-a-GCST90001664,TRUE,reported,igd
3440,0.521,28323098,7.38805e-07,2.584,22,ebi-a-GCST90001664,rs140816141,A,G,4e-04, || id:ebi-a-GCST90001664,TRUE,reported,igd
