pval.exposure,chr.exposure,samplesize.exposure,pos.exposure,beta.exposure,se.exposure,id.exposure,SNP,effect_allele.exposure,other_allele.exposure,eaf.exposure,exposure,mr_keep.exposure,pval_origin.exposure,data_source.exposure
6.51929e-26,1,3060,167432949,0.2805,0.0264,ebi-a-GCST90001850,rs1773542,C,T,0.4552, || id:ebi-a-GCST90001850,TRUE,reported,igd
7.92702e-06,1,3060,167408565,-0.1758,0.03928,ebi-a-GCST90001850,rs12141641,T,G,0.1368, || id:ebi-a-GCST90001850,TRUE,reported,igd
2.96401e-07,1,3060,167797924,0.1701,0.03312,ebi-a-GCST90001850,rs2863272,A,G,0.2039, || id:ebi-a-GCST90001850,TRUE,reported,igd
4.79204e-07,1,3060,167156419,0.143,0.02834,ebi-a-GCST90001850,rs12032130,T,C,0.3475, || id:ebi-a-GCST90001850,TRUE,reported,igd
9.73509e-06,1,3060,29694550,-0.5456,0.1231,ebi-a-GCST90001850,rs56383740,C,T,0.0119, || id:ebi-a-GCST90001850,TRUE,reported,igd
1.81201e-06,2,3060,5593978,0.1269,0.02653,ebi-a-GCST90001850,rs4668614,A,G,0.4763, || id:ebi-a-GCST90001850,TRUE,reported,igd
8.77506e-06,5,3060,131760418,0.2143,0.04812,ebi-a-GCST90001850,rs4608913,G,A,0.9154, || id:ebi-a-GCST90001850,TRUE,reported,igd
1.98999e-06,5,3060,40515928,-0.391,0.08208,ebi-a-GCST90001850,rs181802824,G,A,0.0284, || id:ebi-a-GCST90001850,TRUE,reported,igd
3.71202e-06,5,3060,11004941,-0.1558,0.03361,ebi-a-GCST90001850,rs864075,T,C,0.8044, || id:ebi-a-GCST90001850,TRUE,reported,igd
2.29699e-06,5,3060,26389125,0.6276,0.1326,ebi-a-GCST90001850,rs2036009,A,G,0.9889, || id:ebi-a-GCST90001850,TRUE,reported,igd
6.96097e-06,6,3060,32067435,-0.1567,0.03481,ebi-a-GCST90001850,rs57740770,G,T,0.2552, || id:ebi-a-GCST90001850,TRUE,reported,igd
1.51499e-06,7,3060,79908084,-0.1553,0.03223,ebi-a-GCST90001850,rs7788673,T,A,0.2242, || id:ebi-a-GCST90001850,TRUE,reported,igd
8.7579e-08,7,3060,5305788,0.4985,0.09294,ebi-a-GCST90001850,rs7782316,T,C,0.0214, || id:ebi-a-GCST90001850,TRUE,reported,igd
7.24503e-06,9,3060,9015895,0.279,0.06208,ebi-a-GCST90001850,rs4742559,C,T,0.0495, || id:ebi-a-GCST90001850,TRUE,reported,igd
8.92504e-06,9,3060,38673280,0.2869,0.06449,ebi-a-GCST90001850,rs78539923,A,C,0.0459, || id:ebi-a-GCST90001850,TRUE,reported,igd
3.38704e-06,11,3060,83711222,0.2377,0.05106,ebi-a-GCST90001850,rs11233873,C,A,0.0752, || id:ebi-a-GCST90001850,TRUE,reported,igd
1.63501e-06,11,3060,122175217,-0.3516,0.07319,ebi-a-GCST90001850,rs76442794,G,A,0.0342, || id:ebi-a-GCST90001850,TRUE,reported,igd
9.61302e-06,12,3060,54905021,0.3537,0.07979,ebi-a-GCST90001850,rs11170960,A,G,0.0291, || id:ebi-a-GCST90001850,TRUE,reported,igd
6.897e-06,13,3060,21343664,-1.655,0.3674,ebi-a-GCST90001850,rs73167431,T,C,0.0016, || id:ebi-a-GCST90001850,TRUE,reported,igd
7.873e-06,14,3060,38072374,-1.165,0.2603,ebi-a-GCST90001850,rs11624277,A,G,0.0025, || id:ebi-a-GCST90001850,TRUE,reported,igd
5.03396e-06,15,3060,98166209,0.2517,0.05506,ebi-a-GCST90001850,rs288415,A,G,0.0632, || id:ebi-a-GCST90001850,TRUE,reported,igd
4.12496e-06,16,3060,10969282,0.1434,0.03109,ebi-a-GCST90001850,rs6498116,T,A,0.2333, || id:ebi-a-GCST90001850,TRUE,reported,igd
7.41703e-06,16,3060,25865790,0.1361,0.03032,ebi-a-GCST90001850,rs8057798,T,G,0.716, || id:ebi-a-GCST90001850,TRUE,reported,igd
6.42407e-06,18,3060,70950759,0.1679,0.03715,ebi-a-GCST90001850,rs79048891,A,T,0.8462, || id:ebi-a-GCST90001850,TRUE,reported,igd
1.048e-06,18,3060,46992743,-0.4918,0.1005,ebi-a-GCST90001850,rs112025123,C,T,0.0185, || id:ebi-a-GCST90001850,TRUE,reported,igd
6.72698e-06,18,3060,755834,1.012,0.2244,ebi-a-GCST90001850,rs116911862,A,G,0.0038, || id:ebi-a-GCST90001850,TRUE,reported,igd
8.76193e-06,22,3060,22817792,-0.3658,0.08215,ebi-a-GCST90001850,rs115825160,A,C,0.0289, || id:ebi-a-GCST90001850,TRUE,reported,igd
