chr.exposure,pval.exposure,se.exposure,beta.exposure,samplesize.exposure,pos.exposure,id.exposure,SNP,effect_allele.exposure,other_allele.exposure,eaf.exposure,exposure,mr_keep.exposure,pval_origin.exposure,data_source.exposure
1,2.41402e-06,0.2535,1.197,3653,6146588,ebi-a-GCST90001771,rs143386390,T,C,0.0026, || id:ebi-a-GCST90001771,TRUE,reported,igd
2,8.93799e-06,0.1257,-0.5589,3653,137032557,ebi-a-GCST90001771,rs77875928,A,G,0.0094, || id:ebi-a-GCST90001771,TRUE,reported,igd
2,1.276e-06,0.31,1.504,3653,113923281,ebi-a-GCST90001771,rs2902453,G,A,0.0015, || id:ebi-a-GCST90001771,TRUE,reported,igd
3,6.47098e-06,0.301,-1.36,3653,197395630,ebi-a-GCST90001771,rs73214037,C,G,0.0021, || id:ebi-a-GCST90001771,TRUE,reported,igd
4,3.67198e-07,0.02729,-0.139,3653,185816062,ebi-a-GCST90001771,rs4862454,A,G,0.2982, || id:ebi-a-GCST90001771,TRUE,reported,igd
4,7.58298e-06,0.04624,-0.2073,3653,189754606,ebi-a-GCST90001771,rs78023498,T,G,0.0749, || id:ebi-a-GCST90001771,TRUE,reported,igd
4,8.77607e-06,0.3186,-1.418,3653,39960496,ebi-a-GCST90001771,rs138093394,T,C,0.0016, || id:ebi-a-GCST90001771,TRUE,reported,igd
5,3.23802e-06,0.04084,0.1904,3653,79153359,ebi-a-GCST90001771,rs7705021,G,A,0.1005, || id:ebi-a-GCST90001771,TRUE,reported,igd
6,6.21298e-45,0.05156,-0.7352,3653,107168477,ebi-a-GCST90001771,rs72948545,G,A,0.0586, || id:ebi-a-GCST90001771,TRUE,reported,igd
6,8.98897e-06,0.0334,0.1485,3653,32556019,ebi-a-GCST90001771,rs150394154,A,G,0.2805, || id:ebi-a-GCST90001771,TRUE,reported,igd
6,6.85804e-06,0.04959,0.2234,3653,96559132,ebi-a-GCST90001771,rs9390863,A,C,0.0653, || id:ebi-a-GCST90001771,TRUE,reported,igd
6,8.28591e-07,0.05906,-0.2916,3653,101259222,ebi-a-GCST90001771,rs12200293,A,C,0.0463, || id:ebi-a-GCST90001771,TRUE,reported,igd
6,5.99791e-13,0.0249,0.1799,3653,106898421,ebi-a-GCST90001771,rs2236073,A,G,0.5996, || id:ebi-a-GCST90001771,TRUE,reported,igd
6,4.64505e-06,0.03134,-0.1437,3653,2091975,ebi-a-GCST90001771,rs9392365,T,A,0.1856, || id:ebi-a-GCST90001771,TRUE,reported,igd
10,9.85303e-06,0.06057,-0.2681,3653,56973794,ebi-a-GCST90001771,rs117417471,G,A,0.0438, || id:ebi-a-GCST90001771,TRUE,reported,igd
10,7.92191e-06,0.0453,0.2026,3653,124038072,ebi-a-GCST90001771,rs7078071,A,G,0.0803, || id:ebi-a-GCST90001771,TRUE,reported,igd
11,4.45205e-06,0.0984,0.4523,3653,121622513,ebi-a-GCST90001771,rs192325628,T,C,0.0164, || id:ebi-a-GCST90001771,TRUE,reported,igd
11,6.00302e-06,0.02502,0.1134,3653,15732077,ebi-a-GCST90001771,rs11023691,C,A,0.5558, || id:ebi-a-GCST90001771,TRUE,reported,igd
12,4.897e-06,0.1522,-0.6964,3653,11210672,ebi-a-GCST90001771,rs77604725,G,A,0.0063, || id:ebi-a-GCST90001771,TRUE,reported,igd
12,8.71104e-06,0.1014,0.4514,3653,83630901,ebi-a-GCST90001771,rs117918490,A,G,0.0152, || id:ebi-a-GCST90001771,TRUE,reported,igd
13,1.22301e-06,0.02477,-0.1204,3653,51367125,ebi-a-GCST90001771,rs6561591,C,T,0.5511, || id:ebi-a-GCST90001771,TRUE,reported,igd
13,4.11803e-07,0.0263,-0.1334,3653,46618290,ebi-a-GCST90001771,rs4942468,A,C,0.6812, || id:ebi-a-GCST90001771,TRUE,reported,igd
13,9.28496e-06,0.02574,0.1143,3653,85904508,ebi-a-GCST90001771,rs4911068,G,A,0.3767, || id:ebi-a-GCST90001771,TRUE,reported,igd
13,3.44604e-06,0.08668,0.403,3653,112826783,ebi-a-GCST90001771,rs117084919,G,T,0.0219, || id:ebi-a-GCST90001771,TRUE,reported,igd
14,1.95398e-06,0.03183,0.1517,3653,89049488,ebi-a-GCST90001771,rs7153153,A,T,0.1852, || id:ebi-a-GCST90001771,TRUE,reported,igd
14,6.19998e-06,0.1123,0.5084,3653,88425584,ebi-a-GCST90001771,rs144371214,A,T,0.0126, || id:ebi-a-GCST90001771,TRUE,reported,igd
16,6.70502e-06,0.05705,-0.2573,3653,8831083,ebi-a-GCST90001771,rs139648894,T,C,0.0476, || id:ebi-a-GCST90001771,TRUE,reported,igd
16,7.52194e-06,0.1125,0.5045,3653,81440009,ebi-a-GCST90001771,rs182058654,T,C,0.0119, || id:ebi-a-GCST90001771,TRUE,reported,igd
16,6.33403e-07,0.02896,-0.1445,3653,58054671,ebi-a-GCST90001771,rs12930821,C,G,0.7592, || id:ebi-a-GCST90001771,TRUE,reported,igd
18,8.06808e-06,0.1901,-0.8496,3653,75792336,ebi-a-GCST90001771,rs113242537,A,G,0.0045, || id:ebi-a-GCST90001771,TRUE,reported,igd
18,8.69401e-06,0.1487,0.6621,3653,61346454,ebi-a-GCST90001771,rs117820766,A,G,0.007, || id:ebi-a-GCST90001771,TRUE,reported,igd
19,2.72797e-06,0.02766,0.1299,3653,16442023,ebi-a-GCST90001771,rs7246669,G,A,0.7284, || id:ebi-a-GCST90001771,TRUE,reported,igd
19,9.37994e-06,0.0353,-0.1566,3653,35785378,ebi-a-GCST90001771,rs55976703,T,C,0.1432, || id:ebi-a-GCST90001771,TRUE,reported,igd
