chr.exposure,beta.exposure,samplesize.exposure,pval.exposure,pos.exposure,se.exposure,id.exposure,SNP,effect_allele.exposure,other_allele.exposure,eaf.exposure,exposure,mr_keep.exposure,pval_origin.exposure,data_source.exposure
1,0.2609,3656,9.29694e-06,12185036,0.05876,ebi-a-GCST90001721,rs664654,A,G,0.0447, || id:ebi-a-GCST90001721,TRUE,reported,igd
1,0.1277,3656,6.38499e-06,40154898,0.02826,ebi-a-GCST90001721,rs536003,A,G,0.2444, || id:ebi-a-GCST90001721,TRUE,reported,igd
2,0.13,3656,2.59502e-06,235624835,0.02761,ebi-a-GCST90001721,rs13390788,G,A,0.2607, || id:ebi-a-GCST90001721,TRUE,reported,igd
2,0.113,3656,4.25099e-06,202479783,0.02455,ebi-a-GCST90001721,rs7580866,C,T,0.4716, || id:ebi-a-GCST90001721,TRUE,reported,igd
3,-0.205,3656,7.47102e-06,49120006,0.0457,ebi-a-GCST90001721,rs111494817,C,T,0.0773, || id:ebi-a-GCST90001721,TRUE,reported,igd
4,0.1646,3656,4.27297e-07,115677333,0.03249,ebi-a-GCST90001721,rs72901497,G,A,0.1727, || id:ebi-a-GCST90001721,TRUE,reported,igd
5,0.1153,3656,9.05191e-06,172763674,0.02593,ebi-a-GCST90001721,rs2098676,T,C,0.6822, || id:ebi-a-GCST90001721,TRUE,reported,igd
5,-1.714,3656,6.16794e-07,26009776,0.3431,ebi-a-GCST90001721,rs183942882,G,A,0.0014, || id:ebi-a-GCST90001721,TRUE,reported,igd
5,-1.009,3656,4.78101e-08,80934634,0.1845,ebi-a-GCST90001721,rs11748905,C,T,0.0048, || id:ebi-a-GCST90001721,TRUE,reported,igd
7,0.5622,3656,9.18904e-06,134114882,0.1266,ebi-a-GCST90001721,rs149522199,A,G,0.0093, || id:ebi-a-GCST90001721,TRUE,reported,igd
7,-0.2299,3656,9.52204e-06,21380419,0.05185,ebi-a-GCST90001721,rs55973216,T,C,0.0579, || id:ebi-a-GCST90001721,TRUE,reported,igd
8,0.1093,3656,6.10197e-06,440424,0.02414,ebi-a-GCST90001721,rs13429,G,A,0.4747, || id:ebi-a-GCST90001721,TRUE,reported,igd
8,0.1404,3656,9.378e-06,62521732,0.03164,ebi-a-GCST90001721,rs16927639,T,C,0.176, || id:ebi-a-GCST90001721,TRUE,reported,igd
8,-0.2495,3656,7.39197e-06,107222079,0.05558,ebi-a-GCST90001721,rs17248848,A,G,0.0507, || id:ebi-a-GCST90001721,TRUE,reported,igd
10,-0.1509,3656,6.55602e-06,130287175,0.03343,ebi-a-GCST90001721,rs1541174,C,G,0.1571, || id:ebi-a-GCST90001721,TRUE,reported,igd
10,-0.2738,3656,6.51793e-06,92976570,0.06063,ebi-a-GCST90001721,rs6583759,C,A,0.0427, || id:ebi-a-GCST90001721,TRUE,reported,igd
10,0.1112,3656,8.84403e-06,89070745,0.02499,ebi-a-GCST90001721,rs41324346,T,C,0.5598, || id:ebi-a-GCST90001721,TRUE,reported,igd
12,0.2726,3656,5.17702e-06,20830424,0.05973,ebi-a-GCST90001721,rs12318478,T,C,0.0442, || id:ebi-a-GCST90001721,TRUE,reported,igd
12,-0.1819,3656,4.94197e-06,55355033,0.03977,ebi-a-GCST90001721,rs997173,T,C,0.1083, || id:ebi-a-GCST90001721,TRUE,reported,igd
13,0.1129,3656,3.79603e-06,51107757,0.02439,ebi-a-GCST90001721,rs1239945,A,G,0.5341, || id:ebi-a-GCST90001721,TRUE,reported,igd
18,0.2084,3656,7.35902e-06,40519517,0.04643,ebi-a-GCST90001721,rs77441302,T,A,0.0741, || id:ebi-a-GCST90001721,TRUE,reported,igd
19,0.1148,3656,2.77402e-06,6818628,0.02445,ebi-a-GCST90001721,rs164020,T,A,0.42, || id:ebi-a-GCST90001721,TRUE,reported,igd
