se.exposure,pval.exposure,chr.exposure,samplesize.exposure,beta.exposure,pos.exposure,id.exposure,SNP,effect_allele.exposure,other_allele.exposure,eaf.exposure,exposure,mr_keep.exposure,pval_origin.exposure,data_source.exposure
0.2335,2.28702e-06,1,1836,-1.107,65088698,ebi-a-GCST90001801,rs138487400,A,G,0.0049, || id:ebi-a-GCST90001801,TRUE,reported,igd
0.1487,3.98502e-06,1,1836,-0.6879,114134030,ebi-a-GCST90001801,rs115870915,A,G,0.0133, || id:ebi-a-GCST90001801,TRUE,reported,igd
0.07333,2.08598e-06,2,1836,0.3491,107721414,ebi-a-GCST90001801,rs62161465,T,G,0.0536, || id:ebi-a-GCST90001801,TRUE,reported,igd
0.09858,9.43691e-06,3,1836,0.4379,30308520,ebi-a-GCST90001801,rs11718356,T,C,0.0324, || id:ebi-a-GCST90001801,TRUE,reported,igd
0.09922,4.43997e-08,3,1836,0.5453,32924804,ebi-a-GCST90001801,rs56237381,A,G,0.0294, || id:ebi-a-GCST90001801,TRUE,reported,igd
0.1139,2.15899e-07,3,1836,0.5929,31134534,ebi-a-GCST90001801,rs76929865,C,A,0.0245, || id:ebi-a-GCST90001801,TRUE,reported,igd
0.07016,1.07994e-38,3,1836,0.9344,32533246,ebi-a-GCST90001801,rs35574803,C,T,0.0564, || id:ebi-a-GCST90001801,TRUE,reported,igd
0.0916,3.41201e-10,3,1836,0.5783,32945761,ebi-a-GCST90001801,rs75918255,A,G,0.0376, || id:ebi-a-GCST90001801,TRUE,reported,igd
0.106,5.03999e-06,5,1836,0.485,36745459,ebi-a-GCST90001801,rs76894736,G,T,0.0259, || id:ebi-a-GCST90001801,TRUE,reported,igd
0.1123,8.75205e-06,5,1836,0.5008,141077992,ebi-a-GCST90001801,rs17097461,C,T,0.024, || id:ebi-a-GCST90001801,TRUE,reported,igd
0.04026,6.30202e-06,5,1836,0.1824,83088178,ebi-a-GCST90001801,rs11746129,T,C,0.2293, || id:ebi-a-GCST90001801,TRUE,reported,igd
0.03536,9.01198e-06,9,1836,0.1574,16253322,ebi-a-GCST90001801,rs10733309,G,A,0.6462, || id:ebi-a-GCST90001801,TRUE,reported,igd
0.06884,1.14301e-06,11,1836,-0.336,126257779,ebi-a-GCST90001801,rs11220465,A,G,0.0667, || id:ebi-a-GCST90001801,TRUE,reported,igd
0.04636,9.11108e-10,12,1836,-0.2854,6554628,ebi-a-GCST90001801,rs25680,A,G,0.1672, || id:ebi-a-GCST90001801,TRUE,reported,igd
0.06149,9.93894e-06,12,1836,0.2724,19193531,ebi-a-GCST90001801,rs11829119,C,T,0.0773, || id:ebi-a-GCST90001801,TRUE,reported,igd
0.1016,9.42909e-06,12,1836,0.4512,47671332,ebi-a-GCST90001801,rs61927746,C,T,0.0291, || id:ebi-a-GCST90001801,TRUE,reported,igd
0.07629,6.16794e-06,13,1836,-0.3459,19367953,ebi-a-GCST90001801,rs140684212,T,C,0.0558, || id:ebi-a-GCST90001801,TRUE,reported,igd
0.2992,3.63697e-06,15,1836,1.39,33896396,ebi-a-GCST90001801,rs148107267,G,A,0.003, || id:ebi-a-GCST90001801,TRUE,reported,igd
0.1571,4.16505e-06,16,1836,-0.7252,33377221,ebi-a-GCST90001801,rs72794809,A,G,0.0142, || id:ebi-a-GCST90001801,TRUE,reported,igd
0.04006,3.764e-06,16,1836,0.1858,8832515,ebi-a-GCST90001801,rs13336159,T,C,0.2508, || id:ebi-a-GCST90001801,TRUE,reported,igd
0.05807,1.13099e-07,20,1836,-0.3093,46242688,ebi-a-GCST90001801,rs72645230,G,C,0.0959, || id:ebi-a-GCST90001801,TRUE,reported,igd
0.03295,1.32587e-62,20,1836,-0.5719,44747947,ebi-a-GCST90001801,rs4810485,G,T,0.6302, || id:ebi-a-GCST90001801,TRUE,reported,igd
0.05301,1.153e-07,20,1836,0.2821,45088788,ebi-a-GCST90001801,rs73301560,C,T,0.1187, || id:ebi-a-GCST90001801,TRUE,reported,igd
0.06703,6.46696e-08,20,1836,-0.3638,45732275,ebi-a-GCST90001801,rs6066198,G,T,0.0708, || id:ebi-a-GCST90001801,TRUE,reported,igd
0.03427,3.28503e-06,20,1836,0.1599,2684924,ebi-a-GCST90001801,rs4815533,G,A,0.5547, || id:ebi-a-GCST90001801,TRUE,reported,igd
