chr.exposure,pos.exposure,beta.exposure,se.exposure,pval.exposure,samplesize.exposure,id.exposure,SNP,effect_allele.exposure,other_allele.exposure,eaf.exposure,exposure,mr_keep.exposure,pval_origin.exposure,data_source.exposure
1,31211894,-0.5359,0.07974,2.09701e-11,3657,ebi-a-GCST90001808,rs34101571,A,G,0.0239, || id:ebi-a-GCST90001808,TRUE,reported,igd
1,99399788,0.3216,0.0697,4.09204e-06,3657,ebi-a-GCST90001808,rs115383596,C,T,0.0332, || id:ebi-a-GCST90001808,TRUE,reported,igd
1,31686211,-0.3609,0.07818,4.05397e-06,3657,ebi-a-GCST90001808,rs12727962,G,C,0.0246, || id:ebi-a-GCST90001808,TRUE,reported,igd
1,20290573,-0.1656,0.03635,5.347e-06,3657,ebi-a-GCST90001808,rs75392984,T,G,0.1416, || id:ebi-a-GCST90001808,TRUE,reported,igd
1,10083709,0.1494,0.03066,1.14201e-06,3657,ebi-a-GCST90001808,rs12129123,T,C,0.222, || id:ebi-a-GCST90001808,TRUE,reported,igd
1,161479745,-0.2933,0.02635,2.48313e-28,3657,ebi-a-GCST90001808,rs1801274,G,A,0.325, || id:ebi-a-GCST90001808,TRUE,reported,igd
3,36349691,0.2781,0.0492,1.692e-08,3657,ebi-a-GCST90001808,rs144642376,G,A,0.0718, || id:ebi-a-GCST90001808,TRUE,reported,igd
3,107086449,0.5117,0.1095,3.07199e-06,3657,ebi-a-GCST90001808,rs115933247,T,C,0.015, || id:ebi-a-GCST90001808,TRUE,reported,igd
3,127619207,-0.1176,0.02554,4.29596e-06,3657,ebi-a-GCST90001808,rs12495781,C,T,0.4044, || id:ebi-a-GCST90001808,TRUE,reported,igd
3,32533246,0.6995,0.05313,1.02e-38,3657,ebi-a-GCST90001808,rs35574803,C,T,0.0562, || id:ebi-a-GCST90001808,TRUE,reported,igd
3,32945761,0.478,0.06777,2.09218e-12,3657,ebi-a-GCST90001808,rs75918255,A,G,0.035, || id:ebi-a-GCST90001808,TRUE,reported,igd
3,32302456,0.1779,0.03976,7.92392e-06,3657,ebi-a-GCST90001808,rs7621492,A,G,0.1136, || id:ebi-a-GCST90001808,TRUE,reported,igd
3,31134534,0.4499,0.08672,2.238e-07,3657,ebi-a-GCST90001808,rs76929865,C,A,0.0223, || id:ebi-a-GCST90001808,TRUE,reported,igd
3,36625286,0.2849,0.06277,5.85194e-06,3657,ebi-a-GCST90001808,rs116522219,A,G,0.0407, || id:ebi-a-GCST90001808,TRUE,reported,igd
5,117207047,0.2307,0.05047,5.01095e-06,3657,ebi-a-GCST90001808,rs9885107,A,G,0.934, || id:ebi-a-GCST90001808,TRUE,reported,igd
5,79389016,0.2129,0.04782,8.77708e-06,3657,ebi-a-GCST90001808,rs112339885,C,T,0.0755, || id:ebi-a-GCST90001808,TRUE,reported,igd
9,9594355,-0.3872,0.08721,9.29009e-06,3657,ebi-a-GCST90001808,rs10816146,T,C,0.0196, || id:ebi-a-GCST90001808,TRUE,reported,igd
9,94241794,0.7649,0.1658,4.07596e-06,3657,ebi-a-GCST90001808,rs141876897,A,T,0.0053, || id:ebi-a-GCST90001808,TRUE,reported,igd
10,28945318,0.2346,0.05074,3.913e-06,3657,ebi-a-GCST90001808,rs143164248,A,G,0.0632, || id:ebi-a-GCST90001808,TRUE,reported,igd
11,131947318,0.828,0.1759,2.613e-06,3657,ebi-a-GCST90001808,rs73030401,G,A,0.0046, || id:ebi-a-GCST90001808,TRUE,reported,igd
12,106279933,-0.1949,0.04227,4.12601e-06,3657,ebi-a-GCST90001808,rs34139704,C,T,0.0932, || id:ebi-a-GCST90001808,TRUE,reported,igd
12,6605299,0.299,0.03747,1.93419e-15,3657,ebi-a-GCST90001808,rs147714617,T,C,0.1224, || id:ebi-a-GCST90001808,TRUE,reported,igd
12,47529273,0.3665,0.07867,3.298e-06,3657,ebi-a-GCST90001808,rs61927692,T,C,0.0253, || id:ebi-a-GCST90001808,TRUE,reported,igd
12,6554628,-0.3147,0.03313,3.75837e-21,3657,ebi-a-GCST90001808,rs25680,A,G,0.1671, || id:ebi-a-GCST90001808,TRUE,reported,igd
15,22523362,0.6146,0.1339,4.58596e-06,3657,ebi-a-GCST90001808,rs7179434,A,C,0.4721, || id:ebi-a-GCST90001808,TRUE,reported,igd
20,44511627,0.2761,0.03467,2.23306e-15,3657,ebi-a-GCST90001808,rs11086984,T,C,0.1514, || id:ebi-a-GCST90001808,TRUE,reported,igd
20,44746982,-0.5853,0.02439,2.5293e-118,3657,ebi-a-GCST90001808,rs1883832,C,T,0.6318, || id:ebi-a-GCST90001808,TRUE,reported,igd
20,44954283,-0.1443,0.02993,1.49001e-06,3657,ebi-a-GCST90001808,rs4810496,A,G,0.2246, || id:ebi-a-GCST90001808,TRUE,reported,igd
20,42019380,0.1323,0.02651,6.35507e-07,3657,ebi-a-GCST90001808,rs9989924,C,T,0.6669, || id:ebi-a-GCST90001808,TRUE,reported,igd
20,44094375,-0.1902,0.03675,2.40497e-07,3657,ebi-a-GCST90001808,rs973446,G,C,0.1313, || id:ebi-a-GCST90001808,TRUE,reported,igd
20,46785499,-0.1635,0.02512,8.51726e-11,3657,ebi-a-GCST90001808,rs162076,A,G,0.555, || id:ebi-a-GCST90001808,TRUE,reported,igd
