se.exposure,pval.exposure,pos.exposure,samplesize.exposure,chr.exposure,beta.exposure,id.exposure,SNP,effect_allele.exposure,other_allele.exposure,eaf.exposure,exposure,mr_keep.exposure,pval_origin.exposure,data_source.exposure
0.02531,7.625e-06,112356263,3655,1,0.1134,ebi-a-GCST90001765,rs629732,A,G,0.4274, || id:ebi-a-GCST90001765,TRUE,reported,igd
0.2527,1.39499e-06,6146588,3655,1,1.222,ebi-a-GCST90001765,rs143386390,T,C,0.0026, || id:ebi-a-GCST90001765,TRUE,reported,igd
0.309,9.67008e-06,113923281,3655,2,1.369,ebi-a-GCST90001765,rs2902453,G,A,0.0015, || id:ebi-a-GCST90001765,TRUE,reported,igd
0.03057,7.21905e-06,4748193,3655,3,-0.1374,ebi-a-GCST90001765,rs34548572,A,G,0.1984, || id:ebi-a-GCST90001765,TRUE,reported,igd
0.03447,6.32106e-06,131810654,3655,4,-0.1559,ebi-a-GCST90001765,rs1471412,T,C,0.8538, || id:ebi-a-GCST90001765,TRUE,reported,igd
0.02721,2.69302e-06,185816062,3655,4,-0.1279,ebi-a-GCST90001765,rs4862454,A,G,0.2981, || id:ebi-a-GCST90001765,TRUE,reported,igd
0.1255,9.94397e-06,91342005,3655,4,-0.5551,ebi-a-GCST90001765,rs11930977,T,G,0.0094, || id:ebi-a-GCST90001765,TRUE,reported,igd
0.0351,6.45996e-06,92906685,3655,5,-0.1585,ebi-a-GCST90001765,rs17370695,C,A,0.1491, || id:ebi-a-GCST90001765,TRUE,reported,igd
0.03496,4.49304e-06,159374162,3655,5,0.1606,ebi-a-GCST90001765,rs13171255,G,A,0.1514, || id:ebi-a-GCST90001765,TRUE,reported,igd
0.05889,2.14299e-07,101259222,3655,6,-0.306,ebi-a-GCST90001765,rs12200293,A,C,0.0462, || id:ebi-a-GCST90001765,TRUE,reported,igd
0.0287,9.25806e-07,32626019,3655,6,-0.1411,ebi-a-GCST90001765,rs9273358,T,C,0.5661, || id:ebi-a-GCST90001765,TRUE,reported,igd
0.02484,1.54099e-11,106898421,3655,6,0.1681,ebi-a-GCST90001765,rs2236073,A,G,0.5997, || id:ebi-a-GCST90001765,TRUE,reported,igd
0.04904,1.15505e-49,107164076,3655,6,-0.7377,ebi-a-GCST90001765,rs9400058,G,A,0.065, || id:ebi-a-GCST90001765,TRUE,reported,igd
0.4017,2.08099e-07,66021291,3655,6,-2.09,ebi-a-GCST90001765,rs150087880,T,C,0.0011, || id:ebi-a-GCST90001765,TRUE,reported,igd
0.03714,8.50394e-06,151400649,3655,6,0.1656,ebi-a-GCST90001765,rs9478944,A,G,0.8793, || id:ebi-a-GCST90001765,TRUE,reported,igd
0.5471,4.56604e-06,57821837,3655,6,-2.512,ebi-a-GCST90001765,rs144967366,C,T,5e-04, || id:ebi-a-GCST90001765,TRUE,reported,igd
0.5353,2.90603e-06,103968091,3655,7,-2.508,ebi-a-GCST90001765,rs117513979,C,T,4e-04, || id:ebi-a-GCST90001765,TRUE,reported,igd
0.2963,9.30808e-06,28798971,3655,10,-1.315,ebi-a-GCST90001765,rs147803894,A,G,0.0014, || id:ebi-a-GCST90001765,TRUE,reported,igd
0.02496,3.93197e-06,15734002,3655,11,-0.1154,ebi-a-GCST90001765,rs7116224,A,G,0.4442, || id:ebi-a-GCST90001765,TRUE,reported,igd
0.1157,4.74996e-06,87629976,3655,12,0.5304,ebi-a-GCST90001765,rs189504940,A,T,0.0118, || id:ebi-a-GCST90001765,TRUE,reported,igd
0.09017,9.45105e-06,2310188,3655,12,-0.4,ebi-a-GCST90001765,rs147649139,G,T,0.0193, || id:ebi-a-GCST90001765,TRUE,reported,igd
0.02624,1.71301e-06,46618290,3655,13,-0.1257,ebi-a-GCST90001765,rs4942468,A,C,0.6811, || id:ebi-a-GCST90001765,TRUE,reported,igd
0.02886,5.78296e-07,58054671,3655,16,-0.1445,ebi-a-GCST90001765,rs12930821,C,G,0.7592, || id:ebi-a-GCST90001765,TRUE,reported,igd
0.1482,5.81795e-06,61346454,3655,18,0.6725,ebi-a-GCST90001765,rs117820766,A,G,0.007, || id:ebi-a-GCST90001765,TRUE,reported,igd
0.04567,7.71898e-06,50026310,3655,18,0.2046,ebi-a-GCST90001765,rs78157884,A,T,0.081, || id:ebi-a-GCST90001765,TRUE,reported,igd
0.02745,1.93099e-06,16416430,3655,19,0.1309,ebi-a-GCST90001765,rs285250,C,T,0.7227, || id:ebi-a-GCST90001765,TRUE,reported,igd
