pval.exposure,se.exposure,chr.exposure,beta.exposure,samplesize.exposure,pos.exposure,id.exposure,SNP,effect_allele.exposure,other_allele.exposure,eaf.exposure,exposure,mr_keep.exposure,pval_origin.exposure,data_source.exposure
5.30994e-06,0.07538,1,0.3437,3595,182869895,ebi-a-GCST90001628,rs112935806,A,G,0.0259, || id:ebi-a-GCST90001628,TRUE,reported,igd
5.70598e-06,0.2947,1,1.339,3595,243409313,ebi-a-GCST90001628,rs72757686,C,G,0.0015, || id:ebi-a-GCST90001628,TRUE,reported,igd
9.64007e-06,0.02838,1,-0.1258,3595,34612610,ebi-a-GCST90001628,rs771140,G,C,0.7801, || id:ebi-a-GCST90001628,TRUE,reported,igd
1.00099e-06,0.04445,1,-0.2178,3595,230111146,ebi-a-GCST90001628,rs12029484,G,A,0.0769, || id:ebi-a-GCST90001628,TRUE,reported,igd
3.78704e-11,0.02991,6,0.1984,3595,32448398,ebi-a-GCST90001628,rs9378213,G,T,0.3057, || id:ebi-a-GCST90001628,TRUE,reported,igd
3.60604e-06,0.03363,7,-0.156,3595,131627162,ebi-a-GCST90001628,rs78456529,T,C,0.1401, || id:ebi-a-GCST90001628,TRUE,reported,igd
4.97302e-06,0.02738,7,-0.1252,3595,82348481,ebi-a-GCST90001628,rs6975360,G,A,0.2338, || id:ebi-a-GCST90001628,TRUE,reported,igd
7.25805e-06,0.04867,8,-0.2187,3595,107775474,ebi-a-GCST90001628,rs78867731,T,A,0.0622, || id:ebi-a-GCST90001628,TRUE,reported,igd
1.08201e-06,0.1649,8,-0.8053,3595,11817727,ebi-a-GCST90001628,rs138678763,C,T,0.005, || id:ebi-a-GCST90001628,TRUE,reported,igd
9.122e-06,0.04226,9,-0.1878,3595,113087414,ebi-a-GCST90001628,rs75588949,T,A,0.0823, || id:ebi-a-GCST90001628,TRUE,reported,igd
9.85803e-08,0.02508,9,-0.1339,3595,117651780,ebi-a-GCST90001628,rs1407309,A,G,0.4179, || id:ebi-a-GCST90001628,TRUE,reported,igd
1.64301e-06,0.0244,9,0.1171,3595,101552955,ebi-a-GCST90001628,rs7027771,C,T,0.636, || id:ebi-a-GCST90001628,TRUE,reported,igd
2.94503e-06,0.07776,9,0.3641,3595,101005853,ebi-a-GCST90001628,rs111509656,C,T,0.0257, || id:ebi-a-GCST90001628,TRUE,reported,igd
1.70498e-06,0.2128,10,-1.02,3595,76609571,ebi-a-GCST90001628,rs11598687,C,G,0.0028, || id:ebi-a-GCST90001628,TRUE,reported,igd
3.16497e-06,0.04536,11,0.2117,3595,107259543,ebi-a-GCST90001628,rs79132531,G,A,0.075, || id:ebi-a-GCST90001628,TRUE,reported,igd
6.90494e-06,0.0294,11,-0.1324,3595,109402654,ebi-a-GCST90001628,rs72998075,T,C,0.1944, || id:ebi-a-GCST90001628,TRUE,reported,igd
4.62402e-08,0.02364,11,-0.1295,3595,107676543,ebi-a-GCST90001628,rs542160,T,C,0.5089, || id:ebi-a-GCST90001628,TRUE,reported,igd
4.79104e-06,0.06495,12,0.2975,3595,12457054,ebi-a-GCST90001628,rs11054779,T,G,0.0331, || id:ebi-a-GCST90001628,TRUE,reported,igd
3.586e-06,0.02864,12,0.1329,3595,85019560,ebi-a-GCST90001628,rs73365443,A,G,0.2195, || id:ebi-a-GCST90001628,TRUE,reported,igd
2.18198e-06,0.08469,13,-0.4018,3595,110882752,ebi-a-GCST90001628,rs506151,T,C,0.02, || id:ebi-a-GCST90001628,TRUE,reported,igd
4.10904e-06,0.2738,14,-1.263,3595,104939039,ebi-a-GCST90001628,rs34287418,G,C,0.0019, || id:ebi-a-GCST90001628,TRUE,reported,igd
1.46893e-62,0.02659,16,-0.4526,3595,10970902,ebi-a-GCST90001628,rs3087456,A,G,0.7662, || id:ebi-a-GCST90001628,TRUE,reported,igd
8.4561e-07,0.02424,16,-0.1196,3595,10829280,ebi-a-GCST90001628,rs1091849,G,A,0.6024, || id:ebi-a-GCST90001628,TRUE,reported,igd
5.96403e-09,0.03176,16,-0.1852,3595,10569039,ebi-a-GCST90001628,rs72779785,G,A,0.1634, || id:ebi-a-GCST90001628,TRUE,reported,igd
1.003e-07,0.07787,16,0.4156,3595,10651993,ebi-a-GCST90001628,rs62029480,T,C,0.0236, || id:ebi-a-GCST90001628,TRUE,reported,igd
1.692e-07,0.06884,16,0.3608,3595,10380785,ebi-a-GCST90001628,rs112455120,T,C,0.03, || id:ebi-a-GCST90001628,TRUE,reported,igd
5.37106e-06,0.1192,16,0.5431,3595,11485515,ebi-a-GCST90001628,rs7195518,G,A,0.9908, || id:ebi-a-GCST90001628,TRUE,reported,igd
2.683e-06,0.3194,18,1.501,3595,55985546,ebi-a-GCST90001628,rs138213638,C,T,0.0014, || id:ebi-a-GCST90001628,TRUE,reported,igd
6.19298e-06,0.04074,19,0.1844,3595,17485805,ebi-a-GCST90001628,rs117517764,G,A,0.0911, || id:ebi-a-GCST90001628,TRUE,reported,igd
3.12702e-07,0.3239,19,1.66,3595,38669622,ebi-a-GCST90001628,rs76443179,A,G,0.0014, || id:ebi-a-GCST90001628,TRUE,reported,igd
9.47589e-06,0.06621,19,0.2936,3595,42107414,ebi-a-GCST90001628,rs59556129,T,C,0.0327, || id:ebi-a-GCST90001628,TRUE,reported,igd
4.44898e-06,0.03104,20,0.1427,3595,49449929,ebi-a-GCST90001628,rs6020784,G,A,0.1819, || id:ebi-a-GCST90001628,TRUE,reported,igd
2.17601e-06,0.05571,21,0.2643,3595,43304155,ebi-a-GCST90001628,rs4920093,G,A,0.0477, || id:ebi-a-GCST90001628,TRUE,reported,igd
