pval.exposure,beta.exposure,pos.exposure,samplesize.exposure,se.exposure,chr.exposure,id.exposure,SNP,effect_allele.exposure,other_allele.exposure,eaf.exposure,exposure,mr_keep.exposure,pval_origin.exposure,data_source.exposure
4.92153e-49,0.3893,167433420,3060,0.02598,1,ebi-a-GCST90001847,rs1723018,G,A,0.4556, || id:ebi-a-GCST90001847,TRUE,reported,igd
2.27898e-06,0.2904,166737851,3060,0.06132,1,ebi-a-GCST90001847,rs111281575,C,G,0.0521, || id:ebi-a-GCST90001847,TRUE,reported,igd
3.50002e-06,-0.1582,222089002,3060,0.03404,1,ebi-a-GCST90001847,rs12128267,G,A,0.198, || id:ebi-a-GCST90001847,TRUE,reported,igd
4.70901e-06,0.1991,167136405,3060,0.04343,1,ebi-a-GCST90001847,rs61814886,A,G,0.1056, || id:ebi-a-GCST90001847,TRUE,reported,igd
6.87306e-06,0.1781,167403844,3060,0.03954,1,ebi-a-GCST90001847,rs953808,C,G,0.865, || id:ebi-a-GCST90001847,TRUE,reported,igd
2.20501e-06,-0.1743,106644972,3060,0.03675,2,ebi-a-GCST90001847,rs74723288,A,G,0.1577, || id:ebi-a-GCST90001847,TRUE,reported,igd
3.62301e-06,0.1232,5593978,3060,0.02654,2,ebi-a-GCST90001847,rs4668614,A,G,0.4763, || id:ebi-a-GCST90001847,TRUE,reported,igd
7.04206e-06,0.1599,286552,3060,0.03554,3,ebi-a-GCST90001847,rs435917,C,T,0.1706, || id:ebi-a-GCST90001847,TRUE,reported,igd
5.75798e-06,-0.699,26402250,3060,0.1539,5,ebi-a-GCST90001847,rs7708945,G,A,0.0088, || id:ebi-a-GCST90001847,TRUE,reported,igd
9.93802e-06,-0.121,13129431,3060,0.02734,5,ebi-a-GCST90001847,rs152772,A,C,0.3866, || id:ebi-a-GCST90001847,TRUE,reported,igd
1.11199e-06,-0.4005,40515928,3060,0.08205,5,ebi-a-GCST90001847,rs181802824,G,A,0.0284, || id:ebi-a-GCST90001847,TRUE,reported,igd
3.78599e-06,-1.166,111686301,3060,0.2517,7,ebi-a-GCST90001847,rs17159201,G,A,0.0026, || id:ebi-a-GCST90001847,TRUE,reported,igd
6.98795e-06,-3.134,5720711,3060,0.6962,8,ebi-a-GCST90001847,rs78179244,G,T,3e-04, || id:ebi-a-GCST90001847,TRUE,reported,igd
4.20204e-07,0.6947,125638873,3060,0.137,8,ebi-a-GCST90001847,rs79022968,A,G,0.0093, || id:ebi-a-GCST90001847,TRUE,reported,igd
1.149e-06,-0.1327,118278954,3060,0.02722,8,ebi-a-GCST90001847,rs1955077,C,T,0.5497, || id:ebi-a-GCST90001847,TRUE,reported,igd
2.81903e-06,-0.2651,138415335,3060,0.0565,8,ebi-a-GCST90001847,rs75535842,A,C,0.0577, || id:ebi-a-GCST90001847,TRUE,reported,igd
1.012e-06,0.9434,37182452,3060,0.1926,10,ebi-a-GCST90001847,rs17605113,T,C,0.0046, || id:ebi-a-GCST90001847,TRUE,reported,igd
1.94402e-06,-1.747,21343664,3060,0.3665,13,ebi-a-GCST90001847,rs73167431,T,C,0.0016, || id:ebi-a-GCST90001847,TRUE,reported,igd
7.19896e-06,0.5856,22483321,3060,0.1303,13,ebi-a-GCST90001847,rs118106483,A,G,0.0111, || id:ebi-a-GCST90001847,TRUE,reported,igd
8.51903e-06,0.132,75011432,3060,0.02961,13,ebi-a-GCST90001847,rs9318267,G,T,0.7052, || id:ebi-a-GCST90001847,TRUE,reported,igd
8.11204e-06,-0.2069,94742681,3060,0.04628,14,ebi-a-GCST90001847,rs28413717,T,C,0.0956, || id:ebi-a-GCST90001847,TRUE,reported,igd
5.34995e-07,0.2768,98166209,3060,0.0551,15,ebi-a-GCST90001847,rs288415,A,G,0.0632, || id:ebi-a-GCST90001847,TRUE,reported,igd
1.55883e-11,0.2057,10970476,3060,0.03039,16,ebi-a-GCST90001847,rs12596540,G,A,0.2521, || id:ebi-a-GCST90001847,TRUE,reported,igd
5.77205e-06,-0.1253,79773291,3060,0.02757,16,ebi-a-GCST90001847,rs4889018,C,T,0.5946, || id:ebi-a-GCST90001847,TRUE,reported,igd
3.58303e-06,0.2499,42400157,3060,0.05382,17,ebi-a-GCST90001847,rs76073410,G,T,0.0668, || id:ebi-a-GCST90001847,TRUE,reported,igd
5.61397e-06,-0.2827,1152909,3060,0.06215,17,ebi-a-GCST90001847,rs73283178,T,C,0.0484, || id:ebi-a-GCST90001847,TRUE,reported,igd
8.26304e-06,-0.4851,65188496,3060,0.1086,18,ebi-a-GCST90001847,rs75407914,A,G,0.0155, || id:ebi-a-GCST90001847,TRUE,reported,igd
2.41002e-07,0.183,55650687,3060,0.03536,19,ebi-a-GCST90001847,rs2742060,A,G,0.1693, || id:ebi-a-GCST90001847,TRUE,reported,igd
