pval.exposure,se.exposure,samplesize.exposure,chr.exposure,pos.exposure,beta.exposure,id.exposure,SNP,effect_allele.exposure,other_allele.exposure,eaf.exposure,exposure,mr_keep.exposure,pval_origin.exposure,data_source.exposure
3.56903e-06,0.03343,3652,1,222677137,0.1552,ebi-a-GCST90001598,rs115364254,G,T,0.1475, || id:ebi-a-GCST90001598,TRUE,reported,igd
1.91898e-07,0.02408,3652,2,98905012,-0.1256,ebi-a-GCST90001598,rs11124150,G,A,0.5968, || id:ebi-a-GCST90001598,TRUE,reported,igd
7.04206e-13,0.02962,3652,2,87035076,0.2134,ebi-a-GCST90001598,rs6755452,G,T,0.1925, || id:ebi-a-GCST90001598,TRUE,reported,igd
8.14798e-06,0.02578,3652,2,220541824,0.1152,ebi-a-GCST90001598,rs6708291,T,C,0.2908, || id:ebi-a-GCST90001598,TRUE,reported,igd
5.38902e-06,0.0614,3652,2,75659115,0.2797,ebi-a-GCST90001598,rs111891110,C,T,0.0389, || id:ebi-a-GCST90001598,TRUE,reported,igd
5.57905e-06,0.02566,3652,4,4354607,-0.1167,ebi-a-GCST90001598,rs13108209,A,G,0.7133, || id:ebi-a-GCST90001598,TRUE,reported,igd
8.62402e-06,0.02316,3652,5,2133412,-0.1032,ebi-a-GCST90001598,rs6860349,A,G,0.5086, || id:ebi-a-GCST90001598,TRUE,reported,igd
3.18603e-06,0.1084,3652,6,25330739,0.5059,ebi-a-GCST90001598,rs111273508,A,G,0.0116, || id:ebi-a-GCST90001598,TRUE,reported,igd
8.52393e-07,0.07296,3652,6,31240818,0.3598,ebi-a-GCST90001598,rs4298345,A,G,0.0285, || id:ebi-a-GCST90001598,TRUE,reported,igd
8.75508e-08,0.06837,3652,6,102294761,0.3666,ebi-a-GCST90001598,rs139249541,G,A,0.0316, || id:ebi-a-GCST90001598,TRUE,reported,igd
1.359e-06,0.06194,3652,6,100468602,0.2997,ebi-a-GCST90001598,rs79251210,A,G,0.0379, || id:ebi-a-GCST90001598,TRUE,reported,igd
7.47894e-07,0.02597,3652,6,45556291,0.1287,ebi-a-GCST90001598,rs4711821,A,G,0.7129, || id:ebi-a-GCST90001598,TRUE,reported,igd
1.57199e-06,0.05526,3652,9,124584495,-0.2658,ebi-a-GCST90001598,rs7869045,A,G,0.0455, || id:ebi-a-GCST90001598,TRUE,reported,igd
2.18002e-06,0.09558,3652,9,138170904,-0.4534,ebi-a-GCST90001598,rs577044375,C,T,0.0149, || id:ebi-a-GCST90001598,TRUE,reported,igd
7.69201e-06,0.05166,3652,9,138082201,0.2314,ebi-a-GCST90001598,rs11103734,T,C,0.0511, || id:ebi-a-GCST90001598,TRUE,reported,igd
5.63197e-06,0.02622,3652,10,96981668,-0.1192,ebi-a-GCST90001598,rs639937,A,G,0.296, || id:ebi-a-GCST90001598,TRUE,reported,igd
1.024e-06,0.02841,3652,12,111734121,-0.1391,ebi-a-GCST90001598,rs11610256,T,C,0.27, || id:ebi-a-GCST90001598,TRUE,reported,igd
5.65002e-06,0.0281,3652,14,23252363,0.1278,ebi-a-GCST90001598,rs61974190,A,G,0.2155, || id:ebi-a-GCST90001598,TRUE,reported,igd
4.33601e-06,0.02338,3652,15,97967499,-0.1076,ebi-a-GCST90001598,rs12904219,G,A,0.4302, || id:ebi-a-GCST90001598,TRUE,reported,igd
7.58805e-09,0.02475,3652,17,33794697,0.1433,ebi-a-GCST90001598,rs9896155,G,A,0.6737, || id:ebi-a-GCST90001598,TRUE,reported,igd
3.60703e-06,0.02927,3652,21,15247433,-0.1358,ebi-a-GCST90001598,rs9978065,C,T,0.6387, || id:ebi-a-GCST90001598,TRUE,reported,igd
