pval.exposure,beta.exposure,chr.exposure,samplesize.exposure,pos.exposure,se.exposure,id.exposure,SNP,effect_allele.exposure,other_allele.exposure,eaf.exposure,exposure,mr_keep.exposure,pval_origin.exposure,data_source.exposure
6.74901e-06,0.1869,1,3669,21016307,0.04147,ebi-a-GCST90001602,rs67017818,G,A,0.0938, || id:ebi-a-GCST90001602,TRUE,reported,igd
2.10499e-06,-0.1167,1,3669,62836414,0.02457,ebi-a-GCST90001602,rs6701133,C,T,0.4869, || id:ebi-a-GCST90001602,TRUE,reported,igd
7.09692e-06,-0.2852,1,3669,240584083,0.06341,ebi-a-GCST90001602,rs112405229,A,G,0.039, || id:ebi-a-GCST90001602,TRUE,reported,igd
7.33196e-06,-0.387,3,3669,127409116,0.08619,ebi-a-GCST90001602,rs62264159,G,T,0.0211, || id:ebi-a-GCST90001602,TRUE,reported,igd
9.79197e-07,0.3946,3,3669,74174855,0.08047,ebi-a-GCST90001602,rs893978,T,C,0.0232, || id:ebi-a-GCST90001602,TRUE,reported,igd
1.94402e-06,-0.5777,4,3669,259809,0.1212,ebi-a-GCST90001602,rs184624056,G,A,0.0109, || id:ebi-a-GCST90001602,TRUE,reported,igd
3.70997e-06,0.3672,4,3669,183543742,0.07923,ebi-a-GCST90001602,rs78277075,G,A,0.0249, || id:ebi-a-GCST90001602,TRUE,reported,igd
8.43296e-06,0.2205,4,3669,105475366,0.04945,ebi-a-GCST90001602,rs7677240,T,A,0.0665, || id:ebi-a-GCST90001602,TRUE,reported,igd
8.87708e-06,0.2088,5,3669,126715206,0.04693,ebi-a-GCST90001602,rs11960775,A,G,0.0786, || id:ebi-a-GCST90001602,TRUE,reported,igd
9.26296e-06,2.357,5,3669,28612713,0.5308,ebi-a-GCST90001602,rs76019287,C,T,5e-04, || id:ebi-a-GCST90001602,TRUE,reported,igd
7.92994e-06,0.1698,6,3669,22960927,0.03795,ebi-a-GCST90001602,rs6912413,G,C,0.127, || id:ebi-a-GCST90001602,TRUE,reported,igd
3.61402e-06,-1.181,8,3669,18403786,0.2545,ebi-a-GCST90001602,rs7006104,T,C,0.0022, || id:ebi-a-GCST90001602,TRUE,reported,igd
2.41301e-06,-0.1499,8,3669,120860297,0.03173,ebi-a-GCST90001602,rs11998531,G,C,0.1924, || id:ebi-a-GCST90001602,TRUE,reported,igd
1.55199e-06,-0.1185,9,3669,140738816,0.02462,ebi-a-GCST90001602,rs56275163,C,A,0.588, || id:ebi-a-GCST90001602,TRUE,reported,igd
2.557e-06,-0.1678,10,3669,83891503,0.03561,ebi-a-GCST90001602,rs2434066,C,A,0.8609, || id:ebi-a-GCST90001602,TRUE,reported,igd
6.93107e-06,0.2002,10,3669,6003312,0.04446,ebi-a-GCST90001602,rs8177701,G,A,0.0829, || id:ebi-a-GCST90001602,TRUE,reported,igd
7.67892e-07,-0.1204,11,3669,134188542,0.02432,ebi-a-GCST90001602,rs481252,C,T,0.4516, || id:ebi-a-GCST90001602,TRUE,reported,igd
4.16898e-06,-0.1561,12,3669,20726031,0.03387,ebi-a-GCST90001602,rs61415458,C,T,0.1555, || id:ebi-a-GCST90001602,TRUE,reported,igd
2.59e-06,0.1396,14,3669,100697727,0.02964,ebi-a-GCST90001602,rs74346935,A,G,0.2186, || id:ebi-a-GCST90001602,TRUE,reported,igd
4.86598e-06,0.2168,16,3669,25912505,0.04737,ebi-a-GCST90001602,rs111373552,T,C,0.0754, || id:ebi-a-GCST90001602,TRUE,reported,igd
1.12199e-08,-0.1502,18,3669,12394263,0.02624,ebi-a-GCST90001602,rs77650974,A,G,0.3227, || id:ebi-a-GCST90001602,TRUE,reported,igd
8.04804e-06,-0.3554,20,3669,49694567,0.07949,ebi-a-GCST90001602,rs150146725,C,T,0.0248, || id:ebi-a-GCST90001602,TRUE,reported,igd
