pval.exposure,se.exposure,beta.exposure,chr.exposure,pos.exposure,samplesize.exposure,id.exposure,SNP,effect_allele.exposure,other_allele.exposure,eaf.exposure,exposure,mr_keep.exposure,pval_origin.exposure,data_source.exposure
9.4241e-06,0.1824,-0.8093,1,194010208,3427,ebi-a-GCST90001535,rs116794175,C,T,0.0042, || id:ebi-a-GCST90001535,TRUE,reported,igd
5.99805e-07,0.03132,-0.1566,1,94176595,3427,ebi-a-GCST90001535,rs12121018,A,G,0.1882, || id:ebi-a-GCST90001535,TRUE,reported,igd
4.70197e-06,0.08534,-0.3913,1,101526164,3427,ebi-a-GCST90001535,rs114825362,C,G,0.0201, || id:ebi-a-GCST90001535,TRUE,reported,igd
6.01105e-06,0.09412,-0.4267,1,239680551,3427,ebi-a-GCST90001535,rs150607181,C,G,0.0168, || id:ebi-a-GCST90001535,TRUE,reported,igd
6.77407e-06,0.08517,-0.3839,1,226764439,3427,ebi-a-GCST90001535,rs76201922,G,C,0.0193, || id:ebi-a-GCST90001535,TRUE,reported,igd
3.4578e-14,0.2655,-2.021,1,198524264,3427,ebi-a-GCST90001535,rs146620586,T,G,0.0032, || id:ebi-a-GCST90001535,TRUE,reported,igd
9.44104e-06,0.09372,-0.4158,1,187940731,3427,ebi-a-GCST90001535,rs146674398,T,C,0.0159, || id:ebi-a-GCST90001535,TRUE,reported,igd
8.86993e-10,0.1759,-1.081,1,199999121,3427,ebi-a-GCST90001535,rs11579717,A,G,0.0044, || id:ebi-a-GCST90001535,TRUE,reported,igd
3.14398e-06,0.03003,-0.1402,2,41955462,3427,ebi-a-GCST90001535,rs10432663,C,T,0.1959, || id:ebi-a-GCST90001535,TRUE,reported,igd
3.92202e-08,0.02443,0.1345,2,39112166,3427,ebi-a-GCST90001535,rs11124653,A,C,0.5909, || id:ebi-a-GCST90001535,TRUE,reported,igd
3.93804e-06,0.06249,0.2888,2,197060767,3427,ebi-a-GCST90001535,rs72613709,G,T,0.0376, || id:ebi-a-GCST90001535,TRUE,reported,igd
3.13112e-13,0.02599,-0.1902,2,38897249,3427,ebi-a-GCST90001535,rs12712610,G,A,0.2969, || id:ebi-a-GCST90001535,TRUE,reported,igd
3.81303e-06,0.09182,-0.425,3,75917650,3427,ebi-a-GCST90001535,rs183293285,T,C,0.0171, || id:ebi-a-GCST90001535,TRUE,reported,igd
1.894e-06,0.04023,0.192,4,185924276,3427,ebi-a-GCST90001535,rs10013469,A,G,0.0943, || id:ebi-a-GCST90001535,TRUE,reported,igd
9.25209e-06,0.02807,-0.1246,5,35803577,3427,ebi-a-GCST90001535,rs931555,T,C,0.2613, || id:ebi-a-GCST90001535,TRUE,reported,igd
5.94306e-06,0.02929,0.1329,5,7272022,3427,ebi-a-GCST90001535,rs62341785,G,A,0.2022, || id:ebi-a-GCST90001535,TRUE,reported,igd
6.86705e-06,0.02387,-0.1075,5,39546706,3427,ebi-a-GCST90001535,rs7700617,A,C,0.4181, || id:ebi-a-GCST90001535,TRUE,reported,igd
1.509e-06,0.03361,-0.1619,6,32594169,3427,ebi-a-GCST90001535,rs9271766,G,A,0.782, || id:ebi-a-GCST90001535,TRUE,reported,igd
3.34603e-06,0.09186,0.4277,6,35830034,3427,ebi-a-GCST90001535,rs71569312,T,C,0.0177, || id:ebi-a-GCST90001535,TRUE,reported,igd
6.61302e-06,0.04192,0.1892,7,16431997,3427,ebi-a-GCST90001535,rs10230422,A,G,0.087, || id:ebi-a-GCST90001535,TRUE,reported,igd
5.37205e-06,0.1336,0.6089,7,119060402,3427,ebi-a-GCST90001535,rs10269315,T,C,0.9931, || id:ebi-a-GCST90001535,TRUE,reported,igd
8.18408e-07,0.1394,0.6888,10,2787360,3427,ebi-a-GCST90001535,rs76139558,C,G,0.0067, || id:ebi-a-GCST90001535,TRUE,reported,igd
7.58106e-06,0.02553,-0.1145,10,81010850,3427,ebi-a-GCST90001535,rs1250600,G,T,0.6733, || id:ebi-a-GCST90001535,TRUE,reported,igd
4.95005e-06,0.0556,-0.2543,11,5240669,3427,ebi-a-GCST90001535,rs141350785,C,G,0.0461, || id:ebi-a-GCST90001535,TRUE,reported,igd
8.12101e-06,0.03716,-0.1661,12,108927798,3427,ebi-a-GCST90001535,rs73189225,A,G,0.1103, || id:ebi-a-GCST90001535,TRUE,reported,igd
5.04104e-06,0.02448,-0.1119,12,43674787,3427,ebi-a-GCST90001535,rs1849779,T,C,0.3826, || id:ebi-a-GCST90001535,TRUE,reported,igd
1.82201e-06,0.06543,0.3128,14,89433599,3427,ebi-a-GCST90001535,rs146329634,T,C,0.0328, || id:ebi-a-GCST90001535,TRUE,reported,igd
7.22005e-06,0.03055,0.1373,16,3214442,3427,ebi-a-GCST90001535,rs2252009,G,T,0.1773, || id:ebi-a-GCST90001535,TRUE,reported,igd
1.77101e-06,0.02407,-0.1152,17,4102387,3427,ebi-a-GCST90001535,rs7216330,T,C,0.5057, || id:ebi-a-GCST90001535,TRUE,reported,igd
3.05401e-07,0.03213,-0.1648,18,74287337,3427,ebi-a-GCST90001535,rs76516339,T,A,0.1533, || id:ebi-a-GCST90001535,TRUE,reported,igd
