samplesize.exposure,pos.exposure,chr.exposure,beta.exposure,se.exposure,pval.exposure,id.exposure,SNP,effect_allele.exposure,other_allele.exposure,eaf.exposure,exposure,mr_keep.exposure,pval_origin.exposure,data_source.exposure
3668,248784570,1,0.3751,0.08192,4.82003e-06,ebi-a-GCST90001638,rs11485850,G,T,0.023, || id:ebi-a-GCST90001638,TRUE,reported,igd
3668,175296847,1,-0.5199,0.1161,7.78807e-06,ebi-a-GCST90001638,rs11579742,T,C,0.0115, || id:ebi-a-GCST90001638,TRUE,reported,igd
3668,161473125,1,0.1528,0.03232,2.37301e-06,ebi-a-GCST90001638,rs4233371,C,G,0.1821, || id:ebi-a-GCST90001638,TRUE,reported,igd
3668,56133478,1,-0.224,0.04867,4.30398e-06,ebi-a-GCST90001638,rs59209359,G,C,0.0668, || id:ebi-a-GCST90001638,TRUE,reported,igd
3668,19698493,2,0.2338,0.0512,5.11199e-06,ebi-a-GCST90001638,rs72784218,A,G,0.0611, || id:ebi-a-GCST90001638,TRUE,reported,igd
3668,242038726,2,0.4432,0.09784,6.09298e-06,ebi-a-GCST90001638,rs149977848,A,G,0.0151, || id:ebi-a-GCST90001638,TRUE,reported,igd
3668,87019683,2,0.2197,0.03135,2.87607e-12,ebi-a-GCST90001638,rs7569868,T,C,0.1915, || id:ebi-a-GCST90001638,TRUE,reported,igd
3668,98905012,2,-0.1185,0.02525,2.80001e-06,ebi-a-GCST90001638,rs11124150,G,A,0.5966, || id:ebi-a-GCST90001638,TRUE,reported,igd
3668,179782799,2,0.3487,0.07386,2.434e-06,ebi-a-GCST90001638,rs188455143,A,G,0.029, || id:ebi-a-GCST90001638,TRUE,reported,igd
3668,194020431,3,-0.1997,0.04189,1.93402e-06,ebi-a-GCST90001638,rs6785704,G,A,0.0902, || id:ebi-a-GCST90001638,TRUE,reported,igd
3668,1371260,3,-0.2013,0.04454,6.39102e-06,ebi-a-GCST90001638,rs265772,G,T,0.0817, || id:ebi-a-GCST90001638,TRUE,reported,igd
3668,4222121,4,0.1799,0.03903,4.157e-06,ebi-a-GCST90001638,rs73191859,G,A,0.1065, || id:ebi-a-GCST90001638,TRUE,reported,igd
3668,126590324,5,0.306,0.06449,2.17e-06,ebi-a-GCST90001638,rs192734627,A,G,0.0397, || id:ebi-a-GCST90001638,TRUE,reported,igd
3668,97889936,6,0.3698,0.05821,2.386e-10,ebi-a-GCST90001638,rs9488834,A,G,0.0465, || id:ebi-a-GCST90001638,TRUE,reported,igd
3668,100468602,6,0.5505,0.06465,2.39276e-17,ebi-a-GCST90001638,rs79251210,A,G,0.0378, || id:ebi-a-GCST90001638,TRUE,reported,igd
3668,101417409,6,0.3576,0.05416,4.63554e-11,ebi-a-GCST90001638,rs115536607,T,C,0.0545, || id:ebi-a-GCST90001638,TRUE,reported,igd
3668,98118004,6,0.2498,0.04992,5.89603e-07,ebi-a-GCST90001638,rs201024668,T,A,0.071, || id:ebi-a-GCST90001638,TRUE,reported,igd
3668,99608776,6,0.1268,0.02693,2.57602e-06,ebi-a-GCST90001638,rs11759822,T,G,0.2803, || id:ebi-a-GCST90001638,TRUE,reported,igd
3668,101980039,6,0.675,0.07557,6.50429e-19,ebi-a-GCST90001638,rs117147408,G,A,0.0275, || id:ebi-a-GCST90001638,TRUE,reported,igd
3668,38595761,7,-0.2382,0.05267,6.28406e-06,ebi-a-GCST90001638,rs76158038,C,T,0.0568, || id:ebi-a-GCST90001638,TRUE,reported,igd
3668,112751407,11,-0.3774,0.03905,7.84513e-22,ebi-a-GCST90001638,rs77738700,A,G,0.1067, || id:ebi-a-GCST90001638,TRUE,reported,igd
3668,112189184,11,-0.3106,0.06573,2.38002e-06,ebi-a-GCST90001638,rs12792298,T,C,0.0345, || id:ebi-a-GCST90001638,TRUE,reported,igd
3668,61264786,12,0.367,0.0801,4.77496e-06,ebi-a-GCST90001638,rs148936961,T,A,0.0228, || id:ebi-a-GCST90001638,TRUE,reported,igd
3668,61076597,12,-0.4258,0.09245,4.246e-06,ebi-a-GCST90001638,rs61925057,T,C,0.0176, || id:ebi-a-GCST90001638,TRUE,reported,igd
3668,31103286,12,0.1844,0.03996,4.08799e-06,ebi-a-GCST90001638,rs140444563,G,T,0.1091, || id:ebi-a-GCST90001638,TRUE,reported,igd
3668,19245376,13,-0.1273,0.02859,8.7279e-06,ebi-a-GCST90001638,rs9509337,A,G,0.733, || id:ebi-a-GCST90001638,TRUE,reported,igd
3668,65546932,14,0.6311,0.1397,6.46294e-06,ebi-a-GCST90001638,rs76333352,T,C,0.0076, || id:ebi-a-GCST90001638,TRUE,reported,igd
3668,78982526,15,0.2508,0.0559,7.49307e-06,ebi-a-GCST90001638,rs113413210,C,T,0.0543, || id:ebi-a-GCST90001638,TRUE,reported,igd
3668,27226437,16,0.1122,0.0252,8.70202e-06,ebi-a-GCST90001638,rs8054431,T,G,0.3799, || id:ebi-a-GCST90001638,TRUE,reported,igd
3668,33796260,17,0.1378,0.02431,1.54e-08,ebi-a-GCST90001638,rs9916629,C,T,0.5123, || id:ebi-a-GCST90001638,TRUE,reported,igd
3668,33769883,17,-0.1515,0.03361,6.71197e-06,ebi-a-GCST90001638,rs11652532,A,G,0.1576, || id:ebi-a-GCST90001638,TRUE,reported,igd
3668,29982668,21,-0.416,0.09034,4.26697e-06,ebi-a-GCST90001638,rs9983338,T,C,0.0189, || id:ebi-a-GCST90001638,TRUE,reported,igd
