samplesize.exposure,beta.exposure,se.exposure,chr.exposure,pval.exposure,pos.exposure,id.exposure,SNP,effect_allele.exposure,other_allele.exposure,eaf.exposure,exposure,mr_keep.exposure,pval_origin.exposure,data_source.exposure
3652,1.195,0.2682,1,8.63495e-06,191984411,ebi-a-GCST90001773,rs181819396,G,C,0.0022, || id:ebi-a-GCST90001773,TRUE,reported,igd
3652,-0.2177,0.04528,1,1.588e-06,158541235,ebi-a-GCST90001773,rs61820496,A,G,0.0835, || id:ebi-a-GCST90001773,TRUE,reported,igd
3652,-1.154,0.2562,1,6.86594e-06,232401896,ebi-a-GCST90001773,rs116584882,G,A,0.0023, || id:ebi-a-GCST90001773,TRUE,reported,igd
3652,0.3303,0.07352,2,7.23502e-06,156299791,ebi-a-GCST90001773,rs71419048,A,T,0.0285, || id:ebi-a-GCST90001773,TRUE,reported,igd
3652,0.1124,0.02529,2,9.06901e-06,30045059,ebi-a-GCST90001773,rs4629120,T,C,0.4085, || id:ebi-a-GCST90001773,TRUE,reported,igd
3652,0.1183,0.02559,3,3.91498e-06,1249656,ebi-a-GCST90001773,rs17035466,T,C,0.3888, || id:ebi-a-GCST90001773,TRUE,reported,igd
3652,0.5111,0.1133,3,6.63499e-06,150777263,ebi-a-GCST90001773,rs9838297,C,T,0.0118, || id:ebi-a-GCST90001773,TRUE,reported,igd
3652,-0.229,0.04894,3,2.99399e-06,131412454,ebi-a-GCST90001773,rs6799202,T,G,0.9291, || id:ebi-a-GCST90001773,TRUE,reported,igd
3652,-0.155,0.03388,4,4.96398e-06,25916457,ebi-a-GCST90001773,rs12642193,G,A,0.1574, || id:ebi-a-GCST90001773,TRUE,reported,igd
3652,-0.1571,0.03497,4,7.27394e-06,131805665,ebi-a-GCST90001773,rs2872004,T,C,0.8536, || id:ebi-a-GCST90001773,TRUE,reported,igd
3652,0.9799,0.2171,4,6.56402e-06,54436158,ebi-a-GCST90001773,rs149975454,A,G,0.0034, || id:ebi-a-GCST90001773,TRUE,reported,igd
3652,-0.7073,0.05233,6,1.20809e-40,107168477,ebi-a-GCST90001773,rs72948545,G,A,0.0586, || id:ebi-a-GCST90001773,TRUE,reported,igd
3652,-0.1191,0.02574,6,3.82499e-06,107458285,ebi-a-GCST90001773,rs7756279,A,C,0.6435, || id:ebi-a-GCST90001773,TRUE,reported,igd
3652,0.1347,0.02953,6,5.22902e-06,32626537,ebi-a-GCST90001773,rs28672722,T,G,0.3337, || id:ebi-a-GCST90001773,TRUE,reported,igd
3652,0.6135,0.1286,6,1.91501e-06,101131432,ebi-a-GCST90001773,rs76990892,A,T,0.01, || id:ebi-a-GCST90001773,TRUE,reported,igd
3652,0.1709,0.02524,6,1.45814e-11,106898421,ebi-a-GCST90001773,rs2236073,A,G,0.5997, || id:ebi-a-GCST90001773,TRUE,reported,igd
3652,-0.1791,0.03324,6,7.61395e-08,106962679,ebi-a-GCST90001773,rs783418,C,G,0.8338, || id:ebi-a-GCST90001773,TRUE,reported,igd
3652,0.8909,0.1888,6,2.46099e-06,149812163,ebi-a-GCST90001773,rs73602758,G,C,0.004, || id:ebi-a-GCST90001773,TRUE,reported,igd
3652,-0.1396,0.03151,7,9.67698e-06,152228997,ebi-a-GCST90001773,rs57225931,T,C,0.1921, || id:ebi-a-GCST90001773,TRUE,reported,igd
3652,2.05,0.4569,7,7.43807e-06,124374557,ebi-a-GCST90001773,rs183671978,A,G,7e-04, || id:ebi-a-GCST90001773,TRUE,reported,igd
3652,0.885,0.1761,9,5.22396e-07,28274639,ebi-a-GCST90001773,rs111701276,G,A,0.0049, || id:ebi-a-GCST90001773,TRUE,reported,igd
3652,-0.3455,0.07496,9,4.19701e-06,130751060,ebi-a-GCST90001773,rs117896078,T,A,0.0285, || id:ebi-a-GCST90001773,TRUE,reported,igd
3652,0.2079,0.04446,10,3.03599e-06,18427081,ebi-a-GCST90001773,rs147397792,G,T,0.091, || id:ebi-a-GCST90001773,TRUE,reported,igd
3652,-0.6039,0.1313,10,4.35402e-06,74099495,ebi-a-GCST90001773,rs141357554,A,G,0.0094, || id:ebi-a-GCST90001773,TRUE,reported,igd
3652,0.9359,0.2036,11,4.44898e-06,40861756,ebi-a-GCST90001773,rs4427557,T,C,0.0036, || id:ebi-a-GCST90001773,TRUE,reported,igd
3652,-0.147,0.03065,11,1.69602e-06,131277609,ebi-a-GCST90001773,rs10750479,C,G,0.204, || id:ebi-a-GCST90001773,TRUE,reported,igd
3652,-1.484,0.3352,12,9.88508e-06,100147551,ebi-a-GCST90001773,rs147031010,A,G,0.0012, || id:ebi-a-GCST90001773,TRUE,reported,igd
3652,-0.117,0.02509,13,3.21603e-06,51367125,ebi-a-GCST90001773,rs6561591,C,T,0.5509, || id:ebi-a-GCST90001773,TRUE,reported,igd
3652,-0.2063,0.04624,13,8.35699e-06,83905396,ebi-a-GCST90001773,rs73251366,G,A,0.0809, || id:ebi-a-GCST90001773,TRUE,reported,igd
3652,0.114,0.02531,13,6.82496e-06,80035438,ebi-a-GCST90001773,rs9574429,G,A,0.4611, || id:ebi-a-GCST90001773,TRUE,reported,igd
3652,-0.3169,0.06732,14,2.59902e-06,43192207,ebi-a-GCST90001773,rs77636548,C,T,0.0345, || id:ebi-a-GCST90001773,TRUE,reported,igd
3652,0.9306,0.1839,15,4.402e-07,96894306,ebi-a-GCST90001773,rs2895071,C,T,0.0052, || id:ebi-a-GCST90001773,TRUE,reported,igd
3652,-0.1437,0.02904,16,7.84892e-07,58039513,ebi-a-GCST90001773,rs8046913,A,T,0.749, || id:ebi-a-GCST90001773,TRUE,reported,igd
3652,1.098,0.2337,17,2.69898e-06,4544520,ebi-a-GCST90001773,rs11568076,G,A,0.0029, || id:ebi-a-GCST90001773,TRUE,reported,igd
3652,0.2204,0.04959,17,9.03005e-06,51813250,ebi-a-GCST90001773,rs7214354,G,A,0.9314, || id:ebi-a-GCST90001773,TRUE,reported,igd
3652,-0.1209,0.02726,18,9.39593e-06,50763049,ebi-a-GCST90001773,rs11660990,C,T,0.3042, || id:ebi-a-GCST90001773,TRUE,reported,igd
3652,0.1258,0.02829,19,9.02901e-06,16423035,ebi-a-GCST90001773,rs4808045,T,C,0.7381, || id:ebi-a-GCST90001773,TRUE,reported,igd
3652,0.3159,0.06318,20,5.99101e-07,41777449,ebi-a-GCST90001773,rs6073000,C,T,0.9589, || id:ebi-a-GCST90001773,TRUE,reported,igd
3652,0.795,0.1789,20,9.13503e-06,59456250,ebi-a-GCST90001773,rs73301642,C,T,0.0052, || id:ebi-a-GCST90001773,TRUE,reported,igd
