chr.exposure,samplesize.exposure,pval.exposure,beta.exposure,pos.exposure,se.exposure,id.exposure,SNP,effect_allele.exposure,other_allele.exposure,eaf.exposure,exposure,mr_keep.exposure,pval_origin.exposure,data_source.exposure
3,3636,5.18597e-06,-0.1175,8652528,0.02575,ebi-a-GCST90001826,rs9870291,T,A,0.3844, || id:ebi-a-GCST90001826,TRUE,reported,igd
4,3636,6.87195e-06,0.751,7463428,0.1667,ebi-a-GCST90001826,rs78261673,T,A,0.0051, || id:ebi-a-GCST90001826,TRUE,reported,igd
4,3636,7.22404e-07,0.3082,104584997,0.0621,ebi-a-GCST90001826,rs75544266,T,C,0.043, || id:ebi-a-GCST90001826,TRUE,reported,igd
5,3636,1.054e-06,0.247,2501680,0.05051,ebi-a-GCST90001826,rs55861228,C,T,0.0644, || id:ebi-a-GCST90001826,TRUE,reported,igd
6,3636,4.47703e-06,0.244,164591715,0.05311,ebi-a-GCST90001826,rs73022545,A,G,0.0554, || id:ebi-a-GCST90001826,TRUE,reported,igd
6,3636,4.55397e-10,0.2205,32756741,0.03527,ebi-a-GCST90001826,rs9276702,G,A,0.7804, || id:ebi-a-GCST90001826,TRUE,reported,igd
6,3636,4.39299e-09,-0.201,32861920,0.03417,ebi-a-GCST90001826,rs241409,G,A,0.223, || id:ebi-a-GCST90001826,TRUE,reported,igd
6,3636,8.77405e-06,0.1258,30905313,0.02826,ebi-a-GCST90001826,rs3132571,G,A,0.4502, || id:ebi-a-GCST90001826,TRUE,reported,igd
6,3636,1.05512e-13,-0.2671,31573110,0.03579,ebi-a-GCST90001826,rs9267517,A,G,0.2446, || id:ebi-a-GCST90001826,TRUE,reported,igd
6,3636,8.107e-06,-0.2035,47149877,0.04553,ebi-a-GCST90001826,rs78172850,G,A,0.0833, || id:ebi-a-GCST90001826,TRUE,reported,igd
6,3636,5.09214e-11,0.3794,43351686,0.05758,ebi-a-GCST90001826,rs139084170,A,C,0.0523, || id:ebi-a-GCST90001826,TRUE,reported,igd
7,3636,3.88499e-06,0.1892,76993184,0.04091,ebi-a-GCST90001826,rs1181899,C,T,0.8967, || id:ebi-a-GCST90001826,TRUE,reported,igd
7,3636,4.559e-06,0.1168,137928696,0.02545,ebi-a-GCST90001826,rs2465073,C,G,0.4526, || id:ebi-a-GCST90001826,TRUE,reported,igd
9,3636,8.53395e-06,2.161,97195653,0.4848,ebi-a-GCST90001826,rs147471736,A,G,8e-04, || id:ebi-a-GCST90001826,TRUE,reported,igd
10,3636,3.60097e-06,0.1275,25408128,0.02747,ebi-a-GCST90001826,rs11014404,G,A,0.2874, || id:ebi-a-GCST90001826,TRUE,reported,igd
14,3636,2.18298e-07,-0.4436,107117890,0.08543,ebi-a-GCST90001826,rs147653204,A,G,0.0272, || id:ebi-a-GCST90001826,TRUE,reported,igd
14,3636,2.151e-08,0.4108,106644507,0.07319,ebi-a-GCST90001826,rs28723652,A,C,0.0443, || id:ebi-a-GCST90001826,TRUE,reported,igd
14,3636,4.03701e-06,-0.2696,71778339,0.05839,ebi-a-GCST90001826,rs76784736,A,T,0.048, || id:ebi-a-GCST90001826,TRUE,reported,igd
14,3636,4.3132e-81,-0.5907,106306841,0.0302,ebi-a-GCST90001826,rs709589,T,C,0.4567, || id:ebi-a-GCST90001826,TRUE,reported,igd
16,3636,3.93904e-07,0.1694,48808506,0.03333,ebi-a-GCST90001826,rs9923814,C,T,0.1656, || id:ebi-a-GCST90001826,TRUE,reported,igd
16,3636,6.36605e-06,-0.1555,76820976,0.03439,ebi-a-GCST90001826,rs10871327,G,A,0.1558, || id:ebi-a-GCST90001826,TRUE,reported,igd
19,3636,4.11699e-06,0.1162,11807010,0.02519,ebi-a-GCST90001826,rs12609856,A,C,0.481, || id:ebi-a-GCST90001826,TRUE,reported,igd
20,3636,6.80707e-06,0.4823,20874741,0.107,ebi-a-GCST90001826,rs142964241,T,C,0.0135, || id:ebi-a-GCST90001826,TRUE,reported,igd
