chr.exposure,beta.exposure,se.exposure,pval.exposure,pos.exposure,samplesize.exposure,id.exposure,SNP,effect_allele.exposure,other_allele.exposure,eaf.exposure,exposure,mr_keep.exposure,pval_origin.exposure,data_source.exposure
1,0.1235,0.0259,1.942e-06,93144080,3657,ebi-a-GCST90001828,rs11164796,T,C,0.5436, || id:ebi-a-GCST90001828,TRUE,reported,igd
2,-0.2077,0.04641,7.88697e-06,112948678,3657,ebi-a-GCST90001828,rs4849052,C,T,0.9222, || id:ebi-a-GCST90001828,TRUE,reported,igd
3,-0.372,0.08039,3.83804e-06,181465929,3657,ebi-a-GCST90001828,rs58758530,T,C,0.0237, || id:ebi-a-GCST90001828,TRUE,reported,igd
3,0.1836,0.04056,6.21398e-06,71895073,3657,ebi-a-GCST90001828,rs2322165,G,T,0.8977, || id:ebi-a-GCST90001828,TRUE,reported,igd
3,0.234,0.03837,1.18801e-09,23750521,3657,ebi-a-GCST90001828,rs1037633,G,T,0.124, || id:ebi-a-GCST90001828,TRUE,reported,igd
3,-0.1236,0.02686,4.37905e-06,168419832,3657,ebi-a-GCST90001828,rs16852581,C,T,0.308, || id:ebi-a-GCST90001828,TRUE,reported,igd
4,0.4011,0.08843,5.92693e-06,161937169,3657,ebi-a-GCST90001828,rs138793837,C,T,0.0194, || id:ebi-a-GCST90001828,TRUE,reported,igd
4,0.268,0.0578,3.64998e-06,131384142,3657,ebi-a-GCST90001828,rs115835855,C,A,0.0479, || id:ebi-a-GCST90001828,TRUE,reported,igd
4,0.4959,0.0969,3.25402e-07,102701632,3657,ebi-a-GCST90001828,rs72919056,A,T,0.0164, || id:ebi-a-GCST90001828,TRUE,reported,igd
6,0.7259,0.1561,3.45398e-06,42238899,3657,ebi-a-GCST90001828,rs9369356,G,T,0.0066, || id:ebi-a-GCST90001828,TRUE,reported,igd
6,0.1118,0.02484,7.01601e-06,74518202,3657,ebi-a-GCST90001828,rs1392916,T,C,0.5268, || id:ebi-a-GCST90001828,TRUE,reported,igd
6,0.2264,0.04846,3.07801e-06,144315102,3657,ebi-a-GCST90001828,rs79924684,C,T,0.0715, || id:ebi-a-GCST90001828,TRUE,reported,igd
6,-0.1677,0.02967,1.717e-08,27767640,3657,ebi-a-GCST90001828,rs200474,A,G,0.3117, || id:ebi-a-GCST90001828,TRUE,reported,igd
6,-0.1315,0.02949,8.51393e-06,156913511,3657,ebi-a-GCST90001828,rs2819081,T,C,0.7698, || id:ebi-a-GCST90001828,TRUE,reported,igd
6,0.1329,0.0275,1.40602e-06,168112848,3657,ebi-a-GCST90001828,rs646935,C,G,0.2978, || id:ebi-a-GCST90001828,TRUE,reported,igd
6,0.3864,0.08288,3.24496e-06,94238065,3657,ebi-a-GCST90001828,rs118108236,T,C,0.0223, || id:ebi-a-GCST90001828,TRUE,reported,igd
7,0.2309,0.0279,1.75995e-16,2354352,3657,ebi-a-GCST90001828,rs55871547,G,C,0.2752, || id:ebi-a-GCST90001828,TRUE,reported,igd
7,-1.195,0.2497,1.77799e-06,33903759,3657,ebi-a-GCST90001828,rs142817955,A,G,0.0023, || id:ebi-a-GCST90001828,TRUE,reported,igd
8,0.1231,0.02716,6.04102e-06,61848028,3657,ebi-a-GCST90001828,rs6998850,G,A,0.3018, || id:ebi-a-GCST90001828,TRUE,reported,igd
9,-0.1258,0.02615,1.57e-06,38587724,3657,ebi-a-GCST90001828,rs34574485,G,A,0.3927, || id:ebi-a-GCST90001828,TRUE,reported,igd
9,0.157,0.03354,2.94897e-06,130880041,3657,ebi-a-GCST90001828,rs76714110,A,G,0.1676, || id:ebi-a-GCST90001828,TRUE,reported,igd
11,-0.1199,0.0259,3.76903e-06,8833800,3657,ebi-a-GCST90001828,rs3915868,G,A,0.3983, || id:ebi-a-GCST90001828,TRUE,reported,igd
12,0.1161,0.02493,3.287e-06,24434976,3657,ebi-a-GCST90001828,rs775001,C,A,0.5252, || id:ebi-a-GCST90001828,TRUE,reported,igd
12,0.1333,0.02714,9.41001e-07,24492761,3657,ebi-a-GCST90001828,rs11047379,G,A,0.2949, || id:ebi-a-GCST90001828,TRUE,reported,igd
14,-0.4014,0.08521,2.56201e-06,107129280,3657,ebi-a-GCST90001828,rs142881434,T,A,0.0272, || id:ebi-a-GCST90001828,TRUE,reported,igd
14,-0.4485,0.09175,1.05901e-06,106226801,3657,ebi-a-GCST90001828,rs2983767,A,C,0.9795, || id:ebi-a-GCST90001828,TRUE,reported,igd
14,-0.2444,0.0376,9.13903e-11,105695446,3657,ebi-a-GCST90001828,rs2018404,T,C,0.1325, || id:ebi-a-GCST90001828,TRUE,reported,igd
14,-0.5713,0.03022,3.99577e-76,106306841,3657,ebi-a-GCST90001828,rs709589,T,C,0.4557, || id:ebi-a-GCST90001828,TRUE,reported,igd
16,-0.1446,0.03258,9.28304e-06,17732625,3657,ebi-a-GCST90001828,rs7184473,C,T,0.1773, || id:ebi-a-GCST90001828,TRUE,reported,igd
17,0.3961,0.08107,1.075e-06,3853980,3657,ebi-a-GCST90001828,rs118171108,C,G,0.0242, || id:ebi-a-GCST90001828,TRUE,reported,igd
17,0.3995,0.08554,3.111e-06,59009664,3657,ebi-a-GCST90001828,rs117309996,C,T,0.0246, || id:ebi-a-GCST90001828,TRUE,reported,igd
22,0.1113,0.02511,9.70599e-06,44568078,3657,ebi-a-GCST90001828,rs9614208,A,G,0.4799, || id:ebi-a-GCST90001828,TRUE,reported,igd
