se.exposure,pval.exposure,samplesize.exposure,beta.exposure,pos.exposure,chr.exposure,id.exposure,SNP,effect_allele.exposure,other_allele.exposure,eaf.exposure,exposure,mr_keep.exposure,pval_origin.exposure,data_source.exposure
0.02678,1.65501e-06,3162,0.1286,65816567,1,ebi-a-GCST90001680,rs10789181,G,A,0.6221, || id:ebi-a-GCST90001680,TRUE,reported,igd
0.1252,3.00497e-09,3162,-0.7447,54970478,2,ebi-a-GCST90001680,rs72915529,A,G,0.0103, || id:ebi-a-GCST90001680,TRUE,reported,igd
0.06338,2.40702e-06,3162,-0.2994,166715039,4,ebi-a-GCST90001680,rs11935691,T,C,0.0419, || id:ebi-a-GCST90001680,TRUE,reported,igd
0.04165,6.76301e-06,3162,0.1878,32666487,6,ebi-a-GCST90001680,rs114170505,C,T,0.1855, || id:ebi-a-GCST90001680,TRUE,reported,igd
0.07321,7.80998e-06,3162,0.3278,63027335,6,ebi-a-GCST90001680,rs143728584,T,A,0.0343, || id:ebi-a-GCST90001680,TRUE,reported,igd
0.05979,7.66302e-07,3162,0.2962,70457913,7,ebi-a-GCST90001680,rs117858455,T,C,0.0493, || id:ebi-a-GCST90001680,TRUE,reported,igd
0.09984,5.938e-06,3162,0.4529,103689301,8,ebi-a-GCST90001680,rs2511723,A,G,0.0172, || id:ebi-a-GCST90001680,TRUE,reported,igd
0.07341,3.37202e-07,3162,-0.3753,112918556,8,ebi-a-GCST90001680,rs34291145,A,G,0.0318, || id:ebi-a-GCST90001680,TRUE,reported,igd
0.03245,5.96898e-06,3162,-0.1472,9463556,9,ebi-a-GCST90001680,rs7871096,T,C,0.198, || id:ebi-a-GCST90001680,TRUE,reported,igd
0.04433,5.10599e-06,3162,-0.2025,20150132,9,ebi-a-GCST90001680,rs2891140,A,G,0.0984, || id:ebi-a-GCST90001680,TRUE,reported,igd
0.03847,8.90492e-06,3162,0.1712,76992690,10,ebi-a-GCST90001680,rs7899856,G,A,0.1278, || id:ebi-a-GCST90001680,TRUE,reported,igd
0.05673,3.11803e-07,3162,0.2909,6094697,10,ebi-a-GCST90001680,rs61839660,T,C,0.0541, || id:ebi-a-GCST90001680,TRUE,reported,igd
0.02632,1.527e-06,3162,0.1268,56952514,10,ebi-a-GCST90001680,rs60120845,C,T,0.4836, || id:ebi-a-GCST90001680,TRUE,reported,igd
0.02628,6.91608e-06,3162,0.1183,132289989,12,ebi-a-GCST90001680,rs12319878,T,C,0.5818, || id:ebi-a-GCST90001680,TRUE,reported,igd
0.07042,5.52205e-06,3162,-0.3205,21956272,13,ebi-a-GCST90001680,rs34505526,C,T,0.0356, || id:ebi-a-GCST90001680,TRUE,reported,igd
0.2744,6.26498e-06,3162,1.242,66336556,14,ebi-a-GCST90001680,rs76404623,T,C,0.0022, || id:ebi-a-GCST90001680,TRUE,reported,igd
0.02567,3.23996e-07,3162,-0.1314,37803811,15,ebi-a-GCST90001680,rs1840899,A,C,0.4589, || id:ebi-a-GCST90001680,TRUE,reported,igd
0.02714,4.58997e-06,3162,-0.1246,12745851,16,ebi-a-GCST90001680,rs1713484,G,A,0.6602, || id:ebi-a-GCST90001680,TRUE,reported,igd
0.08676,6.95793e-06,3162,0.3906,77750381,16,ebi-a-GCST90001680,rs117023413,C,G,0.0218, || id:ebi-a-GCST90001680,TRUE,reported,igd
0.03842,9.448e-07,3162,-0.1887,7317447,16,ebi-a-GCST90001680,rs12930684,C,G,0.1301, || id:ebi-a-GCST90001680,TRUE,reported,igd
0.1212,9.3261e-07,3162,0.5958,23581998,18,ebi-a-GCST90001680,rs9304487,G,A,0.0106, || id:ebi-a-GCST90001680,TRUE,reported,igd
0.02658,5.00403e-06,3162,0.1216,2446762,18,ebi-a-GCST90001680,rs62085785,T,C,0.4024, || id:ebi-a-GCST90001680,TRUE,reported,igd
0.1205,4.11699e-06,3162,0.5559,12603931,20,ebi-a-GCST90001680,rs57406526,T,A,0.012, || id:ebi-a-GCST90001680,TRUE,reported,igd
