pos.exposure,pval.exposure,samplesize.exposure,chr.exposure,se.exposure,beta.exposure,id.exposure,SNP,effect_allele.exposure,other_allele.exposure,eaf.exposure,exposure,mr_keep.exposure,pval_origin.exposure,data_source.exposure
34421513,4.39704e-06,3658,1,0.05966,-0.2743,ebi-a-GCST90001794,rs9425892,C,T,0.0458, || id:ebi-a-GCST90001794,TRUE,reported,igd
7474014,6.23893e-06,3658,1,0.1189,-0.5381,ebi-a-GCST90001794,rs540760708,T,C,0.0128, || id:ebi-a-GCST90001794,TRUE,reported,igd
48095312,4.02903e-06,3658,1,0.5717,-2.639,ebi-a-GCST90001794,rs111741355,A,G,4e-04, || id:ebi-a-GCST90001794,TRUE,reported,igd
178116262,1.72401e-06,3658,2,0.1053,0.5043,ebi-a-GCST90001794,rs72944931,G,A,0.0138, || id:ebi-a-GCST90001794,TRUE,reported,igd
4082267,7.99392e-06,3658,2,0.1342,0.6001,ebi-a-GCST90001794,rs12465275,C,T,0.009, || id:ebi-a-GCST90001794,TRUE,reported,igd
173865326,1.996e-06,3658,2,0.1222,-0.5819,ebi-a-GCST90001794,rs62175769,C,T,0.0093, || id:ebi-a-GCST90001794,TRUE,reported,igd
174935606,3.42697e-06,3658,3,0.1123,-0.5221,ebi-a-GCST90001794,rs112043339,T,C,0.0138, || id:ebi-a-GCST90001794,TRUE,reported,igd
11933438,2.69302e-06,3658,3,0.026,0.1222,ebi-a-GCST90001794,rs12638268,C,T,0.3425, || id:ebi-a-GCST90001794,TRUE,reported,igd
177026245,7.19002e-06,3658,4,0.1644,0.7388,ebi-a-GCST90001794,rs114737782,A,T,0.0053, || id:ebi-a-GCST90001794,TRUE,reported,igd
185217641,4.10403e-06,3658,4,0.04381,0.2021,ebi-a-GCST90001794,rs113492859,T,C,0.0879, || id:ebi-a-GCST90001794,TRUE,reported,igd
151209997,4.62796e-07,3658,6,0.02535,-0.128,ebi-a-GCST90001794,rs4869953,G,A,0.6211, || id:ebi-a-GCST90001794,TRUE,reported,igd
47871972,2.172e-07,3658,7,0.1589,-0.8253,ebi-a-GCST90001794,rs149662107,A,G,0.0062, || id:ebi-a-GCST90001794,TRUE,reported,igd
95886051,1.03901e-07,3658,9,0.0295,-0.1572,ebi-a-GCST90001794,rs3793662,T,C,0.776, || id:ebi-a-GCST90001794,TRUE,reported,igd
113797266,7.491e-06,3658,9,0.1012,-0.4537,ebi-a-GCST90001794,rs71501657,G,C,0.0142, || id:ebi-a-GCST90001794,TRUE,reported,igd
6191376,7.54797e-10,3658,10,0.0615,0.3795,ebi-a-GCST90001794,rs147487472,A,C,0.0416, || id:ebi-a-GCST90001794,TRUE,reported,igd
6106621,1.739e-31,3658,10,0.04039,0.476,ebi-a-GCST90001794,rs41294937,C,T,0.1076, || id:ebi-a-GCST90001794,TRUE,reported,igd
2130438,2.09701e-07,3658,12,0.04017,0.2089,ebi-a-GCST90001794,rs11615354,T,C,0.1055, || id:ebi-a-GCST90001794,TRUE,reported,igd
31504316,4.58205e-06,3658,12,0.02601,-0.1194,ebi-a-GCST90001794,rs11051398,T,C,0.5325, || id:ebi-a-GCST90001794,TRUE,reported,igd
46224092,1.44601e-06,3658,13,0.3911,1.888,ebi-a-GCST90001794,rs557577736,G,A,0.001, || id:ebi-a-GCST90001794,TRUE,reported,igd
54938910,7.20892e-06,3658,13,0.03795,0.1705,ebi-a-GCST90001794,rs2248769,C,A,0.1248, || id:ebi-a-GCST90001794,TRUE,reported,igd
34477079,3.43297e-07,3658,13,0.6771,3.458,ebi-a-GCST90001794,rs112328981,T,C,3e-04, || id:ebi-a-GCST90001794,TRUE,reported,igd
106305260,3.52996e-06,3658,14,0.03154,-0.1465,ebi-a-GCST90001794,rs2753488,G,A,0.5398, || id:ebi-a-GCST90001794,TRUE,reported,igd
33478617,6.26801e-06,3658,15,0.0265,0.1199,ebi-a-GCST90001794,rs11632374,G,A,0.3403, || id:ebi-a-GCST90001794,TRUE,reported,igd
46798678,9.66607e-06,3658,16,0.2674,1.185,ebi-a-GCST90001794,rs117156856,A,C,0.0023, || id:ebi-a-GCST90001794,TRUE,reported,igd
61967801,2.05802e-06,3658,20,0.2442,-1.161,ebi-a-GCST90001794,rs62206862,G,C,0.0025, || id:ebi-a-GCST90001794,TRUE,reported,igd
50852063,8.92298e-06,3658,20,0.2167,-0.9639,ebi-a-GCST90001794,rs75727877,A,C,0.0034, || id:ebi-a-GCST90001794,TRUE,reported,igd
20241615,6.528e-06,3658,21,0.05575,-0.2517,ebi-a-GCST90001794,rs13051777,A,G,0.051, || id:ebi-a-GCST90001794,TRUE,reported,igd
32003463,1.63999e-06,3658,22,0.1929,0.9262,ebi-a-GCST90001794,rs146720368,T,C,0.0042, || id:ebi-a-GCST90001794,TRUE,reported,igd
