chr.exposure,pos.exposure,pval.exposure,se.exposure,beta.exposure,samplesize.exposure,id.exposure,SNP,effect_allele.exposure,other_allele.exposure,eaf.exposure,exposure,mr_keep.exposure,pval_origin.exposure,data_source.exposure
1,164083691,6.31001e-06,0.03043,0.1376,3657,ebi-a-GCST90001710,rs6680891,T,A,0.2122, || id:ebi-a-GCST90001710,TRUE,reported,igd
1,161478859,4.176e-08,0.02692,-0.1479,3657,ebi-a-GCST90001710,rs4657041,C,T,0.3344, || id:ebi-a-GCST90001710,TRUE,reported,igd
2,5558511,6.58006e-06,0.1279,-0.5775,3657,ebi-a-GCST90001710,rs10169360,A,G,0.0094, || id:ebi-a-GCST90001710,TRUE,reported,igd
3,101645001,5.45695e-06,0.02827,-0.1287,3657,ebi-a-GCST90001710,rs9869373,T,C,0.2896, || id:ebi-a-GCST90001710,TRUE,reported,igd
4,80423021,3.86403e-06,0.03211,-0.1485,3657,ebi-a-GCST90001710,rs7684683,T,G,0.8188, || id:ebi-a-GCST90001710,TRUE,reported,igd
10,132491701,3.54903e-06,0.02657,0.1234,3657,ebi-a-GCST90001710,rs2939924,T,C,0.3273, || id:ebi-a-GCST90001710,TRUE,reported,igd
11,38422885,7.96893e-06,0.03412,0.1526,3657,ebi-a-GCST90001710,rs2861184,T,C,0.8361, || id:ebi-a-GCST90001710,TRUE,reported,igd
13,29908421,4.35803e-07,0.2463,-1.247,3657,ebi-a-GCST90001710,rs143106266,A,C,0.0025, || id:ebi-a-GCST90001710,TRUE,reported,igd
16,25853127,5.66604e-06,0.02532,-0.1151,3657,ebi-a-GCST90001710,rs4467081,G,A,0.4945, || id:ebi-a-GCST90001710,TRUE,reported,igd
18,22393283,8.79691e-06,0.1036,-0.4613,3657,ebi-a-GCST90001710,rs11083093,A,G,0.0144, || id:ebi-a-GCST90001710,TRUE,reported,igd
22,40568020,3.53509e-16,0.1227,-1.005,3657,ebi-a-GCST90001710,rs528009599,A,G,0.0111, || id:ebi-a-GCST90001710,TRUE,reported,igd
22,22402940,8.27694e-06,0.04188,-0.187,3657,ebi-a-GCST90001710,rs5750432,T,C,0.9054, || id:ebi-a-GCST90001710,TRUE,reported,igd
22,42315371,1e-200,0.03453,-1.427,3657,ebi-a-GCST90001710,rs73165129,T,C,0.099, || id:ebi-a-GCST90001710,TRUE,reported,igd
22,44297686,1.20005e-22,0.02912,-0.2871,3657,ebi-a-GCST90001710,rs9614288,T,A,0.2346, || id:ebi-a-GCST90001710,TRUE,reported,igd
22,43339331,2.81773e-33,0.0476,-0.5779,3657,ebi-a-GCST90001710,rs146069723,T,C,0.0756, || id:ebi-a-GCST90001710,TRUE,reported,igd
22,40567196,4.73042e-14,0.04904,-0.3712,3657,ebi-a-GCST90001710,rs113530150,T,C,0.0742, || id:ebi-a-GCST90001710,TRUE,reported,igd
22,44395926,3.41201e-08,0.05867,-0.3245,3657,ebi-a-GCST90001710,rs142780018,A,G,0.0463, || id:ebi-a-GCST90001710,TRUE,reported,igd
22,23924845,2.53099e-06,0.2389,-1.126,3657,ebi-a-GCST90001710,rs149398740,T,C,0.0027, || id:ebi-a-GCST90001710,TRUE,reported,igd
22,40175781,2.73716e-20,0.07811,-0.7252,3657,ebi-a-GCST90001710,rs150612106,A,G,0.0261, || id:ebi-a-GCST90001710,TRUE,reported,igd
22,38032090,3.03997e-07,0.09176,0.4708,3657,ebi-a-GCST90001710,rs6000850,C,T,0.9806, || id:ebi-a-GCST90001710,TRUE,reported,igd
22,39641412,2.1e-09,0.05912,-0.355,3657,ebi-a-GCST90001710,rs13058590,T,C,0.0468, || id:ebi-a-GCST90001710,TRUE,reported,igd
22,39659460,2.40398e-06,0.0397,-0.1875,3657,ebi-a-GCST90001710,rs9622984,A,G,0.1181, || id:ebi-a-GCST90001710,TRUE,reported,igd
22,42605548,3.89135e-40,0.04473,-0.6004,3657,ebi-a-GCST90001710,rs5758649,T,C,0.0871, || id:ebi-a-GCST90001710,TRUE,reported,igd
22,41305796,1.2569e-19,0.05831,-0.5316,3657,ebi-a-GCST90001710,rs191405504,T,A,0.0535, || id:ebi-a-GCST90001710,TRUE,reported,igd
