chr.exposure,samplesize.exposure,pos.exposure,pval.exposure,se.exposure,beta.exposure,id.exposure,SNP,effect_allele.exposure,other_allele.exposure,eaf.exposure,exposure,mr_keep.exposure,pval_origin.exposure,data_source.exposure
1,1247,56037629,4.47899e-06,0.04209,-0.194,ebi-a-GCST90001871,rs1499672,G,A,0.5978, || id:ebi-a-GCST90001871,TRUE,reported,igd
1,1247,2488608,7.00164e-13,0.03948,0.2864,ebi-a-GCST90001871,rs1886730,C,T,0.5778, || id:ebi-a-GCST90001871,TRUE,reported,igd
1,1247,146998040,9.66807e-06,0.1781,-0.7914,ebi-a-GCST90001871,rs140639767,A,C,0.0124, || id:ebi-a-GCST90001871,TRUE,reported,igd
2,1247,47713921,8.81901e-06,0.1439,-0.6421,ebi-a-GCST90001871,rs62140870,G,A,0.02, || id:ebi-a-GCST90001871,TRUE,reported,igd
2,1247,153797694,2.913e-06,0.04612,0.2167,ebi-a-GCST90001871,rs13014690,A,C,0.2686, || id:ebi-a-GCST90001871,TRUE,reported,igd
2,1247,209940257,8.88792e-06,0.06613,0.295,ebi-a-GCST90001871,rs116783256,T,C,0.1127, || id:ebi-a-GCST90001871,TRUE,reported,igd
3,1247,112068503,8.56505e-06,0.2196,0.9814,ebi-a-GCST90001871,rs73227426,T,C,0.0084, || id:ebi-a-GCST90001871,TRUE,reported,igd
3,1247,126102109,7.61693e-06,0.09482,0.4262,ebi-a-GCST90001871,rs9870329,T,C,0.0541, || id:ebi-a-GCST90001871,TRUE,reported,igd
3,1247,1896695,9.23294e-06,0.04318,0.1923,ebi-a-GCST90001871,rs2731518,A,G,0.6135, || id:ebi-a-GCST90001871,TRUE,reported,igd
4,1247,35188325,8.84301e-06,0.06394,0.2853,ebi-a-GCST90001871,rs114178658,G,A,0.1091, || id:ebi-a-GCST90001871,TRUE,reported,igd
4,1247,7148069,3.91697e-06,0.04231,0.1962,ebi-a-GCST90001871,rs10008912,G,A,0.5754, || id:ebi-a-GCST90001871,TRUE,reported,igd
5,1247,104549911,7.58106e-06,0.07627,0.3429,ebi-a-GCST90001871,rs7731342,T,C,0.0798, || id:ebi-a-GCST90001871,TRUE,reported,igd
6,1247,83760703,1.736e-06,0.04713,0.2264,ebi-a-GCST90001871,rs7738988,A,C,0.751, || id:ebi-a-GCST90001871,TRUE,reported,igd
7,1247,81160961,2.249e-06,0.1084,-0.5153,ebi-a-GCST90001871,rs78389375,T,C,0.0357, || id:ebi-a-GCST90001871,TRUE,reported,igd
8,1247,138522864,6.1e-06,0.04255,-0.1933,ebi-a-GCST90001871,rs6577804,C,T,0.3741, || id:ebi-a-GCST90001871,TRUE,reported,igd
10,1247,70782592,1.84701e-06,0.05822,0.279,ebi-a-GCST90001871,rs2246952,G,A,0.1371, || id:ebi-a-GCST90001871,TRUE,reported,igd
11,1247,7000368,4.52002e-06,0.09448,-0.4352,ebi-a-GCST90001871,rs1552721,C,G,0.0497, || id:ebi-a-GCST90001871,TRUE,reported,igd
11,1247,107761682,1.73101e-07,0.256,-1.345,ebi-a-GCST90001871,rs11212429,T,C,0.0064, || id:ebi-a-GCST90001871,TRUE,reported,igd
11,1247,107699559,3.30202e-06,0.2918,-1.363,ebi-a-GCST90001871,rs12284339,A,G,0.0048, || id:ebi-a-GCST90001871,TRUE,reported,igd
12,1247,5133216,5.59706e-06,0.106,0.4837,ebi-a-GCST90001871,rs12818999,A,G,0.0365, || id:ebi-a-GCST90001871,TRUE,reported,igd
12,1247,60262116,5.98398e-06,0.04013,0.1824,ebi-a-GCST90001871,rs10747856,G,A,0.5225, || id:ebi-a-GCST90001871,TRUE,reported,igd
13,1247,24033981,4.45102e-06,0.06242,0.2877,ebi-a-GCST90001871,rs73449242,T,C,0.1239, || id:ebi-a-GCST90001871,TRUE,reported,igd
17,1247,32645949,1.42298e-06,0.04403,0.2134,ebi-a-GCST90001871,rs3138035,T,C,0.2979, || id:ebi-a-GCST90001871,TRUE,reported,igd
18,1247,1705002,3.80198e-06,0.1189,-0.5518,ebi-a-GCST90001871,rs79388518,C,T,0.0329, || id:ebi-a-GCST90001871,TRUE,reported,igd
19,1247,51995348,7.32099e-06,0.08413,-0.3789,ebi-a-GCST90001871,rs73049692,C,T,0.0593, || id:ebi-a-GCST90001871,TRUE,reported,igd
19,1247,47298263,2.35603e-06,0.04776,0.2265,ebi-a-GCST90001871,rs313856,C,T,0.7522, || id:ebi-a-GCST90001871,TRUE,reported,igd
