pos.exposure,samplesize.exposure,chr.exposure,se.exposure,pval.exposure,beta.exposure,id.exposure,SNP,effect_allele.exposure,other_allele.exposure,eaf.exposure,exposure,mr_keep.exposure,pval_origin.exposure,data_source.exposure
168745427,3440,1,0.03736,4.73097e-06,0.1713,ebi-a-GCST90001658,rs6686124,G,A,0.1272, || id:ebi-a-GCST90001658,TRUE,reported,igd
116305711,3440,3,0.1345,3.49197e-06,-0.625,ebi-a-GCST90001658,rs115665382,A,T,0.0087, || id:ebi-a-GCST90001658,TRUE,reported,igd
145230069,3440,3,0.1222,2.381e-06,-0.5776,ebi-a-GCST90001658,rs74346764,A,G,0.0102, || id:ebi-a-GCST90001658,TRUE,reported,igd
4345603,3440,4,0.04557,2.83798e-06,0.2137,ebi-a-GCST90001658,rs114309505,G,A,0.0778, || id:ebi-a-GCST90001658,TRUE,reported,igd
113160344,3440,6,0.04771,3.90904e-06,0.2206,ebi-a-GCST90001658,rs62421103,T,G,0.0727, || id:ebi-a-GCST90001658,TRUE,reported,igd
126445961,3440,6,0.02896,8.36103e-07,-0.1429,ebi-a-GCST90001658,rs6569455,G,A,0.2307, || id:ebi-a-GCST90001658,TRUE,reported,igd
7730944,3440,6,0.02615,6.60207e-06,0.118,ebi-a-GCST90001658,rs7753111,G,A,0.3177, || id:ebi-a-GCST90001658,TRUE,reported,igd
156739135,3440,7,0.02484,1.601e-06,-0.1194,ebi-a-GCST90001658,rs2907958,A,G,0.6099, || id:ebi-a-GCST90001658,TRUE,reported,igd
10090715,3440,8,0.07659,4.67897e-06,-0.3512,ebi-a-GCST90001658,rs150315125,T,A,0.0297, || id:ebi-a-GCST90001658,TRUE,reported,igd
113175429,3440,8,0.03489,5.51303e-06,-0.1588,ebi-a-GCST90001658,rs34664008,C,A,0.1426, || id:ebi-a-GCST90001658,TRUE,reported,igd
16186705,3440,9,0.0246,6.36796e-06,0.1112,ebi-a-GCST90001658,rs1999472,G,A,0.5305, || id:ebi-a-GCST90001658,TRUE,reported,igd
95850055,3440,10,0.08639,7.60677e-15,0.6746,ebi-a-GCST90001658,rs145557266,G,A,0.0211, || id:ebi-a-GCST90001658,TRUE,reported,igd
80308802,3440,10,0.02464,1.595e-07,-0.1294,ebi-a-GCST90001658,rs10762791,G,T,0.5113, || id:ebi-a-GCST90001658,TRUE,reported,igd
110589119,3440,10,0.3957,8.28991e-06,-1.767,ebi-a-GCST90001658,rs150156752,C,T,9e-04, || id:ebi-a-GCST90001658,TRUE,reported,igd
99527224,3440,10,0.06271,3.61002e-06,-0.291,ebi-a-GCST90001658,rs144769320,T,C,0.0417, || id:ebi-a-GCST90001658,TRUE,reported,igd
97472570,3440,10,0.01908,1e-200,-0.9175,ebi-a-GCST90001658,rs4918960,A,T,0.4863, || id:ebi-a-GCST90001658,TRUE,reported,igd
94513122,3440,10,0.07269,8.52806e-06,-0.3241,ebi-a-GCST90001658,rs61862821,A,G,0.0288, || id:ebi-a-GCST90001658,TRUE,reported,igd
96998688,3440,10,0.02544,4.74898e-24,0.2592,ebi-a-GCST90001658,rs12778797,C,T,0.3836, || id:ebi-a-GCST90001658,TRUE,reported,igd
95830221,3440,10,0.08593,2.28702e-08,0.4814,ebi-a-GCST90001658,rs61886297,A,G,0.0212, || id:ebi-a-GCST90001658,TRUE,reported,igd
97741071,3440,10,0.02378,3.17322e-60,-0.3969,ebi-a-GCST90001658,rs10882701,C,A,0.5141, || id:ebi-a-GCST90001658,TRUE,reported,igd
97070694,3440,10,0.0251,1.05609e-21,-0.2419,ebi-a-GCST90001658,rs1410600,T,C,0.4068, || id:ebi-a-GCST90001658,TRUE,reported,igd
68351521,3440,10,0.1299,2.688e-06,-0.6106,ebi-a-GCST90001658,rs11598645,C,T,0.011, || id:ebi-a-GCST90001658,TRUE,reported,igd
98158952,3440,10,0.05724,9.2683e-27,0.6181,ebi-a-GCST90001658,rs114844216,C,T,0.0464, || id:ebi-a-GCST90001658,TRUE,reported,igd
104575130,3440,14,0.03906,1.05499e-06,-0.191,ebi-a-GCST90001658,rs12587599,T,C,0.1042, || id:ebi-a-GCST90001658,TRUE,reported,igd
59639147,3440,15,0.03057,5.15703e-06,-0.1396,ebi-a-GCST90001658,rs55992940,C,T,0.7988, || id:ebi-a-GCST90001658,TRUE,reported,igd
1037963,3440,16,0.5107,1.47201e-06,-2.463,ebi-a-GCST90001658,rs151077900,C,G,4e-04, || id:ebi-a-GCST90001658,TRUE,reported,igd
35962041,3440,17,0.02886,5.48605e-06,0.1314,ebi-a-GCST90001658,rs118130438,T,C,0.2365, || id:ebi-a-GCST90001658,TRUE,reported,igd
75220287,3440,17,0.0292,8.70903e-07,0.1439,ebi-a-GCST90001658,rs11658050,T,C,0.2094, || id:ebi-a-GCST90001658,TRUE,reported,igd
39828718,3440,18,0.6354,2.88702e-06,-2.978,ebi-a-GCST90001658,rs75420474,C,T,3e-04, || id:ebi-a-GCST90001658,TRUE,reported,igd
43539305,3440,19,0.5373,1.82301e-06,-2.568,ebi-a-GCST90001658,rs144764562,A,G,4e-04, || id:ebi-a-GCST90001658,TRUE,reported,igd
52558849,3440,20,0.02841,5.99598e-06,0.1288,ebi-a-GCST90001658,rs2286306,G,A,0.2262, || id:ebi-a-GCST90001658,TRUE,reported,igd
16016296,3440,20,0.1215,7.17993e-06,-0.5461,ebi-a-GCST90001658,rs144700141,A,G,0.0099, || id:ebi-a-GCST90001658,TRUE,reported,igd
