se.exposure,chr.exposure,pval.exposure,beta.exposure,pos.exposure,samplesize.exposure,id.exposure,SNP,effect_allele.exposure,other_allele.exposure,eaf.exposure,exposure,mr_keep.exposure,pval_origin.exposure,data_source.exposure
0.02658,1,8.21202e-06,0.1187,23087573,3669,ebi-a-GCST90001623,rs35203503,C,T,0.6529, || id:ebi-a-GCST90001623,TRUE,reported,igd
0.09982,2,6.12802e-06,0.452,242038726,3669,ebi-a-GCST90001623,rs149977848,A,G,0.0151, || id:ebi-a-GCST90001623,TRUE,reported,igd
0.1072,2,4.18697e-06,-0.4942,208244512,3669,ebi-a-GCST90001623,rs186023757,T,C,0.0134, || id:ebi-a-GCST90001623,TRUE,reported,igd
0.04525,2,3.71801e-06,-0.2097,137558728,3669,ebi-a-GCST90001623,rs77846504,A,G,0.0867, || id:ebi-a-GCST90001623,TRUE,reported,igd
0.03085,3,6.13705e-06,-0.1397,20997419,3669,ebi-a-GCST90001623,rs2886726,G,A,0.7822, || id:ebi-a-GCST90001623,TRUE,reported,igd
0.06656,6,1.789e-09,0.4014,100468602,3669,ebi-a-GCST90001623,rs79251210,A,G,0.0377, || id:ebi-a-GCST90001623,TRUE,reported,igd
0.07776,6,3.23221e-13,0.5685,101980039,3669,ebi-a-GCST90001623,rs117147408,G,A,0.0275, || id:ebi-a-GCST90001623,TRUE,reported,igd
0.05116,6,6.25893e-07,0.2554,98118004,3669,ebi-a-GCST90001623,rs201024668,T,A,0.071, || id:ebi-a-GCST90001623,TRUE,reported,igd
0.05547,6,2.24502e-08,0.3109,101417409,3669,ebi-a-GCST90001623,rs115536607,T,C,0.0545, || id:ebi-a-GCST90001623,TRUE,reported,igd
0.05971,6,2.20999e-09,0.3581,97889936,3669,ebi-a-GCST90001623,rs9488834,A,G,0.0465, || id:ebi-a-GCST90001623,TRUE,reported,igd
0.04701,6,6.81099e-06,0.2118,44207850,3669,ebi-a-GCST90001623,rs115889733,A,G,0.0777, || id:ebi-a-GCST90001623,TRUE,reported,igd
0.03289,7,1.925e-06,0.1568,52580478,3669,ebi-a-GCST90001623,rs2041561,C,G,0.8213, || id:ebi-a-GCST90001623,TRUE,reported,igd
0.03477,7,9.5929e-06,0.1541,35204550,3669,ebi-a-GCST90001623,rs17158356,A,G,0.156, || id:ebi-a-GCST90001623,TRUE,reported,igd
0.0251,8,3.34003e-09,0.1488,144992862,3669,ebi-a-GCST90001623,rs7819099,G,A,0.5112, || id:ebi-a-GCST90001623,TRUE,reported,igd
0.02505,9,5.24602e-06,-0.1142,122546242,3669,ebi-a-GCST90001623,rs2781107,C,T,0.5474, || id:ebi-a-GCST90001623,TRUE,reported,igd
0.02526,9,2.629e-06,-0.1188,134699760,3669,ebi-a-GCST90001623,rs3012770,A,G,0.5221, || id:ebi-a-GCST90001623,TRUE,reported,igd
0.03487,10,7.06806e-06,0.1569,109648240,3669,ebi-a-GCST90001623,rs4918328,A,G,0.1536, || id:ebi-a-GCST90001623,TRUE,reported,igd
0.03115,11,8.91395e-08,0.1669,112914680,3669,ebi-a-GCST90001623,rs12224032,G,C,0.2086, || id:ebi-a-GCST90001623,TRUE,reported,igd
0.0253,11,1.63099e-06,-0.1215,2306683,3669,ebi-a-GCST90001623,rs10765907,C,T,0.5677, || id:ebi-a-GCST90001623,TRUE,reported,igd
0.02696,11,6.14101e-06,0.1221,131463916,3669,ebi-a-GCST90001623,rs10750486,A,G,0.6732, || id:ebi-a-GCST90001623,TRUE,reported,igd
0.06711,11,3.17001e-07,-0.3438,112189184,3669,ebi-a-GCST90001623,rs12792298,T,C,0.0345, || id:ebi-a-GCST90001623,TRUE,reported,igd
0.03983,11,8.64172e-26,-0.4214,112751407,3669,ebi-a-GCST90001623,rs77738700,A,G,0.1067, || id:ebi-a-GCST90001623,TRUE,reported,igd
0.0758,12,1.93402e-06,0.3614,47944164,3669,ebi-a-GCST90001623,rs73109444,T,C,0.0278, || id:ebi-a-GCST90001623,TRUE,reported,igd
0.3234,12,8.96995e-06,-1.438,89421923,3669,ebi-a-GCST90001623,rs74426495,C,T,0.0012, || id:ebi-a-GCST90001623,TRUE,reported,igd
0.1612,12,5.57494e-07,0.8085,61383255,3669,ebi-a-GCST90001623,rs73122728,T,A,0.0059, || id:ebi-a-GCST90001623,TRUE,reported,igd
0.1029,13,2.55499e-06,-0.4849,101667739,3669,ebi-a-GCST90001623,rs16958131,C,G,0.0147, || id:ebi-a-GCST90001623,TRUE,reported,igd
0.03945,14,2.56301e-06,-0.1858,99822918,3669,ebi-a-GCST90001623,rs906930,T,G,0.1108, || id:ebi-a-GCST90001623,TRUE,reported,igd
0.149,15,4.19102e-06,0.6865,33137651,3669,ebi-a-GCST90001623,rs72717679,G,T,0.0068, || id:ebi-a-GCST90001623,TRUE,reported,igd
0.02599,17,8.52609e-06,-0.1158,7861810,3669,ebi-a-GCST90001623,rs7225505,G,A,0.3863, || id:ebi-a-GCST90001623,TRUE,reported,igd
0.02505,17,9.10207e-09,0.1443,33805730,3669,ebi-a-GCST90001623,rs9912354,T,C,0.5271, || id:ebi-a-GCST90001623,TRUE,reported,igd
0.03387,17,3.819e-08,-0.1866,33773022,3669,ebi-a-GCST90001623,rs7218011,G,A,0.1634, || id:ebi-a-GCST90001623,TRUE,reported,igd
0.02978,18,3.23698e-06,0.1388,23907745,3669,ebi-a-GCST90001623,rs75659919,T,C,0.2258, || id:ebi-a-GCST90001623,TRUE,reported,igd
0.05243,19,8.03101e-06,-0.2344,9077196,3669,ebi-a-GCST90001623,rs7254941,T,C,0.06, || id:ebi-a-GCST90001623,TRUE,reported,igd
0.02938,20,6.14695e-06,-0.1331,52558849,3669,ebi-a-GCST90001623,rs2286306,G,A,0.2247, || id:ebi-a-GCST90001623,TRUE,reported,igd
0.09211,21,1.85601e-06,-0.4399,29982668,3669,ebi-a-GCST90001623,rs9983338,T,C,0.0189, || id:ebi-a-GCST90001623,TRUE,reported,igd
0.04651,22,9.39291e-06,-0.2063,45374249,3669,ebi-a-GCST90001623,rs13055438,C,T,0.0797, || id:ebi-a-GCST90001623,TRUE,reported,igd
