beta.exposure,pos.exposure,chr.exposure,samplesize.exposure,se.exposure,pval.exposure,id.exposure,SNP,effect_allele.exposure,other_allele.exposure,eaf.exposure,exposure,mr_keep.exposure,pval_origin.exposure,data_source.exposure
0.1135,216235074,1,3657,0.02553,9.0099e-06,ebi-a-GCST90001717,rs1436776,T,C,0.6051, || id:ebi-a-GCST90001717,TRUE,reported,igd
-0.1313,161478859,1,3657,0.02699,1.18299e-06,ebi-a-GCST90001717,rs4657041,C,T,0.3344, || id:ebi-a-GCST90001717,TRUE,reported,igd
0.1361,164083691,1,3657,0.03048,8.19898e-06,ebi-a-GCST90001717,rs6680891,T,A,0.2122, || id:ebi-a-GCST90001717,TRUE,reported,igd
0.5059,51662218,2,3657,0.1114,5.81206e-06,ebi-a-GCST90001717,rs113510401,T,C,0.0124, || id:ebi-a-GCST90001717,TRUE,reported,igd
-0.1282,101658926,3,3657,0.02808,5.14802e-06,ebi-a-GCST90001717,rs2925323,T,C,0.2923, || id:ebi-a-GCST90001717,TRUE,reported,igd
1.566,24492147,4,3657,0.3288,1.98299e-06,ebi-a-GCST90001717,rs116470335,A,G,0.0016, || id:ebi-a-GCST90001717,TRUE,reported,igd
0.6551,45358923,6,3657,0.1448,6.28594e-06,ebi-a-GCST90001717,rs190757416,G,A,0.0068, || id:ebi-a-GCST90001717,TRUE,reported,igd
-0.2371,72391681,10,3657,0.05243,6.29303e-06,ebi-a-GCST90001717,rs56020760,T,C,0.0607, || id:ebi-a-GCST90001717,TRUE,reported,igd
-1.227,15100608,10,3657,0.2719,6.61805e-06,ebi-a-GCST90001717,rs116897208,C,T,0.0022, || id:ebi-a-GCST90001717,TRUE,reported,igd
-0.3816,109385593,11,3657,0.08607,9.52401e-06,ebi-a-GCST90001717,rs74643433,T,C,0.0209, || id:ebi-a-GCST90001717,TRUE,reported,igd
-1.148,29908421,13,3657,0.247,3.48001e-06,ebi-a-GCST90001717,rs143106266,A,C,0.0025, || id:ebi-a-GCST90001717,TRUE,reported,igd
0.1792,89904438,14,3657,0.04047,9.73195e-06,ebi-a-GCST90001717,rs2110699,A,G,0.8961, || id:ebi-a-GCST90001717,TRUE,reported,igd
-0.1529,55233098,14,3657,0.03229,2.274e-06,ebi-a-GCST90001717,rs1885397,C,A,0.1903, || id:ebi-a-GCST90001717,TRUE,reported,igd
1.578,40298978,21,3657,0.3545,8.81008e-06,ebi-a-GCST90001717,rs141410339,A,G,0.0011, || id:ebi-a-GCST90001717,TRUE,reported,igd
-0.5144,41305795,22,3657,0.05846,2.05779e-18,ebi-a-GCST90001717,rs187315152,T,A,0.0535, || id:ebi-a-GCST90001717,TRUE,reported,igd
0.3769,41608058,22,3657,0.07881,1.798e-06,ebi-a-GCST90001717,rs149228586,T,C,0.0286, || id:ebi-a-GCST90001717,TRUE,reported,igd
-0.6019,42605548,22,3657,0.04479,3.18493e-40,ebi-a-GCST90001717,rs5758649,T,C,0.0871, || id:ebi-a-GCST90001717,TRUE,reported,igd
-0.5628,43339331,22,3657,0.04773,1.57616e-31,ebi-a-GCST90001717,rs146069723,T,C,0.0756, || id:ebi-a-GCST90001717,TRUE,reported,igd
-0.3847,39641412,22,3657,0.05918,9.08448e-11,ebi-a-GCST90001717,rs13058590,T,C,0.0468, || id:ebi-a-GCST90001717,TRUE,reported,igd
-1.494,42315371,22,3657,0.03383,1e-200,ebi-a-GCST90001717,rs73165129,T,C,0.099, || id:ebi-a-GCST90001717,TRUE,reported,igd
-0.3298,42874781,22,3657,0.03584,5.84117e-20,ebi-a-GCST90001717,rs2142827,A,G,0.1416, || id:ebi-a-GCST90001717,TRUE,reported,igd
-1.066,40568020,22,3657,0.1228,5.91425e-18,ebi-a-GCST90001717,rs528009599,A,G,0.0111, || id:ebi-a-GCST90001717,TRUE,reported,igd
-0.3124,44297686,22,3657,0.0291,1.692e-26,ebi-a-GCST90001717,rs9614288,T,A,0.2346, || id:ebi-a-GCST90001717,TRUE,reported,igd
-0.6424,44698304,22,3657,0.109,4.14897e-09,ebi-a-GCST90001717,rs189503542,A,T,0.0138, || id:ebi-a-GCST90001717,TRUE,reported,igd
-0.5,39876838,22,3657,0.06715,1.20088e-13,ebi-a-GCST90001717,rs117086217,G,A,0.0343, || id:ebi-a-GCST90001717,TRUE,reported,igd
