chr.exposure,pos.exposure,se.exposure,samplesize.exposure,beta.exposure,pval.exposure,id.exposure,SNP,effect_allele.exposure,other_allele.exposure,eaf.exposure,exposure,mr_keep.exposure,pval_origin.exposure,data_source.exposure
1,81455274,0.07639,3652,0.36,2.54203e-06,ebi-a-GCST90001592,rs12130486,C,T,0.0245, || id:ebi-a-GCST90001592,TRUE,reported,igd
1,246874501,0.1311,3652,-0.6212,2.23599e-06,ebi-a-GCST90001592,rs12119984,G,A,0.0084, || id:ebi-a-GCST90001592,TRUE,reported,igd
2,66964383,0.1458,3652,0.6899,2.32199e-06,ebi-a-GCST90001592,rs78032118,T,C,0.0063, || id:ebi-a-GCST90001592,TRUE,reported,igd
2,210377930,0.1242,3652,-0.5533,8.681e-06,ebi-a-GCST90001592,rs113985770,A,G,0.0101, || id:ebi-a-GCST90001592,TRUE,reported,igd
4,179936294,0.02381,3652,-0.1209,3.96004e-07,ebi-a-GCST90001592,rs6858602,C,T,0.4618, || id:ebi-a-GCST90001592,TRUE,reported,igd
6,31206206,0.0284,3652,0.1887,3.5229e-11,ebi-a-GCST90001592,rs3130685,T,C,0.3428, || id:ebi-a-GCST90001592,TRUE,reported,igd
6,127364239,0.06193,3652,0.2774,7.73499e-06,ebi-a-GCST90001592,rs75424572,G,T,0.0403, || id:ebi-a-GCST90001592,TRUE,reported,igd
6,50386986,0.0353,3652,0.1703,1.464e-06,ebi-a-GCST90001592,rs12195711,T,C,0.1314, || id:ebi-a-GCST90001592,TRUE,reported,igd
6,32445916,0.03036,3652,0.1842,1.42699e-09,ebi-a-GCST90001592,rs28895267,T,C,0.3161, || id:ebi-a-GCST90001592,TRUE,reported,igd
6,31377851,0.02774,3652,-0.1436,2.36499e-07,ebi-a-GCST90001592,rs6915999,A,G,0.5394, || id:ebi-a-GCST90001592,TRUE,reported,igd
7,142438302,0.8061,3652,3.671,5.431e-06,ebi-a-GCST90001592,rs79647440,T,C,4e-04, || id:ebi-a-GCST90001592,TRUE,reported,igd
7,132433567,0.02405,3652,-0.1099,5.01303e-06,ebi-a-GCST90001592,rs11772710,T,C,0.4633, || id:ebi-a-GCST90001592,TRUE,reported,igd
8,117805397,0.02903,3652,-0.1417,1.096e-06,ebi-a-GCST90001592,rs1550856,G,A,0.7751, || id:ebi-a-GCST90001592,TRUE,reported,igd
10,118142066,0.04476,3652,0.2221,7.32302e-07,ebi-a-GCST90001592,rs11197647,T,G,0.0754, || id:ebi-a-GCST90001592,TRUE,reported,igd
10,90274583,0.02467,3652,-0.1135,4.339e-06,ebi-a-GCST90001592,rs1980812,G,A,0.5531, || id:ebi-a-GCST90001592,TRUE,reported,igd
12,130160924,0.03884,3652,0.1796,3.90598e-06,ebi-a-GCST90001592,rs11060493,C,A,0.102, || id:ebi-a-GCST90001592,TRUE,reported,igd
14,94358762,0.02484,3652,-0.11,9.75596e-06,ebi-a-GCST90001592,rs28415769,C,T,0.3586, || id:ebi-a-GCST90001592,TRUE,reported,igd
17,42759948,0.05955,3652,-0.2742,4.29003e-06,ebi-a-GCST90001592,rs117391590,A,G,0.0413, || id:ebi-a-GCST90001592,TRUE,reported,igd
17,75698346,0.02638,3652,0.1229,3.32797e-06,ebi-a-GCST90001592,rs35238206,G,A,0.2868, || id:ebi-a-GCST90001592,TRUE,reported,igd
17,33774635,0.02469,3652,-0.1209,1.017e-06,ebi-a-GCST90001592,rs11080350,T,C,0.4018, || id:ebi-a-GCST90001592,TRUE,reported,igd
20,37580670,0.3677,3652,1.76,1.77399e-06,ebi-a-GCST90001592,rs41276984,G,C,0.0011, || id:ebi-a-GCST90001592,TRUE,reported,igd
21,42191862,0.04518,3652,0.2056,5.53796e-06,ebi-a-GCST90001592,rs2837838,G,A,0.9259, || id:ebi-a-GCST90001592,TRUE,reported,igd
22,50698157,0.02472,3652,-0.1266,3.176e-07,ebi-a-GCST90001592,rs2267983,A,C,0.3924, || id:ebi-a-GCST90001592,TRUE,reported,igd
