pval.exposure,pos.exposure,se.exposure,samplesize.exposure,chr.exposure,beta.exposure,id.exposure,SNP,effect_allele.exposure,other_allele.exposure,eaf.exposure,exposure,mr_keep.exposure,pval_origin.exposure,data_source.exposure
3.64099e-06,202171923,0.04727,3657,1,0.2192,ebi-a-GCST90001761,rs74446027,T,C,0.0697, || id:ebi-a-GCST90001761,TRUE,reported,igd
4.35602e-07,24051614,0.02571,3657,1,-0.1301,ebi-a-GCST90001761,rs12030328,G,A,0.6349, || id:ebi-a-GCST90001761,TRUE,reported,igd
9.70689e-06,223088415,0.02622,3657,2,0.1162,ebi-a-GCST90001761,rs7608595,C,T,0.6675, || id:ebi-a-GCST90001761,TRUE,reported,igd
7.99595e-06,29442718,0.1112,3657,2,0.4974,ebi-a-GCST90001761,rs137894231,G,T,0.0129, || id:ebi-a-GCST90001761,TRUE,reported,igd
2.48102e-07,178858731,0.07851,3657,2,0.4058,ebi-a-GCST90001761,rs187188344,G,C,0.0269, || id:ebi-a-GCST90001761,TRUE,reported,igd
9.87507e-06,25982156,0.06468,3657,3,0.2863,ebi-a-GCST90001761,rs78988304,T,G,0.0386, || id:ebi-a-GCST90001761,TRUE,reported,igd
6.57794e-06,181179470,0.03399,3657,4,0.1534,ebi-a-GCST90001761,rs13134942,T,C,0.1555, || id:ebi-a-GCST90001761,TRUE,reported,igd
2.00401e-06,162820460,0.07195,3657,5,0.3425,ebi-a-GCST90001761,rs77612075,T,C,0.0293, || id:ebi-a-GCST90001761,TRUE,reported,igd
2.87601e-08,15898884,0.03723,3657,6,0.207,ebi-a-GCST90001761,rs1569590,G,A,0.8748, || id:ebi-a-GCST90001761,TRUE,reported,igd
4.51898e-09,31753526,0.03712,3657,6,0.2182,ebi-a-GCST90001761,rs11751198,A,G,0.1839, || id:ebi-a-GCST90001761,TRUE,reported,igd
3.58798e-06,170846603,0.1424,3657,6,-0.6608,ebi-a-GCST90001761,rs12200643,A,G,0.0083, || id:ebi-a-GCST90001761,TRUE,reported,igd
1.76701e-08,32577282,0.03061,3657,6,-0.1728,ebi-a-GCST90001761,rs9271146,C,A,0.7067, || id:ebi-a-GCST90001761,TRUE,reported,igd
1.43499e-06,32921104,0.04713,3657,6,0.2275,ebi-a-GCST90001761,rs111369841,T,C,0.0967, || id:ebi-a-GCST90001761,TRUE,reported,igd
5.89101e-07,30424736,0.03136,3657,6,-0.1569,ebi-a-GCST90001761,rs2524184,T,A,0.7278, || id:ebi-a-GCST90001761,TRUE,reported,igd
2.74e-07,127984089,0.03003,3657,8,0.1547,ebi-a-GCST90001761,rs9650093,G,A,0.2182, || id:ebi-a-GCST90001761,TRUE,reported,igd
6.33199e-06,82087111,0.06606,3657,9,0.2987,ebi-a-GCST90001761,rs11138252,T,G,0.0335, || id:ebi-a-GCST90001761,TRUE,reported,igd
6.11294e-06,124822185,0.1769,3657,9,-0.8011,ebi-a-GCST90001761,rs140207086,T,C,0.0048, || id:ebi-a-GCST90001761,TRUE,reported,igd
3.12198e-06,75768836,0.05934,3657,9,0.2771,ebi-a-GCST90001761,rs75071948,G,T,0.0453, || id:ebi-a-GCST90001761,TRUE,reported,igd
1.99802e-09,94522438,0.0315,3657,10,0.1894,ebi-a-GCST90001761,rs35039517,A,G,0.203, || id:ebi-a-GCST90001761,TRUE,reported,igd
4.27996e-06,123334349,0.06709,3657,11,-0.3089,ebi-a-GCST90001761,rs73025942,C,G,0.0345, || id:ebi-a-GCST90001761,TRUE,reported,igd
3.70502e-06,99391820,0.2304,3657,11,1.068,ebi-a-GCST90001761,rs143129208,G,A,0.0025, || id:ebi-a-GCST90001761,TRUE,reported,igd
4.77705e-06,268078,0.02742,3657,11,-0.1256,ebi-a-GCST90001761,rs7128035,C,T,0.7107, || id:ebi-a-GCST90001761,TRUE,reported,igd
5.83499e-06,60952231,0.03753,3657,11,-0.1704,ebi-a-GCST90001761,rs11230624,C,G,0.1263, || id:ebi-a-GCST90001761,TRUE,reported,igd
3.60911e-13,60164527,0.04099,3657,11,-0.2991,ebi-a-GCST90001761,rs10501383,T,C,0.0971, || id:ebi-a-GCST90001761,TRUE,reported,igd
9.60196e-06,48074625,0.04362,3657,12,-0.1933,ebi-a-GCST90001761,rs185205613,A,T,0.0909, || id:ebi-a-GCST90001761,TRUE,reported,igd
8.35199e-06,127798516,0.02593,3657,12,0.1157,ebi-a-GCST90001761,rs1447085,G,T,0.6416, || id:ebi-a-GCST90001761,TRUE,reported,igd
5.54294e-06,93770077,0.2992,3657,15,1.361,ebi-a-GCST90001761,rs187026890,C,A,0.0021, || id:ebi-a-GCST90001761,TRUE,reported,igd
5.38096e-07,19303610,0.04745,3657,16,-0.2383,ebi-a-GCST90001761,rs179206,T,C,0.0737, || id:ebi-a-GCST90001761,TRUE,reported,igd
4.20998e-06,14871311,0.1023,3657,19,0.4715,ebi-a-GCST90001761,rs62122620,T,A,0.0144, || id:ebi-a-GCST90001761,TRUE,reported,igd
9.31322e-29,49872521,0.02865,3657,19,-0.3215,ebi-a-GCST90001761,rs55809481,C,T,0.2425, || id:ebi-a-GCST90001761,TRUE,reported,igd
2.82599e-08,50940778,0.04238,3657,19,0.2358,ebi-a-GCST90001761,rs61731791,T,C,0.0972, || id:ebi-a-GCST90001761,TRUE,reported,igd
1.15499e-06,6951925,0.05234,3657,19,-0.255,ebi-a-GCST90001761,rs8110979,T,A,0.0576, || id:ebi-a-GCST90001761,TRUE,reported,igd
7.52801e-06,3862580,0.03226,3657,20,-0.1447,ebi-a-GCST90001761,rs12480920,A,G,0.1792, || id:ebi-a-GCST90001761,TRUE,reported,igd
6.67206e-06,42039509,0.05665,3657,22,0.2555,ebi-a-GCST90001761,rs112898596,T,C,0.0505, || id:ebi-a-GCST90001761,TRUE,reported,igd
