pval.exposure,pos.exposure,chr.exposure,se.exposure,beta.exposure,samplesize.exposure,id.exposure,SNP,effect_allele.exposure,other_allele.exposure,eaf.exposure,exposure,mr_keep.exposure,pval_origin.exposure,data_source.exposure
3.50833e-50,169662742,1,0.02945,-0.4474,2848,ebi-a-GCST90001834,rs4987369,T,G,0.279, || id:ebi-a-GCST90001834,TRUE,reported,igd
7.787e-06,104331283,1,0.08757,-0.3923,2848,ebi-a-GCST90001834,rs7540208,C,T,0.0248, || id:ebi-a-GCST90001834,TRUE,reported,igd
9.54993e-12,169658509,1,0.03438,0.2352,2848,ebi-a-GCST90001834,rs4987389,T,A,0.2047, || id:ebi-a-GCST90001834,TRUE,reported,igd
2.197e-06,171610959,1,0.02775,-0.1316,2848,ebi-a-GCST90001834,rs235869,A,C,0.4584, || id:ebi-a-GCST90001834,TRUE,reported,igd
4.26697e-06,168483806,1,0.02899,0.1336,2848,ebi-a-GCST90001834,rs10127711,G,A,0.3608, || id:ebi-a-GCST90001834,TRUE,reported,igd
7.83502e-06,199788171,1,0.0307,-0.1375,2848,ebi-a-GCST90001834,rs7516777,A,G,0.2955, || id:ebi-a-GCST90001834,TRUE,reported,igd
6.68298e-06,53634228,1,0.0656,-0.296,2848,ebi-a-GCST90001834,rs2404215,T,C,0.0463, || id:ebi-a-GCST90001834,TRUE,reported,igd
8.47403e-07,95111100,1,0.03576,0.1765,2848,ebi-a-GCST90001834,rs6694645,C,T,0.1766, || id:ebi-a-GCST90001834,TRUE,reported,igd
2.75201e-06,170626704,3,0.05969,-0.2804,2848,ebi-a-GCST90001834,rs73879235,G,A,0.0583, || id:ebi-a-GCST90001834,TRUE,reported,igd
9.90307e-06,38417367,3,0.02796,0.1238,2848,ebi-a-GCST90001834,rs169046,C,T,0.4484, || id:ebi-a-GCST90001834,TRUE,reported,igd
4.66595e-06,106555382,3,0.03699,-0.1697,2848,ebi-a-GCST90001834,rs34142414,C,T,0.1712, || id:ebi-a-GCST90001834,TRUE,reported,igd
3.05302e-06,165250043,5,0.08576,-0.4011,2848,ebi-a-GCST90001834,rs447362,C,T,0.9742, || id:ebi-a-GCST90001834,TRUE,reported,igd
9.67698e-06,164104976,6,0.0677,0.3001,2848,ebi-a-GCST90001834,rs12215799,T,C,0.0442, || id:ebi-a-GCST90001834,TRUE,reported,igd
9.80099e-06,42298065,6,0.2274,-1.007,2848,ebi-a-GCST90001834,rs184665042,A,C,0.0035, || id:ebi-a-GCST90001834,TRUE,reported,igd
8.87892e-06,68787748,8,0.03757,-0.1672,2848,ebi-a-GCST90001834,rs79734694,C,A,0.1647, || id:ebi-a-GCST90001834,TRUE,reported,igd
4.97703e-06,137328288,8,0.04744,-0.217,2848,ebi-a-GCST90001834,rs77224604,G,A,0.0932, || id:ebi-a-GCST90001834,TRUE,reported,igd
8.22508e-06,138899879,9,0.5997,2.679,2848,ebi-a-GCST90001834,rs118080101,A,G,5e-04, || id:ebi-a-GCST90001834,TRUE,reported,igd
9.43604e-06,30770530,10,0.1116,0.4954,2848,ebi-a-GCST90001834,rs117965901,G,A,0.0153, || id:ebi-a-GCST90001834,TRUE,reported,igd
4.27002e-06,88469837,10,0.09654,-0.4448,2848,ebi-a-GCST90001834,rs11597201,G,C,0.0212, || id:ebi-a-GCST90001834,TRUE,reported,igd
9.3821e-06,89153882,10,0.2174,-0.9649,2848,ebi-a-GCST90001834,rs189683893,A,C,0.004, || id:ebi-a-GCST90001834,TRUE,reported,igd
5.611e-06,130132360,10,0.1211,-0.5507,2848,ebi-a-GCST90001834,rs7900893,A,G,0.0128, || id:ebi-a-GCST90001834,TRUE,reported,igd
8.71305e-06,102807731,11,0.04211,-0.1876,2848,ebi-a-GCST90001834,rs11225485,G,A,0.1273, || id:ebi-a-GCST90001834,TRUE,reported,igd
6.11294e-06,24831709,12,0.028,0.1269,2848,ebi-a-GCST90001834,rs10842393,G,C,0.4412, || id:ebi-a-GCST90001834,TRUE,reported,igd
2.25398e-06,95884078,15,0.1365,-0.647,2848,ebi-a-GCST90001834,rs73462775,T,C,0.0105, || id:ebi-a-GCST90001834,TRUE,reported,igd
5.13996e-06,72159072,17,0.06716,-0.3068,2848,ebi-a-GCST90001834,rs55633105,G,C,0.0439, || id:ebi-a-GCST90001834,TRUE,reported,igd
4.72302e-06,47237403,20,0.2319,-1.064,2848,ebi-a-GCST90001834,rs141452540,C,T,0.0037, || id:ebi-a-GCST90001834,TRUE,reported,igd
