samplesize.exposure,chr.exposure,se.exposure,pos.exposure,beta.exposure,pval.exposure,id.exposure,SNP,effect_allele.exposure,other_allele.exposure,eaf.exposure,exposure,mr_keep.exposure,pval_origin.exposure,data_source.exposure
3629,1,0.04486,166026114,0.2339,1.94998e-07,ebi-a-GCST90001584,rs74975395,T,C,0.081, || id:ebi-a-GCST90001584,TRUE,reported,igd
3629,1,0.03195,161531340,-0.4468,2.52116e-43,ebi-a-GCST90001584,rs115383270,A,G,0.1714, || id:ebi-a-GCST90001584,TRUE,reported,igd
3629,1,0.4818,30332508,2.173,6.71197e-06,ebi-a-GCST90001584,rs141826566,T,C,6e-04, || id:ebi-a-GCST90001584,TRUE,reported,igd
3629,2,0.1536,9134527,-0.712,3.67502e-06,ebi-a-GCST90001584,rs74915645,C,G,0.0062, || id:ebi-a-GCST90001584,TRUE,reported,igd
3629,2,0.08326,150006610,0.3784,5.68604e-06,ebi-a-GCST90001584,rs115440084,T,C,0.0204, || id:ebi-a-GCST90001584,TRUE,reported,igd
3629,2,0.02427,182315630,0.1176,1.30701e-06,ebi-a-GCST90001584,rs155144,A,G,0.5355, || id:ebi-a-GCST90001584,TRUE,reported,igd
3629,3,0.03328,109439443,-0.1476,9.41998e-06,ebi-a-GCST90001584,rs12637779,G,A,0.1571, || id:ebi-a-GCST90001584,TRUE,reported,igd
3629,3,0.02815,188340672,-0.1399,6.93394e-07,ebi-a-GCST90001584,rs7613930,T,C,0.2454, || id:ebi-a-GCST90001584,TRUE,reported,igd
3629,5,0.2151,1285334,-0.9516,9.9481e-06,ebi-a-GCST90001584,rs185857822,T,C,0.0034, || id:ebi-a-GCST90001584,TRUE,reported,igd
3629,6,0.1263,73301721,-0.5784,4.81105e-06,ebi-a-GCST90001584,rs1202098,A,G,0.011, || id:ebi-a-GCST90001584,TRUE,reported,igd
3629,6,0.02637,37030217,0.1193,6.30202e-06,ebi-a-GCST90001584,rs9357234,A,C,0.3002, || id:ebi-a-GCST90001584,TRUE,reported,igd
3629,8,0.03582,13209667,0.1627,5.76501e-06,ebi-a-GCST90001584,rs7834258,G,A,0.136, || id:ebi-a-GCST90001584,TRUE,reported,igd
3629,10,0.05948,82443865,0.2763,3.53403e-06,ebi-a-GCST90001584,rs78829712,A,C,0.0441, || id:ebi-a-GCST90001584,TRUE,reported,igd
3629,11,0.06165,588659,0.2965,1.575e-06,ebi-a-GCST90001584,rs143356597,A,G,0.0404, || id:ebi-a-GCST90001584,TRUE,reported,igd
3629,11,0.2422,115147742,-1.147,2.25299e-06,ebi-a-GCST90001584,rs144707945,C,G,0.0025, || id:ebi-a-GCST90001584,TRUE,reported,igd
3629,11,0.0249,11658286,0.1113,8.0809e-06,ebi-a-GCST90001584,rs10765883,T,C,0.3847, || id:ebi-a-GCST90001584,TRUE,reported,igd
3629,12,0.2129,2608522,-0.9518,8.07291e-06,ebi-a-GCST90001584,rs73046238,T,C,0.0032, || id:ebi-a-GCST90001584,TRUE,reported,igd
3629,14,0.08351,25243751,0.3805,5.38096e-06,ebi-a-GCST90001584,rs17200456,T,C,0.023, || id:ebi-a-GCST90001584,TRUE,reported,igd
3629,14,0.02491,95963238,-0.1117,7.55997e-06,ebi-a-GCST90001584,rs4999522,A,G,0.623, || id:ebi-a-GCST90001584,TRUE,reported,igd
3629,15,0.02973,80263217,-0.1739,5.41003e-09,ebi-a-GCST90001584,rs3826007,T,C,0.2136, || id:ebi-a-GCST90001584,TRUE,reported,igd
3629,16,0.02441,9728962,0.1099,6.95793e-06,ebi-a-GCST90001584,rs316369,C,T,0.4486, || id:ebi-a-GCST90001584,TRUE,reported,igd
3629,16,0.03107,85474706,0.1474,2.18198e-06,ebi-a-GCST90001584,rs4783204,C,T,0.8207, || id:ebi-a-GCST90001584,TRUE,reported,igd
3629,20,0.08712,50183940,0.3961,5.62095e-06,ebi-a-GCST90001584,rs137976321,A,G,0.019, || id:ebi-a-GCST90001584,TRUE,reported,igd
