samplesize.exposure,pval.exposure,se.exposure,pos.exposure,chr.exposure,beta.exposure,id.exposure,SNP,effect_allele.exposure,other_allele.exposure,eaf.exposure,exposure,mr_keep.exposure,pval_origin.exposure,data_source.exposure
3113,2.81099e-06,0.08272,22721951,1,-0.3882,ebi-a-GCST90001883,rs138425921,T,C,0.0267, || id:ebi-a-GCST90001883,TRUE,reported,igd
3113,2.48302e-06,0.04645,230179351,1,0.2192,ebi-a-GCST90001883,rs28411259,C,T,0.0936, || id:ebi-a-GCST90001883,TRUE,reported,igd
3113,5.51201e-06,0.1206,23343715,2,0.5491,ebi-a-GCST90001883,rs114688494,C,T,0.0117, || id:ebi-a-GCST90001883,TRUE,reported,igd
3113,9.1199e-06,0.2388,33950996,3,-1.061,ebi-a-GCST90001883,rs141668845,G,A,0.0029, || id:ebi-a-GCST90001883,TRUE,reported,igd
3113,2.18902e-06,0.04012,8788485,3,-0.1903,ebi-a-GCST90001883,rs237883,A,T,0.8728, || id:ebi-a-GCST90001883,TRUE,reported,igd
3113,2.46797e-06,0.06879,109239280,4,0.3246,ebi-a-GCST90001883,rs115442185,G,A,0.0392, || id:ebi-a-GCST90001883,TRUE,reported,igd
3113,6.92102e-06,0.02668,182906397,4,0.1202,ebi-a-GCST90001883,rs12501477,T,G,0.4467, || id:ebi-a-GCST90001883,TRUE,reported,igd
3113,6.27105e-08,0.06504,97227252,6,0.3528,ebi-a-GCST90001883,rs138112111,T,C,0.0487, || id:ebi-a-GCST90001883,TRUE,reported,igd
3113,1.78201e-06,0.05936,101417409,6,0.2841,ebi-a-GCST90001883,rs115536607,T,C,0.0544, || id:ebi-a-GCST90001883,TRUE,reported,igd
3113,3.1153e-14,0.06437,97889936,6,0.4911,ebi-a-GCST90001883,rs9488834,A,G,0.0458, || id:ebi-a-GCST90001883,TRUE,reported,igd
3113,9.42606e-06,0.07025,69685408,6,-0.3117,ebi-a-GCST90001883,rs75710318,A,T,0.04, || id:ebi-a-GCST90001883,TRUE,reported,igd
3113,1.49101e-10,0.07013,100468602,6,0.4508,ebi-a-GCST90001883,rs79251210,A,G,0.0385, || id:ebi-a-GCST90001883,TRUE,reported,igd
3113,3.02691e-15,0.08226,101980039,6,0.6523,ebi-a-GCST90001883,rs117147408,G,A,0.0276, || id:ebi-a-GCST90001883,TRUE,reported,igd
3113,1.44401e-06,0.05849,103955121,7,0.2824,ebi-a-GCST90001883,rs75616233,A,T,0.0572, || id:ebi-a-GCST90001883,TRUE,reported,igd
3113,3.28103e-06,0.2332,20867564,8,-1.087,ebi-a-GCST90001883,rs73209471,G,T,0.0031, || id:ebi-a-GCST90001883,TRUE,reported,igd
3113,7.13296e-06,0.5523,138754221,9,2.484,ebi-a-GCST90001883,rs532733980,C,T,5e-04, || id:ebi-a-GCST90001883,TRUE,reported,igd
3113,7.60694e-06,0.1036,22123801,10,0.4646,ebi-a-GCST90001883,rs145334185,A,C,0.0167, || id:ebi-a-GCST90001883,TRUE,reported,igd
3113,7.02102e-06,0.02689,83824559,10,-0.121,ebi-a-GCST90001883,rs12573757,T,C,0.4502, || id:ebi-a-GCST90001883,TRUE,reported,igd
3113,7.04855e-21,0.02873,112830782,11,0.2713,ebi-a-GCST90001883,rs11214436,T,G,0.3055, || id:ebi-a-GCST90001883,TRUE,reported,igd
3113,9.38642e-71,0.04098,112751407,11,-0.7478,ebi-a-GCST90001883,rs77738700,A,G,0.1066, || id:ebi-a-GCST90001883,TRUE,reported,igd
3113,1.86999e-06,0.04868,110827812,11,-0.2325,ebi-a-GCST90001883,rs17729025,A,C,0.0818, || id:ebi-a-GCST90001883,TRUE,reported,igd
3113,2.54097e-07,0.05011,113117261,11,-0.2589,ebi-a-GCST90001883,rs45602031,T,C,0.0769, || id:ebi-a-GCST90001883,TRUE,reported,igd
3113,1.7e-06,0.0481,111984131,11,0.2307,ebi-a-GCST90001883,rs10219323,C,A,0.9121, || id:ebi-a-GCST90001883,TRUE,reported,igd
3113,3.11602e-06,0.2353,40183073,13,-1.099,ebi-a-GCST90001883,rs192922707,T,A,0.0032, || id:ebi-a-GCST90001883,TRUE,reported,igd
3113,8.54004e-06,0.1451,70784181,13,-0.6469,ebi-a-GCST90001883,rs142268019,A,G,0.0093, || id:ebi-a-GCST90001883,TRUE,reported,igd
3113,4.79899e-06,0.03065,93132015,14,0.1404,ebi-a-GCST90001883,rs7157523,T,C,0.2681, || id:ebi-a-GCST90001883,TRUE,reported,igd
3113,8.65605e-06,0.0327,35141783,18,-0.1457,ebi-a-GCST90001883,rs36015524,A,G,0.2212, || id:ebi-a-GCST90001883,TRUE,reported,igd
3113,6.06806e-06,0.02704,4925256,18,-0.1225,ebi-a-GCST90001883,rs9950268,G,A,0.3893, || id:ebi-a-GCST90001883,TRUE,reported,igd
3113,1.68601e-06,0.02659,54956254,19,0.1276,ebi-a-GCST90001883,rs10401901,C,A,0.4332, || id:ebi-a-GCST90001883,TRUE,reported,igd
3113,2.784e-06,0.1826,41897898,21,-0.8574,ebi-a-GCST90001883,rs150921517,T,C,0.0053, || id:ebi-a-GCST90001883,TRUE,reported,igd
