se.exposure,samplesize.exposure,chr.exposure,pval.exposure,beta.exposure,pos.exposure,id.exposure,SNP,effect_allele.exposure,other_allele.exposure,eaf.exposure,exposure,mr_keep.exposure,pval_origin.exposure,data_source.exposure
0.02606,3427,1,6.186e-07,0.1301,206796165,ebi-a-GCST90001573,rs6659397,C,T,0.4692, || id:ebi-a-GCST90001573,TRUE,reported,igd
0.02632,3427,1,2.10499e-07,-0.1369,226705690,ebi-a-GCST90001573,rs2126332,G,A,0.3737, || id:ebi-a-GCST90001573,TRUE,reported,igd
0.08359,3427,1,6.34702e-08,-0.4531,195825276,ebi-a-GCST90001573,rs7530076,A,G,0.9748, || id:ebi-a-GCST90001573,TRUE,reported,igd
0.09198,3427,1,5.14897e-08,-0.5021,157954450,ebi-a-GCST90001573,rs111902980,A,G,0.0193, || id:ebi-a-GCST90001573,TRUE,reported,igd
0.1303,3427,1,8.58598e-07,0.6423,195430336,ebi-a-GCST90001573,rs12133465,G,A,0.0096, || id:ebi-a-GCST90001573,TRUE,reported,igd
0.2632,3427,1,9.52796e-15,2.048,198283058,ebi-a-GCST90001573,rs541367304,A,G,0.0032, || id:ebi-a-GCST90001573,TRUE,reported,igd
0.0281,3427,2,1.256e-08,0.1603,38897249,ebi-a-GCST90001573,rs12712610,G,A,0.2969, || id:ebi-a-GCST90001573,TRUE,reported,igd
0.02544,3427,2,7.89587e-18,0.22,38921934,ebi-a-GCST90001573,rs7583259,G,C,0.5023, || id:ebi-a-GCST90001573,TRUE,reported,igd
0.02895,3427,3,7.03396e-08,-0.1564,24484006,ebi-a-GCST90001573,rs6782825,A,G,0.7509, || id:ebi-a-GCST90001573,TRUE,reported,igd
0.02841,3427,3,3.64099e-06,0.1318,140621480,ebi-a-GCST90001573,rs34513732,C,T,0.28, || id:ebi-a-GCST90001573,TRUE,reported,igd
0.06793,3427,4,5.16702e-06,-0.3101,147300773,ebi-a-GCST90001573,rs72729850,T,C,0.0363, || id:ebi-a-GCST90001573,TRUE,reported,igd
0.03659,3427,6,2.35603e-06,-0.173,32626267,ebi-a-GCST90001573,rs35139945,T,G,0.1929, || id:ebi-a-GCST90001573,TRUE,reported,igd
0.02918,3427,6,6.44303e-06,0.1318,4514319,ebi-a-GCST90001573,rs1265224,A,G,0.2498, || id:ebi-a-GCST90001573,TRUE,reported,igd
0.02776,3427,7,1.97002e-06,0.1322,55145382,ebi-a-GCST90001573,rs7809394,T,C,0.2988, || id:ebi-a-GCST90001573,TRUE,reported,igd
1.799,3427,7,7.45607e-06,8.071,2243789,ebi-a-GCST90001573,rs141942432,T,C,NA, || id:ebi-a-GCST90001573,TRUE,reported,igd
0.07099,3427,7,6.94001e-06,-0.3196,157846504,ebi-a-GCST90001573,rs112374765,T,G,0.0337, || id:ebi-a-GCST90001573,TRUE,reported,igd
0.02648,3427,8,3.84397e-06,-0.1225,121168145,ebi-a-GCST90001573,rs10738134,C,T,0.6129, || id:ebi-a-GCST90001573,TRUE,reported,igd
0.04239,3427,8,5.14695e-08,-0.2314,135490341,ebi-a-GCST90001573,rs116877116,A,G,0.1008, || id:ebi-a-GCST90001573,TRUE,reported,igd
0.02925,3427,8,8.47793e-06,-0.1304,19929781,ebi-a-GCST90001573,rs12115038,C,T,0.2804, || id:ebi-a-GCST90001573,TRUE,reported,igd
0.02757,3427,9,8.41008e-06,-0.123,129079854,ebi-a-GCST90001573,rs10987246,G,A,0.3157, || id:ebi-a-GCST90001573,TRUE,reported,igd
0.04118,3427,9,3.42302e-06,-0.1915,16436647,ebi-a-GCST90001573,rs117470554,C,T,0.1062, || id:ebi-a-GCST90001573,TRUE,reported,igd
0.05548,3427,10,7.55805e-07,0.275,21616206,ebi-a-GCST90001573,rs7085637,G,T,0.0587, || id:ebi-a-GCST90001573,TRUE,reported,igd
0.03972,3427,11,4.83805e-06,0.1819,44090370,ebi-a-GCST90001573,rs75679242,A,C,0.1148, || id:ebi-a-GCST90001573,TRUE,reported,igd
0.04703,3427,13,8.51609e-06,-0.2097,106560589,ebi-a-GCST90001573,rs117694717,A,T,0.0829, || id:ebi-a-GCST90001573,TRUE,reported,igd
0.1469,3427,13,3.58996e-06,0.6818,75648872,ebi-a-GCST90001573,rs80142288,G,A,0.007, || id:ebi-a-GCST90001573,TRUE,reported,igd
0.2078,3427,14,6.85899e-06,0.9363,47362685,ebi-a-GCST90001573,rs72676662,G,A,0.0038, || id:ebi-a-GCST90001573,TRUE,reported,igd
0.09289,3427,17,8.45396e-06,0.4143,38885512,ebi-a-GCST90001573,rs141687469,C,T,0.0194, || id:ebi-a-GCST90001573,TRUE,reported,igd
0.2355,3427,17,5.643e-06,-1.071,62913595,ebi-a-GCST90001573,rs368478932,C,G,0.0031, || id:ebi-a-GCST90001573,TRUE,reported,igd
0.02624,3427,22,8.60003e-07,-0.1294,38570219,ebi-a-GCST90001573,rs5756946,C,T,0.4215, || id:ebi-a-GCST90001573,TRUE,reported,igd
