pval.exposure,pos.exposure,chr.exposure,beta.exposure,samplesize.exposure,se.exposure,id.exposure,SNP,effect_allele.exposure,other_allele.exposure,eaf.exposure,exposure,mr_keep.exposure,pval_origin.exposure,data_source.exposure
1.00399e-08,182091538,1,0.9806,3437,0.1707,ebi-a-GCST90001481,rs187089343,C,A,0.0047, || id:ebi-a-GCST90001481,TRUE,reported,igd
7.66196e-06,203602440,1,0.2555,3437,0.05701,ebi-a-GCST90001481,rs78144227,A,G,0.0444, || id:ebi-a-GCST90001481,TRUE,reported,igd
2.36701e-06,214625781,1,2.691,3437,0.5693,ebi-a-GCST90001481,rs150956189,C,T,3e-04, || id:ebi-a-GCST90001481,TRUE,reported,igd
9.34695e-08,203502968,1,0.3706,3437,0.06927,ebi-a-GCST90001481,rs61828007,G,A,0.0289, || id:ebi-a-GCST90001481,TRUE,reported,igd
6.33097e-10,195430336,1,0.7179,3437,0.1158,ebi-a-GCST90001481,rs12133465,G,A,0.0096, || id:ebi-a-GCST90001481,TRUE,reported,igd
7.07995e-09,195919849,1,0.7278,3437,0.1254,ebi-a-GCST90001481,rs146899923,C,T,0.0089, || id:ebi-a-GCST90001481,TRUE,reported,igd
3.079e-08,193505625,1,0.4297,3437,0.07742,ebi-a-GCST90001481,rs60220946,T,C,0.0212, || id:ebi-a-GCST90001481,TRUE,reported,igd
6.13762e-13,191648600,1,1.292,3437,0.1788,ebi-a-GCST90001481,rs147071297,A,G,0.0039, || id:ebi-a-GCST90001481,TRUE,reported,igd
5.95498e-10,195825276,1,-0.463,3437,0.07456,ebi-a-GCST90001481,rs7530076,A,G,0.9748, || id:ebi-a-GCST90001481,TRUE,reported,igd
3.21514e-40,197924770,1,2.714,3437,0.2018,ebi-a-GCST90001481,rs17583875,A,G,0.0029, || id:ebi-a-GCST90001481,TRUE,reported,igd
4.92833e-18,190079170,1,1.793,3437,0.2061,ebi-a-GCST90001481,rs138915779,A,C,0.0035, || id:ebi-a-GCST90001481,TRUE,reported,igd
8.95097e-06,238096255,1,-0.4624,3437,0.104,ebi-a-GCST90001481,rs147958143,T,A,0.0111, || id:ebi-a-GCST90001481,TRUE,reported,igd
1.53801e-06,38077329,2,0.2951,3437,0.06128,ebi-a-GCST90001481,rs112553628,G,A,0.0352, || id:ebi-a-GCST90001481,TRUE,reported,igd
1.46791e-20,39176695,2,-0.2777,3437,0.02969,ebi-a-GCST90001481,rs413431,G,A,0.8154, || id:ebi-a-GCST90001481,TRUE,reported,igd
2.93697e-06,23924920,2,0.2445,3437,0.05221,ebi-a-GCST90001481,rs139681117,T,C,0.0528, || id:ebi-a-GCST90001481,TRUE,reported,igd
5.05697e-06,42378770,2,-0.1476,3437,0.0323,ebi-a-GCST90001481,rs12993274,C,A,0.1481, || id:ebi-a-GCST90001481,TRUE,reported,igd
7.68794e-06,73109350,2,0.2968,3437,0.06625,ebi-a-GCST90001481,rs76584473,A,G,0.0304, || id:ebi-a-GCST90001481,TRUE,reported,igd
3.39782e-38,38897810,2,0.2946,3437,0.02252,ebi-a-GCST90001481,rs6751481,C,T,0.4709, || id:ebi-a-GCST90001481,TRUE,reported,igd
2.14102e-08,41884212,2,0.209,3437,0.03723,ebi-a-GCST90001481,rs17607399,T,C,0.1084, || id:ebi-a-GCST90001481,TRUE,reported,igd
9.71203e-06,123422719,4,2.013,3437,0.4545,ebi-a-GCST90001481,rs138960714,C,A,6e-04, || id:ebi-a-GCST90001481,TRUE,reported,igd
1.357e-06,120100784,5,-0.1194,3437,0.02467,ebi-a-GCST90001481,rs10059100,G,A,0.3224, || id:ebi-a-GCST90001481,TRUE,reported,igd
5.12696e-06,31283604,6,-0.1327,3437,0.02906,ebi-a-GCST90001481,rs1634783,A,G,0.5121, || id:ebi-a-GCST90001481,TRUE,reported,igd
6.79908e-07,32637298,6,-0.1758,3437,0.03533,ebi-a-GCST90001481,rs9274712,T,C,0.3326, || id:ebi-a-GCST90001481,TRUE,reported,igd
8.77506e-06,28323922,8,0.831,3437,0.1867,ebi-a-GCST90001481,rs76109501,A,G,0.0033, || id:ebi-a-GCST90001481,TRUE,reported,igd
9.37001e-06,132542825,8,-0.1329,3437,0.02996,ebi-a-GCST90001481,rs273421,C,G,0.8356, || id:ebi-a-GCST90001481,TRUE,reported,igd
3.34603e-06,6096667,10,-0.2244,3437,0.0482,ebi-a-GCST90001481,rs12722496,G,A,0.0611, || id:ebi-a-GCST90001481,TRUE,reported,igd
5.99501e-07,13923816,11,1.588,3437,0.3176,ebi-a-GCST90001481,rs192123974,T,C,0.0016, || id:ebi-a-GCST90001481,TRUE,reported,igd
6.32601e-06,132114547,12,0.7514,3437,0.1662,ebi-a-GCST90001481,rs138463974,G,A,0.0047, || id:ebi-a-GCST90001481,TRUE,reported,igd
5.16797e-06,60389778,13,0.4351,3437,0.09531,ebi-a-GCST90001481,rs116850494,A,G,0.0145, || id:ebi-a-GCST90001481,TRUE,reported,igd
1.91501e-06,47523429,20,0.3448,3437,0.07228,ebi-a-GCST90001481,rs73124650,C,T,0.0249, || id:ebi-a-GCST90001481,TRUE,reported,igd
2.227e-06,47437969,20,0.2321,3437,0.04896,ebi-a-GCST90001481,rs79670457,T,C,0.0541, || id:ebi-a-GCST90001481,TRUE,reported,igd
