se.exposure,pval.exposure,pos.exposure,beta.exposure,samplesize.exposure,chr.exposure,id.exposure,SNP,effect_allele.exposure,other_allele.exposure,eaf.exposure,exposure,mr_keep.exposure,pval_origin.exposure,data_source.exposure
0.1933,1.17501e-09,199999121,-1.179,3405,1,ebi-a-GCST90001501,rs11579717,A,G,0.0044, || id:ebi-a-GCST90001501,TRUE,reported,igd
0.2282,1.46791e-18,198151688,-2.018,3405,1,ebi-a-GCST90001501,rs113435341,G,A,0.0032, || id:ebi-a-GCST90001501,TRUE,reported,igd
0.07469,1.77701e-06,113476831,-0.3574,3405,1,ebi-a-GCST90001501,rs76202906,A,C,0.0301, || id:ebi-a-GCST90001501,TRUE,reported,igd
0.1497,5.25799e-06,225934912,-0.683,3405,1,ebi-a-GCST90001501,rs112622820,A,G,0.0076, || id:ebi-a-GCST90001501,TRUE,reported,igd
0.2369,1.67302e-10,190079170,-1.518,3405,1,ebi-a-GCST90001501,rs138915779,A,C,0.0034, || id:ebi-a-GCST90001501,TRUE,reported,igd
0.7195,5.74103e-06,98004266,-3.269,3405,4,ebi-a-GCST90001501,rs115307639,G,T,7e-04, || id:ebi-a-GCST90001501,TRUE,reported,igd
0.5191,4.35502e-06,123422719,-2.389,3405,4,ebi-a-GCST90001501,rs138960714,C,A,6e-04, || id:ebi-a-GCST90001501,TRUE,reported,igd
0.8428,4.46797e-06,86967620,-3.873,3405,4,ebi-a-GCST90001501,rs114437347,C,G,3e-04, || id:ebi-a-GCST90001501,TRUE,reported,igd
0.3044,1.501e-06,121512597,1.467,3405,6,ebi-a-GCST90001501,rs75280379,C,T,0.0022, || id:ebi-a-GCST90001501,TRUE,reported,igd
0.1738,1.11199e-06,109035696,0.8482,3405,6,ebi-a-GCST90001501,rs1268153,A,G,0.0053, || id:ebi-a-GCST90001501,TRUE,reported,igd
0.08188,1.72699e-06,18003774,0.3923,3405,7,ebi-a-GCST90001501,rs17717645,C,T,0.0267, || id:ebi-a-GCST90001501,TRUE,reported,igd
0.1194,7.18092e-06,31426904,-0.5369,3405,7,ebi-a-GCST90001501,rs575051668,T,C,0.0119, || id:ebi-a-GCST90001501,TRUE,reported,igd
0.05733,7.93305e-09,6094697,0.3316,3405,10,ebi-a-GCST90001501,rs61839660,T,C,0.0542, || id:ebi-a-GCST90001501,TRUE,reported,igd
0.02732,6.74792e-06,6174601,-0.1232,3405,10,ebi-a-GCST90001501,rs10905876,G,A,0.3802, || id:ebi-a-GCST90001501,TRUE,reported,igd
0.6758,9.87393e-06,105304351,-2.992,3405,10,ebi-a-GCST90001501,rs56397630,C,T,3e-04, || id:ebi-a-GCST90001501,TRUE,reported,igd
0.05762,4.28499e-06,122520112,0.2653,3405,12,ebi-a-GCST90001501,rs75596315,T,C,0.0523, || id:ebi-a-GCST90001501,TRUE,reported,igd
0.1044,2.85299e-07,19280601,-0.5371,3405,13,ebi-a-GCST90001501,rs145600407,T,C,0.0206, || id:ebi-a-GCST90001501,TRUE,reported,igd
0.02577,2.90703e-06,26030485,-0.1207,3405,15,ebi-a-GCST90001501,rs7162344,A,G,0.4314, || id:ebi-a-GCST90001501,TRUE,reported,igd
0.3131,8.39209e-06,69446054,1.397,3405,16,ebi-a-GCST90001501,rs153054,G,A,0.0019, || id:ebi-a-GCST90001501,TRUE,reported,igd
0.2938,2.95101e-06,66206097,-1.375,3405,17,ebi-a-GCST90001501,rs147638541,G,A,0.0018, || id:ebi-a-GCST90001501,TRUE,reported,igd
0.04392,2.33297e-06,41137136,0.2078,3405,17,ebi-a-GCST90001501,rs149951966,C,T,0.1035, || id:ebi-a-GCST90001501,TRUE,reported,igd
0.04169,8.83202e-06,5713335,0.1855,3405,17,ebi-a-GCST90001501,rs72833913,A,C,0.1065, || id:ebi-a-GCST90001501,TRUE,reported,igd
0.02894,6.98908e-06,60137303,-0.1302,3405,18,ebi-a-GCST90001501,rs9709738,C,G,0.7336, || id:ebi-a-GCST90001501,TRUE,reported,igd
