pos.exposure,beta.exposure,se.exposure,pval.exposure,chr.exposure,samplesize.exposure,id.exposure,SNP,effect_allele.exposure,other_allele.exposure,eaf.exposure,exposure,mr_keep.exposure,pval_origin.exposure,data_source.exposure
156921889,-0.2886,0.06257,4.13304e-06,1,3427,ebi-a-GCST90001574,rs114892491,T,C,0.042, || id:ebi-a-GCST90001574,TRUE,reported,igd
245039866,0.2574,0.05184,7.18903e-07,1,3427,ebi-a-GCST90001574,rs9660907,C,T,0.0629, || id:ebi-a-GCST90001574,TRUE,reported,igd
195825276,-0.4005,0.08361,1.74e-06,1,3427,ebi-a-GCST90001574,rs7530076,A,G,0.9748, || id:ebi-a-GCST90001574,TRUE,reported,igd
198283058,1.561,0.264,3.70203e-09,1,3427,ebi-a-GCST90001574,rs541367304,A,G,0.0032, || id:ebi-a-GCST90001574,TRUE,reported,igd
229002885,0.2029,0.04021,4.73097e-07,1,3427,ebi-a-GCST90001574,rs57305384,C,G,0.1142, || id:ebi-a-GCST90001574,TRUE,reported,igd
190099416,0.1148,0.02554,7.13493e-06,1,3427,ebi-a-GCST90001574,rs10920583,A,G,0.4943, || id:ebi-a-GCST90001574,TRUE,reported,igd
87035076,0.1903,0.03241,4.74602e-09,2,3427,ebi-a-GCST90001574,rs6755452,G,T,0.1886, || id:ebi-a-GCST90001574,TRUE,reported,igd
67543324,-0.7933,0.1732,4.79999e-06,2,3427,ebi-a-GCST90001574,rs78911530,A,G,0.0053, || id:ebi-a-GCST90001574,TRUE,reported,igd
38920621,0.202,0.02624,1.77501e-14,2,3427,ebi-a-GCST90001574,rs6729180,T,C,0.3844, || id:ebi-a-GCST90001574,TRUE,reported,igd
38897810,0.1217,0.02575,2.36499e-06,2,3427,ebi-a-GCST90001574,rs6751481,C,T,0.4704, || id:ebi-a-GCST90001574,TRUE,reported,igd
78637361,0.1294,0.02573,5.11399e-07,3,3427,ebi-a-GCST90001574,rs36060603,G,A,0.5201, || id:ebi-a-GCST90001574,TRUE,reported,igd
172937884,0.127,0.02658,1.844e-06,4,3427,ebi-a-GCST90001574,rs10003087,G,T,0.3764, || id:ebi-a-GCST90001574,TRUE,reported,igd
98468131,0.3462,0.07706,7.26307e-06,5,3427,ebi-a-GCST90001574,rs78513507,T,C,0.0285, || id:ebi-a-GCST90001574,TRUE,reported,igd
52915612,-0.493,0.1102,7.90606e-06,5,3427,ebi-a-GCST90001574,rs142421834,G,A,0.0128, || id:ebi-a-GCST90001574,TRUE,reported,igd
149696943,-0.2404,0.05179,3.56303e-06,5,3427,ebi-a-GCST90001574,rs76673582,T,C,0.0681, || id:ebi-a-GCST90001574,TRUE,reported,igd
31363510,0.15,0.03118,1.575e-06,6,3427,ebi-a-GCST90001574,rs9266797,T,C,0.4581, || id:ebi-a-GCST90001574,TRUE,reported,igd
32205324,-0.2166,0.03665,3.73904e-09,6,3427,ebi-a-GCST90001574,rs111983490,A,G,0.2107, || id:ebi-a-GCST90001574,TRUE,reported,igd
32512048,0.3118,0.05137,1.43301e-09,6,3427,ebi-a-GCST90001574,rs28584364,T,C,0.6185, || id:ebi-a-GCST90001574,TRUE,reported,igd
122641368,0.4277,0.09356,5.01996e-06,7,3427,ebi-a-GCST90001574,rs17692789,A,C,0.0182, || id:ebi-a-GCST90001574,TRUE,reported,igd
2243789,8.507,1.797,2.28702e-06,7,3427,ebi-a-GCST90001574,rs141942432,T,C,NA, || id:ebi-a-GCST90001574,TRUE,reported,igd
146971931,-1.329,0.2999,9.62809e-06,7,3427,ebi-a-GCST90001574,rs117481225,C,T,0.0019, || id:ebi-a-GCST90001574,TRUE,reported,igd
27567035,-1.179,0.2581,5.09003e-06,7,3427,ebi-a-GCST90001574,rs147717252,A,T,0.0023, || id:ebi-a-GCST90001574,TRUE,reported,igd
120231514,0.2461,0.05526,8.72891e-06,9,3427,ebi-a-GCST90001574,rs146907982,A,G,0.0584, || id:ebi-a-GCST90001574,TRUE,reported,igd
106402698,0.558,0.1226,5.55495e-06,11,3427,ebi-a-GCST90001574,rs35706962,T,C,0.0114, || id:ebi-a-GCST90001574,TRUE,reported,igd
27632799,-0.6539,0.1382,2.32702e-06,12,3427,ebi-a-GCST90001574,rs116088408,T,A,0.0083, || id:ebi-a-GCST90001574,TRUE,reported,igd
51836616,-0.1219,0.02662,4.82903e-06,12,3427,ebi-a-GCST90001574,rs10876180,T,C,0.6315, || id:ebi-a-GCST90001574,TRUE,reported,igd
12690226,-0.1748,0.03821,4.95097e-06,19,3427,ebi-a-GCST90001574,rs11669637,T,G,0.1263, || id:ebi-a-GCST90001574,TRUE,reported,igd
