pos.exposure,pval.exposure,samplesize.exposure,beta.exposure,chr.exposure,se.exposure,id.exposure,SNP,effect_allele.exposure,other_allele.exposure,eaf.exposure,exposure,mr_keep.exposure,pval_origin.exposure,data_source.exposure
70942862,9.5971e-06,3595,0.1622,1,0.0366,ebi-a-GCST90001475,rs76950373,C,T,0.1367, || id:ebi-a-GCST90001475,TRUE,reported,igd
19059471,2.85102e-06,3595,-0.1231,1,0.02626,ebi-a-GCST90001475,rs9439731,C,T,0.3644, || id:ebi-a-GCST90001475,TRUE,reported,igd
166381821,8.531e-06,3595,0.1374,1,0.03081,ebi-a-GCST90001475,rs7538058,G,T,0.7944, || id:ebi-a-GCST90001475,TRUE,reported,igd
217877436,3.84601e-06,3595,-1.812,2,0.3917,ebi-a-GCST90001475,rs116670542,A,G,8e-04, || id:ebi-a-GCST90001475,TRUE,reported,igd
106940570,8.30902e-08,3595,-0.5052,2,0.09405,ebi-a-GCST90001475,rs187260865,T,C,0.0185, || id:ebi-a-GCST90001475,TRUE,reported,igd
39734023,7.74694e-06,3595,-0.2782,2,0.06213,ebi-a-GCST90001475,rs17023874,T,C,0.0421, || id:ebi-a-GCST90001475,TRUE,reported,igd
3233271,9.56908e-06,3595,-0.1735,3,0.03914,ebi-a-GCST90001475,rs7624992,T,C,0.1139, || id:ebi-a-GCST90001475,TRUE,reported,igd
180110875,9.82992e-06,3595,0.2039,3,0.04605,ebi-a-GCST90001475,rs2878953,T,C,0.0771, || id:ebi-a-GCST90001475,TRUE,reported,igd
31394424,3.90598e-10,3595,-0.2295,6,0.03657,ebi-a-GCST90001475,rs62395272,T,C,0.2819, || id:ebi-a-GCST90001475,TRUE,reported,igd
32581059,5.37155e-23,3595,-0.3029,6,0.03046,ebi-a-GCST90001475,rs9271281,T,C,0.5808, || id:ebi-a-GCST90001475,TRUE,reported,igd
32594188,1.68384e-14,3595,-0.2475,6,0.03213,ebi-a-GCST90001475,rs9271768,G,A,0.4356, || id:ebi-a-GCST90001475,TRUE,reported,igd
32736005,5.86138e-11,3595,-0.1923,6,0.02928,ebi-a-GCST90001475,rs9296042,T,C,0.5013, || id:ebi-a-GCST90001475,TRUE,reported,igd
32223191,1.35101e-10,3595,0.3326,6,0.05164,ebi-a-GCST90001475,rs9469094,C,G,0.0861, || id:ebi-a-GCST90001475,TRUE,reported,igd
15221128,6.63804e-07,3595,0.2678,6,0.05377,ebi-a-GCST90001475,rs116322630,T,C,0.0633, || id:ebi-a-GCST90001475,TRUE,reported,igd
109646216,9.67208e-06,3595,0.1173,6,0.02647,ebi-a-GCST90001475,rs2090888,T,A,0.6394, || id:ebi-a-GCST90001475,TRUE,reported,igd
3175873,4.20397e-06,3595,-0.1283,8,0.02784,ebi-a-GCST90001475,rs2113347,C,G,0.2826, || id:ebi-a-GCST90001475,TRUE,reported,igd
10550265,8.39093e-06,3595,-0.5588,10,0.1253,ebi-a-GCST90001475,rs61835728,T,C,0.0103, || id:ebi-a-GCST90001475,TRUE,reported,igd
51947803,9.25699e-06,3595,0.5024,12,0.1131,ebi-a-GCST90001475,rs150066324,T,A,0.0129, || id:ebi-a-GCST90001475,TRUE,reported,igd
112684221,5.34995e-07,3595,-0.1366,12,0.02719,ebi-a-GCST90001475,rs7953257,T,A,0.531, || id:ebi-a-GCST90001475,TRUE,reported,igd
81293101,2.943e-06,3595,0.5761,14,0.123,ebi-a-GCST90001475,rs12436392,C,T,0.9897, || id:ebi-a-GCST90001475,TRUE,reported,igd
35262843,2.68201e-06,3595,-0.1742,18,0.03706,ebi-a-GCST90001475,rs62083470,C,T,0.1305, || id:ebi-a-GCST90001475,TRUE,reported,igd
41033109,5.65405e-06,3595,0.1843,19,0.04055,ebi-a-GCST90001475,rs10410907,T,C,0.1067, || id:ebi-a-GCST90001475,TRUE,reported,igd
61265397,2.67202e-06,3595,-0.3757,20,0.07989,ebi-a-GCST90001475,rs6010756,C,A,0.0243, || id:ebi-a-GCST90001475,TRUE,reported,igd
