chr.exposure,pval.exposure,pos.exposure,se.exposure,beta.exposure,samplesize.exposure,id.exposure,SNP,effect_allele.exposure,other_allele.exposure,eaf.exposure,exposure,mr_keep.exposure,pval_origin.exposure,data_source.exposure
1,1.10601e-06,149815561,0.39,-1.903,3657,ebi-a-GCST90001730,rs142109788,G,A,0.001, || id:ebi-a-GCST90001730,TRUE,reported,igd
1,1.22301e-09,207276336,0.09163,0.5583,3657,ebi-a-GCST90001730,rs113812519,G,A,0.0185, || id:ebi-a-GCST90001730,TRUE,reported,igd
1,3.64897e-10,206855483,0.089,0.5594,3657,ebi-a-GCST90001730,rs112417310,A,G,0.0201, || id:ebi-a-GCST90001730,TRUE,reported,igd
1,1.33601e-08,207018206,0.0892,0.5079,3657,ebi-a-GCST90001730,rs144743804,A,G,0.0197, || id:ebi-a-GCST90001730,TRUE,reported,igd
2,3.55304e-06,174113733,0.04163,0.1933,3657,ebi-a-GCST90001730,rs1345010,G,T,0.0946, || id:ebi-a-GCST90001730,TRUE,reported,igd
3,4.85501e-06,111246616,0.1253,-0.5736,3657,ebi-a-GCST90001730,rs143403164,A,G,0.01, || id:ebi-a-GCST90001730,TRUE,reported,igd
3,7.03396e-06,100703124,0.02712,0.122,3657,ebi-a-GCST90001730,rs1449311,A,G,0.3074, || id:ebi-a-GCST90001730,TRUE,reported,igd
4,8.44598e-06,170699036,0.2664,-1.188,3657,ebi-a-GCST90001730,rs115727814,A,G,0.0021, || id:ebi-a-GCST90001730,TRUE,reported,igd
4,5.88207e-06,25916457,0.03353,-0.1521,3657,ebi-a-GCST90001730,rs12642193,G,A,0.1575, || id:ebi-a-GCST90001730,TRUE,reported,igd
5,8.33508e-06,82870211,0.1325,0.5914,3657,ebi-a-GCST90001730,rs13164259,A,C,0.0083, || id:ebi-a-GCST90001730,TRUE,reported,igd
6,3.58996e-06,36793516,0.1074,0.4986,3657,ebi-a-GCST90001730,rs764603,C,A,0.0131, || id:ebi-a-GCST90001730,TRUE,reported,igd
6,6.76706e-06,31240823,0.03414,-0.1539,3657,ebi-a-GCST90001730,rs2524090,A,C,0.31, || id:ebi-a-GCST90001730,TRUE,reported,igd
7,1.05801e-06,56291533,0.05367,0.2624,3657,ebi-a-GCST90001730,rs12216684,A,G,0.0543, || id:ebi-a-GCST90001730,TRUE,reported,igd
8,5.01996e-06,141772905,0.05384,-0.2461,3657,ebi-a-GCST90001730,rs80273434,C,G,0.0535, || id:ebi-a-GCST90001730,TRUE,reported,igd
9,3.93496e-06,133354402,0.6779,-3.133,3657,ebi-a-GCST90001730,rs75912463,C,T,3e-04, || id:ebi-a-GCST90001730,TRUE,reported,igd
10,3.51901e-06,67011620,0.1075,-0.4991,3657,ebi-a-GCST90001730,rs76289004,G,A,0.0139, || id:ebi-a-GCST90001730,TRUE,reported,igd
11,9.25699e-06,72165045,0.253,-1.124,3657,ebi-a-GCST90001730,rs11825488,A,G,0.0021, || id:ebi-a-GCST90001730,TRUE,reported,igd
11,5.98605e-06,132221605,0.04047,-0.1835,3657,ebi-a-GCST90001730,rs67316035,A,T,0.1036, || id:ebi-a-GCST90001730,TRUE,reported,igd
12,6.66193e-06,44929593,0.04005,0.1807,3657,ebi-a-GCST90001730,rs79699942,G,A,0.1107, || id:ebi-a-GCST90001730,TRUE,reported,igd
15,2.02302e-06,65505785,0.02605,0.124,3657,ebi-a-GCST90001730,rs1955142,C,A,0.6449, || id:ebi-a-GCST90001730,TRUE,reported,igd
16,1.20501e-07,17323672,0.0388,-0.2058,3657,ebi-a-GCST90001730,rs754067,C,T,0.1143, || id:ebi-a-GCST90001730,TRUE,reported,igd
16,1.49599e-08,32422808,0.2174,-1.234,3657,ebi-a-GCST90001730,rs138920008,C,G,0.0041, || id:ebi-a-GCST90001730,TRUE,reported,igd
17,4.80397e-06,63085557,0.05611,-0.257,3657,ebi-a-GCST90001730,rs148381451,T,C,0.0496, || id:ebi-a-GCST90001730,TRUE,reported,igd
17,2.67301e-06,77948063,0.02452,0.1153,3657,ebi-a-GCST90001730,rs1290397,A,G,0.51, || id:ebi-a-GCST90001730,TRUE,reported,igd
19,9.58407e-06,56408295,0.03879,-0.1719,3657,ebi-a-GCST90001730,rs2903728,C,T,0.1147, || id:ebi-a-GCST90001730,TRUE,reported,igd
