se.exposure,pval.exposure,chr.exposure,samplesize.exposure,pos.exposure,beta.exposure,id.exposure,SNP,effect_allele.exposure,other_allele.exposure,eaf.exposure,exposure,mr_keep.exposure,pval_origin.exposure,data_source.exposure
0.199,2.81598e-10,1,3437,197921246,1.259,ebi-a-GCST90001484,rs115328872,A,G,0.0036, || id:ebi-a-GCST90001484,TRUE,reported,igd
0.1367,1.44901e-06,1,3437,195919849,0.66,ebi-a-GCST90001484,rs146899923,C,T,0.0089, || id:ebi-a-GCST90001484,TRUE,reported,igd
0.3749,2.52802e-06,2,3437,97689175,1.767,ebi-a-GCST90001484,rs183612488,C,T,0.001, || id:ebi-a-GCST90001484,TRUE,reported,igd
0.03462,1.64301e-06,2,3437,38911130,-0.1662,ebi-a-GCST90001484,rs75834156,T,C,0.1589, || id:ebi-a-GCST90001484,TRUE,reported,igd
0.06134,3.41397e-06,2,3437,85424907,0.2854,ebi-a-GCST90001484,rs77718305,T,C,0.0425, || id:ebi-a-GCST90001484,TRUE,reported,igd
0.02792,9.78003e-06,2,3437,197121290,-0.1237,ebi-a-GCST90001484,rs11676839,C,A,0.7296, || id:ebi-a-GCST90001484,TRUE,reported,igd
0.02509,2.90402e-06,3,3437,60364770,-0.1175,ebi-a-GCST90001484,rs11718018,C,T,0.4149, || id:ebi-a-GCST90001484,TRUE,reported,igd
0.1133,2.91099e-06,6,3437,57764436,0.5307,ebi-a-GCST90001484,rs141700904,G,A,0.0124, || id:ebi-a-GCST90001484,TRUE,reported,igd
0.1831,6.29303e-06,6,3437,93571691,0.8281,ebi-a-GCST90001484,rs62416192,T,C,0.0049, || id:ebi-a-GCST90001484,TRUE,reported,igd
0.03152,3.93604e-06,7,3437,86574111,-0.1457,ebi-a-GCST90001484,rs73196633,C,A,0.1977, || id:ebi-a-GCST90001484,TRUE,reported,igd
0.08125,8.52001e-06,8,3437,4556480,-0.3623,ebi-a-GCST90001484,rs78809247,T,C,0.0239, || id:ebi-a-GCST90001484,TRUE,reported,igd
0.03091,4.26796e-06,10,3437,18717348,-0.1424,ebi-a-GCST90001484,rs7077127,T,G,0.2054, || id:ebi-a-GCST90001484,TRUE,reported,igd
0.214,6.68498e-06,10,3437,109896541,-0.9654,ebi-a-GCST90001484,rs117572834,G,T,0.0031, || id:ebi-a-GCST90001484,TRUE,reported,igd
0.07135,3.07326e-16,10,3437,95387682,0.5858,ebi-a-GCST90001484,rs192831774,T,A,0.0313, || id:ebi-a-GCST90001484,TRUE,reported,igd
0.07483,8.367e-06,10,3437,100125216,-0.3339,ebi-a-GCST90001484,rs4917830,A,G,0.9711, || id:ebi-a-GCST90001484,TRUE,reported,igd
0.1268,3.49897e-07,10,3437,97204949,0.647,ebi-a-GCST90001484,rs118112011,G,A,0.0095, || id:ebi-a-GCST90001484,TRUE,reported,igd
0.02028,1e-200,10,3437,97475574,-0.8878,ebi-a-GCST90001484,rs4918962,C,A,0.5738, || id:ebi-a-GCST90001484,TRUE,reported,igd
0.0529,8.3888e-27,10,3437,98173715,-0.5718,ebi-a-GCST90001484,rs1923692,G,T,0.9453, || id:ebi-a-GCST90001484,TRUE,reported,igd
0.02438,6.65733e-50,10,3437,97741071,-0.3681,ebi-a-GCST90001484,rs10882701,C,A,0.5141, || id:ebi-a-GCST90001484,TRUE,reported,igd
0.04326,1.97601e-08,10,3437,107757380,0.2434,ebi-a-GCST90001484,rs4293064,A,C,0.0899, || id:ebi-a-GCST90001484,TRUE,reported,igd
0.02654,4.84842e-14,10,3437,96998744,0.2009,ebi-a-GCST90001484,rs12778837,C,T,0.3595, || id:ebi-a-GCST90001484,TRUE,reported,igd
0.05251,7.06968e-25,10,3437,97285715,0.5451,ebi-a-GCST90001484,rs72809757,G,A,0.0588, || id:ebi-a-GCST90001484,TRUE,reported,igd
0.02724,4.62104e-06,12,3437,10389074,0.125,ebi-a-GCST90001484,rs7963011,T,C,0.2733, || id:ebi-a-GCST90001484,TRUE,reported,igd
0.02677,7.92702e-06,13,3437,44805761,-0.1198,ebi-a-GCST90001484,rs7328393,G,C,0.6881, || id:ebi-a-GCST90001484,TRUE,reported,igd
0.09898,5.98494e-06,15,3437,94569845,0.4488,ebi-a-GCST90001484,rs143895795,G,T,0.0163, || id:ebi-a-GCST90001484,TRUE,reported,igd
0.06305,6.49397e-06,15,3437,94581009,0.2848,ebi-a-GCST90001484,rs2127464,G,C,0.0378, || id:ebi-a-GCST90001484,TRUE,reported,igd
0.2258,8.20106e-06,18,3437,34080354,1.009,ebi-a-GCST90001484,rs116988060,T,A,0.0031, || id:ebi-a-GCST90001484,TRUE,reported,igd
0.04972,7.53703e-06,20,3437,3033175,-0.223,ebi-a-GCST90001484,rs2326054,C,T,0.0628, || id:ebi-a-GCST90001484,TRUE,reported,igd
