samplesize.exposure,pos.exposure,se.exposure,beta.exposure,pval.exposure,chr.exposure,id.exposure,SNP,effect_allele.exposure,other_allele.exposure,eaf.exposure,exposure,mr_keep.exposure,pval_origin.exposure,data_source.exposure
3437,199999121,0.1774,-1.776,2.93022e-23,1,ebi-a-GCST90001493,rs11579717,A,G,0.0044, || id:ebi-a-GCST90001493,TRUE,reported,igd
3437,194010208,0.1841,-1.417,1.78115e-14,1,ebi-a-GCST90001493,rs116794175,C,T,0.0042, || id:ebi-a-GCST90001493,TRUE,reported,igd
3437,182091538,0.1809,-0.8547,2.38699e-06,1,ebi-a-GCST90001493,rs187089343,C,A,0.0047, || id:ebi-a-GCST90001493,TRUE,reported,igd
3437,230492271,0.3412,1.612,2.38699e-06,1,ebi-a-GCST90001493,rs11577174,T,C,0.0012, || id:ebi-a-GCST90001493,TRUE,reported,igd
3437,195875605,0.125,-0.6193,7.59994e-07,1,ebi-a-GCST90001493,rs34645541,A,C,0.0095, || id:ebi-a-GCST90001493,TRUE,reported,igd
3437,193505625,0.08175,-0.4131,4.56499e-07,1,ebi-a-GCST90001493,rs60220946,T,C,0.0212, || id:ebi-a-GCST90001493,TRUE,reported,igd
3437,248047667,0.02583,0.1243,1.547e-06,1,ebi-a-GCST90001493,rs12744266,A,G,0.2979, || id:ebi-a-GCST90001493,TRUE,reported,igd
3437,198151688,0.2093,-2.54,3.13834e-33,1,ebi-a-GCST90001493,rs113435341,G,A,0.0032, || id:ebi-a-GCST90001493,TRUE,reported,igd
3437,5012020,0.04589,0.212,3.97796e-06,1,ebi-a-GCST90001493,rs75981740,G,A,0.0711, || id:ebi-a-GCST90001493,TRUE,reported,igd
3437,41884212,0.03894,-0.2213,1.43599e-08,2,ebi-a-GCST90001493,rs17607399,T,C,0.1084, || id:ebi-a-GCST90001493,TRUE,reported,igd
3437,39176695,0.03106,0.2955,3.30598e-21,2,ebi-a-GCST90001493,rs413431,G,A,0.8154, || id:ebi-a-GCST90001493,TRUE,reported,igd
3437,38897810,0.02374,-0.2879,3.53021e-33,2,ebi-a-GCST90001493,rs6751481,C,T,0.4709, || id:ebi-a-GCST90001493,TRUE,reported,igd
3437,208014310,0.04753,-0.2131,7.55301e-06,2,ebi-a-GCST90001493,rs72966214,C,T,0.0701, || id:ebi-a-GCST90001493,TRUE,reported,igd
3437,42378770,0.03388,0.1532,6.29695e-06,2,ebi-a-GCST90001493,rs12993274,C,A,0.1481, || id:ebi-a-GCST90001493,TRUE,reported,igd
3437,122780838,0.1759,-0.814,3.82798e-06,4,ebi-a-GCST90001493,rs62322628,T,C,0.0049, || id:ebi-a-GCST90001493,TRUE,reported,igd
3437,27694229,0.08266,-0.3801,4.42497e-06,5,ebi-a-GCST90001493,rs11739607,C,T,0.0214, || id:ebi-a-GCST90001493,TRUE,reported,igd
3437,120100784,0.02585,0.1188,4.48301e-06,5,ebi-a-GCST90001493,rs10059100,G,A,0.3224, || id:ebi-a-GCST90001493,TRUE,reported,igd
3437,31315165,0.03104,0.1387,8.15004e-06,6,ebi-a-GCST90001493,rs9265947,C,T,0.5804, || id:ebi-a-GCST90001493,TRUE,reported,igd
3437,3414155,0.0242,0.1091,6.76893e-06,8,ebi-a-GCST90001493,rs7825970,T,G,0.5701, || id:ebi-a-GCST90001493,TRUE,reported,igd
3437,49024059,0.04708,-0.2123,6.72698e-06,8,ebi-a-GCST90001493,rs73579441,C,T,0.0716, || id:ebi-a-GCST90001493,TRUE,reported,igd
3437,132542825,0.03147,0.1507,1.75902e-06,8,ebi-a-GCST90001493,rs273421,C,G,0.8356, || id:ebi-a-GCST90001493,TRUE,reported,igd
3437,3651438,0.08352,-0.4074,1.118e-06,8,ebi-a-GCST90001493,rs79224901,C,G,0.0221, || id:ebi-a-GCST90001493,TRUE,reported,igd
3437,86285391,0.179,-0.7938,9.50605e-06,9,ebi-a-GCST90001493,rs117608988,C,T,0.0044, || id:ebi-a-GCST90001493,TRUE,reported,igd
3437,135102542,0.1159,-0.5285,5.28896e-06,9,ebi-a-GCST90001493,rs79607503,A,G,0.0097, || id:ebi-a-GCST90001493,TRUE,reported,igd
3437,6111075,0.03354,0.1629,1.24799e-06,10,ebi-a-GCST90001493,rs7893324,C,T,0.1562, || id:ebi-a-GCST90001493,TRUE,reported,igd
3437,56009543,0.03323,0.1495,7.07099e-06,12,ebi-a-GCST90001493,rs4759006,A,G,0.1565, || id:ebi-a-GCST90001493,TRUE,reported,igd
3437,36528979,0.07552,0.3416,6.29898e-06,13,ebi-a-GCST90001493,rs186940149,T,A,0.0256, || id:ebi-a-GCST90001493,TRUE,reported,igd
3437,21794935,0.04618,-0.2105,5.35895e-06,13,ebi-a-GCST90001493,rs2148708,G,A,0.9326, || id:ebi-a-GCST90001493,TRUE,reported,igd
3437,92726328,0.06472,0.2934,5.97806e-06,14,ebi-a-GCST90001493,rs79235233,G,C,0.0342, || id:ebi-a-GCST90001493,TRUE,reported,igd
3437,24263725,0.02486,0.1197,1.54e-06,18,ebi-a-GCST90001493,rs562562,A,G,0.3714, || id:ebi-a-GCST90001493,TRUE,reported,igd
3437,28835840,0.2144,-1.008,2.66999e-06,22,ebi-a-GCST90001493,rs369976766,A,T,0.0035, || id:ebi-a-GCST90001493,TRUE,reported,igd
