"id.exposure","id.outcome","outcome","exposure","method","nsnp","b","se","pval","lo_ci","up_ci","or","or_lci95","or_uci95"
"ebi-a-GCST90001534","summary_stats_release_finngen_R12_FE_STRICT","summary_stats_release_finngen_R12_FE_STRICT","ebi-a-GCST90001534","Inverse variance weighted",15,0.00412109381599324,0.012682231089503,0.745218745485289,-0.0207360791194327,0.0289782667514192,1.00412959720018,0.979477435007229,1.02940222197764
"ebi-a-GCST90001534","summary_stats_release_finngen_R12_FE_STRICT","summary_stats_release_finngen_R12_FE_STRICT","ebi-a-GCST90001534","MR Egger",15,-0.00375758990266073,0.0145567437340291,0.800345021110502,-0.0322888076213579,0.0247736278160364,0.996249461004041,0.96822691038456,1.02508304397017
"ebi-a-GCST90001534","summary_stats_release_finngen_R12_FE_STRICT","summary_stats_release_finngen_R12_FE_STRICT","ebi-a-GCST90001534","Weighted median",15,-0.00544826670431767,0.0140792772153246,0.698777954869183,-0.0330436500463539,0.0221471166377186,0.994566548183359,0.967496327407782,1.02239418460185
"ebi-a-GCST90001535","summary_stats_release_finngen_R12_FE_STRICT","summary_stats_release_finngen_R12_FE_STRICT","ebi-a-GCST90001535","Inverse variance weighted",30,0.0166363410485777,0.0172003707710532,0.333439923221469,-0.0170763856626866,0.0503490677598419,1.01677549557336,0.983068589421178,1.05163812527787
"ebi-a-GCST90001535","summary_stats_release_finngen_R12_FE_STRICT","summary_stats_release_finngen_R12_FE_STRICT","ebi-a-GCST90001535","MR Egger",30,0.0354808795150385,0.0253959768933919,0.173356271226249,-0.0142952351960095,0.0852569942260866,1.03611783686315,0.985806456532883,1.08899689665418
"ebi-a-GCST90001535","summary_stats_release_finngen_R12_FE_STRICT","summary_stats_release_finngen_R12_FE_STRICT","ebi-a-GCST90001535","Weighted median",30,0.0360413949143515,0.0251913234832638,0.152514296480199,-0.0133335991128454,0.0854163889415485,1.03669875965909,0.986754899547925,1.0891704908393
"ebi-a-GCST90001536","summary_stats_release_finngen_R12_FE_STRICT","summary_stats_release_finngen_R12_FE_STRICT","ebi-a-GCST90001536","Inverse variance weighted",26,9.11496133703304e-05,0.00659755883884615,0.988977050833188,-0.0128400657107681,0.0130223649375088,1.00009115376762,0.987242016244808,1.01310752519293
"ebi-a-GCST90001536","summary_stats_release_finngen_R12_FE_STRICT","summary_stats_release_finngen_R12_FE_STRICT","ebi-a-GCST90001536","MR Egger",26,-0.00405016637333659,0.007544571693938,0.59632583672345,-0.0188375268934551,0.0107371941467819,0.99595802448864,0.981338790452915,1.01079504468127
"ebi-a-GCST90001536","summary_stats_release_finngen_R12_FE_STRICT","summary_stats_release_finngen_R12_FE_STRICT","ebi-a-GCST90001536","Weighted median",26,-0.0044811344291796,0.00882055702113363,0.611430170060471,-0.0217694261906015,0.0128071573322423,0.995528890873207,0.978465817634431,1.01288952020756
"ebi-a-GCST90001537","summary_stats_release_finngen_R12_FE_STRICT","summary_stats_release_finngen_R12_FE_STRICT","ebi-a-GCST90001537","Inverse variance weighted",28,0.00145919193324985,0.018654254702034,0.937650659565751,-0.0351031472827367,0.0380215311492364,1.00146025707182,0.96550582181922,1.03875359819646
"ebi-a-GCST90001537","summary_stats_release_finngen_R12_FE_STRICT","summary_stats_release_finngen_R12_FE_STRICT","ebi-a-GCST90001537","MR Egger",28,-0.00586162490049461,0.0266175086008118,0.827422246952563,-0.0580319417580858,0.0463086919570966,0.994155520905623,0.943619806079846,1.04739768429945
"ebi-a-GCST90001537","summary_stats_release_finngen_R12_FE_STRICT","summary_stats_release_finngen_R12_FE_STRICT","ebi-a-GCST90001537","Weighted median",28,-0.0107102252614424,0.0251108880424704,0.669731029030081,-0.0599275658246843,0.0385071153017995,0.989346924988479,0.941832751992223,1.03925812296687
"ebi-a-GCST90001538","summary_stats_release_finngen_R12_FE_STRICT","summary_stats_release_finngen_R12_FE_STRICT","ebi-a-GCST90001538","Inverse variance weighted",32,0.00385843822237367,0.00631454200526933,0.541173049788535,-0.00851806410795421,0.0162349405527016,1.00386589157815,0.991518111810983,1.01636744328692
"ebi-a-GCST90001538","summary_stats_release_finngen_R12_FE_STRICT","summary_stats_release_finngen_R12_FE_STRICT","ebi-a-GCST90001538","MR Egger",32,0.00106837839196834,0.0069495111961047,0.878848718694117,-0.0125526635523969,0.0146894203363335,1.00106894931146,0.987525792508114,1.01479784009522
"ebi-a-GCST90001538","summary_stats_release_finngen_R12_FE_STRICT","summary_stats_release_finngen_R12_FE_STRICT","ebi-a-GCST90001538","Weighted median",32,0.00168901518907173,0.00762025736639156,0.824587873870785,-0.0132466892490557,0.0166247196271992,1.00169044237863,0.986840662008587,1.01676367926554
"ebi-a-GCST90001539","summary_stats_release_finngen_R12_FE_STRICT","summary_stats_release_finngen_R12_FE_STRICT","ebi-a-GCST90001539","Inverse variance weighted",24,0.0318686030880336,0.0203748088942402,0.117789885466878,-0.00806602234467717,0.0718032285207445,1.03238184460626,0.99196642072611,1.07444390334551
"ebi-a-GCST90001539","summary_stats_release_finngen_R12_FE_STRICT","summary_stats_release_finngen_R12_FE_STRICT","ebi-a-GCST90001539","MR Egger",24,0.0427130368842871,0.0330174275200759,0.209203861567427,-0.0220011210550617,0.107427194823636,1.04363836615859,0.978239138390658,1.11340979579905
"ebi-a-GCST90001539","summary_stats_release_finngen_R12_FE_STRICT","summary_stats_release_finngen_R12_FE_STRICT","ebi-a-GCST90001539","Weighted median",24,0.0554864123669518,0.0328954055986642,0.0916509247798987,-0.00898858260642993,0.119961407340334,1.05705465410409,0.991051693935527,1.12745333931674
"ebi-a-GCST90001540","summary_stats_release_finngen_R12_FE_STRICT","summary_stats_release_finngen_R12_FE_STRICT","ebi-a-GCST90001540","Inverse variance weighted",25,0.00584068618634252,0.0239737757287885,0.807518838854627,-0.0411479142420829,0.052829286614768,1.00585777625027,0.959687168048866,1.05424965522893
"ebi-a-GCST90001540","summary_stats_release_finngen_R12_FE_STRICT","summary_stats_release_finngen_R12_FE_STRICT","ebi-a-GCST90001540","MR Egger",25,-0.0262304066584024,0.0483256176566871,0.592499537353879,-0.120948617265509,0.0684878039487044,0.974110622176977,0.886079487610238,1.07088756427167
"ebi-a-GCST90001540","summary_stats_release_finngen_R12_FE_STRICT","summary_stats_release_finngen_R12_FE_STRICT","ebi-a-GCST90001540","Weighted median",25,-0.0215020754528907,0.0350466114443186,0.539527311798034,-0.0901934338837552,0.0471892829779737,0.978727446164332,0.913754417109603,1.04832041951208
"ebi-a-GCST90001541","summary_stats_release_finngen_R12_FE_STRICT","summary_stats_release_finngen_R12_FE_STRICT","ebi-a-GCST90001541","Inverse variance weighted",35,-0.0264132725075864,0.0176469256164154,0.134454831018568,-0.0610012467157605,0.00817470170058783,0.973932506896951,0.94082206683758,1.00820820580767
"ebi-a-GCST90001541","summary_stats_release_finngen_R12_FE_STRICT","summary_stats_release_finngen_R12_FE_STRICT","ebi-a-GCST90001541","MR Egger",35,-0.038106956620102,0.0286799182027225,0.193062702297462,-0.0943195962974381,0.0181056830572341,0.9626099778753,0.909991885724338,1.01827058465199
"ebi-a-GCST90001541","summary_stats_release_finngen_R12_FE_STRICT","summary_stats_release_finngen_R12_FE_STRICT","ebi-a-GCST90001541","Weighted median",35,-0.0461813635952739,0.0270377631813382,0.0876304127269519,-0.0991753794306968,0.00681265224014889,0.954868768052845,0.905583873311635,1.0068359111437
"ebi-a-GCST90001542","summary_stats_release_finngen_R12_FE_STRICT","summary_stats_release_finngen_R12_FE_STRICT","ebi-a-GCST90001542","Inverse variance weighted",22,0.00305001479193417,0.0115147721618147,0.791103114046874,-0.0195189386452226,0.025618968229091,1.0030546708195,0.980670322445478,1.02594995445959
"ebi-a-GCST90001542","summary_stats_release_finngen_R12_FE_STRICT","summary_stats_release_finngen_R12_FE_STRICT","ebi-a-GCST90001542","MR Egger",22,0.00158981189443589,0.0151213821036553,0.917314648149948,-0.0280480970287284,0.0312277208176002,1.00159107631534,0.97234159893474,1.03172042135559
"ebi-a-GCST90001542","summary_stats_release_finngen_R12_FE_STRICT","summary_stats_release_finngen_R12_FE_STRICT","ebi-a-GCST90001542","Weighted median",22,-0.00397497992536414,0.0141269772706853,0.778422698900926,-0.0316638553759074,0.0237138955251791,0.996032909849978,0.968832195083626,1.0239973057652
"ebi-a-GCST90001543","summary_stats_release_finngen_R12_FE_STRICT","summary_stats_release_finngen_R12_FE_STRICT","ebi-a-GCST90001543","Inverse variance weighted",28,0.0247656603888297,0.0152915095631809,0.105324815433541,-0.00520569835500487,0.0547370191326643,1.02507487672818,0.994807827811451,1.05626280123968
"ebi-a-GCST90001543","summary_stats_release_finngen_R12_FE_STRICT","summary_stats_release_finngen_R12_FE_STRICT","ebi-a-GCST90001543","MR Egger",28,0.0136722434616895,0.0200509391869289,0.50134734258252,-0.0256275973446912,0.0529720842680702,1.01376613600157,0.974698002153884,1.05440021035489
"ebi-a-GCST90001543","summary_stats_release_finngen_R12_FE_STRICT","summary_stats_release_finngen_R12_FE_STRICT","ebi-a-GCST90001543","Weighted median",28,0.0305928506806701,0.0223660125378016,0.171366026290181,-0.013244533893421,0.0744302352547613,1.03106562074908,0.98684278900346,1.07727018542055
"ebi-a-GCST90001544","summary_stats_release_finngen_R12_FE_STRICT","summary_stats_release_finngen_R12_FE_STRICT","ebi-a-GCST90001544","Inverse variance weighted",20,0.0223965392056635,0.0188016326765093,0.233574362273477,-0.0144546608402946,0.0592477392516216,1.02264922458987,0.985649306230637,1.06103806895953
"ebi-a-GCST90001544","summary_stats_release_finngen_R12_FE_STRICT","summary_stats_release_finngen_R12_FE_STRICT","ebi-a-GCST90001544","MR Egger",20,0.00841603823730634,0.0293347889545054,0.777468206300986,-0.0490801481135242,0.0659122245881369,1.00845155264741,0.952104817235417,1.0681329572409
"ebi-a-GCST90001544","summary_stats_release_finngen_R12_FE_STRICT","summary_stats_release_finngen_R12_FE_STRICT","ebi-a-GCST90001544","Weighted median",20,0.0428701865744773,0.0260077443244115,0.0992783369972123,-0.00810499230136923,0.0938453654503239,1.04380238649204,0.991927764590873,1.09838988375919
"ebi-a-GCST90001545","summary_stats_release_finngen_R12_FE_STRICT","summary_stats_release_finngen_R12_FE_STRICT","ebi-a-GCST90001545","Inverse variance weighted",11,0.0202563797415519,0.0299374164782113,0.498644436307479,-0.0384209565557422,0.078933716038846,1.02046293251472,0.962307765853961,1.08213259165838
"ebi-a-GCST90001545","summary_stats_release_finngen_R12_FE_STRICT","summary_stats_release_finngen_R12_FE_STRICT","ebi-a-GCST90001545","MR Egger",11,0.0281546781281742,0.0551126088712661,0.621745691041516,-0.0798660352595073,0.136175391515856,1.0285547670439,0.923240019712172,1.14588285410174
"ebi-a-GCST90001545","summary_stats_release_finngen_R12_FE_STRICT","summary_stats_release_finngen_R12_FE_STRICT","ebi-a-GCST90001545","Weighted median",11,0.000412725457445746,0.0409111641885325,0.99195081119988,-0.0797731563520779,0.0805986072669694,1.00041281064032,0.923325773218782,1.0839357253121
"ebi-a-GCST90001546","summary_stats_release_finngen_R12_FE_STRICT","summary_stats_release_finngen_R12_FE_STRICT","ebi-a-GCST90001546","Inverse variance weighted",21,-0.00760544066266207,0.0275880082366605,0.782794455444853,-0.0616779368065166,0.0464670554811925,0.992423407520465,0.940185637224878,1.04756356702241
"ebi-a-GCST90001546","summary_stats_release_finngen_R12_FE_STRICT","summary_stats_release_finngen_R12_FE_STRICT","ebi-a-GCST90001546","MR Egger",21,-0.00110668426435316,0.0593601758211342,0.985319854365813,-0.117452628873776,0.11523926034507,0.998893927884838,0.889182632331503,1.12214188951141
"ebi-a-GCST90001546","summary_stats_release_finngen_R12_FE_STRICT","summary_stats_release_finngen_R12_FE_STRICT","ebi-a-GCST90001546","Weighted median",21,0.030117724894821,0.039580010984454,0.446697261841351,-0.0474590966347089,0.107694546424351,1.03057585124604,0.953649479807901,1.11370750748528
"ebi-a-GCST90001547","summary_stats_release_finngen_R12_FE_STRICT","summary_stats_release_finngen_R12_FE_STRICT","ebi-a-GCST90001547","Inverse variance weighted",26,0.00772128522722826,0.0150896939333356,0.608866142517775,-0.0218545148821096,0.0372970853365661,1.00775117121991,0.978382564800311,1.03800135001628
"ebi-a-GCST90001547","summary_stats_release_finngen_R12_FE_STRICT","summary_stats_release_finngen_R12_FE_STRICT","ebi-a-GCST90001547","MR Egger",26,0.008695821353159,0.018644099212521,0.645126923066373,-0.0278466131033822,0.0452382558097002,1.00873373983876,0.972537529874676,1.04627711181513
"ebi-a-GCST90001547","summary_stats_release_finngen_R12_FE_STRICT","summary_stats_release_finngen_R12_FE_STRICT","ebi-a-GCST90001547","Weighted median",26,-0.00914764765853578,0.0218501978329807,0.675469856983858,-0.0519740354111779,0.0336787400941063,0.990894064783168,0.949353516096577,1.03425228955767
"ebi-a-GCST90001548","summary_stats_release_finngen_R12_FE_STRICT","summary_stats_release_finngen_R12_FE_STRICT","ebi-a-GCST90001548","Inverse variance weighted",25,0.0307521674295216,0.0259155380414548,0.235373406470839,-0.0200422871317299,0.0815466219907731,1.03122989985749,0.98015722439272,1.08496379957713
"ebi-a-GCST90001548","summary_stats_release_finngen_R12_FE_STRICT","summary_stats_release_finngen_R12_FE_STRICT","ebi-a-GCST90001548","MR Egger",25,0.0603165063325518,0.0451444025838246,0.194593267978125,-0.0281665227317445,0.148799535396848,1.06217267772749,0.97222645551542,1.16044033867879
"ebi-a-GCST90001548","summary_stats_release_finngen_R12_FE_STRICT","summary_stats_release_finngen_R12_FE_STRICT","ebi-a-GCST90001548","Weighted median",25,0.0448347324635693,0.0391925970221254,0.252640552250875,-0.0319827576997964,0.121652222626935,1.04585499974575,0.968523281504403,1.12936126718004
"ebi-a-GCST90001549","summary_stats_release_finngen_R12_FE_STRICT","summary_stats_release_finngen_R12_FE_STRICT","ebi-a-GCST90001549","Inverse variance weighted",31,0.0151117387443008,0.0230755908804632,0.512545135502316,-0.0301164193814071,0.0603398968700087,1.01522649841224,0.970332561456001,1.06219752280787
"ebi-a-GCST90001549","summary_stats_release_finngen_R12_FE_STRICT","summary_stats_release_finngen_R12_FE_STRICT","ebi-a-GCST90001549","MR Egger",31,0.0467661207343806,0.0488218533352723,0.346034872623695,-0.0489247118027532,0.142456953271514,1.04787690373754,0.95225282039791,1.15310344255818
"ebi-a-GCST90001549","summary_stats_release_finngen_R12_FE_STRICT","summary_stats_release_finngen_R12_FE_STRICT","ebi-a-GCST90001549","Weighted median",31,0.0331466468733356,0.0324494924465529,0.307025046681153,-0.0304543583219081,0.0967476520685794,1.03370211731027,0.970004703699321,1.10158235651501
"ebi-a-GCST90001550","summary_stats_release_finngen_R12_FE_STRICT","summary_stats_release_finngen_R12_FE_STRICT","ebi-a-GCST90001550","Inverse variance weighted",22,-0.0174896721717719,0.0265864416076818,0.510639802064573,-0.0695990977228281,0.0346197533792844,0.982662384380978,0.93276769364998,1.03522599276435
"ebi-a-GCST90001550","summary_stats_release_finngen_R12_FE_STRICT","summary_stats_release_finngen_R12_FE_STRICT","ebi-a-GCST90001550","MR Egger",22,0.00372498709827858,0.0524799101183811,0.944119203260757,-0.0991356367337484,0.106585610930306,1.00373193348511,0.90561986437226,1.11247316223137
"ebi-a-GCST90001550","summary_stats_release_finngen_R12_FE_STRICT","summary_stats_release_finngen_R12_FE_STRICT","ebi-a-GCST90001550","Weighted median",22,-0.0120747720709644,0.0365611146987818,0.741201482194179,-0.0837345568805767,0.0595850127386478,0.987997835455716,0.91967534519029,1.06139598932404
"ebi-a-GCST90001551","summary_stats_release_finngen_R12_FE_STRICT","summary_stats_release_finngen_R12_FE_STRICT","ebi-a-GCST90001551","Inverse variance weighted",28,-0.000869550219382032,0.00425455615519803,0.83805581742546,-0.00920848028357018,0.00746937984480611,0.999130827729853,0.990833787929495,1.00749734524715
"ebi-a-GCST90001551","summary_stats_release_finngen_R12_FE_STRICT","summary_stats_release_finngen_R12_FE_STRICT","ebi-a-GCST90001551","MR Egger",28,-0.000190142915307628,0.0044095417557707,0.965934707206475,-0.0088328447566182,0.00845255892600295,0.999809875160711,0.991206050214638,1.00848838266515
"ebi-a-GCST90001551","summary_stats_release_finngen_R12_FE_STRICT","summary_stats_release_finngen_R12_FE_STRICT","ebi-a-GCST90001551","Weighted median",28,0.00124350049296431,0.00441110379058009,0.77801839305814,-0.00740226293657268,0.00988926392250129,1.00124427396027,0.992625066337319,1.00993832428322
"ebi-a-GCST90001552","summary_stats_release_finngen_R12_FE_STRICT","summary_stats_release_finngen_R12_FE_STRICT","ebi-a-GCST90001552","Inverse variance weighted",37,0.0040187040823075,0.00362661662435932,0.267812653550285,-0.00308946450143677,0.0111268726660518,1.00402678990143,0.996915302983094,1.01118900655182
"ebi-a-GCST90001552","summary_stats_release_finngen_R12_FE_STRICT","summary_stats_release_finngen_R12_FE_STRICT","ebi-a-GCST90001552","MR Egger",37,0.00344299917174877,0.00385112370259692,0.37741553440537,-0.00410520328534119,0.0109912016288387,1.00344893310161,0.995903211542868,1.01105182679635
"ebi-a-GCST90001552","summary_stats_release_finngen_R12_FE_STRICT","summary_stats_release_finngen_R12_FE_STRICT","ebi-a-GCST90001552","Weighted median",37,0.00210420021991504,0.0041148431901903,0.60909321274934,-0.00596089243285795,0.010169292872688,1.0021064156028,0.994056838438341,1.01022117585339
"ebi-a-GCST90001553","summary_stats_release_finngen_R12_FE_STRICT","summary_stats_release_finngen_R12_FE_STRICT","ebi-a-GCST90001553","Inverse variance weighted",28,-0.000939891730591742,0.00508390224278886,0.853326261833366,-0.0109043401264579,0.00902455666527442,0.999060549829291,0.989154896682058,1.00906540075091
"ebi-a-GCST90001553","summary_stats_release_finngen_R12_FE_STRICT","summary_stats_release_finngen_R12_FE_STRICT","ebi-a-GCST90001553","MR Egger",28,-0.000153292993063287,0.00529822274177716,0.977139045790804,-0.0105378095669465,0.0102312235808199,0.999846718755707,0.989517518631736,1.01028374150353
"ebi-a-GCST90001553","summary_stats_release_finngen_R12_FE_STRICT","summary_stats_release_finngen_R12_FE_STRICT","ebi-a-GCST90001553","Weighted median",28,0.000921025367636389,0.00403270841719509,0.819344008902955,-0.006983083130066,0.00882513386533877,1.00092144964175,0.99304124194067,1.00886419016703
"ebi-a-GCST90001554","summary_stats_release_finngen_R12_FE_STRICT","summary_stats_release_finngen_R12_FE_STRICT","ebi-a-GCST90001554","Inverse variance weighted",24,0.00380769641767179,0.0110346647813095,0.730044155254923,-0.0178202465536949,0.0254356393890384,1.00381495490346,0.982337595057095,1.02576188548425
"ebi-a-GCST90001554","summary_stats_release_finngen_R12_FE_STRICT","summary_stats_release_finngen_R12_FE_STRICT","ebi-a-GCST90001554","MR Egger",24,0.00194617536085835,0.0131324361181291,0.883537964311861,-0.0237933994306747,0.0276857501523914,1.00194807038928,0.976487431778594,1.02807256200756
"ebi-a-GCST90001554","summary_stats_release_finngen_R12_FE_STRICT","summary_stats_release_finngen_R12_FE_STRICT","ebi-a-GCST90001554","Weighted median",24,-0.00524467806546478,0.0136579192555862,0.700976435749919,-0.0320141998064137,0.0215248436754842,0.994769051246114,0.968492829570863,1.02175817425057
"ebi-a-GCST90001555","summary_stats_release_finngen_R12_FE_STRICT","summary_stats_release_finngen_R12_FE_STRICT","ebi-a-GCST90001555","Inverse variance weighted",24,-0.00175560020437511,0.00947518856002976,0.853006339280045,-0.0203269697820334,0.0168157693732832,0.998245939960227,0.979878230350631,1.01695795026541
"ebi-a-GCST90001555","summary_stats_release_finngen_R12_FE_STRICT","summary_stats_release_finngen_R12_FE_STRICT","ebi-a-GCST90001555","MR Egger",24,-0.00399411334268119,0.0110596647751635,0.721437985925534,-0.0256710563020016,0.0176828296166392,0.996013852518969,0.974655643715451,1.01784009645493
"ebi-a-GCST90001555","summary_stats_release_finngen_R12_FE_STRICT","summary_stats_release_finngen_R12_FE_STRICT","ebi-a-GCST90001555","Weighted median",24,-0.00566413006988773,0.010569398451291,0.592028355025243,-0.026380151034418,0.0150518908946426,0.994351880871222,0.973964765510569,1.01516574110751
"ebi-a-GCST90001556","summary_stats_release_finngen_R12_FE_STRICT","summary_stats_release_finngen_R12_FE_STRICT","ebi-a-GCST90001556","Inverse variance weighted",15,0.019813319253324,0.0149349002939299,0.184625955308221,-0.0094590853227785,0.0490857238294265,1.02001090585459,0.990585511100233,1.05031038350916
"ebi-a-GCST90001556","summary_stats_release_finngen_R12_FE_STRICT","summary_stats_release_finngen_R12_FE_STRICT","ebi-a-GCST90001556","MR Egger",15,0.0106879282708727,0.0190828168002415,0.584946630645079,-0.0267143926576007,0.048090249199346,1.01074524820467,0.973639280344797,1.04926534640892
"ebi-a-GCST90001556","summary_stats_release_finngen_R12_FE_STRICT","summary_stats_release_finngen_R12_FE_STRICT","ebi-a-GCST90001556","Weighted median",15,0.0177922397148268,0.0207648810100083,0.391531743600551,-0.0229069270647893,0.058491406494443,1.01795146453211,0.977353444694047,1.06023587451257
"ebi-a-GCST90001557","summary_stats_release_finngen_R12_FE_STRICT","summary_stats_release_finngen_R12_FE_STRICT","ebi-a-GCST90001557","Inverse variance weighted",17,0.00873485039077926,0.0245038489534568,0.721489734782391,-0.0392926935579961,0.0567623943395546,1.00877311051414,0.961469252101743,1.05840429766409
"ebi-a-GCST90001557","summary_stats_release_finngen_R12_FE_STRICT","summary_stats_release_finngen_R12_FE_STRICT","ebi-a-GCST90001557","MR Egger",17,0.0053893034095428,0.0421108655230251,0.899865681374012,-0.0771479930155864,0.087926599834672,1.0054038518287,0.925752838513848,1.09190797286102
"ebi-a-GCST90001557","summary_stats_release_finngen_R12_FE_STRICT","summary_stats_release_finngen_R12_FE_STRICT","ebi-a-GCST90001557","Weighted median",17,0.0191637441253816,0.0337941170581132,0.570664328997287,-0.0470727253085202,0.0854002135592833,1.01934854728903,0.954018013813035,1.08915287323274
"ebi-a-GCST90001558","summary_stats_release_finngen_R12_FE_STRICT","summary_stats_release_finngen_R12_FE_STRICT","ebi-a-GCST90001558","Inverse variance weighted",23,-0.0177889199426104,0.0201838777015444,0.37813218233884,-0.0573493202376374,0.0217714803524165,0.982368368846906,0.944264161166901,1.02201020837045
"ebi-a-GCST90001558","summary_stats_release_finngen_R12_FE_STRICT","summary_stats_release_finngen_R12_FE_STRICT","ebi-a-GCST90001558","MR Egger",23,0.00863450223847688,0.0309499187955941,0.782986787557699,-0.0520273386008875,0.0692963430778413,1.00867188707528,0.949302913874648,1.07175376890327
"ebi-a-GCST90001558","summary_stats_release_finngen_R12_FE_STRICT","summary_stats_release_finngen_R12_FE_STRICT","ebi-a-GCST90001558","Weighted median",23,-0.0307102418868165,0.0257618423787147,0.233228891741887,-0.0812034529490973,0.0197829691754643,0.969756527191259,0.922006087503379,1.01997994891395
"ebi-a-GCST90001559","summary_stats_release_finngen_R12_FE_STRICT","summary_stats_release_finngen_R12_FE_STRICT","ebi-a-GCST90001559","Inverse variance weighted",17,0.0270903985613917,0.026746125995972,0.311121367900156,-0.0253320083907134,0.0795128055134967,1.02746067953278,0.974986154702042,1.08275942473109
"ebi-a-GCST90001559","summary_stats_release_finngen_R12_FE_STRICT","summary_stats_release_finngen_R12_FE_STRICT","ebi-a-GCST90001559","MR Egger",17,0.0431174417074751,0.0403186185368619,0.301789426769716,-0.0359070506247741,0.122141934039724,1.04406050389905,0.964729960362896,1.12991446372402
"ebi-a-GCST90001559","summary_stats_release_finngen_R12_FE_STRICT","summary_stats_release_finngen_R12_FE_STRICT","ebi-a-GCST90001559","Weighted median",17,0.0499196411340422,0.029121107371754,0.0864904949219549,-0.00715772931459562,0.10699701158268,1.05118662081713,0.992867826220323,1.11293092857229
"ebi-a-GCST90001560","summary_stats_release_finngen_R12_FE_STRICT","summary_stats_release_finngen_R12_FE_STRICT","ebi-a-GCST90001560","Inverse variance weighted",28,-0.0061658748157578,0.00424644908285918,0.146499591940547,-0.0144889150181618,0.00215716538664619,0.993853095181463,0.985615544202235,1.00215949374181
"ebi-a-GCST90001560","summary_stats_release_finngen_R12_FE_STRICT","summary_stats_release_finngen_R12_FE_STRICT","ebi-a-GCST90001560","MR Egger",28,-0.00573886344609777,0.0045700215466629,0.22037014032834,-0.014696105677557,0.0032183787853615,0.994277572374721,0.985411355021497,1.00322356332681
"ebi-a-GCST90001560","summary_stats_release_finngen_R12_FE_STRICT","summary_stats_release_finngen_R12_FE_STRICT","ebi-a-GCST90001560","Weighted median",28,-0.00358612555785861,0.00534077158884824,0.50192621349952,-0.0140540378720012,0.00688178675628394,0.996420296910846,0.986044259089706,1.00690552066342
"ebi-a-GCST90001561","summary_stats_release_finngen_R12_FE_STRICT","summary_stats_release_finngen_R12_FE_STRICT","ebi-a-GCST90001561","Inverse variance weighted",27,0.00507878349468974,0.00701787384014478,0.469254465938399,-0.00867624923199402,0.0188338162213735,1.00509170237706,0.991361280799972,1.01901229123255
"ebi-a-GCST90001561","summary_stats_release_finngen_R12_FE_STRICT","summary_stats_release_finngen_R12_FE_STRICT","ebi-a-GCST90001561","MR Egger",27,0.00847513563133074,0.00770854794268413,0.282048529042752,-0.00663361833633015,0.0235838895989916,1.00851115126722,0.99338833553842,1.02386418870024
"ebi-a-GCST90001561","summary_stats_release_finngen_R12_FE_STRICT","summary_stats_release_finngen_R12_FE_STRICT","ebi-a-GCST90001561","Weighted median",27,0.005836846322214,0.0092713244154437,0.528983113624331,-0.0123349495320556,0.0240086421764837,1.00585391390049,0.987740814124352,1.02429917002657
"ebi-a-GCST90001562","summary_stats_release_finngen_R12_FE_STRICT","summary_stats_release_finngen_R12_FE_STRICT","ebi-a-GCST90001562","Inverse variance weighted",35,-0.0013799696468823,0.0032361942058269,0.669803695930351,-0.00772291029030302,0.00496297099653842,0.998620982073399,0.992306834759335,1.00497530693629
"ebi-a-GCST90001562","summary_stats_release_finngen_R12_FE_STRICT","summary_stats_release_finngen_R12_FE_STRICT","ebi-a-GCST90001562","MR Egger",35,-0.000732025916502059,0.00348879593142382,0.835096701900765,-0.00757006594209275,0.00610601410908863,0.999268241949104,0.992458514842145,1.0061246938134
"ebi-a-GCST90001562","summary_stats_release_finngen_R12_FE_STRICT","summary_stats_release_finngen_R12_FE_STRICT","ebi-a-GCST90001562","Weighted median",35,-0.000665634751423344,0.00414477618537546,0.872411553252549,-0.00878939607475924,0.00745812657191256,0.999334586734242,0.991249117746577,1.00748600766838
"ebi-a-GCST90001563","summary_stats_release_finngen_R12_FE_STRICT","summary_stats_release_finngen_R12_FE_STRICT","ebi-a-GCST90001563","Inverse variance weighted",4,0.0632116519674984,0.0207748438984313,0.00234464661081935,0.022492957926573,0.103930346008424,1.06525227811372,1.02274783187376,1.10952316950649
"ebi-a-GCST90001563","summary_stats_release_finngen_R12_FE_STRICT","summary_stats_release_finngen_R12_FE_STRICT","ebi-a-GCST90001563","MR Egger",4,0.0716918987851038,0.0318911864512723,0.153562828529536,0.0091851733406101,0.134198624229597,1.07432429244803,1.00922748649726,1.1436199477184
"ebi-a-GCST90001563","summary_stats_release_finngen_R12_FE_STRICT","summary_stats_release_finngen_R12_FE_STRICT","ebi-a-GCST90001563","Weighted median",4,0.0628959701708788,0.0261666973757242,0.0162316477308085,0.0116092433144595,0.114182697027298,1.06491605043398,1.01167689210995,1.12095690167119
"ebi-a-GCST90001564","summary_stats_release_finngen_R12_FE_STRICT","summary_stats_release_finngen_R12_FE_STRICT","ebi-a-GCST90001564","Inverse variance weighted",16,0.0143367652255126,0.0217411324801946,0.509619380681005,-0.0282758544356688,0.0569493848866939,1.01444002954603,0.972120166150942,1.05860222776776
"ebi-a-GCST90001564","summary_stats_release_finngen_R12_FE_STRICT","summary_stats_release_finngen_R12_FE_STRICT","ebi-a-GCST90001564","MR Egger",16,-0.00481701410272529,0.0303352203629282,0.876100032999472,-0.0642740460140645,0.0546400178086139,0.995194569103422,0.937747978218877,1.05616034731858
"ebi-a-GCST90001564","summary_stats_release_finngen_R12_FE_STRICT","summary_stats_release_finngen_R12_FE_STRICT","ebi-a-GCST90001564","Weighted median",16,0.00338838229276851,0.0305202792614882,0.91159994431909,-0.0564313650597484,0.0632081296452854,1.00339412934929,0.945131351302883,1.06524852595856
"ebi-a-GCST90001565","summary_stats_release_finngen_R12_FE_STRICT","summary_stats_release_finngen_R12_FE_STRICT","ebi-a-GCST90001565","Inverse variance weighted",16,0.012369464784901,0.0261184055640647,0.635790967221468,-0.0388226101206659,0.0635615396904678,1.01244628302117,0.961921329121293,1.06562506202015
"ebi-a-GCST90001565","summary_stats_release_finngen_R12_FE_STRICT","summary_stats_release_finngen_R12_FE_STRICT","ebi-a-GCST90001565","MR Egger",16,0.00591106753862196,0.0344881234865048,0.866366381303334,-0.0616856544949274,0.0735077895721713,1.0059285723721,0.940178381193082,1.07627692037599
"ebi-a-GCST90001565","summary_stats_release_finngen_R12_FE_STRICT","summary_stats_release_finngen_R12_FE_STRICT","ebi-a-GCST90001565","Weighted median",16,0.00256104286585679,0.0324342259841044,0.93706354684259,-0.0610100400629878,0.0661321257947013,1.00256432513755,0.940813793898841,1.06836786679447
"ebi-a-GCST90001566","summary_stats_release_finngen_R12_FE_STRICT","summary_stats_release_finngen_R12_FE_STRICT","ebi-a-GCST90001566","Inverse variance weighted",18,0.00347191478156725,0.0278795897770173,0.900893675975838,-0.0511720811813868,0.0581159107445212,1.00347794885894,0.950115159525142,1.05983783518349
"ebi-a-GCST90001566","summary_stats_release_finngen_R12_FE_STRICT","summary_stats_release_finngen_R12_FE_STRICT","ebi-a-GCST90001566","MR Egger",18,0.0616937007184623,0.0447688903834829,0.187156511259204,-0.0260533244331643,0.149440725870089,1.06363650373124,0.974283135127618,1.16118464056286
"ebi-a-GCST90001566","summary_stats_release_finngen_R12_FE_STRICT","summary_stats_release_finngen_R12_FE_STRICT","ebi-a-GCST90001566","Weighted median",18,0.0544872086301146,0.0409971325040728,0.183831718551928,-0.0258671710778681,0.134841588338097,1.05599896865393,0.974464518084229,1.14435549073709
"ebi-a-GCST90001567","summary_stats_release_finngen_R12_FE_STRICT","summary_stats_release_finngen_R12_FE_STRICT","ebi-a-GCST90001567","Inverse variance weighted",22,-0.00337149839712545,0.023330133864583,0.885095704345382,-0.0490985607717081,0.0423555639774573,0.996634178721671,0.952087286616255,1.04326536039186
"ebi-a-GCST90001567","summary_stats_release_finngen_R12_FE_STRICT","summary_stats_release_finngen_R12_FE_STRICT","ebi-a-GCST90001567","MR Egger",22,0.0159798125533699,0.0323669666021018,0.626890956597904,-0.0474594419867496,0.0794190670934894,1.01610817256954,0.953649150463164,1.08265793333026
"ebi-a-GCST90001567","summary_stats_release_finngen_R12_FE_STRICT","summary_stats_release_finngen_R12_FE_STRICT","ebi-a-GCST90001567","Weighted median",22,0.0121443232538149,0.0329494216169105,0.71244475485509,-0.0524365431153297,0.0767251896229595,1.01221836497274,0.948914534305474,1.07974531040142
"ebi-a-GCST90001568","summary_stats_release_finngen_R12_FE_STRICT","summary_stats_release_finngen_R12_FE_STRICT","ebi-a-GCST90001568","Inverse variance weighted",20,-0.030437165233803,0.025289034595624,0.228755180378358,-0.080003673041226,0.0191293425736201,0.970021381219023,0.923112955748466,1.01931348072039
"ebi-a-GCST90001568","summary_stats_release_finngen_R12_FE_STRICT","summary_stats_release_finngen_R12_FE_STRICT","ebi-a-GCST90001568","MR Egger",20,-0.0286177253690902,0.0383568597548306,0.465245332771927,-0.103797170488558,0.0465617197503777,0.971787883324499,0.901408111047352,1.04766273855583
"ebi-a-GCST90001568","summary_stats_release_finngen_R12_FE_STRICT","summary_stats_release_finngen_R12_FE_STRICT","ebi-a-GCST90001568","Weighted median",20,-0.0799029210985441,0.037728774855946,0.0341899395503187,-0.153851319816198,-0.00595452238089002,0.923205965857469,0.85739948984892,0.994063170652229
"ebi-a-GCST90001569","summary_stats_release_finngen_R12_FE_STRICT","summary_stats_release_finngen_R12_FE_STRICT","ebi-a-GCST90001569","Inverse variance weighted",19,0.0308616713121011,0.0283740361946999,0.276739518645477,-0.0247514396295106,0.0864747822537128,1.03134282971838,0.975552365552329,1.09032387186032
"ebi-a-GCST90001569","summary_stats_release_finngen_R12_FE_STRICT","summary_stats_release_finngen_R12_FE_STRICT","ebi-a-GCST90001569","MR Egger",19,-0.0132327583364823,0.0512304014895882,0.799277380337905,-0.113644345256075,0.0871788285831106,0.986854409695332,0.8925753480949,1.09109178067013
"ebi-a-GCST90001569","summary_stats_release_finngen_R12_FE_STRICT","summary_stats_release_finngen_R12_FE_STRICT","ebi-a-GCST90001569","Weighted median",19,0.018158649003947,0.0385899900179368,0.63795972911918,-0.0574777314312092,0.0937950294391031,1.01832451974586,0.944142914863777,1.09833459658515
"ebi-a-GCST90001570","summary_stats_release_finngen_R12_FE_STRICT","summary_stats_release_finngen_R12_FE_STRICT","ebi-a-GCST90001570","Inverse variance weighted",29,-0.000237715836692869,0.00570201568387755,0.966745993250259,-0.0114136665770929,0.0109382349037071,0.999762312415478,0.988651222207657,1.01099827611036
"ebi-a-GCST90001570","summary_stats_release_finngen_R12_FE_STRICT","summary_stats_release_finngen_R12_FE_STRICT","ebi-a-GCST90001570","MR Egger",29,0.00214573149066646,0.00599353058520428,0.723121159107773,-0.00960158845633394,0.0138930514376669,1.00214803521992,0.99044435961835,1.01399000836566
"ebi-a-GCST90001570","summary_stats_release_finngen_R12_FE_STRICT","summary_stats_release_finngen_R12_FE_STRICT","ebi-a-GCST90001570","Weighted median",29,0.00261231648029875,0.00629054682294181,0.677939477649959,-0.0097171552926672,0.0149417882532647,1.0026157315521,0.990329903710926,1.01505397483097
"ebi-a-GCST90001571","summary_stats_release_finngen_R12_FE_STRICT","summary_stats_release_finngen_R12_FE_STRICT","ebi-a-GCST90001571","Inverse variance weighted",23,-0.00697961391320929,0.0283612151411604,0.805607037505248,-0.0625675955898836,0.048608367763465,0.993044687022062,0.939349564779468,1.0498091311239
"ebi-a-GCST90001571","summary_stats_release_finngen_R12_FE_STRICT","summary_stats_release_finngen_R12_FE_STRICT","ebi-a-GCST90001571","MR Egger",23,-0.000316309819819441,0.0494554351660333,0.994957250639762,-0.0972489627452448,0.0966163431056059,0.999683740200857,0.90733008662246,1.1014377183745
"ebi-a-GCST90001571","summary_stats_release_finngen_R12_FE_STRICT","summary_stats_release_finngen_R12_FE_STRICT","ebi-a-GCST90001571","Weighted median",23,-0.0321430844882778,0.0324687453467404,0.322188772764275,-0.095781825367889,0.0314956563913334,0.968368013724235,0.908662241494291,1.03199689299526
"ebi-a-GCST90001572","summary_stats_release_finngen_R12_FE_STRICT","summary_stats_release_finngen_R12_FE_STRICT","ebi-a-GCST90001572","Inverse variance weighted",21,-0.00393856170264092,0.00598061472684125,0.510181785634227,-0.0156605665672498,0.00778344316196794,0.996069184258849,0.984461422469352,1.00781381289827
"ebi-a-GCST90001572","summary_stats_release_finngen_R12_FE_STRICT","summary_stats_release_finngen_R12_FE_STRICT","ebi-a-GCST90001572","MR Egger",21,-0.000766831257401922,0.00592088377021321,0.898313011219146,-0.0123717634470198,0.010838100932216,0.999233462682548,0.987704452187331,1.01089704590618
"ebi-a-GCST90001572","summary_stats_release_finngen_R12_FE_STRICT","summary_stats_release_finngen_R12_FE_STRICT","ebi-a-GCST90001572","Weighted median",21,-0.00315523835304907,0.00657810778870851,0.631470994303543,-0.0160483296189178,0.00973785291281961,0.996849734180266,0.98407975870626,1.00978542007781
"ebi-a-GCST90001573","summary_stats_release_finngen_R12_FE_STRICT","summary_stats_release_finngen_R12_FE_STRICT","ebi-a-GCST90001573","Inverse variance weighted",27,-0.00291511837988203,0.00594523126296727,0.623901218554909,-0.0145677716552979,0.00873753489553382,0.997089126451971,0.98553782493929,1.00877581857398
"ebi-a-GCST90001573","summary_stats_release_finngen_R12_FE_STRICT","summary_stats_release_finngen_R12_FE_STRICT","ebi-a-GCST90001573","MR Egger",27,-0.00277372594875774,0.00640895499627897,0.668878793854507,-0.0153352777414645,0.00978782584394904,0.997230117274891,0.984781708859465,1.00983588327594
"ebi-a-GCST90001573","summary_stats_release_finngen_R12_FE_STRICT","summary_stats_release_finngen_R12_FE_STRICT","ebi-a-GCST90001573","Weighted median",27,-0.00369490612042592,0.00669320826150754,0.580922234769813,-0.0168135943129807,0.00942378207212886,0.996311911645607,0.98332696529063,1.00946832571966
"ebi-a-GCST90001574","summary_stats_release_finngen_R12_FE_STRICT","summary_stats_release_finngen_R12_FE_STRICT","ebi-a-GCST90001574","Inverse variance weighted",24,-0.00423318448548623,0.00600535305970529,0.480871318407396,-0.0160036764825086,0.00753730751153613,0.995775762810321,0.984123701935058,1.00756578451548
"ebi-a-GCST90001574","summary_stats_release_finngen_R12_FE_STRICT","summary_stats_release_finngen_R12_FE_STRICT","ebi-a-GCST90001574","MR Egger",24,-0.00138713495396254,0.00623569419687452,0.82601520871541,-0.0136090955798366,0.0108348256719115,0.998613826673041,0.986483089502386,1.01089373496064
"ebi-a-GCST90001574","summary_stats_release_finngen_R12_FE_STRICT","summary_stats_release_finngen_R12_FE_STRICT","ebi-a-GCST90001574","Weighted median",24,-0.00290634694693811,0.00619186145741109,0.638796770023044,-0.0150423954034639,0.00922970150958763,0.99709787239074,0.985070176270219,1.00927242654986
"ebi-a-GCST90001575","summary_stats_release_finngen_R12_FE_STRICT","summary_stats_release_finngen_R12_FE_STRICT","ebi-a-GCST90001575","Inverse variance weighted",34,0.0018122197283933,0.0159738349823802,0.909674389406844,-0.0294964968370718,0.0331209362938584,1.00181386279095,0.970934278976208,1.03367554057148
"ebi-a-GCST90001575","summary_stats_release_finngen_R12_FE_STRICT","summary_stats_release_finngen_R12_FE_STRICT","ebi-a-GCST90001575","MR Egger",34,0.024952463167708,0.0223832327503637,0.273245799511267,-0.0189186730230049,0.068823599358421,1.02526638144996,0.981259161839113,1.0712472237827
"ebi-a-GCST90001575","summary_stats_release_finngen_R12_FE_STRICT","summary_stats_release_finngen_R12_FE_STRICT","ebi-a-GCST90001575","Weighted median",34,0.00852638906531766,0.0264716764040155,0.747380884748048,-0.0433580966865526,0.060410874817188,1.00856284225159,0.957568426582945,1.0622729180832
"ebi-a-GCST90001838","summary_stats_release_finngen_R12_FE_STRICT","summary_stats_release_finngen_R12_FE_STRICT","ebi-a-GCST90001838","Inverse variance weighted",25,0.00125595715992793,0.0165650809190485,0.939562653648922,-0.0312116014414071,0.0337235157612629,1.00125674620442,0.96927045235004,1.03429859993073
"ebi-a-GCST90001838","summary_stats_release_finngen_R12_FE_STRICT","summary_stats_release_finngen_R12_FE_STRICT","ebi-a-GCST90001838","MR Egger",25,0.0285933825195299,0.0291382722602876,0.336655210700982,-0.0285176311106337,0.0857043961496935,1.02900609753004,0.971885158580323,1.08948422496823
"ebi-a-GCST90001838","summary_stats_release_finngen_R12_FE_STRICT","summary_stats_release_finngen_R12_FE_STRICT","ebi-a-GCST90001838","Weighted median",25,0.00451406488305633,0.0204047057233343,0.824915952280468,-0.0354791583346788,0.0445072881007915,1.00452426862161,0.965142849204635,1.04551259648387
"ebi-a-GCST90001839","summary_stats_release_finngen_R12_FE_STRICT","summary_stats_release_finngen_R12_FE_STRICT","ebi-a-GCST90001839","Inverse variance weighted",20,-0.026103433664073,0.0223578651669074,0.242997206459829,-0.0699248493912115,0.0177179820630655,0.97423431577219,0.932463892502111,1.01787587665327
"ebi-a-GCST90001839","summary_stats_release_finngen_R12_FE_STRICT","summary_stats_release_finngen_R12_FE_STRICT","ebi-a-GCST90001839","MR Egger",20,-0.0365827835119421,0.0342250309111961,0.299244938695614,-0.103663844097887,0.0304982770740024,0.964078280806893,0.901528300549359,1.03096811376548
"ebi-a-GCST90001839","summary_stats_release_finngen_R12_FE_STRICT","summary_stats_release_finngen_R12_FE_STRICT","ebi-a-GCST90001839","Weighted median",20,-0.0155343627938827,0.0285048988978022,0.585772991649541,-0.071403964633575,0.0403352390458095,0.984585673055883,0.931085690456851,1.04115975309561
"ebi-a-GCST90001840","summary_stats_release_finngen_R12_FE_STRICT","summary_stats_release_finngen_R12_FE_STRICT","ebi-a-GCST90001840","Inverse variance weighted",23,0.016196143587431,0.0202935876168957,0.424817284889054,-0.0235792881416847,0.0559715753165466,1.01632801207943,0.976696531145763,1.05756762228448
"ebi-a-GCST90001840","summary_stats_release_finngen_R12_FE_STRICT","summary_stats_release_finngen_R12_FE_STRICT","ebi-a-GCST90001840","MR Egger",23,0.019735079142414,0.0434727284188533,0.654511218671663,-0.0654714685585385,0.104941626843367,1.01993110321011,0.936625769661723,1.11064577656357
"ebi-a-GCST90001840","summary_stats_release_finngen_R12_FE_STRICT","summary_stats_release_finngen_R12_FE_STRICT","ebi-a-GCST90001840","Weighted median",23,0.00408966537718114,0.0278912172368324,0.883424746782017,-0.0505771204070103,0.0587564511613726,1.00409803947048,0.95068060896964,1.06051692162017
"ebi-a-GCST90001841","summary_stats_release_finngen_R12_FE_STRICT","summary_stats_release_finngen_R12_FE_STRICT","ebi-a-GCST90001841","Inverse variance weighted",24,0.00715462999549464,0.0162140997655959,0.659024944293305,-0.0246250055450734,0.0389342655360627,1.00718028550942,0.975675716420201,1.03970213714118
"ebi-a-GCST90001841","summary_stats_release_finngen_R12_FE_STRICT","summary_stats_release_finngen_R12_FE_STRICT","ebi-a-GCST90001841","MR Egger",24,-0.0149286183511961,0.0225862612730695,0.515500467612692,-0.0591976904464123,0.02934045374402,0.985182261027368,0.942520423455059,1.02977512559894
"ebi-a-GCST90001841","summary_stats_release_finngen_R12_FE_STRICT","summary_stats_release_finngen_R12_FE_STRICT","ebi-a-GCST90001841","Weighted median",24,-0.00771373810723476,0.0182618105007851,0.672735101929156,-0.0435068866887735,0.028079410474304,0.992315936421024,0.957425960573649,1.02847735305313
"ebi-a-GCST90001842","summary_stats_release_finngen_R12_FE_STRICT","summary_stats_release_finngen_R12_FE_STRICT","ebi-a-GCST90001842","Inverse variance weighted",28,0.0176270501889682,0.0135951092916971,0.194778184211571,-0.00901936402275814,0.0442734644006945,1.01778332350029,0.991021188430237,1.04526815943876
"ebi-a-GCST90001842","summary_stats_release_finngen_R12_FE_STRICT","summary_stats_release_finngen_R12_FE_STRICT","ebi-a-GCST90001842","MR Egger",28,0.0214425439722863,0.0201638156885792,0.297370358921282,-0.018078534777329,0.0609636227219016,1.0216740873163,0.982083901589087,1.06286024952107
"ebi-a-GCST90001842","summary_stats_release_finngen_R12_FE_STRICT","summary_stats_release_finngen_R12_FE_STRICT","ebi-a-GCST90001842","Weighted median",28,0.0153963091176285,0.0191493343993393,0.421389608359541,-0.0221363863050766,0.0529290045403335,1.01551544290648,0.978106825577894,1.0543547880593
"ebi-a-GCST90001843","summary_stats_release_finngen_R12_FE_STRICT","summary_stats_release_finngen_R12_FE_STRICT","ebi-a-GCST90001843","Inverse variance weighted",19,0.00111764866786268,0.0168043167343596,0.946972101504488,-0.0318188121314821,0.0340541094672075,1.00111827346988,0.968682079620983,1.03464058906454
"ebi-a-GCST90001843","summary_stats_release_finngen_R12_FE_STRICT","summary_stats_release_finngen_R12_FE_STRICT","ebi-a-GCST90001843","MR Egger",19,0.00377141877810489,0.0266730273850464,0.88922035431867,-0.0485077148965861,0.0560505524527959,1.00377853952687,0.952649989681331,1.05765114924499
"ebi-a-GCST90001843","summary_stats_release_finngen_R12_FE_STRICT","summary_stats_release_finngen_R12_FE_STRICT","ebi-a-GCST90001843","Weighted median",19,-0.00435090156867518,0.0222991695544625,0.84530295151045,-0.0480572738954217,0.0393554707580713,0.995658549891129,0.953079198955913,1.0401401573524
"ebi-a-GCST90001844","summary_stats_release_finngen_R12_FE_STRICT","summary_stats_release_finngen_R12_FE_STRICT","ebi-a-GCST90001844","Inverse variance weighted",23,-0.0181239330694094,0.0167738186652512,0.279924309724434,-0.0510006176533018,0.0147527515144831,0.9820393176693,0.95027808358985,1.01486211047316
"ebi-a-GCST90001844","summary_stats_release_finngen_R12_FE_STRICT","summary_stats_release_finngen_R12_FE_STRICT","ebi-a-GCST90001844","MR Egger",23,0.00144815438363939,0.0242647078267928,0.952973612200402,-0.0461106729568745,0.0490069817241533,1.00144920346555,0.954936270721521,1.05022768311441
"ebi-a-GCST90001844","summary_stats_release_finngen_R12_FE_STRICT","summary_stats_release_finngen_R12_FE_STRICT","ebi-a-GCST90001844","Weighted median",23,-0.0125002759696877,0.0230331180018567,0.58733031017118,-0.0576451872533268,0.0326446353139515,0.987577527952382,0.943984825872602,1.03318331713116
"ebi-a-GCST90001845","summary_stats_release_finngen_R12_FE_STRICT","summary_stats_release_finngen_R12_FE_STRICT","ebi-a-GCST90001845","Inverse variance weighted",27,0.00603913867118045,0.0159098933641052,0.704254346512496,-0.0251442523224658,0.0372225296648267,1.00605741103372,0.975169231455392,1.03792396401318
"ebi-a-GCST90001845","summary_stats_release_finngen_R12_FE_STRICT","summary_stats_release_finngen_R12_FE_STRICT","ebi-a-GCST90001845","MR Egger",27,-0.015501137242533,0.0233621534139982,0.51307349619757,-0.0612909579339694,0.0302886834489035,0.984618387001188,0.940549539609482,1.03075205206453
"ebi-a-GCST90001845","summary_stats_release_finngen_R12_FE_STRICT","summary_stats_release_finngen_R12_FE_STRICT","ebi-a-GCST90001845","Weighted median",27,-0.00958224021546816,0.0214874117822626,0.655635752881654,-0.0516975673087028,0.0325330868777665,0.990463523159774,0.949616018346827,1.03306807357558
"ebi-a-GCST90001846","summary_stats_release_finngen_R12_FE_STRICT","summary_stats_release_finngen_R12_FE_STRICT","ebi-a-GCST90001846","Inverse variance weighted",18,0.00305142159445643,0.0226217501819793,0.892699764916337,-0.0412872087622229,0.0473900519511358,1.00305608192033,0.959553498195263,1.04853091085561
"ebi-a-GCST90001846","summary_stats_release_finngen_R12_FE_STRICT","summary_stats_release_finngen_R12_FE_STRICT","ebi-a-GCST90001846","MR Egger",18,0.038325782892823,0.0473906290449076,0.430537645972558,-0.0545598500351959,0.131211415820842,1.039069688873,0.946901835053722,1.14020881401438
"ebi-a-GCST90001846","summary_stats_release_finngen_R12_FE_STRICT","summary_stats_release_finngen_R12_FE_STRICT","ebi-a-GCST90001846","Weighted median",18,0.00693010675405027,0.0316836570873168,0.826861842626071,-0.0551698611370906,0.0690300746451911,1.00695417551142,0.946324390563616,1.07146843269673
"ebi-a-GCST90001871","summary_stats_release_finngen_R12_FE_STRICT","summary_stats_release_finngen_R12_FE_STRICT","ebi-a-GCST90001871","Inverse variance weighted",25,0.0100647433866609,0.0141407325948145,0.476616228781206,-0.0176510924991754,0.0377805792724973,1.01011556326965,0.982503775498857,1.03850333871897
"ebi-a-GCST90001871","summary_stats_release_finngen_R12_FE_STRICT","summary_stats_release_finngen_R12_FE_STRICT","ebi-a-GCST90001871","MR Egger",25,0.0288624964273856,0.0258842108158965,0.27633990080232,-0.0218705567717716,0.0795955496265427,1.02928305464699,0.978366869821048,1.08284902040604
"ebi-a-GCST90001871","summary_stats_release_finngen_R12_FE_STRICT","summary_stats_release_finngen_R12_FE_STRICT","ebi-a-GCST90001871","Weighted median",25,0.0176272118740494,0.0220701536482618,0.424470164154427,-0.0256302892765437,0.0608847130246426,1.01778348806068,0.974695378336817,1.06277638284954
"ebi-a-GCST90001872","summary_stats_release_finngen_R12_FE_STRICT","summary_stats_release_finngen_R12_FE_STRICT","ebi-a-GCST90001872","Inverse variance weighted",21,0.00898780710555153,0.00900126720767705,0.318034713852636,-0.00865467662149549,0.0266302908325986,1.00902831872308,0.991382667281427,1.02698804567268
"ebi-a-GCST90001872","summary_stats_release_finngen_R12_FE_STRICT","summary_stats_release_finngen_R12_FE_STRICT","ebi-a-GCST90001872","MR Egger",21,-0.00700059225798634,0.0131859459004842,0.60163052210388,-0.0328450462229354,0.0188438617069627,0.993023854806752,0.967688494959522,1.01902252775725
"ebi-a-GCST90001872","summary_stats_release_finngen_R12_FE_STRICT","summary_stats_release_finngen_R12_FE_STRICT","ebi-a-GCST90001872","Weighted median",21,0.0144764522004668,0.0134562909697115,0.282010915569919,-0.0118978781001679,0.0408507825011014,1.0145817435026,0.988172621774836,1.04169665457836
"ebi-a-GCST90001873","summary_stats_release_finngen_R12_FE_STRICT","summary_stats_release_finngen_R12_FE_STRICT","ebi-a-GCST90001873","Inverse variance weighted",18,0.00421385046405285,0.0157575402411986,0.78914731419594,-0.0266709284086965,0.0350986293368022,1.00422274121563,0.973681599764505,1.03572185632197
"ebi-a-GCST90001873","summary_stats_release_finngen_R12_FE_STRICT","summary_stats_release_finngen_R12_FE_STRICT","ebi-a-GCST90001873","MR Egger",18,0.0042954363661508,0.029286517005324,0.885225092047294,-0.0531061369642843,0.0616970096965859,1.00430467497616,0.948279359648373,1.06364002328698
"ebi-a-GCST90001873","summary_stats_release_finngen_R12_FE_STRICT","summary_stats_release_finngen_R12_FE_STRICT","ebi-a-GCST90001873","Weighted median",18,0.01132717830749,0.0235819171317366,0.630990467334012,-0.0348933792707136,0.0575477358856937,1.01139157370138,0.965708375299937,1.05923583300855
"ebi-a-GCST90001874","summary_stats_release_finngen_R12_FE_STRICT","summary_stats_release_finngen_R12_FE_STRICT","ebi-a-GCST90001874","Inverse variance weighted",25,-0.0110057036103893,0.017571172868678,0.531085416696019,-0.0454452024329981,0.0234337952122195,0.989054637576975,0.955571964156029,1.02371052396509
"ebi-a-GCST90001874","summary_stats_release_finngen_R12_FE_STRICT","summary_stats_release_finngen_R12_FE_STRICT","ebi-a-GCST90001874","MR Egger",25,-0.0519121189786559,0.0353407969486743,0.155405373259373,-0.121180080998058,0.0173558430407457,0.949412298499275,0.885874416078928,1.0175073308149
"ebi-a-GCST90001874","summary_stats_release_finngen_R12_FE_STRICT","summary_stats_release_finngen_R12_FE_STRICT","ebi-a-GCST90001874","Weighted median",25,-0.0152964283602418,0.0208461348260491,0.463084248607453,-0.0561548526192981,0.0255619958988145,0.984819967762656,0.945392728014669,1.02589150536494
"ebi-a-GCST90001875","summary_stats_release_finngen_R12_FE_STRICT","summary_stats_release_finngen_R12_FE_STRICT","ebi-a-GCST90001875","Inverse variance weighted",20,0.000824801071190143,0.0153888009874113,0.957255858185131,-0.0293372488641359,0.0309868510065162,1.00082514131313,0.971088910604049,1.03147194097952
"ebi-a-GCST90001875","summary_stats_release_finngen_R12_FE_STRICT","summary_stats_release_finngen_R12_FE_STRICT","ebi-a-GCST90001875","MR Egger",20,-0.0206592423728946,0.0255182540332725,0.428750687664088,-0.0706750202781087,0.0293565355323196,0.979552697758078,0.931764647546269,1.02979168635767
"ebi-a-GCST90001875","summary_stats_release_finngen_R12_FE_STRICT","summary_stats_release_finngen_R12_FE_STRICT","ebi-a-GCST90001875","Weighted median",20,-0.011476385564648,0.0215869560875004,0.594978685207182,-0.0537868194961488,0.0308340483668528,0.988589216948429,0.947634102085622,1.03131434138533
"ebi-a-GCST90001876","summary_stats_release_finngen_R12_FE_STRICT","summary_stats_release_finngen_R12_FE_STRICT","ebi-a-GCST90001876","Inverse variance weighted",18,0.00831258353826984,0.00901946555314381,0.356723137653104,-0.00936556894589202,0.0259907360224317,1.00834722899202,0.990678151399853,1.02633144051796
"ebi-a-GCST90001876","summary_stats_release_finngen_R12_FE_STRICT","summary_stats_release_finngen_R12_FE_STRICT","ebi-a-GCST90001876","MR Egger",18,0.00484644762731568,0.013132250949221,0.716929234694776,-0.0208927642331575,0.0305856594877889,1.0048582106499,0.979323977496502,1.03105820618399
"ebi-a-GCST90001876","summary_stats_release_finngen_R12_FE_STRICT","summary_stats_release_finngen_R12_FE_STRICT","ebi-a-GCST90001876","Weighted median",18,0.0160903904517787,0.0121081189326201,0.183883383710202,-0.00764152265615667,0.0398223035597141,1.01622053788827,0.992387599551546,1.04062584225416
"ebi-a-GCST90001877","summary_stats_release_finngen_R12_FE_STRICT","summary_stats_release_finngen_R12_FE_STRICT","ebi-a-GCST90001877","Inverse variance weighted",18,0.00731733551122037,0.0106369031019107,0.491503331151866,-0.0135309945685247,0.0281656655909654,1.00734417262951,0.986560137838056,1.02856606831322
"ebi-a-GCST90001877","summary_stats_release_finngen_R12_FE_STRICT","summary_stats_release_finngen_R12_FE_STRICT","ebi-a-GCST90001877","MR Egger",18,-0.00358781283794,0.0161370810069194,0.826867525992925,-0.0352164916115021,0.0280408659356221,0.996418615672145,0.965396393411589,1.02843771163199
"ebi-a-GCST90001877","summary_stats_release_finngen_R12_FE_STRICT","summary_stats_release_finngen_R12_FE_STRICT","ebi-a-GCST90001877","Weighted median",18,0.0179620949186901,0.0156119386350881,0.249923241828229,-0.0126373048060826,0.0485614946434628,1.01812438357082,0.987442210624277,1.04975992444776
"ebi-a-GCST90001878","summary_stats_release_finngen_R12_FE_STRICT","summary_stats_release_finngen_R12_FE_STRICT","ebi-a-GCST90001878","Inverse variance weighted",22,0.00643875341646701,0.0102421909107033,0.529578212290885,-0.0136359407685114,0.0265134476014454,1.0064595267501,0.986456607533182,1.02686805608119
"ebi-a-GCST90001878","summary_stats_release_finngen_R12_FE_STRICT","summary_stats_release_finngen_R12_FE_STRICT","ebi-a-GCST90001878","MR Egger",22,0.0112056459341857,0.0158118250317075,0.486697425245483,-0.019785531127961,0.0421968229963324,1.01126866435198,0.980408917955254,1.04309976456875
"ebi-a-GCST90001878","summary_stats_release_finngen_R12_FE_STRICT","summary_stats_release_finngen_R12_FE_STRICT","ebi-a-GCST90001878","Weighted median",22,0.0148686147709493,0.0137525377279939,0.279628499816439,-0.0120863591759187,0.0418235887178173,1.01497970251431,0.987986387487427,1.04271051662556
"ebi-a-GCST90001879","summary_stats_release_finngen_R12_FE_STRICT","summary_stats_release_finngen_R12_FE_STRICT","ebi-a-GCST90001879","Inverse variance weighted",26,0.00885687655471447,0.0148052054914195,0.54968834785196,-0.0201613262084677,0.0378750793178967,1.00889621473791,0.980040554325956,1.03860148196882
"ebi-a-GCST90001879","summary_stats_release_finngen_R12_FE_STRICT","summary_stats_release_finngen_R12_FE_STRICT","ebi-a-GCST90001879","MR Egger",26,0.0585120146627596,0.0245044215031592,0.0251718438205049,0.0104833485165675,0.106540680808952,1.06025772425707,1.01053849133998,1.11242317980006
"ebi-a-GCST90001879","summary_stats_release_finngen_R12_FE_STRICT","summary_stats_release_finngen_R12_FE_STRICT","ebi-a-GCST90001879","Weighted median",26,0.0374116291314638,0.0210187107407646,0.0750890111672835,-0.00378504392043483,0.0786083021833625,1.03812025343971,0.996222110329076,1.08178050800914
"ebi-a-GCST90001880","summary_stats_release_finngen_R12_FE_STRICT","summary_stats_release_finngen_R12_FE_STRICT","ebi-a-GCST90001880","Inverse variance weighted",19,0.0125919097331643,0.0114966737669071,0.273400352908684,-0.00994157084997358,0.0351253903163022,1.01267152163288,0.990107683209469,1.0357495736242
"ebi-a-GCST90001880","summary_stats_release_finngen_R12_FE_STRICT","summary_stats_release_finngen_R12_FE_STRICT","ebi-a-GCST90001880","MR Egger",19,0.00350321565134682,0.0170645243559869,0.839781851309243,-0.0299432520863876,0.0369496833890812,1.00350935908312,0.970500605870416,1.03764080895575
"ebi-a-GCST90001880","summary_stats_release_finngen_R12_FE_STRICT","summary_stats_release_finngen_R12_FE_STRICT","ebi-a-GCST90001880","Weighted median",19,0.0157241291646401,0.0127780665946951,0.21848889270215,-0.00932088136096232,0.0407691396902426,1.01584840379936,0.990722423403078,1.04161161100706
"ebi-a-GCST90001881","summary_stats_release_finngen_R12_FE_STRICT","summary_stats_release_finngen_R12_FE_STRICT","ebi-a-GCST90001881","Inverse variance weighted",16,0.0113446310485314,0.0204862309735491,0.579737233508734,-0.0288083816596248,0.0514976437566876,1.01140922541065,0.971602623512513,1.0528467055262
"ebi-a-GCST90001881","summary_stats_release_finngen_R12_FE_STRICT","summary_stats_release_finngen_R12_FE_STRICT","ebi-a-GCST90001881","MR Egger",16,0.0447059065674776,0.046727175942404,0.354927644103747,-0.0468793582796343,0.136291171414589,1.04572027521642,0.954202507278772,1.14601553198311
"ebi-a-GCST90001881","summary_stats_release_finngen_R12_FE_STRICT","summary_stats_release_finngen_R12_FE_STRICT","ebi-a-GCST90001881","Weighted median",16,0.00966444007525533,0.0277140828758293,0.727299931688957,-0.0446551623613701,0.0639840425118808,1.00971129158581,0.956327202594068,1.06607538674045
"ebi-a-GCST90001882","summary_stats_release_finngen_R12_FE_STRICT","summary_stats_release_finngen_R12_FE_STRICT","ebi-a-GCST90001882","Inverse variance weighted",18,0.0102959704566548,0.00966138617783604,0.286567177923335,-0.00864034645190383,0.0292322873652134,1.01034915633717,0.991396874064971,1.02966374457657
"ebi-a-GCST90001882","summary_stats_release_finngen_R12_FE_STRICT","summary_stats_release_finngen_R12_FE_STRICT","ebi-a-GCST90001882","MR Egger",18,0.0101645777955657,0.0155859196983729,0.523554601107284,-0.0203838248132452,0.0407129804043766,1.01021641259386,0.979822520926957,1.04155311648536
"ebi-a-GCST90001882","summary_stats_release_finngen_R12_FE_STRICT","summary_stats_release_finngen_R12_FE_STRICT","ebi-a-GCST90001882","Weighted median",18,0.0157294633163506,0.0132457148193525,0.235025189804626,-0.0102321377295804,0.0416910643622816,1.01585382250331,0.989820032502392,1.04257234124234
"ebi-a-GCST90001907","summary_stats_release_finngen_R12_FE_STRICT","summary_stats_release_finngen_R12_FE_STRICT","ebi-a-GCST90001907","Inverse variance weighted",24,-0.000267209376840276,0.0131232177451472,0.983754936534051,-0.0259887161573288,0.0254542974036482,0.999732826320406,0.974346083914638,1.02578102434304
"ebi-a-GCST90001907","summary_stats_release_finngen_R12_FE_STRICT","summary_stats_release_finngen_R12_FE_STRICT","ebi-a-GCST90001907","MR Egger",24,-0.00146388842920552,0.0169093183671425,0.93179414334636,-0.0346061524288049,0.0316783755703938,0.998537182532808,0.965985792505706,1.03218547584867
"ebi-a-GCST90001907","summary_stats_release_finngen_R12_FE_STRICT","summary_stats_release_finngen_R12_FE_STRICT","ebi-a-GCST90001907","Weighted median",24,0.00105472580958576,0.0167545922458428,0.949805168037406,-0.031784274992266,0.0338937266114376,1.00105528222846,0.968715535706558,1.03447466375832
"ebi-a-GCST90001908","summary_stats_release_finngen_R12_FE_STRICT","summary_stats_release_finngen_R12_FE_STRICT","ebi-a-GCST90001908","Inverse variance weighted",24,0.00358242849181618,0.0184818546059133,0.846305156760438,-0.0326420065357739,0.0398068635194063,1.00358885305832,0.967884994076693,1.04060977507325
"ebi-a-GCST90001908","summary_stats_release_finngen_R12_FE_STRICT","summary_stats_release_finngen_R12_FE_STRICT","ebi-a-GCST90001908","MR Egger",24,-0.015218128464994,0.0296873403076308,0.613330362557984,-0.0734053154679503,0.0429690585379624,0.984897082081952,0.929224124777753,1.04390559438558
"ebi-a-GCST90001908","summary_stats_release_finngen_R12_FE_STRICT","summary_stats_release_finngen_R12_FE_STRICT","ebi-a-GCST90001908","Weighted median",24,0.00342765361886395,0.0261169320961262,0.895583411190893,-0.0477615332895434,0.0546168405272713,1.00343353474109,0.953361104859119,1.05613586867674
"ebi-a-GCST90002022","summary_stats_release_finngen_R12_FE_STRICT","summary_stats_release_finngen_R12_FE_STRICT","ebi-a-GCST90002022","Inverse variance weighted",22,0.00107553306845267,0.0198450753603746,0.956778631598127,-0.0378208146378816,0.039971880774787,1.00107611166156,0.962885460414154,1.0407815078113
"ebi-a-GCST90002022","summary_stats_release_finngen_R12_FE_STRICT","summary_stats_release_finngen_R12_FE_STRICT","ebi-a-GCST90002022","MR Egger",22,0.00249500621930614,0.0411925730711437,0.952303379138902,-0.0782424370001356,0.0832324494387479,1.00249812133753,0.924740208123255,1.0867944039385
"ebi-a-GCST90002022","summary_stats_release_finngen_R12_FE_STRICT","summary_stats_release_finngen_R12_FE_STRICT","ebi-a-GCST90002022","Weighted median",22,0.0039768940458781,0.026926517292868,0.882584003193097,-0.0487990798481432,0.0567528679398994,1.00398481238232,0.952372461296222,1.05839421492978
"ebi-a-GCST90002023","summary_stats_release_finngen_R12_FE_STRICT","summary_stats_release_finngen_R12_FE_STRICT","ebi-a-GCST90002023","Inverse variance weighted",15,0.0345869299268658,0.0231263788022855,0.134767870287562,-0.0107407725256137,0.0799146323793454,1.03519201363089,0.989316703608196,1.08319459398269
"ebi-a-GCST90002023","summary_stats_release_finngen_R12_FE_STRICT","summary_stats_release_finngen_R12_FE_STRICT","ebi-a-GCST90002023","MR Egger",15,0.0342579763947732,0.0470382803005865,0.479344292486368,-0.0579370529943763,0.126453005783923,1.03485153956475,0.94370934924491,1.13479612106886
"ebi-a-GCST90002023","summary_stats_release_finngen_R12_FE_STRICT","summary_stats_release_finngen_R12_FE_STRICT","ebi-a-GCST90002023","Weighted median",15,0.0240077446118795,0.0322728872150078,0.456938028742127,-0.0392471143295357,0.0872626035532947,1.0242982506523,0.961513076127167,1.0911831906804
"ebi-a-GCST90002024","summary_stats_release_finngen_R12_FE_STRICT","summary_stats_release_finngen_R12_FE_STRICT","ebi-a-GCST90002024","Inverse variance weighted",20,-0.0340079070189018,0.0215631917636007,0.114766144820277,-0.0762717628755593,0.00825594883775565,0.966563861968565,0.926564366543906,1.00829012316579
"ebi-a-GCST90002024","summary_stats_release_finngen_R12_FE_STRICT","summary_stats_release_finngen_R12_FE_STRICT","ebi-a-GCST90002024","MR Egger",20,-0.0358716241926447,0.0462714456906026,0.448261616783434,-0.126563657746226,0.0548204093609364,0.96476413790875,0.88111805776848,1.05635088690848
"ebi-a-GCST90002024","summary_stats_release_finngen_R12_FE_STRICT","summary_stats_release_finngen_R12_FE_STRICT","ebi-a-GCST90002024","Weighted median",20,-0.0193554435175515,0.032172524582887,0.547431059739885,-0.08241359170001,0.0437027046649071,0.980830670372745,0.920891007045431,1.04467173268463
"ebi-a-GCST90002025","summary_stats_release_finngen_R12_FE_STRICT","summary_stats_release_finngen_R12_FE_STRICT","ebi-a-GCST90002025","Inverse variance weighted",19,-0.00264391126071696,0.0193802350511638,0.891486832963142,-0.040629171960998,0.035341349439564,0.997359580794421,0.960185127504693,1.0359732773486
"ebi-a-GCST90002025","summary_stats_release_finngen_R12_FE_STRICT","summary_stats_release_finngen_R12_FE_STRICT","ebi-a-GCST90002025","MR Egger",19,-0.0239930281356633,0.0300474265221187,0.435591363167779,-0.0828859841190158,0.0348999278476893,0.976292516313159,0.920456087849325,1.03551607729179
"ebi-a-GCST90002025","summary_stats_release_finngen_R12_FE_STRICT","summary_stats_release_finngen_R12_FE_STRICT","ebi-a-GCST90002025","Weighted median",19,-0.0250208945464146,0.0256233573918138,0.328822816670061,-0.0752426750343697,0.0252008859415404,0.975289533583007,0.927518373461863,1.02552111260756
"ebi-a-GCST90002026","summary_stats_release_finngen_R12_FE_STRICT","summary_stats_release_finngen_R12_FE_STRICT","ebi-a-GCST90002026","Inverse variance weighted",24,-0.0250720728468592,0.0231591455601479,0.278986355067084,-0.0704639981447491,0.0203198524510307,0.975239621199463,0.931961291257342,1.02052770611762
"ebi-a-GCST90002026","summary_stats_release_finngen_R12_FE_STRICT","summary_stats_release_finngen_R12_FE_STRICT","ebi-a-GCST90002026","MR Egger",24,0.00849991562276435,0.0399026251197699,0.833275674910228,-0.0697092296119846,0.0867090608575133,1.00853614247454,0.932664971838311,1.09057934133906
"ebi-a-GCST90002026","summary_stats_release_finngen_R12_FE_STRICT","summary_stats_release_finngen_R12_FE_STRICT","ebi-a-GCST90002026","Weighted median",24,0.00591133295320342,0.0269772982446852,0.826554626533282,-0.0469641716063795,0.0587868375127864,1.00592883936025,0.954121581621576,1.06054914734964
"ebi-a-GCST90002027","summary_stats_release_finngen_R12_FE_STRICT","summary_stats_release_finngen_R12_FE_STRICT","ebi-a-GCST90002027","Inverse variance weighted",27,0.00316598176368745,0.0191612749219172,0.868764419263109,-0.0343901170832702,0.0407220806106451,1.00317099877715,0.966194502123687,1.04156259487669
"ebi-a-GCST90002027","summary_stats_release_finngen_R12_FE_STRICT","summary_stats_release_finngen_R12_FE_STRICT","ebi-a-GCST90002027","MR Egger",27,0.0181444193430484,0.0374102936137744,0.631891174151355,-0.0551797561399494,0.0914685948260462,1.01831002943636,0.946315026727394,1.09578236291644
"ebi-a-GCST90002027","summary_stats_release_finngen_R12_FE_STRICT","summary_stats_release_finngen_R12_FE_STRICT","ebi-a-GCST90002027","Weighted median",27,0.0214517391772445,0.0282356310789839,0.447409996490134,-0.0338900977375639,0.0767935760920529,1.02168348186213,0.966677738870257,1.07981915289561
"ebi-a-GCST90002054","summary_stats_release_finngen_R12_FE_STRICT","summary_stats_release_finngen_R12_FE_STRICT","ebi-a-GCST90002054","Inverse variance weighted",14,0.00250464778248307,0.0291697764353469,0.931574145399167,-0.0546681140307969,0.059677409595763,1.0025077870331,0.946799325226779,1.06149406350842
"ebi-a-GCST90002054","summary_stats_release_finngen_R12_FE_STRICT","summary_stats_release_finngen_R12_FE_STRICT","ebi-a-GCST90002054","MR Egger",14,-0.0236767084521866,0.0780392990268257,0.766784839786918,-0.176633734544765,0.129280317640392,0.976601385701058,0.83808669051826,1.13800908347971
"ebi-a-GCST90002054","summary_stats_release_finngen_R12_FE_STRICT","summary_stats_release_finngen_R12_FE_STRICT","ebi-a-GCST90002054","Weighted median",14,-0.0106609090682836,0.0394618337188794,0.787039112290721,-0.0880061031572872,0.06668428502072,0.989395717015641,0.915755287707713,1.06895793886078
"ebi-a-GCST90002055","summary_stats_release_finngen_R12_FE_STRICT","summary_stats_release_finngen_R12_FE_STRICT","ebi-a-GCST90002055","Inverse variance weighted",16,-0.00890815615050906,0.0274927602211623,0.745924214822054,-0.0627939661839871,0.044977653882969,0.991131403916257,0.93913694772645,1.04600448550891
"ebi-a-GCST90002055","summary_stats_release_finngen_R12_FE_STRICT","summary_stats_release_finngen_R12_FE_STRICT","ebi-a-GCST90002055","MR Egger",16,0.0474578953310895,0.0498392137348236,0.357137112865947,-0.0502269635891647,0.145142754251344,1.04860204914969,0.951013554554646,1.1562046116113
"ebi-a-GCST90002055","summary_stats_release_finngen_R12_FE_STRICT","summary_stats_release_finngen_R12_FE_STRICT","ebi-a-GCST90002055","Weighted median",16,-0.00574615965173869,0.037222744273967,0.877316214287793,-0.0787027384287139,0.0672104191252365,0.994270317947554,0.92431464683514,1.06952050206757
"ebi-a-GCST90002056","summary_stats_release_finngen_R12_FE_STRICT","summary_stats_release_finngen_R12_FE_STRICT","ebi-a-GCST90002056","Inverse variance weighted",24,0.0139489972077083,0.0246095448192573,0.570841588542967,-0.034285710638036,0.0621837050534526,1.01404673840438,0.966295384323343,1.0641578179416
"ebi-a-GCST90002056","summary_stats_release_finngen_R12_FE_STRICT","summary_stats_release_finngen_R12_FE_STRICT","ebi-a-GCST90002056","MR Egger",24,-0.04523245316963,0.0422100365050419,0.295513275468487,-0.127964124719512,0.0374992183802521,0.9557752830147,0.879884944697617,1.03821118559514
"ebi-a-GCST90002056","summary_stats_release_finngen_R12_FE_STRICT","summary_stats_release_finngen_R12_FE_STRICT","ebi-a-GCST90002056","Weighted median",24,-0.0229034971672618,0.0298800434409761,0.443370016328113,-0.081468382311575,0.0356613879770515,0.97735679692196,0.921761853372241,1.03630488178143
"ebi-a-GCST90002057","summary_stats_release_finngen_R12_FE_STRICT","summary_stats_release_finngen_R12_FE_STRICT","ebi-a-GCST90002057","Inverse variance weighted",17,-0.000436257274333868,0.02183591063427,0.984060211897065,-0.043234642117503,0.0423621275688353,0.999563837872034,0.95768665007785,1.04327220798186
"ebi-a-GCST90002057","summary_stats_release_finngen_R12_FE_STRICT","summary_stats_release_finngen_R12_FE_STRICT","ebi-a-GCST90002057","MR Egger",17,-0.0474843536065541,0.0372064109551446,0.221277577352887,-0.120408919078638,0.0254402118655294,0.95362539381401,0.886557832172361,1.02576657576708
"ebi-a-GCST90002057","summary_stats_release_finngen_R12_FE_STRICT","summary_stats_release_finngen_R12_FE_STRICT","ebi-a-GCST90002057","Weighted median",17,-0.0316215969316228,0.0295000593238876,0.283757590309706,-0.0894417132064425,0.026198519343197,0.968873137290034,0.914441563437624,1.02654471722978
"ebi-a-GCST90002098","summary_stats_release_finngen_R12_FE_STRICT","summary_stats_release_finngen_R12_FE_STRICT","ebi-a-GCST90002098","Inverse variance weighted",33,-0.00147170662698547,0.0122946148999648,0.90471814417594,-0.0255691518309165,0.0226257385769456,0.998529375802141,0.974754970544152,1.02288364201232
"ebi-a-GCST90002098","summary_stats_release_finngen_R12_FE_STRICT","summary_stats_release_finngen_R12_FE_STRICT","ebi-a-GCST90002098","MR Egger",33,2.65956724456547e-05,0.0159270958822345,0.99867836215571,-0.031190512256734,0.0312437036016253,1.00002659602611,0.969290893689153,1.03173691125204
"ebi-a-GCST90002098","summary_stats_release_finngen_R12_FE_STRICT","summary_stats_release_finngen_R12_FE_STRICT","ebi-a-GCST90002098","Weighted median",33,-0.00282247964334682,0.0179994652966404,0.875395314405002,-0.0381014316247621,0.0324564723380684,0.997181499807468,0.962615296305634,1.03298892857252
"ebi-a-GCST90002099","summary_stats_release_finngen_R12_FE_STRICT","summary_stats_release_finngen_R12_FE_STRICT","ebi-a-GCST90002099","Inverse variance weighted",33,-0.0168334040770404,0.0109304397538,0.123548604664584,-0.0382570659944885,0.00459025784040769,0.983307486008395,0.962465491938361,1.00460080921226
"ebi-a-GCST90002099","summary_stats_release_finngen_R12_FE_STRICT","summary_stats_release_finngen_R12_FE_STRICT","ebi-a-GCST90002099","MR Egger",33,-0.0255184844796714,0.014041828814669,0.0788464784564057,-0.0530404689564226,0.00200349999707987,0.97480436004783,0.948341633309489,1.00200550834422
"ebi-a-GCST90002099","summary_stats_release_finngen_R12_FE_STRICT","summary_stats_release_finngen_R12_FE_STRICT","ebi-a-GCST90002099","Weighted median",33,-0.031553836446096,0.0147227832110956,0.0320972196479385,-0.0604104915398434,-0.0026971813523487,0.968938790828564,0.94137802654505,0.997306452773242
"ebi-a-GCST90002100","summary_stats_release_finngen_R12_FE_STRICT","summary_stats_release_finngen_R12_FE_STRICT","ebi-a-GCST90002100","Inverse variance weighted",22,0.00213091619735915,0.0203309818675308,0.916525560605456,-0.0377178082630013,0.0419796406577196,1.00213318821282,0.96298464886329,1.04287324632125
"ebi-a-GCST90002100","summary_stats_release_finngen_R12_FE_STRICT","summary_stats_release_finngen_R12_FE_STRICT","ebi-a-GCST90002100","MR Egger",22,0.0372004620601012,0.0369951615493404,0.326644027195434,-0.0353100545766059,0.109710978696808,1.03790105977013,0.965306072287942,1.11595548893493
"ebi-a-GCST90002100","summary_stats_release_finngen_R12_FE_STRICT","summary_stats_release_finngen_R12_FE_STRICT","ebi-a-GCST90002100","Weighted median",22,-0.0089979270399315,0.0295238250174877,0.760542598698632,-0.0668646240742075,0.0488687699943445,0.991042433162144,0.935321812822834,1.05008253936015
"ebi-a-GCST90002101","summary_stats_release_finngen_R12_FE_STRICT","summary_stats_release_finngen_R12_FE_STRICT","ebi-a-GCST90002101","Inverse variance weighted",14,-0.00152387061004437,0.0298779307559306,0.95932295644615,-0.0600846148916684,0.0570368736715797,0.998477289891214,0.941684849651534,1.05869484764189
"ebi-a-GCST90002101","summary_stats_release_finngen_R12_FE_STRICT","summary_stats_release_finngen_R12_FE_STRICT","ebi-a-GCST90002101","MR Egger",14,-0.0270688740020311,0.0613296014788467,0.666794951413385,-0.147274892900571,0.0931371448965084,0.97329420454879,0.863056696645716,1.09761225686559
"ebi-a-GCST90002101","summary_stats_release_finngen_R12_FE_STRICT","summary_stats_release_finngen_R12_FE_STRICT","ebi-a-GCST90002101","Weighted median",14,0.0152863827535653,0.0432904753596002,0.724004538968304,-0.0695629489512511,0.100135714458382,1.01540381712161,0.932801412665719,1.10532091592642
